Date,Open,High,Low,Close,Adj Close,Volume
2013-08-15,12.25,13.5,12.25,13.0600004196167,13.0600004196167,14029300
2013-08-16,13.0,14.1899995803833,13.0,13.300000190734863,13.300000190734863,2509200
2013-08-19,13.229999542236328,13.460000038146973,13.029999732971191,13.069999694824219,13.069999694824219,829000
2013-08-20,13.0600004196167,13.199999809265137,12.800000190734863,12.960000038146973,12.960000038146973,383900
2013-08-21,12.949999809265137,13.399999618530273,12.930000305175781,13.15999984741211,13.15999984741211,832800
2013-08-22,13.260000228881836,13.479999542236328,13.069999694824219,13.25,13.25,326400
2013-08-23,13.210000038146973,13.399999618530273,13.170000076293945,13.350000381469727,13.350000381469727,133300
2013-08-26,13.600000381469727,13.739999771118164,13.300000190734863,13.40999984741211,13.40999984741211,169400
2013-08-27,13.289999961853027,13.449999809265137,13.149999618530273,13.260000228881836,13.260000228881836,136000
2013-08-28,13.3100004196167,13.34000015258789,12.850000381469727,12.9399995803833,12.9399995803833,430100
2013-08-29,12.920000076293945,13.100000381469727,12.859999656677246,13.050000190734863,13.050000190734863,464000
2013-08-30,13.300000190734863,13.449999809265137,13.149999618530273,13.1899995803833,13.1899995803833,333800
2013-09-03,13.350000381469727,13.489999771118164,13.270000457763672,13.289999961853027,13.289999961853027,188600
2013-09-04,13.270000457763672,13.279999732971191,13.029999732971191,13.100000381469727,13.100000381469727,207300
2013-09-05,13.25,13.289999961853027,13.020000457763672,13.029999732971191,13.029999732971191,193000
2013-09-06,13.029999732971191,13.229999542236328,12.880000114440918,12.880000114440918,12.880000114440918,427000
2013-09-09,13.039999961853027,13.140000343322754,12.90999984741211,13.010000228881836,13.010000228881836,947300
2013-09-10,13.199999809265137,13.25,13.0600004196167,13.25,13.25,417900
2013-09-11,13.25,13.329999923706055,13.170000076293945,13.199999809265137,13.199999809265137,471800
2013-09-12,13.300000190734863,13.300000190734863,13.039999961853027,13.199999809265137,13.199999809265137,179400
2013-09-13,13.25,13.34000015258789,13.1899995803833,13.319999694824219,13.319999694824219,214500
2013-09-16,13.5,13.8100004196167,13.5,13.739999771118164,13.739999771118164,613900
2013-09-17,13.800000190734863,14.050000190734863,13.779999732971191,13.869999885559082,13.869999885559082,511000
2013-09-18,13.970000267028809,13.979999542236328,13.40999984741211,13.880000114440918,13.880000114440918,410700
2013-09-19,13.979999542236328,14.119999885559082,13.600000381469727,13.8100004196167,13.8100004196167,252100
2013-09-20,13.9399995803833,13.9399995803833,13.779999732971191,13.789999961853027,13.789999961853027,200600
2013-09-23,13.859999656677246,14.09000015258789,13.539999961853027,14.029999732971191,14.029999732971191,460300
2013-09-24,14.0,14.09000015258789,13.899999618530273,14.039999961853027,14.039999961853027,391900
2013-09-25,14.100000381469727,14.109999656677246,13.789999961853027,14.079999923706055,14.079999923706055,410800
2013-09-26,14.15999984741211,15.079999923706055,14.149999618530273,14.550000190734863,14.550000190734863,565400
2013-09-27,14.529999732971191,14.739999771118164,14.289999961853027,14.579999923706055,14.579999923706055,373900
2013-09-30,14.510000228881836,14.649999618530273,14.170000076293945,14.489999771118164,14.489999771118164,1922100
2013-10-01,14.59000015258789,14.989999771118164,14.529999732971191,14.9399995803833,14.9399995803833,438100
2013-10-02,14.850000381469727,14.890000343322754,14.630000114440918,14.850000381469727,14.850000381469727,294600
2013-10-03,14.84000015258789,15.0,14.420000076293945,14.460000038146973,14.460000038146973,445400
2013-10-04,14.430000305175781,14.65999984741211,14.380000114440918,14.4399995803833,14.4399995803833,399500
2013-10-07,14.399999618530273,14.970000267028809,14.399999618530273,14.75,14.75,289700
2013-10-08,14.819999694824219,14.859999656677246,14.460000038146973,14.670000076293945,14.670000076293945,564100
2013-10-09,14.699999809265137,14.859999656677246,14.550000190734863,14.640000343322754,14.640000343322754,622200
2013-10-10,14.770000457763672,15.010000228881836,14.760000228881836,14.899999618530273,14.899999618530273,315700
2013-10-11,14.90999984741211,15.050000190734863,14.789999961853027,15.029999732971191,15.029999732971191,190700
2013-10-14,15.020000457763672,15.420000076293945,14.920000076293945,15.289999961853027,15.289999961853027,347500
2013-10-15,15.3100004196167,15.539999961853027,15.180000305175781,15.350000381469727,15.350000381469727,380800
2013-10-16,15.40999984741211,15.449999809265137,15.270000457763672,15.350000381469727,15.350000381469727,263700
2013-10-17,15.34000015258789,15.600000381469727,15.25,15.510000228881836,15.510000228881836,247700
2013-10-18,15.699999809265137,15.699999809265137,15.430000305175781,15.569999694824219,15.569999694824219,249600
2013-10-21,15.569999694824219,15.699999809265137,15.460000038146973,15.65999984741211,15.65999984741211,163900
2013-10-22,15.640000343322754,16.040000915527344,15.609999656677246,15.960000038146973,15.960000038146973,310100
2013-10-23,15.960000038146973,15.970000267028809,15.789999961853027,15.899999618530273,15.899999618530273,147700
2013-10-24,15.970000267028809,16.010000228881836,15.59000015258789,15.979999542236328,15.979999542236328,209500
2013-10-25,16.040000915527344,16.06999969482422,15.850000381469727,15.899999618530273,15.899999618530273,118200
2013-10-28,16.020000457763672,16.020000457763672,15.579999923706055,15.75,15.75,128700
2013-10-29,15.760000228881836,16.0,15.760000228881836,15.970000267028809,15.970000267028809,91600
2013-10-30,16.010000228881836,16.110000610351562,15.680000305175781,15.899999618530273,15.899999618530273,108700
2013-10-31,15.859999656677246,16.040000915527344,15.600000381469727,15.600000381469727,15.600000381469727,173600
2013-11-01,15.5600004196167,15.779999732971191,15.09000015258789,15.220000267028809,15.220000267028809,215300
2013-11-04,15.3100004196167,15.729999542236328,14.949999809265137,15.380000114440918,15.380000114440918,335400
2013-11-05,15.380000114440918,15.859999656677246,15.380000114440918,15.720000267028809,15.720000267028809,301600
2013-11-06,15.819999694824219,15.859999656677246,15.670000076293945,15.75,15.75,239100
2013-11-07,15.770000457763672,15.829999923706055,15.699999809265137,15.789999961853027,15.789999961853027,124300
2013-11-08,15.770000457763672,16.040000915527344,15.40999984741211,15.579999923706055,15.579999923706055,261200
2013-11-11,15.579999923706055,15.59000015258789,15.010000228881836,15.119999885559082,15.119999885559082,139600
2013-11-12,16.489999771118164,16.489999771118164,14.970000267028809,15.100000381469727,15.100000381469727,350500
2013-11-13,15.069999694824219,15.720000267028809,14.949999809265137,15.34000015258789,15.34000015258789,237500
2013-11-14,15.279999732971191,15.600000381469727,15.0,15.029999732971191,15.029999732971191,212600
2013-11-15,15.09000015258789,15.199999809265137,15.0,15.029999732971191,15.029999732971191,157600
2013-11-18,15.0,15.4399995803833,14.960000038146973,15.329999923706055,15.329999923706055,353400
2013-11-19,15.289999961853027,16.3700008392334,15.239999771118164,16.209999084472656,16.209999084472656,285600
2013-11-20,16.209999084472656,16.290000915527344,15.539999961853027,15.819999694824219,15.819999694824219,238800
2013-11-21,15.84000015258789,16.309999465942383,15.84000015258789,16.209999084472656,16.209999084472656,185700
2013-11-22,16.270000457763672,16.770000457763672,16.25,16.450000762939453,16.450000762939453,151900
2013-11-25,16.549999237060547,17.09000015258789,16.510000228881836,16.719999313354492,16.719999313354492,24200
2013-11-26,16.790000915527344,17.25,16.670000076293945,16.780000686645508,16.780000686645508,425700
2013-11-27,16.84000015258789,17.149999618530273,16.540000915527344,16.760000228881836,16.760000228881836,250100
2013-11-29,16.8700008392334,17.06999969482422,16.6299991607666,16.65999984741211,16.65999984741211,113000
2013-12-02,16.75,16.889999389648438,16.479999542236328,16.6299991607666,16.6299991607666,241300
2013-12-03,16.65999984741211,16.700000762939453,16.34000015258789,16.459999084472656,16.459999084472656,268300
2013-12-04,16.56999969482422,17.06999969482422,16.540000915527344,16.809999465942383,16.809999465942383,326200
2013-12-05,16.860000610351562,17.309999465942383,16.81999969482422,16.969999313354492,16.969999313354492,339900
2013-12-06,17.1299991607666,17.8799991607666,17.020000457763672,17.559999465942383,17.559999465942383,262300
2013-12-09,17.6299991607666,17.850000381469727,17.1200008392334,17.260000228881836,17.260000228881836,328800
2013-12-10,17.299999237060547,17.510000228881836,16.670000076293945,16.899999618530273,16.899999618530273,258600
2013-12-11,16.959999084472656,17.06999969482422,16.3799991607666,16.459999084472656,16.459999084472656,238900
2013-12-12,16.6299991607666,16.6299991607666,16.049999237060547,16.43000030517578,16.43000030517578,227700
2013-12-13,16.479999542236328,16.540000915527344,16.049999237060547,16.190000534057617,16.190000534057617,162600
2013-12-16,16.270000457763672,17.079999923706055,16.1299991607666,16.520000457763672,16.520000457763672,434300
2013-12-17,16.549999237060547,16.809999465942383,16.010000228881836,16.729999542236328,16.729999542236328,381800
2013-12-18,16.790000915527344,16.860000610351562,16.399999618530273,16.670000076293945,16.670000076293945,243500
2013-12-19,16.709999084472656,17.219999313354492,16.709999084472656,17.200000762939453,17.200000762939453,163500
2013-12-20,17.270000457763672,18.84000015258789,17.18000030517578,18.520000457763672,18.520000457763672,1356600
2013-12-23,18.389999389648438,18.549999237060547,17.950000762939453,18.079999923706055,18.079999923706055,268500
2013-12-24,18.1299991607666,18.729999542236328,18.059999465942383,18.709999084472656,18.709999084472656,96900
2013-12-26,18.709999084472656,18.709999084472656,18.18000030517578,18.280000686645508,18.280000686645508,133900
2013-12-27,18.350000381469727,18.459999084472656,18.079999923706055,18.350000381469727,18.350000381469727,111500
2013-12-30,18.350000381469727,18.399999618530273,18.059999465942383,18.110000610351562,18.110000610351562,126000
2013-12-31,18.200000762939453,18.549999237060547,18.049999237060547,18.530000686645508,18.530000686645508,192800
2014-01-02,18.600000381469727,18.760000228881836,18.18000030517578,18.260000228881836,18.260000228881836,146000
2014-01-03,18.299999237060547,18.469999313354492,17.760000228881836,18.100000381469727,18.100000381469727,116600
2014-01-06,17.809999465942383,17.84000015258789,17.110000610351562,17.540000915527344,17.540000915527344,375700
2014-01-07,17.530000686645508,18.010000228881836,17.469999313354492,17.959999084472656,17.959999084472656,203800
2014-01-08,17.899999618530273,17.989999771118164,17.200000762939453,17.399999618530273,17.399999618530273,359100
2014-01-09,17.479999542236328,17.479999542236328,16.850000381469727,16.950000762939453,16.950000762939453,269100
2014-01-10,16.940000534057617,16.940000534057617,16.510000228881836,16.780000686645508,16.780000686645508,299000
2014-01-13,16.739999771118164,16.739999771118164,16.31999969482422,16.479999542236328,16.479999542236328,258800
2014-01-14,16.479999542236328,16.989999771118164,16.299999237060547,16.799999237060547,16.799999237060547,279800
2014-01-15,16.889999389648438,17.510000228881836,16.75,17.420000076293945,17.420000076293945,199400
2014-01-16,17.440000534057617,17.440000534057617,16.729999542236328,17.209999084472656,17.209999084472656,151500
2014-01-17,17.25,17.25,16.969999313354492,17.100000381469727,17.100000381469727,64700
2014-01-21,17.100000381469727,17.329999923706055,16.899999618530273,17.209999084472656,17.209999084472656,85400
2014-01-22,17.190000534057617,17.920000076293945,17.1200008392334,17.65999984741211,17.65999984741211,123800
2014-01-23,17.549999237060547,17.549999237060547,16.75,16.989999771118164,16.989999771118164,175600
2014-01-24,16.81999969482422,17.200000762939453,16.190000534057617,16.299999237060547,16.299999237060547,162300
2014-01-27,16.399999618530273,16.690000534057617,15.760000228881836,16.170000076293945,16.170000076293945,217800
2014-01-28,16.1200008392334,16.280000686645508,15.890000343322754,16.25,16.25,127200
2014-01-29,16.0,16.15999984741211,15.260000228881836,15.609999656677246,15.609999656677246,256100
2014-01-30,15.699999809265137,16.549999237060547,15.699999809265137,16.100000381469727,16.100000381469727,197000
2014-01-31,16.0,16.270000457763672,15.819999694824219,15.970000267028809,15.970000267028809,252400
2014-02-03,16.020000457763672,16.200000762939453,15.75,15.779999732971191,15.779999732971191,204700
2014-02-04,15.789999961853027,15.819999694824219,15.25,15.569999694824219,15.569999694824219,248200
2014-02-05,15.40999984741211,15.420000076293945,15.109999656677246,15.329999923706055,15.329999923706055,183100
2014-02-06,15.34000015258789,15.819999694824219,15.34000015258789,15.710000038146973,15.710000038146973,150600
2014-02-07,15.729999542236328,15.979999542236328,15.300000190734863,15.800000190734863,15.800000190734863,220000
2014-02-10,15.75,15.75,15.369999885559082,15.550000190734863,15.550000190734863,118100
2014-02-11,15.630000114440918,16.540000915527344,15.630000114440918,15.899999618530273,15.899999618530273,402000
2014-02-12,15.970000267028809,16.299999237060547,15.579999923706055,16.030000686645508,16.030000686645508,217500
2014-02-13,15.859999656677246,16.149999618530273,15.800000190734863,15.9399995803833,15.9399995803833,167500
2014-02-14,15.949999809265137,16.149999618530273,15.619999885559082,15.789999961853027,15.789999961853027,113500
2014-02-18,15.760000228881836,15.850000381469727,15.5,15.600000381469727,15.600000381469727,295500
2014-02-19,15.529999732971191,15.899999618530273,15.489999771118164,15.529999732971191,15.529999732971191,244700
2014-02-20,15.5600004196167,15.569999694824219,15.119999885559082,15.180000305175781,15.180000305175781,354100
2014-02-21,15.260000228881836,15.510000228881836,15.170000076293945,15.4399995803833,15.4399995803833,308800
2014-02-24,15.4399995803833,15.59000015258789,15.180000305175781,15.399999618530273,15.399999618530273,394500
2014-02-25,15.470000267028809,15.5,14.800000190734863,15.050000190734863,15.050000190734863,639800
2014-02-26,15.119999885559082,15.199999809265137,14.9399995803833,15.069999694824219,15.069999694824219,235700
2014-02-27,15.100000381469727,15.479999542236328,14.899999618530273,15.0,15.0,686000
2014-02-28,15.0,15.329999923706055,14.989999771118164,15.0,15.0,514700
2014-03-03,14.960000038146973,15.1899995803833,14.949999809265137,15.130000114440918,15.130000114440918,881600
2014-03-04,15.1899995803833,15.760000228881836,15.119999885559082,15.649999618530273,15.649999618530273,1275600
2014-03-05,15.6899995803833,16.059999465942383,15.680000305175781,15.720000267028809,15.720000267028809,664700
2014-03-06,15.789999961853027,16.0,15.619999885559082,15.770000457763672,15.770000457763672,483500
2014-03-07,15.90999984741211,15.979999542236328,15.75,15.850000381469727,15.850000381469727,431000
2014-03-10,15.859999656677246,16.15999984741211,15.859999656677246,15.930000305175781,15.930000305175781,483200
2014-03-11,16.010000228881836,16.149999618530273,15.6899995803833,15.75,15.75,261200
2014-03-12,15.680000305175781,15.84000015258789,15.550000190734863,15.779999732971191,15.779999732971191,307700
2014-03-13,15.869999885559082,15.880000114440918,15.4399995803833,15.640000343322754,15.640000343322754,314600
2014-03-14,15.699999809265137,15.859999656677246,15.539999961853027,15.779999732971191,15.779999732971191,198600
2014-03-17,15.869999885559082,15.930000305175781,15.6899995803833,15.720000267028809,15.720000267028809,221600
2014-03-18,15.770000457763672,15.90999984741211,15.680000305175781,15.8100004196167,15.8100004196167,123300
2014-03-19,15.880000114440918,15.90999984741211,15.600000381469727,15.699999809265137,15.699999809265137,208900
2014-03-20,15.449999809265137,15.789999961853027,15.40999984741211,15.789999961853027,15.789999961853027,272000
2014-03-21,15.920000076293945,16.030000686645508,15.59000015258789,16.010000228881836,16.010000228881836,352100
2014-03-24,16.079999923706055,16.079999923706055,15.729999542236328,15.989999771118164,15.989999771118164,211800
2014-03-25,16.1200008392334,16.1200008392334,15.789999961853027,15.800000190734863,15.800000190734863,208800
2014-03-26,15.920000076293945,16.0,15.710000038146973,15.75,15.75,168600
2014-03-27,15.819999694824219,15.869999885559082,15.619999885559082,15.789999961853027,15.789999961853027,191100
2014-03-28,15.800000190734863,16.0,15.710000038146973,15.84000015258789,15.84000015258789,152000
2014-03-31,15.970000267028809,15.979999542236328,15.819999694824219,15.850000381469727,15.850000381469727,129000
2014-04-01,15.930000305175781,16.15999984741211,15.829999923706055,16.0,16.0,241100
2014-04-02,16.100000381469727,16.31999969482422,15.930000305175781,16.309999465942383,16.309999465942383,314600
2014-04-03,16.360000610351562,16.989999771118164,16.25,16.84000015258789,16.84000015258789,392900
2014-04-04,16.899999618530273,17.3799991607666,16.6200008392334,16.780000686645508,16.780000686645508,469000
2014-04-07,16.8799991607666,16.8799991607666,16.219999313354492,16.350000381469727,16.350000381469727,329400
2014-04-08,16.34000015258789,16.68000030517578,16.209999084472656,16.6200008392334,16.6200008392334,332200
2014-04-09,16.700000762939453,16.700000762939453,16.459999084472656,16.610000610351562,16.610000610351562,132000
2014-04-10,16.6299991607666,16.940000534057617,16.309999465942383,16.479999542236328,16.479999542236328,293400
2014-04-11,16.34000015258789,16.40999984741211,15.9399995803833,15.960000038146973,15.960000038146973,191600
2014-04-14,16.18000030517578,16.309999465942383,15.829999923706055,15.899999618530273,15.899999618530273,105000
2014-04-15,15.949999809265137,16.110000610351562,15.569999694824219,15.789999961853027,15.789999961853027,139900
2014-04-16,15.930000305175781,16.06999969482422,15.779999732971191,15.960000038146973,15.960000038146973,56200
2014-04-17,16.049999237060547,16.200000762939453,15.880000114440918,16.0,16.0,134200
2014-04-21,16.040000915527344,16.100000381469727,15.800000190734863,15.890000343322754,15.890000343322754,80700
2014-04-22,15.9399995803833,16.229999542236328,15.850000381469727,16.200000762939453,16.200000762939453,116300
2014-04-23,16.209999084472656,16.299999237060547,15.970000267028809,16.010000228881836,16.010000228881836,73500
2014-04-24,16.170000076293945,16.299999237060547,15.979999542236328,16.299999237060547,16.299999237060547,181200
2014-04-25,16.229999542236328,16.229999542236328,15.880000114440918,15.880000114440918,15.880000114440918,116700
2014-04-28,16.0,16.1200008392334,15.649999618530273,15.739999771118164,15.739999771118164,94900
2014-04-29,15.880000114440918,15.90999984741211,15.510000228881836,15.600000381469727,15.600000381469727,155700
2014-04-30,15.579999923706055,15.760000228881836,15.3100004196167,15.640000343322754,15.640000343322754,161300
2014-05-01,15.630000114440918,16.100000381469727,15.630000114440918,15.9399995803833,15.9399995803833,169000
2014-05-02,16.020000457763672,16.100000381469727,15.760000228881836,15.930000305175781,15.930000305175781,94600
2014-05-05,15.729999542236328,15.850000381469727,15.59000015258789,15.75,15.75,90200
2014-05-06,15.65999984741211,15.710000038146973,15.399999618530273,15.399999618530273,15.399999618530273,90800
2014-05-07,15.470000267028809,15.65999984741211,15.09000015258789,15.40999984741211,15.40999984741211,213900
2014-05-08,15.350000381469727,15.960000038146973,15.350000381469727,15.75,15.75,393300
2014-05-09,15.199999809265137,15.869999885559082,15.109999656677246,15.729999542236328,15.729999542236328,235500
2014-05-12,15.729999542236328,16.1200008392334,15.670000076293945,16.030000686645508,16.030000686645508,251900
2014-05-13,15.930000305175781,15.949999809265137,15.579999923706055,15.699999809265137,15.699999809265137,138900
2014-05-14,15.619999885559082,15.619999885559082,15.15999984741211,15.210000038146973,15.210000038146973,153000
2014-05-15,15.149999618530273,15.180000305175781,14.869999885559082,14.930000305175781,14.930000305175781,342200
2014-05-16,14.989999771118164,15.119999885559082,14.760000228881836,14.869999885559082,14.869999885559082,198700
2014-05-19,14.890000343322754,15.199999809265137,14.84000015258789,15.170000076293945,15.170000076293945,157300
2014-05-20,15.15999984741211,15.319999694824219,14.880000114440918,14.899999618530273,14.899999618530273,256500
2014-05-21,14.920000076293945,15.010000228881836,14.710000038146973,14.789999961853027,14.789999961853027,311200
2014-05-22,14.789999961853027,14.850000381469727,14.75,14.770000457763672,14.770000457763672,244900
2014-05-23,14.84000015258789,14.869999885559082,14.729999542236328,14.84000015258789,14.84000015258789,167700
2014-05-27,15.0,15.270000457763672,14.949999809265137,15.260000228881836,15.260000228881836,187600
2014-05-28,15.149999618530273,15.4399995803833,15.130000114440918,15.369999885559082,15.369999885559082,104400
2014-05-29,15.34000015258789,15.5,15.25,15.369999885559082,15.369999885559082,161300
2014-05-30,15.34000015258789,15.449999809265137,15.220000267028809,15.25,15.25,333200
2014-06-02,15.329999923706055,15.399999618530273,15.079999923706055,15.1899995803833,15.1899995803833,135100
2014-06-03,15.109999656677246,15.279999732971191,14.949999809265137,15.1899995803833,15.1899995803833,233400
2014-06-04,15.15999984741211,15.300000190734863,15.109999656677246,15.229999542236328,15.229999542236328,105800
2014-06-05,15.25,15.550000190734863,15.069999694824219,15.380000114440918,15.380000114440918,126100
2014-06-06,15.520000457763672,15.760000228881836,15.5,15.680000305175781,15.680000305175781,136600
2014-06-09,15.640000343322754,15.710000038146973,15.40999984741211,15.600000381469727,15.600000381469727,132800
2014-06-10,15.5,15.609999656677246,15.300000190734863,15.520000457763672,15.520000457763672,200100
2014-06-11,15.390000343322754,15.529999732971191,15.3100004196167,15.350000381469727,15.350000381469727,101000
2014-06-12,15.369999885559082,15.369999885559082,15.180000305175781,15.279999732971191,15.279999732971191,115200
2014-06-13,15.350000381469727,15.350000381469727,15.09000015258789,15.149999618530273,15.149999618530273,167700
2014-06-16,15.15999984741211,15.739999771118164,15.020000457763672,15.630000114440918,15.630000114440918,563800
2014-06-17,15.609999656677246,15.890000343322754,15.460000038146973,15.729999542236328,15.729999542236328,246000
2014-06-18,15.680000305175781,15.84000015258789,15.40999984741211,15.699999809265137,15.699999809265137,157900
2014-06-19,15.6899995803833,15.739999771118164,15.260000228881836,15.609999656677246,15.609999656677246,228100
2014-06-20,15.699999809265137,15.779999732971191,15.430000305175781,15.75,15.75,338400
2014-06-23,15.710000038146973,15.710000038146973,15.470000267028809,15.489999771118164,15.489999771118164,295700
2014-06-24,15.399999618530273,15.75,15.319999694824219,15.40999984741211,15.40999984741211,359100
2014-06-25,15.270000457763672,15.739999771118164,15.270000457763672,15.630000114440918,15.630000114440918,364700
2014-06-26,15.569999694824219,15.59000015258789,15.180000305175781,15.369999885559082,15.369999885559082,302200
2014-06-27,15.3100004196167,15.4399995803833,15.100000381469727,15.289999961853027,15.289999961853027,3088800
2014-06-30,15.300000190734863,15.479999542236328,15.239999771118164,15.260000228881836,15.260000228881836,278800
2014-07-01,15.279999732971191,15.6899995803833,15.270000457763672,15.65999984741211,15.65999984741211,310600
2014-07-02,15.600000381469727,15.720000267028809,15.479999542236328,15.59000015258789,15.59000015258789,150500
2014-07-03,15.649999618530273,15.829999923706055,15.619999885559082,15.710000038146973,15.710000038146973,99400
2014-07-07,16.15999984741211,16.290000915527344,15.819999694824219,15.880000114440918,15.880000114440918,578100
2014-07-08,16.049999237060547,16.09000015258789,15.819999694824219,16.0,16.0,457200
2014-07-09,16.049999237060547,16.049999237060547,15.8100004196167,15.859999656677246,15.859999656677246,343400
2014-07-10,15.800000190734863,15.899999618530273,15.649999618530273,15.829999923706055,15.829999923706055,258600
2014-07-11,15.779999732971191,15.800000190734863,15.649999618530273,15.779999732971191,15.779999732971191,151500
2014-07-14,15.979999542236328,16.049999237060547,15.789999961853027,16.020000457763672,16.020000457763672,241900
2014-07-15,15.949999809265137,15.979999542236328,15.789999961853027,15.829999923706055,15.829999923706055,201600
2014-07-16,15.899999618530273,15.949999809265137,15.619999885559082,15.789999961853027,15.789999961853027,251600
2014-07-17,15.680000305175781,15.8100004196167,15.399999618530273,15.449999809265137,15.449999809265137,253700
2014-07-18,15.369999885559082,15.600000381469727,15.369999885559082,15.5,15.5,203200
2014-07-21,15.5,15.550000190734863,15.329999923706055,15.5,15.5,127400
2014-07-22,15.460000038146973,15.600000381469727,15.399999618530273,15.5,15.5,127000
2014-07-23,15.600000381469727,15.649999618530273,15.399999618530273,15.630000114440918,15.630000114440918,148400
2014-07-24,15.630000114440918,15.710000038146973,15.369999885559082,15.449999809265137,15.449999809265137,129000
2014-07-25,15.270000457763672,15.40999984741211,15.100000381469727,15.180000305175781,15.180000305175781,267900
2014-07-28,15.199999809265137,15.300000190734863,15.029999732971191,15.1899995803833,15.1899995803833,199300
2014-07-29,15.199999809265137,15.300000190734863,15.029999732971191,15.050000190734863,15.050000190734863,189000
2014-07-30,15.149999618530273,15.180000305175781,14.829999923706055,14.90999984741211,14.90999984741211,260200
2014-07-31,14.800000190734863,14.829999923706055,14.300000190734863,14.5600004196167,14.5600004196167,374500
2014-08-01,14.579999923706055,14.859999656677246,14.489999771118164,14.859999656677246,14.859999656677246,251400
2014-08-04,14.869999885559082,15.130000114440918,14.850000381469727,15.029999732971191,15.029999732971191,584600
2014-08-05,15.0,15.069999694824219,14.850000381469727,14.960000038146973,14.960000038146973,374900
2014-08-06,14.850000381469727,15.130000114440918,14.850000381469727,15.050000190734863,15.050000190734863,242900
2014-08-07,15.039999961853027,15.170000076293945,14.510000228881836,14.710000038146973,14.710000038146973,501100
2014-08-08,15.100000381469727,15.390000343322754,15.100000381469727,15.270000457763672,15.270000457763672,414700
2014-08-11,15.350000381469727,15.449999809265137,15.079999923706055,15.15999984741211,15.15999984741211,271200
2014-08-12,15.09000015258789,15.170000076293945,15.029999732971191,15.09000015258789,15.09000015258789,201200
2014-08-13,15.170000076293945,15.1899995803833,14.989999771118164,15.050000190734863,15.050000190734863,233900
2014-08-14,15.229999542236328,15.279999732971191,15.0,15.180000305175781,15.180000305175781,150200
2014-08-15,15.329999923706055,15.350000381469727,14.949999809265137,15.1899995803833,15.1899995803833,190300
2014-08-18,15.350000381469727,15.369999885559082,15.140000343322754,15.25,15.25,165400
2014-08-19,15.220000267028809,15.279999732971191,15.170000076293945,15.1899995803833,15.1899995803833,151300
2014-08-20,15.109999656677246,15.1899995803833,15.010000228881836,15.140000343322754,15.140000343322754,169200
2014-08-21,15.09000015258789,15.1899995803833,14.90999984741211,15.15999984741211,15.15999984741211,111300
2014-08-22,15.1899995803833,15.1899995803833,14.9399995803833,14.989999771118164,14.989999771118164,255300
2014-08-25,15.15999984741211,15.15999984741211,14.949999809265137,15.130000114440918,15.130000114440918,311300
2014-08-26,15.09000015258789,15.119999885559082,14.920000076293945,15.09000015258789,15.09000015258789,249000
2014-08-27,15.220000267028809,15.350000381469727,15.020000457763672,15.319999694824219,15.319999694824219,221400
2014-08-28,15.210000038146973,15.329999923706055,15.09000015258789,15.239999771118164,15.239999771118164,93600
2014-08-29,15.239999771118164,15.350000381469727,15.199999809265137,15.319999694824219,15.319999694824219,150800
2014-09-02,15.3100004196167,15.510000228881836,15.25,15.460000038146973,15.460000038146973,191200
2014-09-03,15.479999542236328,15.829999923706055,15.479999542236328,15.5600004196167,15.5600004196167,194300
2014-09-04,15.609999656677246,15.710000038146973,15.319999694824219,15.350000381469727,15.350000381469727,144600
2014-09-05,15.300000190734863,15.449999809265137,15.210000038146973,15.279999732971191,15.279999732971191,98900
2014-09-08,15.470000267028809,15.850000381469727,15.380000114440918,15.75,15.75,307800
2014-09-09,15.819999694824219,16.0,15.3100004196167,15.359999656677246,15.359999656677246,231800
2014-09-10,15.359999656677246,15.6899995803833,15.319999694824219,15.630000114440918,15.630000114440918,143300
2014-09-11,15.5,15.640000343322754,15.430000305175781,15.630000114440918,15.630000114440918,138900
2014-09-12,15.680000305175781,15.8100004196167,15.520000457763672,15.539999961853027,15.539999961853027,221900
2014-09-15,15.539999961853027,15.59000015258789,15.399999618530273,15.449999809265137,15.449999809265137,230200
2014-09-16,15.470000267028809,16.0,15.380000114440918,15.510000228881836,15.510000228881836,339200
2014-09-17,15.460000038146973,15.770000457763672,15.4399995803833,15.460000038146973,15.460000038146973,239000
2014-09-18,15.5,15.600000381469727,15.470000267028809,15.59000015258789,15.59000015258789,244800
2014-09-19,15.65999984741211,15.75,15.369999885559082,15.420000076293945,15.420000076293945,608500
2014-09-22,15.390000343322754,15.5,15.279999732971191,15.369999885559082,15.369999885559082,218900
2014-09-23,15.380000114440918,15.380000114440918,14.930000305175781,14.9399995803833,14.9399995803833,261700
2014-09-24,15.050000190734863,15.229999542236328,14.930000305175781,15.050000190734863,15.050000190734863,202800
2014-09-25,15.0,15.069999694824219,14.760000228881836,14.779999732971191,14.779999732971191,283100
2014-09-26,14.949999809265137,14.949999809265137,14.760000228881836,14.90999984741211,14.90999984741211,230700
2014-09-29,14.800000190734863,14.829999923706055,14.609999656677246,14.680000305175781,14.680000305175781,256100
2014-09-30,14.649999618530273,14.739999771118164,14.550000190734863,14.550000190734863,14.550000190734863,298600
2014-10-01,14.520000457763672,14.579999923706055,14.15999984741211,14.289999961853027,14.289999961853027,459600
2014-10-02,14.300000190734863,14.449999809265137,14.0600004196167,14.350000381469727,14.350000381469727,418100
2014-10-03,14.5,14.649999618530273,14.399999618530273,14.539999961853027,14.539999961853027,308700
2014-10-06,14.619999885559082,14.649999618530273,14.279999732971191,14.289999961853027,14.289999961853027,407000
2014-10-07,14.3100004196167,14.390000343322754,14.100000381469727,14.100000381469727,14.100000381469727,163900
2014-10-08,14.069999694824219,14.390000343322754,14.050000190734863,14.319999694824219,14.319999694824219,375200
2014-10-09,14.34000015258789,14.369999885559082,13.869999885559082,13.880000114440918,13.880000114440918,345100
2014-10-10,13.800000190734863,14.050000190734863,13.75,13.9399995803833,13.9399995803833,245600
2014-10-13,13.930000305175781,14.180000305175781,13.880000114440918,13.890000343322754,13.890000343322754,381000
2014-10-14,13.970000267028809,14.15999984741211,13.880000114440918,13.979999542236328,13.979999542236328,363300
2014-10-15,14.0,14.09000015258789,13.600000381469727,13.859999656677246,13.859999656677246,507700
2014-10-16,13.720000267028809,13.859999656677246,13.630000114440918,13.770000457763672,13.770000457763672,361900
2014-10-17,13.960000038146973,14.069999694824219,13.779999732971191,13.869999885559082,13.869999885559082,348100
2014-10-20,13.880000114440918,14.010000228881836,13.75,13.859999656677246,13.859999656677246,452900
2014-10-21,13.949999809265137,14.239999771118164,13.920000076293945,14.229999542236328,14.229999542236328,432300
2014-10-22,14.270000457763672,14.600000381469727,14.270000457763672,14.430000305175781,14.430000305175781,553900
2014-10-23,14.630000114440918,14.75,14.40999984741211,14.529999732971191,14.529999732971191,566300
2014-10-24,14.609999656677246,14.739999771118164,14.5600004196167,14.6899995803833,14.6899995803833,398500
2014-10-27,14.670000076293945,14.729999542236328,14.520000457763672,14.699999809265137,14.699999809265137,356900
2014-10-28,14.75,15.039999961853027,14.720000267028809,15.0,15.0,304700
2014-10-29,15.0,15.149999618530273,14.899999618530273,15.0,15.0,242100
2014-10-30,14.949999809265137,15.199999809265137,14.949999809265137,15.15999984741211,15.15999984741211,204900
2014-10-31,15.350000381469727,15.390000343322754,15.25,15.300000190734863,15.300000190734863,315800
2014-11-03,15.350000381469727,15.5600004196167,15.239999771118164,15.350000381469727,15.350000381469727,278100
2014-11-04,15.34000015258789,15.399999618530273,14.970000267028809,15.050000190734863,15.050000190734863,348700
2014-11-05,15.140000343322754,15.260000228881836,15.0,15.0600004196167,15.0600004196167,256500
2014-11-06,15.020000457763672,15.199999809265137,14.970000267028809,15.069999694824219,15.069999694824219,208200
2014-11-07,14.930000305175781,15.079999923706055,14.90999984741211,15.050000190734863,15.050000190734863,194900
2014-11-10,15.050000190734863,15.079999923706055,14.84000015258789,15.039999961853027,15.039999961853027,348800
2014-11-11,15.100000381469727,15.109999656677246,14.850000381469727,14.899999618530273,14.899999618530273,139100
2014-11-12,14.859999656677246,14.90999984741211,14.680000305175781,14.90999984741211,14.90999984741211,179500
2014-11-13,14.949999809265137,14.989999771118164,14.760000228881836,14.819999694824219,14.819999694824219,122200
2014-11-14,14.779999732971191,14.890000343322754,14.630000114440918,14.699999809265137,14.699999809265137,168200
2014-11-17,14.760000228881836,14.760000228881836,14.619999885559082,14.710000038146973,14.710000038146973,228400
2014-11-18,14.680000305175781,14.84000015258789,14.680000305175781,14.729999542236328,14.729999542236328,214200
2014-11-19,14.720000267028809,14.739999771118164,14.510000228881836,14.59000015258789,14.59000015258789,165700
2014-11-20,14.5,14.739999771118164,14.5,14.6899995803833,14.6899995803833,144400
2014-11-21,14.90999984741211,14.930000305175781,14.699999809265137,14.720000267028809,14.720000267028809,149000
2014-11-24,14.819999694824219,14.850000381469727,14.699999809265137,14.84000015258789,14.84000015258789,268100
2014-11-25,14.880000114440918,14.920000076293945,14.819999694824219,14.890000343322754,14.890000343322754,140200
2014-11-26,14.930000305175781,15.039999961853027,14.819999694824219,14.899999618530273,14.899999618530273,88100
2014-11-28,14.859999656677246,14.970000267028809,14.760000228881836,14.8100004196167,14.8100004196167,104100
2014-12-01,14.800000190734863,14.859999656677246,14.680000305175781,14.680000305175781,14.680000305175781,132900
2014-12-02,14.680000305175781,14.859999656677246,14.670000076293945,14.710000038146973,14.710000038146973,128400
2014-12-03,14.789999961853027,14.979999542236328,14.779999732971191,14.90999984741211,14.90999984741211,227100
2014-12-04,14.850000381469727,14.979999542236328,14.8100004196167,14.8100004196167,14.8100004196167,98000
2014-12-05,14.770000457763672,14.989999771118164,14.770000457763672,14.9399995803833,14.9399995803833,132500
2014-12-08,14.829999923706055,14.960000038146973,14.649999618530273,14.949999809265137,14.949999809265137,163400
2014-12-09,14.819999694824219,14.920000076293945,14.6899995803833,14.850000381469727,14.850000381469727,151500
2014-12-10,14.75,14.880000114440918,14.510000228881836,14.529999732971191,14.529999732971191,190200
2014-12-11,14.579999923706055,14.899999618530273,14.579999923706055,14.8100004196167,14.8100004196167,177800
2014-12-12,14.729999542236328,14.859999656677246,14.600000381469727,14.609999656677246,14.609999656677246,170800
2014-12-15,14.65999984741211,14.800000190734863,14.539999961853027,14.600000381469727,14.600000381469727,175000
2014-12-16,14.579999923706055,14.779999732971191,14.529999732971191,14.649999618530273,14.649999618530273,339200
2014-12-17,14.699999809265137,14.760000228881836,14.619999885559082,14.75,14.75,373800
2014-12-18,14.75,14.75,14.5600004196167,14.729999542236328,14.729999542236328,259200
2014-12-19,14.670000076293945,14.75,14.600000381469727,14.720000267028809,14.720000267028809,474900
2014-12-22,14.6899995803833,14.729999542236328,14.579999923706055,14.65999984741211,14.65999984741211,112600
2014-12-23,14.739999771118164,14.75,14.670000076293945,14.710000038146973,14.710000038146973,317100
2014-12-24,14.699999809265137,14.75,14.6899995803833,14.720000267028809,14.720000267028809,102700
2014-12-26,14.75,14.75,14.640000343322754,14.649999618530273,14.649999618530273,100300
2014-12-29,14.649999618530273,14.75,14.630000114440918,14.649999618530273,14.649999618530273,161500
2014-12-30,14.649999618530273,14.680000305175781,14.520000457763672,14.579999923706055,14.579999923706055,228900
2014-12-31,14.670000076293945,14.670000076293945,14.489999771118164,14.489999771118164,14.489999771118164,151100
2015-01-02,14.5600004196167,14.579999923706055,14.149999618530273,14.270000457763672,14.270000457763672,403100
2015-01-05,14.239999771118164,14.329999923706055,14.109999656677246,14.25,14.25,391400
2015-01-06,14.25,14.25,13.779999732971191,13.880000114440918,13.880000114440918,268800
2015-01-07,13.930000305175781,14.069999694824219,13.84000015258789,13.930000305175781,13.930000305175781,229600
2015-01-08,14.119999885559082,14.119999885559082,13.9399995803833,14.010000228881836,14.010000228881836,529600
2015-01-09,13.949999809265137,14.050000190734863,13.75,13.789999961853027,13.789999961853027,161000
2015-01-12,13.829999923706055,13.859999656677246,13.399999618530273,13.420000076293945,13.420000076293945,323500
2015-01-13,13.579999923706055,13.8100004196167,13.449999809265137,13.470000267028809,13.470000267028809,282900
2015-01-14,13.369999885559082,13.449999809265137,13.149999618530273,13.359999656677246,13.359999656677246,221300
2015-01-15,13.3100004196167,13.350000381469727,13.15999984741211,13.300000190734863,13.300000190734863,211300
2015-01-16,13.300000190734863,13.5600004196167,13.279999732971191,13.539999961853027,13.539999961853027,314600
2015-01-20,13.539999961853027,13.710000038146973,13.109999656677246,13.279999732971191,13.279999732971191,195100
2015-01-21,13.270000457763672,13.420000076293945,13.180000305175781,13.399999618530273,13.399999618530273,202200
2015-01-22,13.5,13.59000015258789,13.289999961853027,13.569999694824219,13.569999694824219,233900
2015-01-23,13.59000015258789,13.600000381469727,13.399999618530273,13.420000076293945,13.420000076293945,169800
2015-01-26,13.430000305175781,13.680000305175781,13.210000038146973,13.65999984741211,13.65999984741211,222300
2015-01-27,13.470000267028809,13.609999656677246,13.380000114440918,13.449999809265137,13.449999809265137,258500
2015-01-28,13.449999809265137,13.59000015258789,13.180000305175781,13.210000038146973,13.210000038146973,211300
2015-01-29,13.279999732971191,13.449999809265137,13.0,13.329999923706055,13.329999923706055,493800
2015-01-30,13.229999542236328,13.319999694824219,13.119999885559082,13.229999542236328,13.229999542236328,385900
2015-02-02,13.25,13.569999694824219,13.130000114440918,13.470000267028809,13.470000267028809,364400
2015-02-03,13.5,13.869999885559082,13.460000038146973,13.539999961853027,13.539999961853027,290400
2015-02-04,13.510000228881836,13.739999771118164,13.470000267028809,13.640000343322754,13.640000343322754,269900
2015-02-05,13.899999618530273,13.949999809265137,13.6899995803833,13.760000228881836,13.760000228881836,321500
2015-02-06,13.760000228881836,13.899999618530273,13.720000267028809,13.84000015258789,13.84000015258789,292600
2015-02-09,13.859999656677246,13.859999656677246,13.649999618530273,13.770000457763672,13.770000457763672,213800
2015-02-10,13.899999618530273,13.979999542236328,13.770000457763672,13.899999618530273,13.899999618530273,259900
2015-02-11,13.869999885559082,13.869999885559082,13.710000038146973,13.8100004196167,13.8100004196167,154800
2015-02-12,13.899999618530273,13.970000267028809,13.819999694824219,13.880000114440918,13.880000114440918,294100
2015-02-13,13.850000381469727,13.930000305175781,13.800000190734863,13.90999984741211,13.90999984741211,164500
2015-02-17,14.109999656677246,14.199999809265137,13.699999809265137,13.760000228881836,13.760000228881836,350900
2015-02-18,13.800000190734863,13.9399995803833,13.760000228881836,13.869999885559082,13.869999885559082,245800
2015-02-19,13.850000381469727,14.029999732971191,13.729999542236328,13.930000305175781,13.930000305175781,244500
2015-02-20,13.949999809265137,14.0,13.6899995803833,13.960000038146973,13.960000038146973,235200
2015-02-23,13.960000038146973,13.960000038146973,13.720000267028809,13.869999885559082,13.869999885559082,213600
2015-02-24,13.930000305175781,13.9399995803833,13.699999809265137,13.930000305175781,13.930000305175781,191100
2015-02-25,13.880000114440918,13.970000267028809,13.789999961853027,13.920000076293945,13.920000076293945,154500
2015-02-26,13.930000305175781,14.0,13.899999618530273,14.0,14.0,235400
2015-02-27,13.949999809265137,14.130000114440918,13.729999542236328,14.039999961853027,14.039999961853027,380000
2015-03-02,14.0,14.109999656677246,13.760000228881836,14.069999694824219,14.069999694824219,380200
2015-03-03,14.069999694824219,14.079999923706055,13.979999542236328,14.010000228881836,14.010000228881836,308200
2015-03-04,14.020000457763672,14.149999618530273,13.9399995803833,14.069999694824219,14.069999694824219,344500
2015-03-05,14.0,14.09000015258789,13.899999618530273,14.079999923706055,14.079999923706055,404100
2015-03-06,14.0600004196167,14.4399995803833,14.0,14.029999732971191,14.029999732971191,752400
2015-03-09,14.029999732971191,14.130000114440918,13.989999771118164,14.069999694824219,14.069999694824219,367600
2015-03-10,14.0,14.050000190734863,13.869999885559082,13.949999809265137,13.949999809265137,529400
2015-03-11,13.949999809265137,14.050000190734863,13.920000076293945,14.050000190734863,14.050000190734863,370200
2015-03-12,14.119999885559082,14.289999961853027,14.039999961853027,14.289999961853027,14.289999961853027,472300
2015-03-13,14.25,14.260000228881836,14.010000228881836,14.140000343322754,14.140000343322754,284000
2015-03-16,14.399999618530273,14.40999984741211,14.119999885559082,14.180000305175781,14.180000305175781,299400
2015-03-17,14.119999885559082,14.279999732971191,14.0,14.210000038146973,14.210000038146973,334500
2015-03-18,14.180000305175781,14.380000114440918,14.09000015258789,14.319999694824219,14.319999694824219,248200
2015-03-19,14.270000457763672,14.319999694824219,14.0,14.069999694824219,14.069999694824219,251800
2015-03-20,14.119999885559082,14.289999961853027,14.010000228881836,14.25,14.25,446600
2015-03-23,14.210000038146973,14.5,14.210000038146973,14.5,14.5,325900
2015-03-24,14.390000343322754,14.479999542236328,14.25,14.430000305175781,14.430000305175781,190500
2015-03-25,14.420000076293945,14.489999771118164,14.210000038146973,14.300000190734863,14.300000190734863,198400
2015-03-26,14.25,14.34000015258789,14.100000381469727,14.100000381469727,14.100000381469727,130800
2015-03-27,14.069999694824219,14.220000267028809,13.989999771118164,14.010000228881836,14.010000228881836,210600
2015-03-30,14.140000343322754,14.229999542236328,14.0,14.210000038146973,14.210000038146973,216000
2015-03-31,14.199999809265137,14.270000457763672,14.020000457763672,14.149999618530273,14.149999618530273,222800
2015-04-01,14.149999618530273,14.300000190734863,14.020000457763672,14.289999961853027,14.289999961853027,253400
2015-04-02,14.300000190734863,14.390000343322754,14.029999732971191,14.09000015258789,14.09000015258789,288000
2015-04-06,14.039999961853027,14.289999961853027,14.039999961853027,14.239999771118164,14.239999771118164,133400
2015-04-07,14.199999809265137,14.239999771118164,14.09000015258789,14.09000015258789,14.09000015258789,227200
2015-04-08,14.069999694824219,14.220000267028809,14.069999694824219,14.130000114440918,14.130000114440918,133900
2015-04-09,14.199999809265137,14.25,14.029999732971191,14.130000114440918,14.130000114440918,189500
2015-04-10,14.119999885559082,14.210000038146973,14.109999656677246,14.170000076293945,14.170000076293945,98600
2015-04-13,14.149999618530273,14.25,14.149999618530273,14.180000305175781,14.180000305175781,126100
2015-04-14,14.149999618530273,14.270000457763672,14.079999923706055,14.1899995803833,14.1899995803833,196500
2015-04-15,14.199999809265137,14.449999809265137,14.130000114440918,14.399999618530273,14.399999618530273,197100
2015-04-16,14.329999923706055,14.399999618530273,14.239999771118164,14.380000114440918,14.380000114440918,124300
2015-04-17,14.279999732971191,14.279999732971191,14.029999732971191,14.09000015258789,14.09000015258789,212200
2015-04-20,14.149999618530273,14.270000457763672,14.109999656677246,14.170000076293945,14.170000076293945,117200
2015-04-21,14.149999618530273,14.239999771118164,14.0,14.010000228881836,14.010000228881836,215000
2015-04-22,14.0,14.050000190734863,13.859999656677246,14.050000190734863,14.050000190734863,147400
2015-04-23,14.050000190734863,14.1899995803833,13.920000076293945,14.15999984741211,14.15999984741211,211600
2015-04-24,14.109999656677246,14.119999885559082,13.930000305175781,13.979999542236328,13.979999542236328,89500
2015-04-27,13.979999542236328,13.989999771118164,13.800000190734863,13.949999809265137,13.949999809265137,316900
2015-04-28,13.899999618530273,14.119999885559082,13.819999694824219,13.930000305175781,13.930000305175781,223000
2015-04-29,13.859999656677246,13.890000343322754,13.720000267028809,13.75,13.75,155400
2015-04-30,13.649999618530273,13.6899995803833,13.449999809265137,13.479999542236328,13.479999542236328,355100
2015-05-01,13.470000267028809,13.720000267028809,13.470000267028809,13.699999809265137,13.699999809265137,253100
2015-05-04,13.760000228881836,13.8100004196167,13.5600004196167,13.760000228881836,13.760000228881836,246200
2015-05-05,13.720000267028809,13.880000114440918,13.699999809265137,13.760000228881836,13.760000228881836,303300
2015-05-06,13.760000228881836,13.90999984741211,13.6899995803833,13.850000381469727,13.850000381469727,321300
2015-05-07,13.8100004196167,14.0,13.8100004196167,13.960000038146973,13.960000038146973,277300
2015-05-08,13.989999771118164,14.479999542236328,13.989999771118164,14.34000015258789,14.34000015258789,333800
2015-05-11,14.420000076293945,14.75,14.359999656677246,14.5600004196167,14.5600004196167,316600
2015-05-12,14.510000228881836,14.510000228881836,14.319999694824219,14.369999885559082,14.369999885559082,346100
2015-05-13,14.390000343322754,14.489999771118164,14.369999885559082,14.479999542236328,14.479999542236328,253400
2015-05-14,14.5600004196167,14.680000305175781,14.449999809265137,14.670000076293945,14.670000076293945,221300
2015-05-15,14.640000343322754,14.640000343322754,14.489999771118164,14.5,14.5,179400
2015-05-18,14.5,14.710000038146973,14.40999984741211,14.609999656677246,14.609999656677246,327600
2015-05-19,14.59000015258789,14.609999656677246,14.420000076293945,14.479999542236328,14.479999542236328,223800
2015-05-20,14.569999694824219,14.59000015258789,14.460000038146973,14.510000228881836,14.510000228881836,115800
2015-05-21,14.520000457763672,14.600000381469727,14.40999984741211,14.489999771118164,14.489999771118164,128400
2015-05-22,14.5,14.529999732971191,14.3100004196167,14.399999618530273,14.399999618530273,175600
2015-05-26,14.399999618530273,14.479999542236328,14.229999542236328,14.369999885559082,14.369999885559082,235400
2015-05-27,14.420000076293945,14.510000228881836,14.329999923706055,14.5,14.5,168600
2015-05-28,14.479999542236328,14.529999732971191,14.380000114440918,14.430000305175781,14.430000305175781,352000
2015-05-29,14.430000305175781,14.529999732971191,14.350000381469727,14.40999984741211,14.40999984741211,256100
2015-06-01,14.449999809265137,14.520000457763672,14.25,14.470000267028809,14.470000267028809,219600
2015-06-02,14.359999656677246,14.649999618530273,14.319999694824219,14.5600004196167,14.5600004196167,201200
2015-06-03,14.5600004196167,14.760000228881836,14.5,14.75,14.75,250200
2015-06-04,14.75,14.75,14.4399995803833,14.5,14.5,132100
2015-06-05,14.5,14.5600004196167,14.430000305175781,14.520000457763672,14.520000457763672,129800
2015-06-08,14.5,14.5600004196167,14.329999923706055,14.380000114440918,14.380000114440918,156100
2015-06-09,14.359999656677246,14.4399995803833,14.3100004196167,14.359999656677246,14.359999656677246,166400
2015-06-10,14.449999809265137,14.720000267028809,14.399999618530273,14.5600004196167,14.5600004196167,204300
2015-06-11,14.529999732971191,14.710000038146973,14.520000457763672,14.6899995803833,14.6899995803833,167500
2015-06-12,14.630000114440918,14.670000076293945,14.529999732971191,14.539999961853027,14.539999961853027,122100
2015-06-15,14.539999961853027,14.880000114440918,14.5,14.859999656677246,14.859999656677246,642100
2015-06-16,14.899999618530273,15.34000015258789,14.779999732971191,15.25,15.25,611100
2015-06-17,15.220000267028809,15.380000114440918,15.109999656677246,15.170000076293945,15.170000076293945,264500
2015-06-18,15.270000457763672,15.4399995803833,15.25,15.300000190734863,15.300000190734863,226800
2015-06-19,15.300000190734863,15.319999694824219,15.170000076293945,15.180000305175781,15.180000305175781,338100
2015-06-22,15.40999984741211,15.40999984741211,15.130000114440918,15.229999542236328,15.229999542236328,337700
2015-06-23,15.270000457763672,15.34000015258789,15.229999542236328,15.279999732971191,15.279999732971191,342800
2015-06-24,15.350000381469727,15.449999809265137,15.25,15.270000457763672,15.270000457763672,325000
2015-06-25,15.34000015258789,15.350000381469727,15.140000343322754,15.300000190734863,15.300000190734863,334200
2015-06-26,15.300000190734863,15.350000381469727,15.119999885559082,15.329999923706055,15.329999923706055,1874300
2015-06-29,15.109999656677246,15.270000457763672,14.710000038146973,14.779999732971191,14.779999732971191,446800
2015-06-30,14.930000305175781,14.930000305175781,14.710000038146973,14.75,14.75,223000
2015-07-01,14.960000038146973,15.079999923706055,14.859999656677246,15.0600004196167,15.0600004196167,363000
2015-07-02,15.119999885559082,15.119999885559082,14.869999885559082,14.90999984741211,14.90999984741211,164800
2015-07-06,14.779999732971191,15.010000228881836,14.760000228881836,14.989999771118164,14.989999771118164,295100
2015-07-07,15.180000305175781,15.180000305175781,14.770000457763672,14.930000305175781,14.930000305175781,316600
2015-07-08,14.869999885559082,14.869999885559082,14.609999656677246,14.720000267028809,14.720000267028809,228400
2015-07-09,14.850000381469727,14.890000343322754,14.539999961853027,14.579999923706055,14.579999923706055,356300
2015-07-10,14.720000267028809,14.739999771118164,14.600000381469727,14.680000305175781,14.680000305175781,230800
2015-07-13,14.710000038146973,14.890000343322754,14.6899995803833,14.850000381469727,14.850000381469727,196000
2015-07-14,14.84000015258789,14.970000267028809,14.760000228881836,14.970000267028809,14.970000267028809,248900
2015-07-15,14.970000267028809,15.069999694824219,14.84000015258789,15.0,15.0,212300
2015-07-16,15.0600004196167,15.149999618530273,14.850000381469727,14.970000267028809,14.970000267028809,245600
2015-07-17,14.989999771118164,15.0,14.789999961853027,14.880000114440918,14.880000114440918,179100
2015-07-20,14.859999656677246,14.880000114440918,14.670000076293945,14.829999923706055,14.829999923706055,244800
2015-07-21,14.859999656677246,15.149999618530273,14.859999656677246,14.930000305175781,14.930000305175781,233900
2015-07-22,14.920000076293945,15.0,14.800000190734863,14.84000015258789,14.84000015258789,121500
2015-07-23,14.880000114440918,14.930000305175781,14.65999984741211,14.680000305175781,14.680000305175781,277800
2015-07-24,14.609999656677246,14.680000305175781,14.460000038146973,14.5,14.5,264200
2015-07-27,14.5,14.619999885559082,14.430000305175781,14.5600004196167,14.5600004196167,235700
2015-07-28,14.609999656677246,14.779999732971191,14.420000076293945,14.529999732971191,14.529999732971191,303400
2015-07-29,14.550000190734863,14.880000114440918,14.479999542236328,14.8100004196167,14.8100004196167,206100
2015-07-30,14.770000457763672,14.869999885559082,14.6899995803833,14.850000381469727,14.850000381469727,183500
2015-07-31,14.90999984741211,14.989999771118164,14.760000228881836,14.859999656677246,14.859999656677246,196800
2015-08-03,14.869999885559082,14.920000076293945,14.680000305175781,14.770000457763672,14.770000457763672,222100
2015-08-04,14.779999732971191,14.949999809265137,14.600000381469727,14.680000305175781,14.680000305175781,96900
2015-08-05,14.760000228881836,14.8100004196167,14.550000190734863,14.649999618530273,14.649999618530273,174400
2015-08-06,14.550000190734863,14.699999809265137,14.199999809265137,14.329999923706055,14.329999923706055,419000
2015-08-07,14.319999694824219,14.34000015258789,14.119999885559082,14.180000305175781,14.180000305175781,449300
2015-08-10,14.180000305175781,14.3100004196167,14.119999885559082,14.210000038146973,14.210000038146973,377800
2015-08-11,14.050000190734863,14.199999809265137,14.0,14.130000114440918,14.130000114440918,443500
2015-08-12,14.020000457763672,14.020000457763672,13.850000381469727,13.920000076293945,13.920000076293945,253500
2015-08-13,13.960000038146973,14.010000228881836,13.890000343322754,13.899999618530273,13.899999618530273,207700
2015-08-14,13.9399995803833,14.279999732971191,13.9399995803833,14.260000228881836,14.260000228881836,249200
2015-08-17,14.180000305175781,14.369999885559082,14.100000381469727,14.369999885559082,14.369999885559082,212800
2015-08-18,14.319999694824219,14.34000015258789,14.210000038146973,14.319999694824219,14.319999694824219,333600
2015-08-19,14.25,14.3100004196167,14.0,14.1899995803833,14.1899995803833,168200
2015-08-20,14.039999961853027,14.15999984741211,13.970000267028809,14.069999694824219,14.069999694824219,448100
2015-08-21,13.890000343322754,14.15999984741211,13.880000114440918,14.0,14.0,428600
2015-08-24,13.520000457763672,13.710000038146973,12.899999618530273,13.529999732971191,13.529999732971191,461500
2015-08-25,13.899999618530273,13.930000305175781,13.489999771118164,13.569999694824219,13.569999694824219,429300
2015-08-26,13.800000190734863,13.800000190734863,13.4399995803833,13.630000114440918,13.630000114440918,351400
2015-08-27,13.6899995803833,13.90999984741211,13.569999694824219,13.890000343322754,13.890000343322754,334400
2015-08-28,13.880000114440918,14.100000381469727,13.880000114440918,13.989999771118164,13.989999771118164,510500
2015-08-31,13.930000305175781,14.020000457763672,13.699999809265137,13.989999771118164,13.989999771118164,341100
2015-09-01,13.770000457763672,13.930000305175781,13.510000228881836,13.539999961853027,13.539999961853027,297200
2015-09-02,13.680000305175781,13.680000305175781,13.399999618530273,13.529999732971191,13.529999732971191,351800
2015-09-03,13.510000228881836,13.550000190734863,13.420000076293945,13.479999542236328,13.479999542236328,334100
2015-09-04,13.329999923706055,13.390000343322754,13.260000228881836,13.289999961853027,13.289999961853027,182000
2015-09-08,13.460000038146973,14.170000076293945,13.420000076293945,14.130000114440918,14.130000114440918,681700
2015-09-09,14.199999809265137,14.199999809265137,13.930000305175781,13.970000267028809,13.970000267028809,339500
2015-09-10,13.9399995803833,14.09000015258789,13.640000343322754,14.069999694824219,14.069999694824219,287300
2015-09-11,13.979999542236328,14.100000381469727,13.869999885559082,14.09000015258789,14.09000015258789,254100
2015-09-14,14.119999885559082,14.119999885559082,13.899999618530273,14.010000228881836,14.010000228881836,248500
2015-09-15,14.010000228881836,14.0600004196167,13.899999618530273,14.050000190734863,14.050000190734863,240500
2015-09-16,14.029999732971191,14.140000343322754,14.0,14.09000015258789,14.09000015258789,1424100
2015-09-17,14.0600004196167,14.25,14.0,14.100000381469727,14.100000381469727,563900
2015-09-18,13.850000381469727,13.960000038146973,13.739999771118164,13.899999618530273,13.899999618530273,2445400
2015-09-21,13.970000267028809,14.140000343322754,13.920000076293945,13.989999771118164,13.989999771118164,337600
2015-09-22,13.850000381469727,13.90999984741211,13.600000381469727,13.789999961853027,13.789999961853027,376200
2015-09-23,13.84000015258789,13.859999656677246,13.649999618530273,13.699999809265137,13.699999809265137,732500
2015-09-24,13.65999984741211,13.65999984741211,13.510000228881836,13.550000190734863,13.550000190734863,879500
2015-09-25,13.65999984741211,13.760000228881836,13.59000015258789,13.609999656677246,13.609999656677246,640900
2015-09-28,13.550000190734863,13.579999923706055,13.420000076293945,13.489999771118164,13.489999771118164,744100
2015-09-29,13.520000457763672,13.569999694824219,13.34000015258789,13.449999809265137,13.449999809265137,464600
2015-09-30,13.5600004196167,13.630000114440918,13.34000015258789,13.449999809265137,13.449999809265137,766500
2015-10-01,13.430000305175781,13.430000305175781,13.010000228881836,13.109999656677246,13.109999656677246,1019200
2015-10-02,13.039999961853027,13.199999809265137,12.880000114440918,13.1899995803833,13.1899995803833,451600
2015-10-05,13.270000457763672,13.470000267028809,13.229999542236328,13.449999809265137,13.449999809265137,458300
2015-10-06,13.40999984741211,13.4399995803833,13.15999984741211,13.1899995803833,13.1899995803833,584400
2015-10-07,13.25,13.369999885559082,13.100000381469727,13.279999732971191,13.279999732971191,347600
2015-10-08,13.229999542236328,13.3100004196167,13.09000015258789,13.25,13.25,855500
2015-10-09,13.279999732971191,13.510000228881836,13.229999542236328,13.4399995803833,13.4399995803833,369100
2015-10-12,13.4399995803833,13.449999809265137,13.260000228881836,13.34000015258789,13.34000015258789,308000
2015-10-13,13.319999694824219,13.399999618530273,13.229999542236328,13.289999961853027,13.289999961853027,253700
2015-10-14,13.289999961853027,13.380000114440918,13.100000381469727,13.109999656677246,13.109999656677246,185800
2015-10-15,13.15999984741211,13.4399995803833,13.119999885559082,13.4399995803833,13.4399995803833,274000
2015-10-16,13.479999542236328,13.619999885559082,13.369999885559082,13.579999923706055,13.579999923706055,205500
2015-10-19,13.550000190734863,13.640000343322754,13.40999984741211,13.460000038146973,13.460000038146973,173500
2015-10-20,13.460000038146973,13.539999961853027,13.399999618530273,13.489999771118164,13.489999771118164,191800
2015-10-21,13.5600004196167,13.619999885559082,13.359999656677246,13.399999618530273,13.399999618530273,203600
2015-10-22,13.5,13.640000343322754,13.420000076293945,13.640000343322754,13.640000343322754,271000
2015-10-23,13.739999771118164,14.0,13.649999618530273,14.0,14.0,236200
2015-10-26,13.960000038146973,14.069999694824219,13.800000190734863,13.880000114440918,13.880000114440918,174000
2015-10-27,13.8100004196167,13.859999656677246,13.470000267028809,13.520000457763672,13.520000457763672,178200
2015-10-28,13.520000457763672,13.899999618530273,13.5,13.869999885559082,13.869999885559082,311200
2015-10-29,13.779999732971191,13.920000076293945,13.739999771118164,13.859999656677246,13.859999656677246,143800
2015-10-30,13.829999923706055,13.90999984741211,13.619999885559082,13.670000076293945,13.670000076293945,198400
2015-11-02,13.829999923706055,13.970000267028809,13.649999618530273,13.930000305175781,13.930000305175781,291900
2015-11-03,13.899999618530273,14.050000190734863,13.859999656677246,13.979999542236328,13.979999542236328,181600
2015-11-04,13.75,13.920000076293945,13.430000305175781,13.899999618530273,13.899999618530273,329300
2015-11-05,13.979999542236328,14.100000381469727,13.829999923706055,14.039999961853027,14.039999961853027,212600
2015-11-06,13.960000038146973,14.220000267028809,13.960000038146973,14.220000267028809,14.220000267028809,290900
2015-11-09,14.1899995803833,14.300000190734863,14.069999694824219,14.119999885559082,14.119999885559082,340900
2015-11-10,14.100000381469727,14.229999542236328,13.979999542236328,14.199999809265137,14.199999809265137,261900
2015-11-11,14.210000038146973,14.3100004196167,14.09000015258789,14.140000343322754,14.140000343322754,188500
2015-11-12,14.0600004196167,14.130000114440918,13.819999694824219,13.829999923706055,13.829999923706055,228500
2015-11-13,13.739999771118164,13.949999809265137,13.680000305175781,13.760000228881836,13.760000228881836,223800
2015-11-16,13.770000457763672,13.859999656677246,13.539999961853027,13.75,13.75,120900
2015-11-17,13.760000228881836,13.84000015258789,13.550000190734863,13.5600004196167,13.5600004196167,160000
2015-11-18,13.59000015258789,13.699999809265137,13.510000228881836,13.5600004196167,13.5600004196167,215800
2015-11-19,13.5600004196167,13.699999809265137,13.520000457763672,13.619999885559082,13.619999885559082,136500
2015-11-20,13.699999809265137,13.920000076293945,13.510000228881836,13.800000190734863,13.800000190734863,154700
2015-11-23,13.770000457763672,14.0,13.770000457763672,13.930000305175781,13.930000305175781,340200
2015-11-24,13.899999618530273,14.09000015258789,13.770000457763672,14.079999923706055,14.079999923706055,317700
2015-11-25,14.039999961853027,14.130000114440918,14.020000457763672,14.079999923706055,14.079999923706055,181000
2015-11-27,14.069999694824219,14.270000457763672,13.960000038146973,14.270000457763672,14.270000457763672,62900
2015-11-30,14.270000457763672,14.399999618530273,14.1899995803833,14.210000038146973,14.210000038146973,473400
2015-12-01,14.270000457763672,14.420000076293945,14.170000076293945,14.239999771118164,14.239999771118164,429100
2015-12-02,14.260000228881836,14.3100004196167,14.039999961853027,14.170000076293945,14.170000076293945,243300
2015-12-03,14.1899995803833,14.239999771118164,13.800000190734863,13.90999984741211,13.90999984741211,195900
2015-12-04,13.90999984741211,14.069999694824219,13.869999885559082,13.979999542236328,13.979999542236328,239400
2015-12-07,13.979999542236328,14.010000228881836,13.770000457763672,13.819999694824219,13.819999694824219,297900
2015-12-08,13.75,13.779999732971191,13.630000114440918,13.6899995803833,13.6899995803833,159600
2015-12-09,13.619999885559082,13.829999923706055,13.550000190734863,13.630000114440918,13.630000114440918,263100
2015-12-10,13.600000381469727,13.6899995803833,13.369999885559082,13.430000305175781,13.430000305175781,266700
2015-12-11,13.210000038146973,13.479999542236328,13.210000038146973,13.359999656677246,13.359999656677246,285000
2015-12-14,13.369999885559082,13.539999961853027,13.369999885559082,13.449999809265137,13.449999809265137,255500
2015-12-15,13.529999732971191,13.670000076293945,13.390000343322754,13.550000190734863,13.550000190734863,287000
2015-12-16,13.630000114440918,13.75,13.380000114440918,13.609999656677246,13.609999656677246,293500
2015-12-17,13.640000343322754,13.65999984741211,13.420000076293945,13.5,13.5,237400
2015-12-18,13.460000038146973,13.619999885559082,13.319999694824219,13.34000015258789,13.34000015258789,981000
2015-12-21,13.40999984741211,13.5600004196167,13.149999618530273,13.319999694824219,13.319999694824219,216100
2015-12-22,13.359999656677246,13.550000190734863,13.199999809265137,13.529999732971191,13.529999732971191,136000
2015-12-23,13.550000190734863,13.699999809265137,13.529999732971191,13.609999656677246,13.609999656677246,150100
2015-12-24,13.59000015258789,13.779999732971191,13.520000457763672,13.720000267028809,13.720000267028809,103600
2015-12-28,13.720000267028809,13.800000190734863,13.550000190734863,13.670000076293945,13.670000076293945,126000
2015-12-29,13.729999542236328,13.850000381469727,13.600000381469727,13.729999542236328,13.729999542236328,171800
2015-12-30,13.739999771118164,13.84000015258789,13.600000381469727,13.619999885559082,13.619999885559082,109700
2015-12-31,13.609999656677246,13.800000190734863,13.399999618530273,13.40999984741211,13.40999984741211,194500
2016-01-04,13.199999809265137,13.300000190734863,12.770000457763672,12.949999809265137,12.949999809265137,388000
2016-01-05,12.920000076293945,13.0600004196167,12.75,12.779999732971191,12.779999732971191,178400
2016-01-06,12.6899995803833,12.6899995803833,12.479999542236328,12.489999771118164,12.489999771118164,297300
2016-01-07,12.050000190734863,12.279999732971191,11.850000381469727,12.0,12.0,456200
2016-01-08,12.0,12.0,11.720000267028809,11.720000267028809,11.720000267028809,295200
2016-01-11,11.739999771118164,12.130000114440918,11.720000267028809,12.119999885559082,12.119999885559082,380600
2016-01-12,12.149999618530273,12.15999984741211,11.829999923706055,12.010000228881836,12.010000228881836,329600
2016-01-13,12.010000228881836,12.050000190734863,11.470000267028809,11.600000381469727,11.600000381469727,373000
2016-01-14,11.619999885559082,11.729999542236328,11.460000038146973,11.529999732971191,11.529999732971191,231000
2016-01-15,11.1899995803833,11.369999885559082,11.100000381469727,11.369999885559082,11.369999885559082,334700
2016-01-19,11.640000343322754,11.640000343322754,11.130000114440918,11.210000038146973,11.210000038146973,228500
2016-01-20,11.050000190734863,11.529999732971191,10.869999885559082,11.460000038146973,11.460000038146973,402300
2016-01-21,11.460000038146973,11.600000381469727,11.329999923706055,11.40999984741211,11.40999984741211,382500
2016-01-22,11.550000190734863,11.6899995803833,11.430000305175781,11.6899995803833,11.6899995803833,257100
2016-01-25,11.619999885559082,11.65999984741211,11.260000228881836,11.279999732971191,11.279999732971191,206900
2016-01-26,11.350000381469727,11.529999732971191,11.350000381469727,11.430000305175781,11.430000305175781,160500
2016-01-27,11.399999618530273,11.479999542236328,11.170000076293945,11.210000038146973,11.210000038146973,206000
2016-01-28,11.289999961853027,11.369999885559082,11.199999809265137,11.210000038146973,11.210000038146973,122300
2016-01-29,11.270000457763672,11.649999618530273,11.239999771118164,11.649999618530273,11.649999618530273,366100
2016-02-01,11.529999732971191,11.529999732971191,11.229999542236328,11.369999885559082,11.369999885559082,267000
2016-02-02,11.220000267028809,11.220000267028809,11.029999732971191,11.069999694824219,11.069999694824219,183200
2016-02-03,11.15999984741211,11.180000305175781,10.859999656677246,11.140000343322754,11.140000343322754,309500
2016-02-04,11.109999656677246,11.3100004196167,11.069999694824219,11.109999656677246,11.109999656677246,234200
2016-02-05,11.079999923706055,11.170000076293945,10.8100004196167,11.130000114440918,11.130000114440918,241300
2016-02-08,11.029999732971191,11.25,10.890000343322754,11.149999618530273,11.149999618530273,324600
2016-02-09,11.0600004196167,11.130000114440918,10.569999694824219,10.800000190734863,10.800000190734863,247600
2016-02-10,10.84000015258789,10.989999771118164,10.609999656677246,10.619999885559082,10.619999885559082,192300
2016-02-11,10.420000076293945,10.569999694824219,10.319999694824219,10.479999542236328,10.479999542236328,304700
2016-02-12,10.569999694824219,11.010000228881836,10.569999694824219,10.989999771118164,10.989999771118164,283700
2016-02-16,11.100000381469727,11.149999618530273,10.90999984741211,11.119999885559082,11.119999885559082,214800
2016-02-17,11.170000076293945,11.380000114440918,11.09000015258789,11.369999885559082,11.369999885559082,265900
2016-02-18,11.40999984741211,11.40999984741211,11.1899995803833,11.279999732971191,11.279999732971191,147600
2016-02-19,11.25,11.489999771118164,11.210000038146973,11.420000076293945,11.420000076293945,327800
2016-02-22,11.510000228881836,11.569999694824219,11.300000190734863,11.319999694824219,11.319999694824219,265500
2016-02-23,11.270000457763672,11.359999656677246,11.1899995803833,11.1899995803833,11.1899995803833,239600
2016-02-24,11.09000015258789,11.399999618530273,11.029999732971191,11.399999618530273,11.399999618530273,212700
2016-02-25,11.380000114440918,11.460000038146973,11.199999809265137,11.430000305175781,11.430000305175781,266500
2016-02-26,10.460000038146973,11.260000228881836,10.079999923706055,11.229999542236328,11.229999542236328,530100
2016-02-29,11.15999984741211,11.210000038146973,10.670000076293945,11.050000190734863,11.050000190734863,408900
2016-03-01,11.100000381469727,11.149999618530273,10.979999542236328,11.109999656677246,11.109999656677246,264100
2016-03-02,11.109999656677246,11.359999656677246,11.0600004196167,11.359999656677246,11.359999656677246,238200
2016-03-03,11.3100004196167,11.430000305175781,11.3100004196167,11.380000114440918,11.380000114440918,234500
2016-03-04,11.399999618530273,11.4399995803833,11.100000381469727,11.180000305175781,11.180000305175781,216600
2016-03-07,11.109999656677246,11.260000228881836,11.0600004196167,11.25,11.25,307900
2016-03-08,11.15999984741211,11.279999732971191,10.920000076293945,10.930000305175781,10.930000305175781,255100
2016-03-09,11.0,11.029999732971191,10.859999656677246,10.9399995803833,10.9399995803833,202100
2016-03-10,10.989999771118164,11.029999732971191,10.729999542236328,10.8100004196167,10.8100004196167,247800
2016-03-11,10.880000114440918,11.199999809265137,10.869999885559082,11.149999618530273,11.149999618530273,244900
2016-03-14,11.140000343322754,11.140000343322754,10.890000343322754,10.90999984741211,10.90999984741211,174200
2016-03-15,10.850000381469727,10.899999618530273,10.720000267028809,10.8100004196167,10.8100004196167,288800
2016-03-16,10.800000190734863,11.0,10.739999771118164,10.989999771118164,10.989999771118164,260800
2016-03-17,10.960000038146973,11.430000305175781,10.90999984741211,11.300000190734863,11.300000190734863,367600
2016-03-18,11.270000457763672,11.5,11.25,11.5,11.5,778800
2016-03-21,11.489999771118164,11.579999923706055,11.319999694824219,11.489999771118164,11.489999771118164,263400
2016-03-22,11.40999984741211,11.510000228881836,11.3100004196167,11.4399995803833,11.4399995803833,152800
2016-03-23,11.430000305175781,11.5,11.270000457763672,11.270000457763672,11.270000457763672,218500
2016-03-24,11.199999809265137,11.25,10.899999618530273,10.970000267028809,10.970000267028809,158200
2016-03-28,11.029999732971191,11.34000015258789,11.029999732971191,11.270000457763672,11.270000457763672,239000
2016-03-29,11.210000038146973,11.380000114440918,11.109999656677246,11.359999656677246,11.359999656677246,234300
2016-03-30,11.390000343322754,11.489999771118164,11.350000381469727,11.369999885559082,11.369999885559082,284300
2016-03-31,11.399999618530273,11.489999771118164,11.3100004196167,11.369999885559082,11.369999885559082,223500
2016-04-01,11.300000190734863,11.770000457763672,11.260000228881836,11.65999984741211,11.65999984741211,342900
2016-04-04,11.670000076293945,11.720000267028809,11.319999694824219,11.319999694824219,11.319999694824219,193600
2016-04-05,11.210000038146973,11.210000038146973,10.970000267028809,11.079999923706055,11.079999923706055,356500
2016-04-06,11.079999923706055,11.109999656677246,10.960000038146973,11.079999923706055,11.079999923706055,209100
2016-04-07,10.989999771118164,11.010000228881836,10.850000381469727,10.920000076293945,10.920000076293945,263500
2016-04-08,11.0,11.0600004196167,10.770000457763672,10.8100004196167,10.8100004196167,179400
2016-04-11,10.90999984741211,11.0,10.829999923706055,10.880000114440918,10.880000114440918,301400
2016-04-12,10.859999656677246,11.029999732971191,10.850000381469727,10.949999809265137,10.949999809265137,235500
2016-04-13,11.029999732971191,11.300000190734863,11.029999732971191,11.25,11.25,494100
2016-04-14,11.260000228881836,11.319999694824219,11.180000305175781,11.210000038146973,11.210000038146973,253600
2016-04-15,11.149999618530273,11.300000190734863,11.09000015258789,11.15999984741211,11.15999984741211,320700
2016-04-18,11.1899995803833,11.199999809265137,11.050000190734863,11.199999809265137,11.199999809265137,347400
2016-04-19,11.260000228881836,11.380000114440918,11.140000343322754,11.270000457763672,11.270000457763672,346600
2016-04-20,11.229999542236328,11.4399995803833,11.229999542236328,11.359999656677246,11.359999656677246,137200
2016-04-21,11.319999694824219,11.4399995803833,11.149999618530273,11.170000076293945,11.170000076293945,254800
2016-04-22,11.170000076293945,11.319999694824219,11.170000076293945,11.229999542236328,11.229999542236328,223500
2016-04-25,11.229999542236328,11.34000015258789,10.989999771118164,11.09000015258789,11.09000015258789,222100
2016-04-26,11.09000015258789,11.270000457763672,11.0600004196167,11.239999771118164,11.239999771118164,277500
2016-04-27,11.220000267028809,11.359999656677246,11.220000267028809,11.350000381469727,11.350000381469727,284800
2016-04-28,11.300000190734863,11.420000076293945,11.1899995803833,11.390000343322754,11.390000343322754,264000
2016-04-29,11.390000343322754,11.5,11.279999732971191,11.380000114440918,11.380000114440918,204400
2016-05-02,11.380000114440918,11.5600004196167,11.270000457763672,11.5600004196167,11.5600004196167,189600
2016-05-03,11.40999984741211,11.520000457763672,11.350000381469727,11.449999809265137,11.449999809265137,210800
2016-05-04,11.420000076293945,11.520000457763672,11.300000190734863,11.369999885559082,11.369999885559082,290400
2016-05-05,11.449999809265137,11.460000038146973,11.15999984741211,11.170000076293945,11.170000076293945,269500
2016-05-06,11.210000038146973,11.470000267028809,11.050000190734863,11.279999732971191,11.279999732971191,324100
2016-05-09,11.220000267028809,11.319999694824219,11.170000076293945,11.180000305175781,11.180000305175781,214300
2016-05-10,11.180000305175781,11.579999923706055,11.170000076293945,11.5,11.5,297300
2016-05-11,11.5,11.619999885559082,11.329999923706055,11.34000015258789,11.34000015258789,195600
2016-05-12,11.399999618530273,11.470000267028809,11.270000457763672,11.329999923706055,11.329999923706055,177600
2016-05-13,11.329999923706055,11.510000228881836,11.329999923706055,11.40999984741211,11.40999984741211,163400
2016-05-16,11.3100004196167,11.520000457763672,11.3100004196167,11.449999809265137,11.449999809265137,224600
2016-05-17,11.449999809265137,11.550000190734863,11.229999542236328,11.270000457763672,11.270000457763672,345800
2016-05-18,11.239999771118164,11.430000305175781,11.239999771118164,11.430000305175781,11.430000305175781,291200
2016-05-19,11.350000381469727,11.420000076293945,11.09000015258789,11.119999885559082,11.119999885559082,332000
2016-05-20,11.180000305175781,11.270000457763672,11.130000114440918,11.1899995803833,11.1899995803833,198800
2016-05-23,11.1899995803833,11.34000015258789,11.15999984741211,11.180000305175781,11.180000305175781,183100
2016-05-24,11.239999771118164,11.449999809265137,11.239999771118164,11.420000076293945,11.420000076293945,277700
2016-05-25,11.399999618530273,11.5600004196167,11.399999618530273,11.489999771118164,11.489999771118164,173900
2016-05-26,11.489999771118164,11.539999961853027,11.380000114440918,11.5,11.5,145100
2016-05-27,11.489999771118164,11.59000015258789,11.489999771118164,11.569999694824219,11.569999694824219,128900
2016-05-31,11.609999656677246,11.729999542236328,11.579999923706055,11.699999809265137,11.699999809265137,275300
2016-06-01,11.670000076293945,11.90999984741211,11.640000343322754,11.880000114440918,11.880000114440918,231400
2016-06-02,11.880000114440918,11.890000343322754,11.75,11.819999694824219,11.819999694824219,209500
2016-06-03,11.770000457763672,11.8100004196167,11.640000343322754,11.760000228881836,11.760000228881836,197100
2016-06-06,11.729999542236328,11.850000381469727,11.699999809265137,11.760000228881836,11.760000228881836,237300
2016-06-07,11.770000457763672,11.770000457763672,11.65999984741211,11.739999771118164,11.739999771118164,242400
2016-06-08,11.720000267028809,12.0,11.680000305175781,11.960000038146973,11.960000038146973,281100
2016-06-09,11.9399995803833,11.9399995803833,11.800000190734863,11.90999984741211,11.90999984741211,161400
2016-06-10,11.8100004196167,11.84000015258789,11.619999885559082,11.670000076293945,11.670000076293945,275500
2016-06-13,11.600000381469727,11.75,11.520000457763672,11.59000015258789,11.59000015258789,298300
2016-06-14,11.5,11.619999885559082,11.34000015258789,11.369999885559082,11.369999885559082,318800
2016-06-15,11.390000343322754,11.430000305175781,11.279999732971191,11.279999732971191,11.279999732971191,446100
2016-06-16,11.199999809265137,11.239999771118164,11.079999923706055,11.220000267028809,11.220000267028809,282300
2016-06-17,11.15999984741211,11.260000228881836,11.039999961853027,11.079999923706055,11.079999923706055,557000
2016-06-20,11.270000457763672,11.3100004196167,11.109999656677246,11.130000114440918,11.130000114440918,391800
2016-06-21,11.130000114440918,11.229999542236328,11.069999694824219,11.199999809265137,11.199999809265137,174900
2016-06-22,11.220000267028809,11.390000343322754,11.15999984741211,11.279999732971191,11.279999732971191,231900
2016-06-23,11.4399995803833,11.649999618530273,11.430000305175781,11.649999618530273,11.649999618530273,347200
2016-06-24,11.130000114440918,11.579999923706055,11.130000114440918,11.510000228881836,11.510000228881836,2430800
2016-06-27,11.390000343322754,11.390000343322754,11.0,11.069999694824219,11.069999694824219,735900
2016-06-28,11.170000076293945,11.229999542236328,11.039999961853027,11.0600004196167,11.0600004196167,783200
2016-06-29,11.210000038146973,11.319999694824219,11.109999656677246,11.319999694824219,11.319999694824219,330900
2016-06-30,11.390000343322754,11.729999542236328,11.300000190734863,11.720000267028809,11.720000267028809,305300
2016-07-01,11.739999771118164,11.8100004196167,11.59000015258789,11.619999885559082,11.619999885559082,174100
2016-07-05,11.550000190734863,11.75,11.420000076293945,11.729999542236328,11.729999542236328,420600
2016-07-06,11.630000114440918,11.710000038146973,11.4399995803833,11.479999542236328,11.479999542236328,504600
2016-07-07,11.609999656677246,11.760000228881836,11.479999542236328,11.600000381469727,11.600000381469727,419200
2016-07-08,11.770000457763672,11.979999542236328,11.720000267028809,11.949999809265137,11.949999809265137,440500
2016-07-11,11.989999771118164,12.149999618530273,11.949999809265137,12.039999961853027,12.039999961853027,345700
2016-07-12,12.15999984741211,12.319999694824219,12.149999618530273,12.25,12.25,305000
2016-07-13,12.3100004196167,12.350000381469727,12.220000267028809,12.300000190734863,12.300000190734863,335700
2016-07-14,12.399999618530273,12.569999694824219,12.390000343322754,12.470000267028809,12.470000267028809,354500
2016-07-15,12.550000190734863,12.550000190734863,12.40999984741211,12.460000038146973,12.460000038146973,164100
2016-07-18,12.420000076293945,12.430000305175781,12.3100004196167,12.329999923706055,12.329999923706055,189200
2016-07-19,12.289999961853027,12.319999694824219,12.1899995803833,12.279999732971191,12.279999732971191,264300
2016-07-20,12.329999923706055,12.470000267028809,12.260000228881836,12.430000305175781,12.430000305175781,171000
2016-07-21,12.369999885559082,12.460000038146973,12.3100004196167,12.34000015258789,12.34000015258789,238200
2016-07-22,12.289999961853027,12.510000228881836,12.289999961853027,12.460000038146973,12.460000038146973,218100
2016-07-25,12.420000076293945,12.489999771118164,12.420000076293945,12.460000038146973,12.460000038146973,94100
2016-07-26,12.479999542236328,12.579999923706055,12.420000076293945,12.479999542236328,12.479999542236328,163800
2016-07-27,12.430000305175781,12.649999618530273,12.430000305175781,12.619999885559082,12.619999885559082,205200
2016-07-28,12.640000343322754,12.739999771118164,12.579999923706055,12.699999809265137,12.699999809265137,158800
2016-07-29,12.640000343322754,12.680000305175781,12.5,12.59000015258789,12.59000015258789,436200
2016-08-01,12.59000015258789,12.729999542236328,12.569999694824219,12.600000381469727,12.600000381469727,170900
2016-08-02,12.609999656677246,12.670000076293945,12.4399995803833,12.449999809265137,12.449999809265137,189600
2016-08-03,12.460000038146973,12.630000114440918,12.460000038146973,12.579999923706055,12.579999923706055,194100
2016-08-04,12.579999923706055,12.699999809265137,12.550000190734863,12.619999885559082,12.619999885559082,200700
2016-08-05,12.449999809265137,12.800000190734863,12.430000305175781,12.670000076293945,12.670000076293945,334200
2016-08-08,12.670000076293945,12.75,12.600000381469727,12.75,12.75,294400
2016-08-09,12.75,12.869999885559082,12.670000076293945,12.800000190734863,12.800000190734863,259800
2016-08-10,12.84000015258789,12.850000381469727,12.729999542236328,12.789999961853027,12.789999961853027,180200
2016-08-11,12.789999961853027,12.8100004196167,12.720000267028809,12.75,12.75,146900
2016-08-12,12.65999984741211,12.739999771118164,12.65999984741211,12.680000305175781,12.680000305175781,186800
2016-08-15,12.720000267028809,12.789999961853027,12.65999984741211,12.789999961853027,12.789999961853027,261300
2016-08-16,12.720000267028809,12.850000381469727,12.59000015258789,12.670000076293945,12.670000076293945,168200
2016-08-17,12.710000038146973,12.75,12.569999694824219,12.609999656677246,12.609999656677246,109100
2016-08-18,12.600000381469727,12.710000038146973,12.569999694824219,12.640000343322754,12.640000343322754,131700
2016-08-19,12.600000381469727,12.649999618530273,12.550000190734863,12.630000114440918,12.630000114440918,142200
2016-08-22,12.619999885559082,12.680000305175781,12.550000190734863,12.670000076293945,12.670000076293945,142100
2016-08-23,12.739999771118164,12.739999771118164,12.630000114440918,12.680000305175781,12.680000305175781,319000
2016-08-24,12.649999618530273,12.710000038146973,12.5,12.600000381469727,12.600000381469727,632000
2016-08-25,12.569999694824219,12.930000305175781,12.5,12.829999923706055,12.829999923706055,1105700
2016-08-26,12.84000015258789,13.010000228881836,12.789999961853027,12.899999618530273,12.899999618530273,278200
2016-08-29,12.890000343322754,12.989999771118164,12.84000015258789,12.859999656677246,12.859999656677246,207700
2016-08-30,12.869999885559082,13.020000457763672,12.859999656677246,12.970000267028809,12.970000267028809,182100
2016-08-31,12.90999984741211,13.029999732971191,12.819999694824219,13.020000457763672,13.020000457763672,317100
2016-09-01,12.989999771118164,12.989999771118164,12.729999542236328,12.819999694824219,12.819999694824219,251800
2016-09-02,12.90999984741211,12.90999984741211,12.75,12.760000228881836,12.760000228881836,163100
2016-09-06,12.770000457763672,12.779999732971191,12.619999885559082,12.770000457763672,12.770000457763672,133000
2016-09-07,12.699999809265137,12.930000305175781,12.699999809265137,12.90999984741211,12.90999984741211,169400
2016-09-08,12.920000076293945,12.920000076293945,12.800000190734863,12.8100004196167,12.8100004196167,96700
2016-09-09,12.75,12.760000228881836,12.479999542236328,12.479999542236328,12.479999542236328,189000
2016-09-12,12.399999618530273,12.710000038146973,12.279999732971191,12.65999984741211,12.65999984741211,256100
2016-09-13,12.5,12.5600004196167,12.329999923706055,12.40999984741211,12.40999984741211,285200
2016-09-14,12.380000114440918,12.420000076293945,12.300000190734863,12.300000190734863,12.300000190734863,225400
2016-09-15,12.300000190734863,12.359999656677246,12.239999771118164,12.289999961853027,12.289999961853027,224600
2016-09-16,12.289999961853027,12.289999961853027,12.149999618530273,12.170000076293945,12.170000076293945,415300
2016-09-19,12.239999771118164,12.3100004196167,12.09000015258789,12.119999885559082,12.119999885559082,111100
2016-09-20,12.1899995803833,12.199999809265137,12.050000190734863,12.050000190734863,12.050000190734863,199600
2016-09-21,12.0600004196167,12.15999984741211,11.979999542236328,12.130000114440918,12.130000114440918,386800
2016-09-22,12.229999542236328,12.4399995803833,12.220000267028809,12.359999656677246,12.359999656677246,195400
2016-09-23,12.289999961853027,12.329999923706055,12.100000381469727,12.100000381469727,12.100000381469727,139400
2016-09-26,12.100000381469727,12.100000381469727,11.850000381469727,11.850000381469727,11.850000381469727,188900
2016-09-27,11.789999961853027,11.930000305175781,11.760000228881836,11.890000343322754,11.890000343322754,131400
2016-09-28,11.880000114440918,12.220000267028809,11.880000114440918,12.210000038146973,12.210000038146973,215000
2016-09-29,12.149999618530273,12.180000305175781,11.920000076293945,11.960000038146973,11.960000038146973,326700
2016-09-30,12.029999732971191,12.079999923706055,11.899999618530273,12.0,12.0,237700
2016-10-03,11.90999984741211,11.989999771118164,11.869999885559082,11.960000038146973,11.960000038146973,253200
2016-10-04,11.949999809265137,12.1899995803833,11.890000343322754,12.149999618530273,12.149999618530273,149300
2016-10-05,12.100000381469727,12.289999961853027,12.100000381469727,12.140000343322754,12.140000343322754,114200
2016-10-06,12.149999618530273,12.149999618530273,11.850000381469727,12.069999694824219,12.069999694824219,1005800
2016-10-07,12.050000190734863,12.25,12.050000190734863,12.1899995803833,12.1899995803833,282900
2016-10-10,12.239999771118164,12.5,12.149999618530273,12.460000038146973,12.460000038146973,196100
2016-10-11,12.460000038146973,12.479999542236328,12.319999694824219,12.350000381469727,12.350000381469727,182300
2016-10-12,12.350000381469727,12.460000038146973,12.260000228881836,12.300000190734863,12.300000190734863,199200
2016-10-13,12.220000267028809,12.350000381469727,12.130000114440918,12.220000267028809,12.220000267028809,158500
2016-10-14,12.369999885559082,12.479999542236328,12.329999923706055,12.329999923706055,12.329999923706055,186800
2016-10-17,12.350000381469727,12.399999618530273,12.300000190734863,12.399999618530273,12.399999618530273,136900
2016-10-18,12.449999809265137,12.449999809265137,12.300000190734863,12.350000381469727,12.350000381469727,143500
2016-10-19,12.399999618530273,12.5,12.25,12.449999809265137,12.449999809265137,148500
2016-10-20,12.5,12.5,12.25,12.300000190734863,12.300000190734863,164600
2016-10-21,12.149999618530273,12.25,12.050000190734863,12.199999809265137,12.199999809265137,109000
2016-10-24,12.25,12.350000381469727,12.100000381469727,12.149999618530273,12.149999618530273,111300
2016-10-25,12.100000381469727,12.199999809265137,12.100000381469727,12.149999618530273,12.149999618530273,124800
2016-10-26,12.050000190734863,12.149999618530273,11.949999809265137,12.0,12.0,236700
2016-10-27,12.050000190734863,12.100000381469727,11.899999618530273,11.899999618530273,11.899999618530273,172900
2016-10-28,11.899999618530273,11.949999809265137,11.800000190734863,11.850000381469727,11.850000381469727,165300
2016-10-31,11.899999618530273,11.899999618530273,11.75,11.75,11.75,282700
2016-11-01,11.75,11.800000190734863,11.550000190734863,11.600000381469727,11.600000381469727,174900
2016-11-02,11.550000190734863,11.630000114440918,11.350000381469727,11.399999618530273,11.399999618530273,106900
2016-11-03,11.449999809265137,11.550000190734863,11.25,11.300000190734863,11.300000190734863,151700
2016-11-04,11.949999809265137,12.5,11.680000305175781,11.850000381469727,11.850000381469727,339700
2016-11-07,11.899999618530273,12.100000381469727,11.850000381469727,12.0,12.0,396400
2016-11-08,12.0,12.149999618530273,11.800000190734863,11.850000381469727,11.850000381469727,441000
2016-11-09,11.850000381469727,12.300000190734863,11.75,12.300000190734863,12.300000190734863,504100
2016-11-10,12.5,12.649999618530273,12.300000190734863,12.550000190734863,12.550000190734863,450900
2016-11-11,12.550000190734863,13.0,12.25,12.649999618530273,12.649999618530273,1653400
2016-11-14,12.649999618530273,12.649999618530273,12.199999809265137,12.449999809265137,12.449999809265137,397700
2016-11-15,12.350000381469727,12.449999809265137,12.149999618530273,12.300000190734863,12.300000190734863,208500
2016-11-16,12.300000190734863,12.350000381469727,12.149999618530273,12.25,12.25,262900
2016-11-17,12.25,12.399999618530273,12.199999809265137,12.25,12.25,434500
2016-11-18,12.300000190734863,12.380000114440918,12.199999809265137,12.350000381469727,12.350000381469727,263400
2016-11-21,12.399999618530273,12.449999809265137,12.25,12.449999809265137,12.449999809265137,231500
2016-11-22,12.550000190734863,12.550000190734863,12.199999809265137,12.350000381469727,12.350000381469727,344500
2016-11-23,12.350000381469727,12.359999656677246,12.130000114440918,12.149999618530273,12.149999618530273,352300
2016-11-25,12.199999809265137,12.399999618530273,12.149999618530273,12.300000190734863,12.300000190734863,152700
2016-11-28,12.300000190734863,12.300000190734863,12.050000190734863,12.100000381469727,12.100000381469727,347600
2016-11-29,12.149999618530273,12.25,11.899999618530273,11.899999618530273,11.899999618530273,191800
2016-11-30,11.949999809265137,12.029999732971191,11.75,11.850000381469727,11.850000381469727,350000
2016-12-01,11.800000190734863,11.949999809265137,11.5,11.699999809265137,11.699999809265137,366700
2016-12-02,11.600000381469727,11.649999618530273,11.300000190734863,11.449999809265137,11.449999809265137,322100
2016-12-05,11.5,11.649999618530273,11.350000381469727,11.399999618530273,11.399999618530273,392800
2016-12-06,11.350000381469727,11.850000381469727,11.350000381469727,11.800000190734863,11.800000190734863,376100
2016-12-07,11.800000190734863,11.899999618530273,11.600000381469727,11.75,11.75,391900
2016-12-08,11.75,12.0,11.649999618530273,11.800000190734863,11.800000190734863,509600
2016-12-09,11.850000381469727,12.199999809265137,11.75,12.199999809265137,12.199999809265137,326400
2016-12-12,12.199999809265137,12.279999732971191,11.930000305175781,12.050000190734863,12.050000190734863,425500
2016-12-13,12.149999618530273,12.199999809265137,12.0,12.100000381469727,12.100000381469727,201800
2016-12-14,12.100000381469727,12.149999618530273,11.949999809265137,12.0,12.0,149700
2016-12-15,11.949999809265137,12.199999809265137,11.899999618530273,12.100000381469727,12.100000381469727,223500
2016-12-16,12.149999618530273,12.199999809265137,11.899999618530273,11.949999809265137,11.949999809265137,782300
2016-12-19,11.949999809265137,12.149999618530273,11.880000114440918,11.949999809265137,11.949999809265137,490700
2016-12-20,12.050000190734863,12.100000381469727,11.949999809265137,12.100000381469727,12.100000381469727,502700
2016-12-21,12.0,12.130000114440918,11.949999809265137,11.949999809265137,11.949999809265137,339900
2016-12-22,12.0,12.050000190734863,11.899999618530273,12.050000190734863,12.050000190734863,383500
2016-12-23,12.050000190734863,12.199999809265137,11.930000305175781,12.100000381469727,12.100000381469727,200200
2016-12-27,12.149999618530273,12.25,11.899999618530273,11.949999809265137,11.949999809265137,285700
2016-12-28,12.0,12.0,11.600000381469727,11.649999618530273,11.649999618530273,246300
2016-12-29,11.699999809265137,11.800000190734863,11.630000114440918,11.699999809265137,11.699999809265137,149400
2016-12-30,11.75,11.75,11.550000190734863,11.550000190734863,11.550000190734863,232500
2017-01-03,11.699999809265137,11.75,11.5,11.699999809265137,11.699999809265137,276600
2017-01-04,11.800000190734863,11.949999809265137,11.699999809265137,11.949999809265137,11.949999809265137,223000
2017-01-05,11.850000381469727,11.979999542236328,11.699999809265137,11.800000190734863,11.800000190734863,236500
2017-01-06,11.850000381469727,11.850000381469727,11.600000381469727,11.600000381469727,11.600000381469727,204700
2017-01-09,11.550000190734863,11.579999923706055,11.350000381469727,11.399999618530273,11.399999618530273,561600
2017-01-10,11.350000381469727,11.550000190734863,11.350000381469727,11.550000190734863,11.550000190734863,346800
2017-01-11,11.600000381469727,11.680000305175781,11.449999809265137,11.5,11.5,327600
2017-01-12,11.5,11.550000190734863,11.3100004196167,11.350000381469727,11.350000381469727,471000
2017-01-13,11.350000381469727,11.449999809265137,11.300000190734863,11.399999618530273,11.399999618530273,307300
2017-01-17,11.300000190734863,11.399999618530273,11.199999809265137,11.199999809265137,11.199999809265137,333200
2017-01-18,11.300000190734863,11.350000381469727,11.149999618530273,11.25,11.25,187400
2017-01-19,11.300000190734863,11.300000190734863,11.100000381469727,11.100000381469727,11.100000381469727,229300
2017-01-20,11.100000381469727,11.329999923706055,11.050000190734863,11.100000381469727,11.100000381469727,211900
2017-01-23,11.149999618530273,11.300000190734863,11.050000190734863,11.149999618530273,11.149999618530273,230800
2017-01-24,11.149999618530273,11.300000190734863,11.050000190734863,11.300000190734863,11.300000190734863,208700
2017-01-25,11.300000190734863,11.479999542236328,11.25,11.399999618530273,11.399999618530273,174800
2017-01-26,11.350000381469727,11.449999809265137,11.199999809265137,11.25,11.25,169600
2017-01-27,11.199999809265137,11.350000381469727,11.149999618530273,11.25,11.25,632800
2017-01-30,11.25,11.279999732971191,11.100000381469727,11.199999809265137,11.199999809265137,217600
2017-01-31,11.149999618530273,11.449999809265137,11.100000381469727,11.449999809265137,11.449999809265137,320100
2017-02-01,11.550000190734863,11.699999809265137,11.350000381469727,11.600000381469727,11.600000381469727,811500
2017-02-02,11.600000381469727,11.600000381469727,11.399999618530273,11.5,11.5,435900
2017-02-03,11.600000381469727,11.649999618530273,11.399999618530273,11.649999618530273,11.649999618530273,351400
2017-02-06,11.550000190734863,11.649999618530273,11.449999809265137,11.449999809265137,11.449999809265137,196300
2017-02-07,11.449999809265137,11.649999618530273,11.399999618530273,11.5,11.5,129700
2017-02-08,11.5,11.649999618530273,11.350000381469727,11.600000381469727,11.600000381469727,352500
2017-02-09,11.649999618530273,11.850000381469727,11.5,11.850000381469727,11.850000381469727,1306800
2017-02-10,11.899999618530273,12.0,11.75,11.899999618530273,11.899999618530273,566400
2017-02-13,11.949999809265137,12.180000305175781,11.930000305175781,12.100000381469727,12.100000381469727,1037000
2017-02-14,12.050000190734863,12.25,12.0,12.199999809265137,12.199999809265137,500500
2017-02-15,12.149999618530273,12.399999618530273,12.100000381469727,12.25,12.25,773800
2017-02-16,12.25,12.350000381469727,12.149999618530273,12.25,12.25,256700
2017-02-17,12.25,12.350000381469727,12.130000114440918,12.149999618530273,12.149999618530273,174300
2017-02-21,12.199999809265137,12.300000190734863,12.149999618530273,12.199999809265137,12.199999809265137,123000
2017-02-22,12.199999809265137,12.25,12.050000190734863,12.149999618530273,12.149999618530273,179700
2017-02-23,12.149999618530273,12.300000190734863,12.100000381469727,12.149999618530273,12.149999618530273,298700
2017-02-24,12.199999809265137,12.300000190734863,12.050000190734863,12.25,12.25,766200
2017-02-27,12.25,12.300000190734863,12.100000381469727,12.199999809265137,12.199999809265137,398300
2017-02-28,12.149999618530273,12.550000190734863,12.130000114440918,12.399999618530273,12.399999618530273,1009900
2017-03-01,12.600000381469727,12.75,12.399999618530273,12.449999809265137,12.449999809265137,564800
2017-03-02,12.399999618530273,12.5,12.149999618530273,12.199999809265137,12.199999809265137,545800
2017-03-03,12.199999809265137,12.399999618530273,12.199999809265137,12.199999809265137,12.199999809265137,530500
2017-03-06,12.149999618530273,12.350000381469727,12.149999618530273,12.25,12.25,933000
2017-03-07,12.199999809265137,12.399999618530273,12.149999618530273,12.399999618530273,12.399999618530273,424400
2017-03-08,12.399999618530273,12.449999809265137,12.100000381469727,12.100000381469727,12.100000381469727,409600
2017-03-09,12.149999618530273,12.300000190734863,12.100000381469727,12.149999618530273,12.149999618530273,517800
2017-03-10,12.199999809265137,12.380000114440918,12.149999618530273,12.149999618530273,12.149999618530273,582500
2017-03-13,12.199999809265137,12.25,12.130000114440918,12.149999618530273,12.149999618530273,321800
2017-03-14,12.149999618530273,12.25,12.100000381469727,12.100000381469727,12.100000381469727,441400
2017-03-15,12.199999809265137,12.350000381469727,12.149999618530273,12.199999809265137,12.199999809265137,1167500
2017-03-16,12.25,12.550000190734863,12.199999809265137,12.550000190734863,12.550000190734863,1139600
2017-03-17,12.5,12.5,12.229999542236328,12.350000381469727,12.350000381469727,1094100
2017-03-20,12.300000190734863,12.350000381469727,12.199999809265137,12.300000190734863,12.300000190734863,163700
2017-03-21,12.350000381469727,12.350000381469727,11.949999809265137,12.0,12.0,344000
2017-03-22,11.949999809265137,12.0,11.75,11.75,11.75,252300
2017-03-23,11.75,11.930000305175781,11.75,11.800000190734863,11.800000190734863,157200
2017-03-24,11.800000190734863,11.899999618530273,11.75,11.800000190734863,11.800000190734863,156900
2017-03-27,11.649999618530273,11.800000190734863,11.649999618530273,11.75,11.75,130300
2017-03-28,11.699999809265137,12.25,11.649999618530273,12.25,12.25,399800
2017-03-29,12.25,12.300000190734863,11.979999542236328,12.0,12.0,636500
2017-03-30,11.949999809265137,12.050000190734863,11.800000190734863,11.899999618530273,11.899999618530273,230500
2017-03-31,11.899999618530273,12.149999618530273,11.800000190734863,12.100000381469727,12.100000381469727,283300
2017-04-03,12.100000381469727,12.25,12.050000190734863,12.100000381469727,12.100000381469727,867100
2017-04-04,12.149999618530273,12.199999809265137,11.979999542236328,12.100000381469727,12.100000381469727,190300
2017-04-05,12.100000381469727,12.130000114440918,11.800000190734863,11.850000381469727,11.850000381469727,289600
2017-04-06,11.899999618530273,11.899999618530273,11.699999809265137,11.899999618530273,11.899999618530273,314100
2017-04-07,11.899999618530273,11.899999618530273,11.699999809265137,11.75,11.75,932700
2017-04-10,11.75,11.800000190734863,11.699999809265137,11.699999809265137,11.699999809265137,159600
2017-04-11,11.649999618530273,11.899999618530273,11.649999618530273,11.850000381469727,11.850000381469727,218300
2017-04-12,11.800000190734863,11.800000190734863,11.600000381469727,11.699999809265137,11.699999809265137,392300
2017-04-13,11.649999618530273,11.699999809265137,11.5,11.5,11.5,312100
2017-04-17,11.5,11.800000190734863,11.460000038146973,11.800000190734863,11.800000190734863,259000
2017-04-18,11.75,11.800000190734863,11.600000381469727,11.75,11.75,129400
2017-04-19,11.800000190734863,11.949999809265137,11.699999809265137,11.699999809265137,11.699999809265137,97000
2017-04-20,11.75,12.0,11.649999618530273,11.949999809265137,11.949999809265137,196200
2017-04-21,11.899999618530273,12.149999618530273,11.729999542236328,12.0,12.0,253800
2017-04-24,12.199999809265137,12.199999809265137,12.0,12.050000190734863,12.050000190734863,207400
2017-04-25,12.149999618530273,12.25,12.100000381469727,12.25,12.25,441600
2017-04-26,12.199999809265137,12.350000381469727,12.100000381469727,12.149999618530273,12.149999618530273,629600
2017-04-27,12.199999809265137,12.199999809265137,12.079999923706055,12.100000381469727,12.100000381469727,255400
2017-04-28,12.100000381469727,12.199999809265137,12.050000190734863,12.100000381469727,12.100000381469727,370400
2017-05-01,12.149999618530273,12.300000190734863,12.100000381469727,12.199999809265137,12.199999809265137,310800
2017-05-02,12.199999809265137,12.25,12.050000190734863,12.100000381469727,12.100000381469727,194300
2017-05-03,12.050000190734863,12.300000190734863,11.899999618530273,12.149999618530273,12.149999618530273,398700
2017-05-04,12.199999809265137,12.25,12.100000381469727,12.199999809265137,12.199999809265137,466100
2017-05-05,12.050000190734863,12.25,12.0,12.0,12.0,459800
2017-05-08,12.25,12.550000190734863,12.149999618530273,12.5,12.5,1130700
2017-05-09,12.449999809265137,12.449999809265137,12.199999809265137,12.399999618530273,12.399999618530273,1099900
2017-05-10,12.399999618530273,12.449999809265137,12.300000190734863,12.300000190734863,12.300000190734863,581300
2017-05-11,12.350000381469727,12.350000381469727,12.050000190734863,12.199999809265137,12.199999809265137,617100
2017-05-12,12.149999618530273,12.199999809265137,12.0,12.0,12.0,533700
2017-05-15,12.050000190734863,12.25,12.050000190734863,12.100000381469727,12.100000381469727,557900
2017-05-16,12.100000381469727,12.199999809265137,12.050000190734863,12.100000381469727,12.100000381469727,434500
2017-05-17,12.0,12.100000381469727,11.930000305175781,12.0,12.0,951000
2017-05-18,11.949999809265137,12.25,11.899999618530273,12.199999809265137,12.199999809265137,961000
2017-05-19,12.149999618530273,12.350000381469727,12.050000190734863,12.25,12.25,721500
2017-05-22,12.25,12.399999618530273,12.25,12.350000381469727,12.350000381469727,469200
2017-05-23,12.399999618530273,12.479999542236328,12.350000381469727,12.399999618530273,12.399999618530273,732000
2017-05-24,12.449999809265137,12.649999618530273,12.350000381469727,12.600000381469727,12.600000381469727,976500
2017-05-25,12.600000381469727,12.75,12.600000381469727,12.699999809265137,12.699999809265137,777300
2017-05-26,12.699999809265137,12.800000190734863,12.600000381469727,12.699999809265137,12.699999809265137,643300
2017-05-30,12.75,12.850000381469727,12.699999809265137,12.699999809265137,12.699999809265137,541500
2017-05-31,12.75,13.149999618530273,12.649999618530273,13.149999618530273,13.149999618530273,898500
2017-06-01,13.199999809265137,13.5,13.199999809265137,13.350000381469727,13.350000381469727,1218600
2017-06-02,13.350000381469727,13.5,13.350000381469727,13.399999618530273,13.399999618530273,558800
2017-06-05,13.350000381469727,13.449999809265137,13.25,13.449999809265137,13.449999809265137,302100
2017-06-06,13.449999809265137,13.5,13.25,13.399999618530273,13.399999618530273,418800
2017-06-07,13.449999809265137,13.449999809265137,13.300000190734863,13.350000381469727,13.350000381469727,400400
2017-06-08,13.350000381469727,13.449999809265137,13.300000190734863,13.399999618530273,13.399999618530273,444700
2017-06-09,13.449999809265137,13.449999809265137,13.300000190734863,13.399999618530273,13.399999618530273,580900
2017-06-12,13.399999618530273,13.600000381469727,13.350000381469727,13.449999809265137,13.449999809265137,558400
2017-06-13,13.5,13.600000381469727,13.430000305175781,13.5,13.5,463800
2017-06-14,13.300000190734863,13.5,13.199999809265137,13.399999618530273,13.399999618530273,507500
2017-06-15,13.350000381469727,13.550000190734863,13.300000190734863,13.5,13.5,286800
2017-06-16,13.399999618530273,13.550000190734863,13.3100004196167,13.5,13.5,859400
2017-06-19,13.550000190734863,13.75,13.550000190734863,13.600000381469727,13.600000381469727,465800
2017-06-20,13.550000190734863,13.729999542236328,13.5,13.699999809265137,13.699999809265137,524100
2017-06-21,13.800000190734863,14.25,13.75,14.199999809265137,14.199999809265137,1778000
2017-06-22,14.100000381469727,14.399999618530273,14.100000381469727,14.300000190734863,14.300000190734863,802400
2017-06-23,14.350000381469727,14.350000381469727,14.149999618530273,14.300000190734863,14.300000190734863,1836600
2017-06-26,14.399999618530273,14.5,14.300000190734863,14.449999809265137,14.449999809265137,664400
2017-06-27,14.449999809265137,14.550000190734863,14.350000381469727,14.399999618530273,14.399999618530273,1602300
2017-06-28,14.449999809265137,14.449999809265137,14.25,14.300000190734863,14.300000190734863,274000
2017-06-29,14.350000381469727,14.399999618530273,14.0,14.100000381469727,14.100000381469727,294500
2017-06-30,14.100000381469727,14.100000381469727,13.800000190734863,13.899999618530273,13.899999618530273,437700
2017-07-03,13.899999618530273,14.100000381469727,13.899999618530273,14.0,14.0,386500
2017-07-05,14.0,14.100000381469727,13.899999618530273,13.899999618530273,13.899999618530273,278400
2017-07-06,14.0,14.050000190734863,13.75,13.800000190734863,13.800000190734863,728700
2017-07-07,13.899999618530273,14.050000190734863,13.800000190734863,13.899999618530273,13.899999618530273,907400
2017-07-10,13.899999618530273,14.079999923706055,13.850000381469727,14.0,14.0,677000
2017-07-11,13.949999809265137,14.100000381469727,13.880000114440918,13.949999809265137,13.949999809265137,431500
2017-07-12,14.0,14.100000381469727,13.880000114440918,14.0,14.0,565600
2017-07-13,14.0,14.0,13.800000190734863,13.800000190734863,13.800000190734863,362200
2017-07-14,13.75,13.949999809265137,13.75,13.800000190734863,13.800000190734863,564400
2017-07-17,13.800000190734863,13.850000381469727,13.699999809265137,13.850000381469727,13.850000381469727,367800
2017-07-18,13.850000381469727,13.949999809265137,13.75,13.850000381469727,13.850000381469727,426200
2017-07-19,13.949999809265137,14.100000381469727,13.930000305175781,14.100000381469727,14.100000381469727,541100
2017-07-20,14.050000190734863,14.300000190734863,14.050000190734863,14.199999809265137,14.199999809265137,296100
2017-07-21,14.25,14.399999618530273,14.199999809265137,14.25,14.25,382500
2017-07-24,14.300000190734863,14.300000190734863,14.199999809265137,14.25,14.25,344800
2017-07-25,14.300000190734863,14.649999618530273,14.300000190734863,14.600000381469727,14.600000381469727,952600
2017-07-26,14.600000381469727,14.699999809265137,14.479999542236328,14.600000381469727,14.600000381469727,291300
2017-07-27,14.600000381469727,14.649999618530273,14.449999809265137,14.550000190734863,14.550000190734863,284900
2017-07-28,14.5,14.550000190734863,14.430000305175781,14.5,14.5,249800
2017-07-31,14.5,14.579999923706055,14.399999618530273,14.550000190734863,14.550000190734863,280800
2017-08-01,14.600000381469727,14.699999809265137,14.449999809265137,14.550000190734863,14.550000190734863,292400
2017-08-02,14.5,14.649999618530273,14.449999809265137,14.600000381469727,14.600000381469727,219500
2017-08-03,14.649999618530273,15.100000381469727,14.630000114440918,14.899999618530273,14.899999618530273,363100
2017-08-04,14.949999809265137,15.0,14.899999618530273,15.0,15.0,431200
2017-08-07,15.050000190734863,15.09000015258789,14.800000190734863,14.850000381469727,14.850000381469727,496900
2017-08-08,14.850000381469727,14.949999809265137,14.75,14.850000381469727,14.850000381469727,313000
2017-08-09,14.800000190734863,14.800000190734863,14.5,14.550000190734863,14.550000190734863,454500
2017-08-10,14.5,14.579999923706055,14.449999809265137,14.5,14.5,432700
2017-08-11,14.350000381469727,14.649999618530273,14.149999618530273,14.449999809265137,14.449999809265137,386400
2017-08-14,14.5,14.699999809265137,14.449999809265137,14.550000190734863,14.550000190734863,397800
2017-08-15,14.550000190734863,14.75,14.5,14.550000190734863,14.550000190734863,385600
2017-08-16,14.600000381469727,14.649999618530273,14.550000190734863,14.649999618530273,14.649999618530273,241500
2017-08-17,14.600000381469727,14.630000114440918,14.350000381469727,14.399999618530273,14.399999618530273,400700
2017-08-18,14.25,14.430000305175781,14.199999809265137,14.300000190734863,14.300000190734863,503600
2017-08-21,14.25,14.399999618530273,14.100000381469727,14.149999618530273,14.149999618530273,550000
2017-08-22,14.199999809265137,14.300000190734863,14.149999618530273,14.199999809265137,14.199999809265137,323700
2017-08-23,14.100000381469727,14.25,14.0,14.100000381469727,14.100000381469727,466900
2017-08-24,14.100000381469727,14.149999618530273,13.949999809265137,14.050000190734863,14.050000190734863,615200
2017-08-25,14.100000381469727,14.149999618530273,14.050000190734863,14.100000381469727,14.100000381469727,268000
2017-08-28,14.100000381469727,14.130000114440918,13.850000381469727,13.949999809265137,13.949999809265137,308300
2017-08-29,13.850000381469727,13.899999618530273,13.699999809265137,13.899999618530273,13.899999618530273,432900
2017-08-30,13.899999618530273,14.0,13.800000190734863,13.899999618530273,13.899999618530273,398700
2017-08-31,14.0,14.100000381469727,13.850000381469727,14.050000190734863,14.050000190734863,361600
2017-09-01,14.149999618530273,14.25,14.0,14.149999618530273,14.149999618530273,284300
2017-09-05,14.100000381469727,14.149999618530273,13.699999809265137,13.699999809265137,13.699999809265137,469600
2017-09-06,13.699999809265137,13.779999732971191,13.649999618530273,13.699999809265137,13.699999809265137,354000
2017-09-07,13.699999809265137,13.850000381469727,13.600000381469727,13.75,13.75,721400
2017-09-08,13.699999809265137,14.050000190734863,13.579999923706055,13.949999809265137,13.949999809265137,610800
2017-09-11,14.100000381469727,14.399999618530273,14.0,14.25,14.25,370000
2017-09-12,14.300000190734863,14.5,14.149999618530273,14.399999618530273,14.399999618530273,272400
2017-09-13,14.300000190734863,14.399999618530273,13.949999809265137,14.25,14.25,779800
2017-09-14,14.300000190734863,14.399999618530273,14.149999618530273,14.199999809265137,14.199999809265137,314600
2017-09-15,14.300000190734863,14.449999809265137,14.149999618530273,14.399999618530273,14.399999618530273,607100
2017-09-18,14.399999618530273,14.5,14.25,14.350000381469727,14.350000381469727,377000
2017-09-19,14.300000190734863,14.550000190734863,14.25,14.5,14.5,332900
2017-09-20,14.449999809265137,14.5,14.300000190734863,14.399999618530273,14.399999618530273,263600
2017-09-21,15.350000381469727,16.100000381469727,15.149999618530273,15.550000190734863,15.550000190734863,4146700
2017-09-22,15.5,15.850000381469727,15.399999618530273,15.550000190734863,15.550000190734863,2590300
2017-09-25,15.550000190734863,15.550000190734863,15.149999618530273,15.350000381469727,15.350000381469727,12091800
2017-09-26,15.300000190734863,15.350000381469727,15.100000381469727,15.199999809265137,15.199999809265137,1864300
2017-09-27,15.199999809265137,15.350000381469727,15.149999618530273,15.350000381469727,15.350000381469727,1294900
2017-09-28,15.350000381469727,15.649999618530273,15.199999809265137,15.649999618530273,15.649999618530273,1440700
2017-09-29,15.600000381469727,15.899999618530273,15.550000190734863,15.600000381469727,15.600000381469727,1154800
2017-10-02,15.5,15.550000190734863,15.399999618530273,15.5,15.5,982800
2017-10-03,15.449999809265137,15.899999618530273,15.399999618530273,15.850000381469727,15.850000381469727,1043500
2017-10-04,15.899999618530273,16.049999237060547,15.75,15.850000381469727,15.850000381469727,777500
2017-10-05,15.899999618530273,16.350000381469727,15.899999618530273,16.200000762939453,16.200000762939453,871300
2017-10-06,16.149999618530273,16.350000381469727,16.100000381469727,16.200000762939453,16.200000762939453,588800
2017-10-09,16.200000762939453,16.200000762939453,16.100000381469727,16.100000381469727,16.100000381469727,485500
2017-10-10,16.200000762939453,16.299999237060547,16.09000015258789,16.25,16.25,495300
2017-10-11,16.200000762939453,16.399999618530273,16.149999618530273,16.25,16.25,481200
2017-10-12,16.25,16.450000762939453,16.1299991607666,16.299999237060547,16.299999237060547,440200
2017-10-13,16.399999618530273,16.520000457763672,16.299999237060547,16.5,16.5,457800
2017-10-16,16.399999618530273,16.5,16.270000457763672,16.399999618530273,16.399999618530273,1000200
2017-10-17,16.399999618530273,16.5,16.25,16.450000762939453,16.450000762939453,447700
2017-10-18,16.450000762939453,16.700000762939453,16.350000381469727,16.700000762939453,16.700000762939453,647300
2017-10-19,16.549999237060547,16.700000762939453,16.450000762939453,16.649999618530273,16.649999618530273,695300
2017-10-20,16.75,16.799999237060547,16.5,16.649999618530273,16.649999618530273,494200
2017-10-23,16.649999618530273,16.799999237060547,16.520000457763672,16.799999237060547,16.799999237060547,354400
2017-10-24,16.850000381469727,16.950000762939453,16.5,16.5,16.5,637200
2017-10-25,16.600000381469727,16.600000381469727,16.299999237060547,16.450000762939453,16.450000762939453,308100
2017-10-26,16.549999237060547,16.799999237060547,16.450000762939453,16.700000762939453,16.700000762939453,467800
2017-10-27,16.75,16.75,16.350000381469727,16.700000762939453,16.700000762939453,747300
2017-10-30,16.700000762939453,16.75,16.399999618530273,16.549999237060547,16.549999237060547,411000
2017-10-31,16.600000381469727,16.799999237060547,16.399999618530273,16.700000762939453,16.700000762939453,548800
2017-11-01,16.799999237060547,16.850000381469727,16.399999618530273,16.600000381469727,16.600000381469727,389100
2017-11-02,16.600000381469727,16.850000381469727,16.399999618530273,16.5,16.5,565300
2017-11-03,16.5,16.5,16.350000381469727,16.5,16.5,344500
2017-11-06,16.5,16.5,16.25,16.450000762939453,16.450000762939453,411500
2017-11-07,16.5,16.75,16.399999618530273,16.75,16.75,520500
2017-11-08,16.700000762939453,16.700000762939453,16.200000762939453,16.399999618530273,16.399999618530273,471700
2017-11-09,16.600000381469727,16.899999618530273,16.25,16.799999237060547,16.799999237060547,876800
2017-11-10,16.950000762939453,17.100000381469727,16.75,16.850000381469727,16.850000381469727,361700
2017-11-13,16.850000381469727,17.100000381469727,16.700000762939453,16.799999237060547,16.799999237060547,1078800
2017-11-14,15.75,16.350000381469727,15.600000381469727,15.899999618530273,15.899999618530273,5056300
2017-11-15,15.899999618530273,16.5,15.800000190734863,16.149999618530273,16.149999618530273,6980900
2017-11-16,16.200000762939453,16.6299991607666,16.049999237060547,16.149999618530273,16.149999618530273,2300900
2017-11-17,16.149999618530273,16.549999237060547,16.0,16.399999618530273,16.399999618530273,1424000
2017-11-20,16.399999618530273,16.75,16.299999237060547,16.600000381469727,16.600000381469727,895300
2017-11-21,16.700000762939453,16.950000762939453,16.649999618530273,16.75,16.75,1071300
2017-11-22,16.75,16.899999618530273,16.649999618530273,16.75,16.75,590000
2017-11-24,16.799999237060547,16.950000762939453,16.700000762939453,16.75,16.75,1631500
2017-11-27,16.850000381469727,16.950000762939453,16.799999237060547,16.799999237060547,16.799999237060547,616300
2017-11-28,16.850000381469727,17.0,16.829999923706055,16.899999618530273,16.899999618530273,1221300
2017-11-29,16.950000762939453,17.049999237060547,16.850000381469727,17.0,17.0,784800
2017-11-30,17.049999237060547,17.049999237060547,16.850000381469727,16.950000762939453,16.950000762939453,1174100
2017-12-01,16.850000381469727,16.899999618530273,15.899999618530273,16.5,16.5,1128500
2017-12-04,16.549999237060547,16.649999618530273,16.100000381469727,16.200000762939453,16.200000762939453,964000
2017-12-05,16.149999618530273,16.18000030517578,15.699999809265137,15.75,15.75,882100
2017-12-06,15.699999809265137,15.699999809265137,15.449999809265137,15.550000190734863,15.550000190734863,510000
2017-12-07,15.350000381469727,15.550000190734863,15.25,15.350000381469727,15.350000381469727,577500
2017-12-08,15.5,15.5,15.149999618530273,15.149999618530273,15.149999618530273,508500
2017-12-11,15.100000381469727,15.199999809265137,14.949999809265137,15.100000381469727,15.100000381469727,937200
2017-12-12,15.199999809265137,15.449999809265137,15.199999809265137,15.300000190734863,15.300000190734863,1172600
2017-12-13,15.199999809265137,15.279999732971191,14.899999618530273,14.899999618530273,14.899999618530273,721100
2017-12-14,15.0,15.050000190734863,14.699999809265137,14.75,14.75,828900
2017-12-15,14.800000190734863,15.199999809265137,14.800000190734863,15.149999618530273,15.149999618530273,3066500
2017-12-18,15.300000190734863,15.449999809265137,15.25,15.350000381469727,15.350000381469727,807600
2017-12-19,15.350000381469727,15.449999809265137,15.199999809265137,15.300000190734863,15.300000190734863,608500
2017-12-20,15.300000190734863,15.449999809265137,15.199999809265137,15.199999809265137,15.199999809265137,625000
2017-12-21,15.25,15.300000190734863,15.149999618530273,15.199999809265137,15.199999809265137,276600
2017-12-22,15.199999809265137,15.25,15.149999618530273,15.199999809265137,15.199999809265137,577800
2017-12-26,15.25,15.279999732971191,14.949999809265137,14.949999809265137,14.949999809265137,283100
2017-12-27,14.949999809265137,15.130000114440918,14.899999618530273,14.949999809265137,14.949999809265137,466300
2017-12-28,15.0,15.0,14.800000190734863,14.899999618530273,14.899999618530273,504500
2017-12-29,14.899999618530273,14.899999618530273,14.600000381469727,14.649999618530273,14.649999618530273,872900
2018-01-02,14.550000190734863,14.680000305175781,14.050000190734863,14.149999618530273,14.149999618530273,936600
2018-01-03,14.0,14.100000381469727,13.829999923706055,14.100000381469727,14.100000381469727,1483800
2018-01-04,14.050000190734863,14.100000381469727,13.550000190734863,13.75,13.75,2198600
2018-01-05,13.800000190734863,13.899999618530273,13.649999618530273,13.850000381469727,13.850000381469727,1299300
2018-01-08,13.899999618530273,14.050000190734863,13.699999809265137,14.0,14.0,700000
2018-01-09,13.949999809265137,14.149999618530273,13.630000114440918,13.649999618530273,13.649999618530273,965200
2018-01-10,13.699999809265137,13.949999809265137,13.699999809265137,13.800000190734863,13.800000190734863,565500
2018-01-11,13.899999618530273,14.050000190734863,13.850000381469727,14.0,14.0,721100
2018-01-12,14.050000190734863,14.350000381469727,13.949999809265137,14.149999618530273,14.149999618530273,686700
2018-01-16,14.199999809265137,14.350000381469727,14.0,14.100000381469727,14.100000381469727,644700
2018-01-17,14.199999809265137,14.300000190734863,14.100000381469727,14.25,14.25,578500
2018-01-18,14.300000190734863,14.399999618530273,14.100000381469727,14.199999809265137,14.199999809265137,677200
2018-01-19,14.25,14.399999618530273,14.140000343322754,14.399999618530273,14.399999618530273,484600
2018-01-22,14.649999618530273,14.850000381469727,14.399999618530273,14.399999618530273,14.399999618530273,687700
2018-01-23,14.399999618530273,14.5,14.300000190734863,14.399999618530273,14.399999618530273,630700
2018-01-24,14.5,14.600000381469727,14.399999618530273,14.5,14.5,361000
2018-01-25,14.649999618530273,14.649999618530273,14.399999618530273,14.550000190734863,14.550000190734863,685300
2018-01-26,14.550000190734863,14.600000381469727,14.399999618530273,14.5,14.5,491400
2018-01-29,14.399999618530273,14.5,14.300000190734863,14.449999809265137,14.449999809265137,409300
2018-01-30,14.350000381469727,14.600000381469727,14.199999809265137,14.300000190734863,14.300000190734863,503600
2018-01-31,14.449999809265137,14.449999809265137,14.079999923706055,14.25,14.25,516500
2018-02-01,14.350000381469727,14.550000190734863,14.199999809265137,14.550000190734863,14.550000190734863,1008900
2018-02-02,14.550000190734863,14.649999618530273,14.25,14.300000190734863,14.300000190734863,711500
2018-02-05,14.199999809265137,14.399999618530273,13.880000114440918,14.0,14.0,769100
2018-02-06,13.850000381469727,14.0,13.579999923706055,13.850000381469727,13.850000381469727,834500
2018-02-07,13.850000381469727,13.979999542236328,13.75,13.75,13.75,635000
2018-02-08,13.850000381469727,13.899999618530273,13.5,13.550000190734863,13.550000190734863,886800
2018-02-09,13.649999618530273,13.800000190734863,13.350000381469727,13.75,13.75,934100
2018-02-12,13.75,13.800000190734863,13.399999618530273,13.600000381469727,13.600000381469727,619100
2018-02-13,13.5,13.75,13.449999809265137,13.75,13.75,709900
2018-02-14,13.699999809265137,14.050000190734863,13.699999809265137,14.050000190734863,14.050000190734863,342600
2018-02-15,14.050000190734863,14.180000305175781,13.949999809265137,14.149999618530273,14.149999618530273,395000
2018-02-16,14.100000381469727,14.350000381469727,13.949999809265137,14.149999618530273,14.149999618530273,648900
2018-02-20,14.100000381469727,14.100000381469727,13.800000190734863,13.899999618530273,13.899999618530273,459300
2018-02-21,13.850000381469727,14.149999618530273,13.850000381469727,13.949999809265137,13.949999809265137,742500
2018-02-22,13.949999809265137,14.050000190734863,13.800000190734863,13.850000381469727,13.850000381469727,395700
2018-02-23,13.850000381469727,14.0,13.75,14.0,14.0,351900
2018-02-26,14.0,14.199999809265137,13.850000381469727,14.149999618530273,14.149999618530273,387500
2018-02-27,14.100000381469727,14.199999809265137,13.949999809265137,14.050000190734863,14.050000190734863,509400
2018-02-28,14.149999618530273,14.199999809265137,13.800000190734863,13.899999618530273,13.899999618530273,1027700
2018-03-01,13.899999618530273,14.300000190734863,13.829999923706055,14.300000190734863,14.300000190734863,1261900
2018-03-02,14.149999618530273,14.180000305175781,13.680000305175781,13.75,13.75,810700
2018-03-05,13.75,14.279999732971191,13.649999618530273,14.050000190734863,14.050000190734863,934600
2018-03-06,14.050000190734863,14.350000381469727,13.850000381469727,14.300000190734863,14.300000190734863,1135900
2018-03-07,14.199999809265137,14.5,14.100000381469727,14.399999618530273,14.399999618530273,990400
2018-03-08,14.399999618530273,14.550000190734863,14.25,14.399999618530273,14.399999618530273,520100
2018-03-09,14.5,14.850000381469727,14.449999809265137,14.699999809265137,14.699999809265137,475700
2018-03-12,14.699999809265137,14.850000381469727,14.550000190734863,14.699999809265137,14.699999809265137,687000
2018-03-13,14.75,14.800000190734863,14.479999542236328,14.550000190734863,14.550000190734863,381000
2018-03-14,14.649999618530273,14.899999618530273,14.449999809265137,14.600000381469727,14.600000381469727,1131100
2018-03-15,14.699999809265137,14.850000381469727,14.600000381469727,14.649999618530273,14.649999618530273,694600
2018-03-16,14.600000381469727,14.850000381469727,14.550000190734863,14.850000381469727,14.850000381469727,1160600
2018-03-19,14.800000190734863,14.899999618530273,14.649999618530273,14.850000381469727,14.850000381469727,821800
2018-03-20,14.850000381469727,14.899999618530273,14.699999809265137,14.699999809265137,14.699999809265137,639400
2018-03-21,14.699999809265137,14.779999732971191,14.550000190734863,14.699999809265137,14.699999809265137,679500
2018-03-22,14.649999618530273,14.75,14.449999809265137,14.5,14.5,910400
2018-03-23,14.5,14.550000190734863,14.0,14.0,14.0,468800
2018-03-26,14.149999618530273,14.279999732971191,13.979999542236328,14.199999809265137,14.199999809265137,320400
2018-03-27,14.300000190734863,14.329999923706055,13.899999618530273,14.0,14.0,386800
2018-03-28,14.0,14.199999809265137,13.880000114440918,14.0,14.0,479800
2018-03-29,14.100000381469727,14.149999618530273,13.930000305175781,13.949999809265137,13.949999809265137,949900
2018-04-02,13.800000190734863,13.949999809265137,13.300000190734863,13.5,13.5,726700
2018-04-03,13.449999809265137,13.5,13.300000190734863,13.350000381469727,13.350000381469727,582200
2018-04-04,13.199999809265137,13.5,13.199999809265137,13.350000381469727,13.350000381469727,540600
2018-04-05,13.449999809265137,13.5,13.25,13.300000190734863,13.300000190734863,491500
2018-04-06,13.199999809265137,13.300000190734863,12.930000305175781,13.0,13.0,516900
2018-04-09,13.100000381469727,13.25,12.949999809265137,13.0,13.0,601400
2018-04-10,13.199999809265137,13.300000190734863,13.050000190734863,13.25,13.25,550400
2018-04-11,13.199999809265137,13.300000190734863,13.050000190734863,13.149999618530273,13.149999618530273,490500
2018-04-12,13.149999618530273,13.300000190734863,12.949999809265137,13.0,13.0,592500
2018-04-13,13.050000190734863,13.149999618530273,12.949999809265137,13.100000381469727,13.100000381469727,494700
2018-04-16,13.100000381469727,13.449999809265137,13.079999923706055,13.300000190734863,13.300000190734863,398500
2018-04-17,13.350000381469727,13.5,13.350000381469727,13.350000381469727,13.350000381469727,474200
2018-04-18,13.449999809265137,13.600000381469727,13.350000381469727,13.5,13.5,461400
2018-04-19,13.449999809265137,13.600000381469727,13.399999618530273,13.449999809265137,13.449999809265137,326900
2018-04-20,13.449999809265137,13.600000381469727,13.399999618530273,13.600000381469727,13.600000381469727,340300
2018-04-23,13.649999618530273,13.699999809265137,13.550000190734863,13.600000381469727,13.600000381469727,229400
2018-04-24,13.649999618530273,13.880000114440918,13.600000381469727,13.800000190734863,13.800000190734863,321800
2018-04-25,13.75,13.850000381469727,13.649999618530273,13.649999618530273,13.649999618530273,287000
2018-04-26,13.600000381469727,13.699999809265137,13.5,13.600000381469727,13.600000381469727,309400
2018-04-27,13.600000381469727,13.649999618530273,13.5,13.550000190734863,13.550000190734863,167200
2018-04-30,13.600000381469727,13.699999809265137,13.300000190734863,13.300000190734863,13.300000190734863,296800
2018-05-01,13.199999809265137,13.300000190734863,13.0,13.300000190734863,13.300000190734863,349700
2018-05-02,13.25,13.300000190734863,13.0,13.100000381469727,13.100000381469727,246000
2018-05-03,13.100000381469727,13.100000381469727,12.800000190734863,12.899999618530273,12.899999618530273,334000
2018-05-04,12.899999618530273,13.449999809265137,12.880000114440918,13.25,13.25,346500
2018-05-07,13.25,13.5,13.25,13.350000381469727,13.350000381469727,177400
2018-05-08,13.350000381469727,13.449999809265137,13.300000190734863,13.399999618530273,13.399999618530273,287500
2018-05-09,13.350000381469727,13.5,13.010000228881836,13.350000381469727,13.350000381469727,346500
2018-05-10,13.149999618530273,13.25,12.75,12.800000190734863,12.800000190734863,665100
2018-05-11,13.199999809265137,13.300000190734863,12.850000381469727,12.850000381469727,12.850000381469727,320000
2018-05-14,12.800000190734863,12.899999618530273,12.779999732971191,12.850000381469727,12.850000381469727,447300
2018-05-15,12.850000381469727,13.399999618530273,12.850000381469727,13.25,13.25,600000
2018-05-16,13.199999809265137,13.350000381469727,13.050000190734863,13.149999618530273,13.149999618530273,636700
2018-05-17,13.199999809265137,13.300000190734863,13.149999618530273,13.199999809265137,13.199999809265137,615300
2018-05-18,13.25,13.5,13.199999809265137,13.399999618530273,13.399999618530273,651000
2018-05-21,13.399999618530273,13.600000381469727,13.399999618530273,13.5,13.5,430700
2018-05-22,13.600000381469727,13.75,13.550000190734863,13.550000190734863,13.550000190734863,466100
2018-05-23,13.550000190734863,13.550000190734863,13.100000381469727,13.149999618530273,13.149999618530273,656300
2018-05-24,13.149999618530273,13.300000190734863,13.050000190734863,13.149999618530273,13.149999618530273,318400
2018-05-25,13.149999618530273,13.300000190734863,13.149999618530273,13.25,13.25,401700
2018-05-29,13.25,13.300000190734863,13.0,13.0,13.0,582500
2018-05-30,13.050000190734863,13.5,13.0,13.399999618530273,13.399999618530273,827300
2018-05-31,13.350000381469727,13.5,13.300000190734863,13.350000381469727,13.350000381469727,644100
2018-06-01,13.399999618530273,13.600000381469727,13.399999618530273,13.550000190734863,13.550000190734863,526800
2018-06-04,13.600000381469727,13.729999542236328,13.5,13.600000381469727,13.600000381469727,846000
2018-06-05,13.550000190734863,13.779999732971191,13.5,13.649999618530273,13.649999618530273,600200
2018-06-06,13.699999809265137,13.850000381469727,13.5,13.550000190734863,13.550000190734863,543700
2018-06-07,13.550000190734863,13.600000381469727,13.449999809265137,13.550000190734863,13.550000190734863,559300
2018-06-08,13.550000190734863,14.050000190734863,13.479999542236328,13.949999809265137,13.949999809265137,679200
2018-06-11,13.899999618530273,14.100000381469727,13.880000114440918,13.899999618530273,13.899999618530273,455500
2018-06-12,13.899999618530273,14.050000190734863,13.800000190734863,13.850000381469727,13.850000381469727,495700
2018-06-13,13.949999809265137,14.100000381469727,13.899999618530273,14.050000190734863,14.050000190734863,614000
2018-06-14,14.050000190734863,14.050000190734863,13.949999809265137,14.050000190734863,14.050000190734863,460300
2018-06-15,13.949999809265137,14.100000381469727,13.899999618530273,14.050000190734863,14.050000190734863,702600
2018-06-18,14.050000190734863,14.050000190734863,13.850000381469727,14.050000190734863,14.050000190734863,351400
2018-06-19,14.0,14.079999923706055,13.899999618530273,14.050000190734863,14.050000190734863,590500
2018-06-20,14.050000190734863,14.050000190734863,13.699999809265137,13.75,13.75,625400
2018-06-21,13.75,13.800000190734863,13.5,13.5,13.5,632000
2018-06-22,13.600000381469727,13.649999618530273,13.149999618530273,13.449999809265137,13.449999809265137,1923100
2018-06-25,13.399999618530273,13.399999618530273,13.100000381469727,13.149999618530273,13.149999618530273,414500
2018-06-26,13.100000381469727,13.149999618530273,12.850000381469727,12.899999618530273,12.899999618530273,495000
2018-06-27,12.899999618530273,12.899999618530273,12.300000190734863,12.350000381469727,12.350000381469727,824800
2018-06-28,12.399999618530273,12.75,12.350000381469727,12.5,12.5,526400
2018-06-29,12.5,12.699999809265137,12.399999618530273,12.5,12.5,402400
2018-07-02,12.350000381469727,12.5,12.279999732971191,12.5,12.5,389000
2018-07-03,12.5,12.550000190734863,12.399999618530273,12.449999809265137,12.449999809265137,273600
2018-07-05,12.5,12.600000381469727,12.350000381469727,12.550000190734863,12.550000190734863,394900
2018-07-06,12.600000381469727,12.779999732971191,12.569999694824219,12.699999809265137,12.699999809265137,556600
2018-07-09,12.699999809265137,13.100000381469727,12.699999809265137,12.949999809265137,12.949999809265137,554000
2018-07-10,13.0,13.100000381469727,12.800000190734863,12.800000190734863,12.800000190734863,441300
2018-07-11,12.800000190734863,12.850000381469727,12.699999809265137,12.75,12.75,364200
2018-07-12,12.850000381469727,12.899999618530273,12.649999618530273,12.699999809265137,12.699999809265137,474300
2018-07-13,12.649999618530273,12.800000190734863,12.550000190734863,12.75,12.75,225200
2018-07-16,12.75,12.800000190734863,12.699999809265137,12.75,12.75,268600
2018-07-17,12.699999809265137,12.75,12.550000190734863,12.699999809265137,12.699999809265137,604100
2018-07-18,12.649999618530273,12.949999809265137,12.649999618530273,12.899999618530273,12.899999618530273,219500
2018-07-19,12.949999809265137,12.949999809265137,12.699999809265137,12.75,12.75,376600
2018-07-20,12.800000190734863,12.899999618530273,12.680000305175781,12.75,12.75,322400
2018-07-23,12.800000190734863,12.800000190734863,12.550000190734863,12.649999618530273,12.649999618530273,485200
2018-07-24,12.649999618530273,12.800000190734863,12.600000381469727,12.699999809265137,12.699999809265137,533700
2018-07-25,12.649999618530273,12.75,12.5,12.649999618530273,12.649999618530273,367000
2018-07-26,12.699999809265137,12.850000381469727,12.550000190734863,12.600000381469727,12.600000381469727,442000
2018-07-27,12.649999618530273,12.680000305175781,12.300000190734863,12.399999618530273,12.399999618530273,633200
2018-07-30,12.399999618530273,12.699999809265137,12.399999618530273,12.399999618530273,12.399999618530273,294500
2018-07-31,12.449999809265137,12.649999618530273,12.350000381469727,12.600000381469727,12.600000381469727,448000
2018-08-01,13.100000381469727,14.399999618530273,12.899999618530273,13.649999618530273,13.649999618530273,1240500
2018-08-02,13.5,13.649999618530273,13.399999618530273,13.550000190734863,13.550000190734863,692900
2018-08-03,13.449999809265137,13.699999809265137,13.430000305175781,13.550000190734863,13.550000190734863,699100
2018-08-06,13.5,13.649999618530273,13.449999809265137,13.5,13.5,716600
2018-08-07,13.5,13.600000381469727,13.100000381469727,13.149999618530273,13.149999618530273,667800
2018-08-08,13.199999809265137,13.279999732971191,13.050000190734863,13.100000381469727,13.100000381469727,758200
2018-08-09,13.199999809265137,13.279999732971191,13.0,13.149999618530273,13.149999618530273,676800
2018-08-10,13.050000190734863,13.399999618530273,12.949999809265137,13.149999618530273,13.149999618530273,595700
2018-08-13,13.100000381469727,13.300000190734863,13.100000381469727,13.199999809265137,13.199999809265137,528600
2018-08-14,13.149999618530273,13.399999618530273,13.100000381469727,13.100000381469727,13.100000381469727,522600
2018-08-15,13.0,13.199999809265137,12.850000381469727,13.050000190734863,13.050000190734863,559400
2018-08-16,13.149999618530273,13.600000381469727,13.149999618530273,13.5,13.5,501100
2018-08-17,13.399999618530273,13.699999809265137,13.199999809265137,13.199999809265137,13.199999809265137,1657700
2018-08-20,13.199999809265137,13.529999732971191,13.199999809265137,13.300000190734863,13.300000190734863,618700
2018-08-21,13.399999618530273,13.5,13.329999923706055,13.5,13.5,860800
2018-08-22,13.5,13.550000190734863,13.350000381469727,13.399999618530273,13.399999618530273,622400
2018-08-23,13.449999809265137,13.5,13.25,13.399999618530273,13.399999618530273,581600
2018-08-24,13.449999809265137,13.529999732971191,13.350000381469727,13.5,13.5,591800
2018-08-27,13.5,13.550000190734863,13.300000190734863,13.300000190734863,13.300000190734863,648700
2018-08-28,13.300000190734863,13.550000190734863,13.199999809265137,13.449999809265137,13.449999809265137,526500
2018-08-29,13.449999809265137,13.550000190734863,13.25,13.449999809265137,13.449999809265137,490200
2018-08-30,13.449999809265137,13.649999618530273,13.350000381469727,13.449999809265137,13.449999809265137,654700
2018-08-31,13.449999809265137,13.600000381469727,13.300000190734863,13.399999618530273,13.399999618530273,2216200
2018-09-04,13.300000190734863,13.350000381469727,13.199999809265137,13.300000190734863,13.300000190734863,750700
2018-09-05,13.25,13.5,13.25,13.25,13.25,803300
2018-09-06,13.25,13.300000190734863,13.050000190734863,13.149999618530273,13.149999618530273,1245600
2018-09-07,13.100000381469727,13.350000381469727,13.100000381469727,13.25,13.25,603700
2018-09-10,13.300000190734863,13.399999618530273,13.100000381469727,13.149999618530273,13.149999618530273,729800
2018-09-11,13.149999618530273,13.300000190734863,13.0,13.100000381469727,13.100000381469727,620600
2018-09-12,13.100000381469727,13.149999618530273,12.649999618530273,12.699999809265137,12.699999809265137,782100
2018-09-13,12.699999809265137,13.100000381469727,12.699999809265137,12.949999809265137,12.949999809265137,712400
2018-09-14,13.0,13.350000381469727,12.930000305175781,13.199999809265137,13.199999809265137,763500
2018-09-17,13.199999809265137,13.329999923706055,13.100000381469727,13.199999809265137,13.199999809265137,617600
2018-09-18,13.199999809265137,13.479999542236328,13.130000114440918,13.199999809265137,13.199999809265137,2026700
2018-09-19,13.199999809265137,13.649999618530273,13.199999809265137,13.449999809265137,13.449999809265137,1719400
2018-09-20,13.5,13.649999618530273,13.399999618530273,13.449999809265137,13.449999809265137,1022800
2018-09-21,13.399999618530273,13.600000381469727,13.25,13.399999618530273,13.399999618530273,2472700
2018-09-24,13.449999809265137,13.449999809265137,12.930000305175781,13.050000190734863,13.050000190734863,648100
2018-09-25,13.0,13.0,12.850000381469727,13.0,13.0,342000
2018-09-26,12.949999809265137,13.100000381469727,12.850000381469727,13.0,13.0,508600
2018-09-27,13.0,13.149999618530273,12.899999618530273,12.899999618530273,12.899999618530273,375100
2018-09-28,12.850000381469727,13.029999732971191,12.850000381469727,13.0,13.0,333700
2018-10-01,12.90999984741211,13.010000228881836,12.630000114440918,12.680000305175781,12.680000305175781,707700
2018-10-02,12.65999984741211,12.819999694824219,12.539999961853027,12.579999923706055,12.579999923706055,429600
2018-10-03,12.600000381469727,12.9399995803833,12.59000015258789,12.75,12.75,430600
2018-10-04,12.65999984741211,12.8100004196167,12.539999961853027,12.579999923706055,12.579999923706055,494400
2018-10-05,12.710000038146973,12.710000038146973,12.350000381469727,12.510000228881836,12.510000228881836,860200
2018-10-08,12.380000114440918,12.550000190734863,12.380000114440918,12.460000038146973,12.460000038146973,760500
2018-10-09,12.460000038146973,12.649999618530273,12.380000114440918,12.569999694824219,12.569999694824219,455100
2018-10-10,12.529999732971191,12.630000114440918,12.289999961853027,12.289999961853027,12.289999961853027,595600
2018-10-11,12.239999771118164,12.270000457763672,11.899999618530273,11.9399995803833,11.9399995803833,729100
2018-10-12,12.039999961853027,12.039999961853027,11.420000076293945,11.59000015258789,11.59000015258789,631100
2018-10-15,11.5600004196167,11.720000267028809,11.449999809265137,11.670000076293945,11.670000076293945,383600
2018-10-16,11.729999542236328,11.760000228881836,11.510000228881836,11.760000228881836,11.760000228881836,448500
2018-10-17,11.739999771118164,11.800000190734863,11.539999961853027,11.710000038146973,11.710000038146973,418200
2018-10-18,11.720000267028809,11.75,11.390000343322754,11.399999618530273,11.399999618530273,447800
2018-10-19,11.359999656677246,11.430000305175781,11.229999542236328,11.270000457763672,11.270000457763672,815500
2018-10-22,11.369999885559082,11.369999885559082,10.989999771118164,10.989999771118164,10.989999771118164,478500
2018-10-23,10.869999885559082,10.930000305175781,10.699999809265137,10.760000228881836,10.760000228881836,914000
2018-10-24,10.739999771118164,10.850000381469727,10.270000457763672,10.279999732971191,10.279999732971191,732700
2018-10-25,10.319999694824219,10.59000015258789,10.270000457763672,10.489999771118164,10.489999771118164,1524200
2018-10-26,10.430000305175781,10.670000076293945,10.329999923706055,10.600000381469727,10.600000381469727,854000
2018-10-29,10.65999984741211,10.819999694824219,10.579999923706055,10.65999984741211,10.65999984741211,890700
2018-10-30,10.699999809265137,11.010000228881836,10.649999618530273,11.0,11.0,479400
2018-10-31,11.079999923706055,11.260000228881836,10.979999542236328,11.0600004196167,11.0600004196167,807600
2018-11-01,10.960000038146973,11.149999618530273,10.880000114440918,10.960000038146973,10.960000038146973,1056800
2018-11-02,11.039999961853027,11.09000015258789,10.850000381469727,11.039999961853027,11.039999961853027,472300
2018-11-05,11.100000381469727,11.300000190734863,11.0600004196167,11.210000038146973,11.210000038146973,372200
2018-11-06,11.149999618530273,11.569999694824219,11.149999618530273,11.5600004196167,11.5600004196167,784800
2018-11-07,11.40999984741211,12.210000038146973,11.380000114440918,11.739999771118164,11.739999771118164,610600
2018-11-08,11.619999885559082,11.789999961853027,11.619999885559082,11.710000038146973,11.710000038146973,360000
2018-11-09,11.710000038146973,11.789999961853027,11.350000381469727,11.380000114440918,11.380000114440918,504600
2018-11-12,11.229999542236328,11.3100004196167,10.220000267028809,10.270000457763672,10.270000457763672,1626800
2018-11-13,10.3100004196167,11.239999771118164,10.3100004196167,10.819999694824219,10.819999694824219,1350600
2018-11-14,10.979999542236328,11.0,10.239999771118164,10.359999656677246,10.359999656677246,872700
2018-11-15,10.289999961853027,10.479999542236328,10.1899995803833,10.40999984741211,10.40999984741211,729900
2018-11-16,10.319999694824219,10.489999771118164,10.210000038146973,10.479999542236328,10.479999542236328,1343500
2018-11-19,10.75,10.819999694824219,10.430000305175781,10.4399995803833,10.4399995803833,478000
2018-11-20,10.289999961853027,10.40999984741211,10.15999984741211,10.359999656677246,10.359999656677246,566700
2018-11-21,10.399999618530273,10.399999618530273,10.220000267028809,10.229999542236328,10.229999542236328,496700
2018-11-23,10.180000305175781,10.239999771118164,10.069999694824219,10.09000015258789,10.09000015258789,218600
2018-11-26,10.1899995803833,10.350000381469727,10.149999618530273,10.270000457763672,10.270000457763672,531700
2018-11-27,10.270000457763672,10.270000457763672,10.069999694824219,10.180000305175781,10.180000305175781,759400
2018-11-28,10.180000305175781,10.489999771118164,10.050000190734863,10.350000381469727,10.350000381469727,757000
2018-11-29,10.270000457763672,10.40999984741211,10.229999542236328,10.229999542236328,10.229999542236328,950400
2018-11-30,10.229999542236328,10.390000343322754,10.220000267028809,10.319999694824219,10.319999694824219,1077600
2018-12-03,10.489999771118164,10.59000015258789,10.289999961853027,10.550000190734863,10.550000190734863,1056500
2018-12-04,10.520000457763672,10.550000190734863,9.930000305175781,9.9399995803833,9.9399995803833,619400
2018-12-06,9.8100004196167,9.90999984741211,9.619999885559082,9.899999618530273,9.899999618530273,809100
2018-12-07,9.899999618530273,10.130000114440918,9.739999771118164,9.8100004196167,9.8100004196167,506000
2018-12-10,9.8100004196167,9.819999694824219,9.600000381469727,9.779999732971191,9.779999732971191,980200
2018-12-11,9.920000076293945,10.020000457763672,9.789999961853027,9.869999885559082,9.869999885559082,647800
2018-12-12,10.020000457763672,10.229999542236328,9.869999885559082,10.069999694824219,10.069999694824219,512000
2018-12-13,10.020000457763672,10.119999885559082,9.829999923706055,9.869999885559082,9.869999885559082,484900
2018-12-14,9.800000190734863,9.920000076293945,9.649999618530273,9.65999984741211,9.65999984741211,438000
2018-12-17,9.619999885559082,9.859999656677246,9.550000190734863,9.59000015258789,9.59000015258789,530300
2018-12-18,9.59000015258789,9.9399995803833,9.529999732971191,9.770000457763672,9.770000457763672,758100
2018-12-19,9.770000457763672,10.020000457763672,9.529999732971191,9.609999656677246,9.609999656677246,605100
2018-12-20,9.569999694824219,9.699999809265137,9.359999656677246,9.470000267028809,9.470000267028809,614700
2018-12-21,9.479999542236328,9.510000228881836,9.130000114440918,9.170000076293945,9.170000076293945,3572200
2018-12-24,9.119999885559082,9.140000343322754,8.899999618530273,8.930000305175781,8.930000305175781,263100
2018-12-26,8.960000038146973,9.40999984741211,8.850000381469727,9.399999618530273,9.399999618530273,490300
2018-12-27,9.210000038146973,9.380000114440918,9.0,9.380000114440918,9.380000114440918,639400
2018-12-28,9.380000114440918,9.65999984741211,9.319999694824219,9.520000457763672,9.520000457763672,309100
2018-12-31,9.529999732971191,9.649999618530273,9.40999984741211,9.640000343322754,9.640000343322754,375200
2019-01-02,9.4399995803833,9.579999923706055,9.289999961853027,9.5600004196167,9.5600004196167,646600
2019-01-03,9.430000305175781,9.449999809265137,9.069999694824219,9.130000114440918,9.130000114440918,694800
2019-01-04,9.199999809265137,9.630000114440918,9.199999809265137,9.600000381469727,9.600000381469727,698400
2019-01-07,9.550000190734863,9.779999732971191,9.479999542236328,9.670000076293945,9.670000076293945,428400
2019-01-08,9.760000228881836,9.819999694824219,9.539999961853027,9.75,9.75,1273400
2019-01-09,9.779999732971191,10.180000305175781,9.75,10.079999923706055,10.079999923706055,507900
2019-01-10,10.010000228881836,10.239999771118164,10.0,10.210000038146973,10.210000038146973,404300
2019-01-11,10.109999656677246,10.229999542236328,10.079999923706055,10.100000381469727,10.100000381469727,283200
2019-01-14,10.050000190734863,10.15999984741211,9.979999542236328,10.069999694824219,10.069999694824219,195400
2019-01-15,10.079999923706055,10.289999961853027,10.0600004196167,10.260000228881836,10.260000228881836,309600
2019-01-16,10.25,10.399999618530273,10.229999542236328,10.350000381469727,10.350000381469727,350400
2019-01-17,10.239999771118164,10.399999618530273,10.1899995803833,10.329999923706055,10.329999923706055,396300
2019-01-18,10.380000114440918,10.40999984741211,10.180000305175781,10.210000038146973,10.210000038146973,480200
2019-01-22,10.1899995803833,10.34000015258789,10.09000015258789,10.130000114440918,10.130000114440918,354200
2019-01-23,10.149999618530273,10.229999542236328,9.989999771118164,10.140000343322754,10.140000343322754,329700
2019-01-24,10.140000343322754,10.460000038146973,10.140000343322754,10.4399995803833,10.4399995803833,288100
2019-01-25,10.529999732971191,10.630000114440918,10.380000114440918,10.390000343322754,10.390000343322754,204500
2019-01-28,10.319999694824219,10.399999618530273,10.210000038146973,10.3100004196167,10.3100004196167,258300
2019-01-29,10.300000190734863,10.329999923706055,10.210000038146973,10.220000267028809,10.220000267028809,302800
2019-01-30,10.220000267028809,10.4399995803833,10.149999618530273,10.4399995803833,10.4399995803833,297400
2019-01-31,10.4399995803833,10.510000228881836,10.289999961853027,10.510000228881836,10.510000228881836,462200
2019-02-01,10.649999618530273,10.710000038146973,10.510000228881836,10.609999656677246,10.609999656677246,347200
2019-02-04,10.65999984741211,10.960000038146973,10.550000190734863,10.960000038146973,10.960000038146973,561600
2019-02-05,11.029999732971191,11.039999961853027,10.829999923706055,10.920000076293945,10.920000076293945,405600
2019-02-06,10.920000076293945,11.029999732971191,10.859999656677246,11.020000457763672,11.020000457763672,311300
2019-02-07,10.989999771118164,11.1899995803833,10.859999656677246,10.890000343322754,10.890000343322754,453000
2019-02-08,10.819999694824219,10.960000038146973,10.729999542236328,10.920000076293945,10.920000076293945,329700
2019-02-11,10.9399995803833,11.050000190734863,10.850000381469727,10.949999809265137,10.949999809265137,609600
2019-02-12,11.0600004196167,11.170000076293945,10.960000038146973,11.170000076293945,11.170000076293945,711800
2019-02-13,11.239999771118164,11.34000015258789,11.109999656677246,11.170000076293945,11.170000076293945,503900
2019-02-14,11.09000015258789,11.15999984741211,10.960000038146973,10.970000267028809,10.970000267028809,415500
2019-02-15,11.020000457763672,11.1899995803833,11.020000457763672,11.109999656677246,11.109999656677246,1617800
2019-02-19,11.050000190734863,11.260000228881836,11.020000457763672,11.180000305175781,11.180000305175781,501000
2019-02-20,11.199999809265137,11.399999618530273,11.170000076293945,11.359999656677246,11.359999656677246,599500
2019-02-21,11.3100004196167,11.4399995803833,11.039999961853027,11.15999984741211,11.15999984741211,424100
2019-02-22,11.15999984741211,11.239999771118164,11.09000015258789,11.210000038146973,11.210000038146973,316200
2019-02-25,11.220000267028809,11.350000381469727,11.109999656677246,11.229999542236328,11.229999542236328,385200
2019-02-26,11.199999809265137,11.329999923706055,11.149999618530273,11.210000038146973,11.210000038146973,305600
2019-02-27,11.09000015258789,11.670000076293945,11.029999732971191,11.569999694824219,11.569999694824219,871900
2019-02-28,10.970000267028809,10.970000267028809,10.539999961853027,10.6899995803833,10.6899995803833,921700
2019-03-01,10.789999961853027,11.25,10.789999961853027,11.050000190734863,11.050000190734863,1134000
2019-03-04,11.100000381469727,11.289999961853027,10.970000267028809,11.25,11.25,1206300
2019-03-05,11.220000267028809,11.300000190734863,11.079999923706055,11.079999923706055,11.079999923706055,511900
2019-03-06,11.029999732971191,11.029999732971191,10.649999618530273,10.680000305175781,10.680000305175781,602800
2019-03-07,10.680000305175781,10.720000267028809,10.460000038146973,10.609999656677246,10.609999656677246,489800
2019-03-08,10.529999732971191,10.739999771118164,10.479999542236328,10.729999542236328,10.729999542236328,279400
2019-03-11,10.789999961853027,11.050000190734863,10.779999732971191,10.970000267028809,10.970000267028809,350000
2019-03-12,10.989999771118164,11.039999961853027,10.850000381469727,10.920000076293945,10.920000076293945,901500
2019-03-13,10.960000038146973,11.239999771118164,10.960000038146973,11.09000015258789,11.09000015258789,839900
2019-03-14,11.09000015258789,11.199999809265137,10.979999542236328,11.119999885559082,11.119999885559082,766700
2019-03-15,11.130000114440918,11.319999694824219,11.100000381469727,11.199999809265137,11.199999809265137,877500
2019-03-18,11.229999542236328,11.350000381469727,11.140000343322754,11.180000305175781,11.180000305175781,387900
2019-03-19,11.1899995803833,11.260000228881836,10.90999984741211,10.920000076293945,10.920000076293945,262300
2019-03-20,10.890000343322754,10.970000267028809,10.609999656677246,10.630000114440918,10.630000114440918,616100
2019-03-21,10.539999961853027,10.819999694824219,10.539999961853027,10.670000076293945,10.670000076293945,868500
2019-03-22,10.529999732971191,10.65999984741211,10.369999885559082,10.380000114440918,10.380000114440918,830700
2019-03-25,10.380000114440918,10.550000190734863,10.199999809265137,10.460000038146973,10.460000038146973,3585600
2019-03-26,10.550000190734863,10.609999656677246,10.369999885559082,10.510000228881836,10.510000228881836,1614900
2019-03-27,10.470000267028809,10.609999656677246,10.289999961853027,10.329999923706055,10.329999923706055,780200
2019-03-28,10.350000381469727,10.420000076293945,10.279999732971191,10.369999885559082,10.369999885559082,585600
2019-03-29,10.430000305175781,10.489999771118164,10.289999961853027,10.380000114440918,10.380000114440918,525400
2019-04-01,10.5600004196167,10.75,10.489999771118164,10.710000038146973,10.710000038146973,1135400
2019-04-02,10.75,10.800000190734863,10.529999732971191,10.569999694824219,10.569999694824219,935600
2019-04-03,10.5600004196167,10.739999771118164,10.4399995803833,10.479999542236328,10.479999542236328,979300
2019-04-04,10.449999809265137,10.640000343322754,10.449999809265137,10.5,10.5,765000
2019-04-05,10.550000190734863,10.59000015258789,10.470000267028809,10.550000190734863,10.550000190734863,957400
2019-04-08,10.5,10.649999618530273,10.479999542236328,10.520000457763672,10.520000457763672,977800
2019-04-09,10.449999809265137,10.5,10.1899995803833,10.210000038146973,10.210000038146973,698600
2019-04-10,10.199999809265137,10.300000190734863,10.069999694824219,10.260000228881836,10.260000228881836,3687900
2019-04-11,10.300000190734863,10.789999961853027,10.260000228881836,10.699999809265137,10.699999809265137,2547800
2019-04-12,10.930000305175781,11.050000190734863,10.800000190734863,10.84000015258789,10.84000015258789,1091400
2019-04-15,10.850000381469727,10.949999809265137,10.770000457763672,10.850000381469727,10.850000381469727,929300
2019-04-16,10.890000343322754,11.140000343322754,10.850000381469727,11.130000114440918,11.130000114440918,1044200
2019-04-17,11.149999618530273,11.149999618530273,10.880000114440918,10.899999618530273,10.899999618530273,671700
2019-04-18,10.880000114440918,11.100000381469727,10.859999656677246,10.920000076293945,10.920000076293945,648500
2019-04-22,10.869999885559082,10.960000038146973,10.760000228881836,10.890000343322754,10.890000343322754,628900
2019-04-23,10.880000114440918,11.149999618530273,10.880000114440918,10.979999542236328,10.979999542236328,567400
2019-04-24,10.970000267028809,11.149999618530273,10.899999618530273,11.09000015258789,11.09000015258789,689800
2019-04-25,11.020000457763672,11.210000038146973,10.920000076293945,11.140000343322754,11.140000343322754,449800
2019-04-26,11.180000305175781,11.270000457763672,11.039999961853027,11.260000228881836,11.260000228881836,449400
2019-04-29,11.260000228881836,11.5,11.260000228881836,11.420000076293945,11.420000076293945,442700
2019-04-30,11.479999542236328,11.800000190734863,11.3100004196167,11.609999656677246,11.609999656677246,1120600
2019-05-01,11.640000343322754,11.800000190734863,11.619999885559082,11.710000038146973,11.710000038146973,970600
2019-05-02,11.720000267028809,11.8100004196167,11.609999656677246,11.739999771118164,11.739999771118164,363300
2019-05-03,11.779999732971191,11.949999809265137,11.729999542236328,11.850000381469727,11.850000381469727,559500
2019-05-06,11.699999809265137,11.760000228881836,11.619999885559082,11.729999542236328,11.729999542236328,519200
2019-05-07,11.569999694824219,11.739999771118164,11.399999618530273,11.5,11.5,490500
2019-05-08,11.5,11.720000267028809,11.5,11.649999618530273,11.649999618530273,337300
2019-05-09,11.699999809265137,11.710000038146973,11.529999732971191,11.609999656677246,11.609999656677246,653400
2019-05-10,11.079999923706055,11.289999961853027,10.84000015258789,10.970000267028809,10.970000267028809,571900
2019-05-13,10.75,10.75,10.25,10.25,10.25,564900
2019-05-14,10.350000381469727,10.600000381469727,10.289999961853027,10.59000015258789,10.59000015258789,480300
2019-05-15,10.470000267028809,10.739999771118164,10.460000038146973,10.720000267028809,10.720000267028809,410200
2019-05-16,10.770000457763672,10.819999694824219,10.529999732971191,10.619999885559082,10.619999885559082,359500
2019-05-17,10.489999771118164,10.600000381469727,10.399999618530273,10.4399995803833,10.4399995803833,323000
2019-05-20,10.359999656677246,10.399999618530273,10.229999542236328,10.289999961853027,10.289999961853027,458600
2019-05-21,10.329999923706055,10.760000228881836,10.289999961853027,10.720000267028809,10.720000267028809,829600
2019-05-22,10.649999618530273,11.010000228881836,10.569999694824219,11.0,11.0,715200
2019-05-23,10.899999618530273,11.510000228881836,10.8100004196167,11.470000267028809,11.470000267028809,2145100
2019-05-24,11.5,11.529999732971191,10.600000381469727,10.619999885559082,10.619999885559082,517000
2019-05-28,10.619999885559082,10.680000305175781,10.430000305175781,10.4399995803833,10.4399995803833,480100
2019-05-29,10.390000343322754,10.489999771118164,10.25,10.350000381469727,10.350000381469727,492000
2019-05-30,10.34000015258789,10.420000076293945,10.119999885559082,10.25,10.25,470400
2019-05-31,10.119999885559082,10.489999771118164,10.09000015258789,10.15999984741211,10.15999984741211,801300
2019-06-03,10.020000457763672,10.220000267028809,9.899999618530273,10.220000267028809,10.220000267028809,693600
2019-06-04,10.289999961853027,10.529999732971191,10.279999732971191,10.529999732971191,10.529999732971191,512300
2019-06-05,10.539999961853027,10.609999656677246,10.369999885559082,10.479999542236328,10.479999542236328,279800
2019-06-06,10.420000076293945,10.479999542236328,10.229999542236328,10.270000457763672,10.270000457763672,321700
2019-06-07,10.270000457763672,10.40999984741211,10.199999809265137,10.319999694824219,10.319999694824219,306100
2019-06-10,10.34000015258789,10.489999771118164,10.319999694824219,10.34000015258789,10.34000015258789,228700
2019-06-11,10.399999618530273,10.40999984741211,10.130000114440918,10.180000305175781,10.180000305175781,576100
2019-06-12,10.130000114440918,10.239999771118164,10.0600004196167,10.170000076293945,10.170000076293945,249700
2019-06-13,10.239999771118164,10.390000343322754,10.199999809265137,10.300000190734863,10.300000190734863,411100
2019-06-14,10.25,10.420000076293945,10.220000267028809,10.380000114440918,10.380000114440918,269400
2019-06-17,10.369999885559082,10.539999961853027,10.34000015258789,10.4399995803833,10.4399995803833,682800
2019-06-18,10.470000267028809,10.720000267028809,10.470000267028809,10.59000015258789,10.59000015258789,261000
2019-06-19,10.579999923706055,10.640000343322754,10.449999809265137,10.470000267028809,10.470000267028809,298700
2019-06-20,10.529999732971191,10.5600004196167,10.420000076293945,10.489999771118164,10.489999771118164,258300
2019-06-21,10.4399995803833,10.470000267028809,10.329999923706055,10.350000381469727,10.350000381469727,461000
2019-06-24,10.34000015258789,10.4399995803833,10.119999885559082,10.130000114440918,10.130000114440918,286000
2019-06-25,10.130000114440918,10.199999809265137,10.079999923706055,10.109999656677246,10.109999656677246,401900
2019-06-26,10.170000076293945,10.220000267028809,9.920000076293945,9.960000038146973,9.960000038146973,451900
2019-06-27,9.970000267028809,10.119999885559082,9.890000343322754,10.109999656677246,10.109999656677246,467900
2019-06-28,10.15999984741211,10.380000114440918,10.149999618530273,10.319999694824219,10.319999694824219,564300
2019-07-01,10.460000038146973,10.5600004196167,10.390000343322754,10.520000457763672,10.520000457763672,371300
2019-07-02,10.470000267028809,10.579999923706055,10.380000114440918,10.529999732971191,10.529999732971191,382400
2019-07-03,10.579999923706055,10.680000305175781,10.460000038146973,10.5600004196167,10.5600004196167,226100
2019-07-05,10.5600004196167,10.619999885559082,10.40999984741211,10.619999885559082,10.619999885559082,405400
2019-07-08,10.5600004196167,10.5600004196167,10.25,10.3100004196167,10.3100004196167,489000
2019-07-09,10.239999771118164,10.59000015258789,10.1899995803833,10.5,10.5,1784600
2019-07-10,10.579999923706055,10.619999885559082,10.260000228881836,10.5,10.5,988300
2019-07-11,10.529999732971191,10.619999885559082,10.430000305175781,10.460000038146973,10.460000038146973,523400
2019-07-12,10.479999542236328,10.6899995803833,10.359999656677246,10.619999885559082,10.619999885559082,628800
2019-07-15,10.630000114440918,10.680000305175781,10.40999984741211,10.430000305175781,10.430000305175781,294400
2019-07-16,10.399999618530273,10.680000305175781,10.380000114440918,10.539999961853027,10.539999961853027,492200
2019-07-17,10.5,10.550000190734863,10.34000015258789,10.350000381469727,10.350000381469727,859900
2019-07-18,10.300000190734863,10.399999618530273,10.199999809265137,10.260000228881836,10.260000228881836,582300
2019-07-19,10.260000228881836,10.34000015258789,10.25,10.260000228881836,10.260000228881836,356900
2019-07-22,10.270000457763672,10.3100004196167,9.989999771118164,9.989999771118164,9.989999771118164,876700
2019-07-23,10.050000190734863,10.220000267028809,10.0,10.199999809265137,10.199999809265137,550300
2019-07-24,10.1899995803833,10.4399995803833,10.1899995803833,10.430000305175781,10.430000305175781,463500
2019-07-25,10.390000343322754,10.489999771118164,10.329999923706055,10.390000343322754,10.390000343322754,398500
2019-07-26,10.430000305175781,10.449999809265137,10.260000228881836,10.359999656677246,10.359999656677246,378900
2019-07-29,10.359999656677246,10.430000305175781,10.149999618530273,10.220000267028809,10.220000267028809,364400
2019-07-30,10.199999809265137,10.210000038146973,9.779999732971191,10.199999809265137,10.199999809265137,520100
2019-07-31,10.1899995803833,10.300000190734863,10.010000228881836,10.079999923706055,10.079999923706055,452200
2019-08-01,10.100000381469727,10.229999542236328,9.819999694824219,9.9399995803833,9.9399995803833,396100
2019-08-02,9.890000343322754,9.890000343322754,9.649999618530273,9.84000015258789,9.84000015258789,527300
2019-08-05,9.680000305175781,9.6899995803833,9.25,9.3100004196167,9.3100004196167,494700
2019-08-06,9.399999618530273,9.640000343322754,9.319999694824219,9.5600004196167,9.5600004196167,344500
2019-08-07,9.460000038146973,9.6899995803833,9.390000343322754,9.630000114440918,9.630000114440918,615000
2019-08-08,9.699999809265137,10.170000076293945,9.699999809265137,10.109999656677246,10.109999656677246,560100
2019-08-09,9.989999771118164,10.0600004196167,9.890000343322754,10.0,10.0,433000
2019-08-12,9.899999618530273,9.970000267028809,9.84000015258789,9.899999618530273,9.899999618530273,141500
2019-08-13,9.880000114440918,10.029999732971191,9.859999656677246,9.90999984741211,9.90999984741211,377700
2019-08-14,9.779999732971191,9.850000381469727,9.449999809265137,9.600000381469727,9.600000381469727,577100
2019-08-15,9.75,9.75,9.569999694824219,9.59000015258789,9.59000015258789,388000
2019-08-16,9.729999542236328,9.890000343322754,9.680000305175781,9.850000381469727,9.850000381469727,392300
2019-08-19,10.0,10.0,9.8100004196167,9.8100004196167,9.8100004196167,279500
2019-08-20,9.770000457763672,9.789999961853027,9.630000114440918,9.729999542236328,9.729999542236328,237400
2019-08-21,9.859999656677246,9.859999656677246,9.680000305175781,9.800000190734863,9.800000190734863,222500
2019-08-22,9.850000381469727,9.880000114440918,9.6899995803833,9.770000457763672,9.770000457763672,368600
2019-08-23,9.739999771118164,9.789999961853027,9.4399995803833,9.470000267028809,9.470000267028809,293000
2019-08-26,9.5600004196167,9.600000381469727,9.449999809265137,9.550000190734863,9.550000190734863,271500
2019-08-27,9.59000015258789,9.619999885559082,9.369999885559082,9.510000228881836,9.510000228881836,380100
2019-08-28,9.449999809265137,9.699999809265137,9.430000305175781,9.59000015258789,9.59000015258789,323100
2019-08-29,9.710000038146973,9.779999732971191,9.680000305175781,9.6899995803833,9.6899995803833,237900
2019-08-30,9.640000343322754,9.670000076293945,9.319999694824219,9.420000076293945,9.420000076293945,591700
2019-09-03,9.369999885559082,9.609999656677246,9.239999771118164,9.329999923706055,9.329999923706055,624000
2019-09-04,9.399999618530273,9.4399995803833,9.260000228881836,9.40999984741211,9.40999984741211,479200
2019-09-05,9.529999732971191,9.9399995803833,9.479999542236328,9.789999961853027,9.789999961853027,549300
2019-09-06,9.800000190734863,9.899999618530273,9.699999809265137,9.850000381469727,9.850000381469727,792500
2019-09-09,9.899999618530273,10.520000457763672,9.899999618530273,10.210000038146973,10.210000038146973,725800
2019-09-10,10.069999694824219,10.220000267028809,10.069999694824219,10.109999656677246,10.109999656677246,536900
2019-09-11,10.149999618530273,10.380000114440918,10.100000381469727,10.140000343322754,10.140000343322754,695800
2019-09-12,10.15999984741211,10.380000114440918,10.069999694824219,10.319999694824219,10.319999694824219,471000
2019-09-13,10.399999618530273,10.510000228881836,10.220000267028809,10.229999542236328,10.229999542236328,333400
2019-09-16,10.149999618530273,10.279999732971191,10.079999923706055,10.170000076293945,10.170000076293945,362500
2019-09-17,10.09000015258789,10.170000076293945,10.069999694824219,10.119999885559082,10.119999885559082,300100
2019-09-18,10.140000343322754,10.1899995803833,9.979999542236328,10.109999656677246,10.109999656677246,517700
2019-09-19,10.149999618530273,10.34000015258789,10.140000343322754,10.149999618530273,10.149999618530273,342100
2019-09-20,10.140000343322754,10.279999732971191,10.130000114440918,10.140000343322754,10.140000343322754,1167400
2019-09-23,10.069999694824219,10.140000343322754,9.989999771118164,10.020000457763672,10.020000457763672,324900
2019-09-24,10.010000228881836,10.09000015258789,9.920000076293945,9.949999809265137,9.949999809265137,513300
2019-09-25,10.0,10.170000076293945,9.970000267028809,10.100000381469727,10.100000381469727,819800
2019-09-26,10.100000381469727,10.119999885559082,9.930000305175781,10.020000457763672,10.020000457763672,272300
2019-09-27,10.050000190734863,10.119999885559082,9.970000267028809,10.0,10.0,463800
2019-09-30,10.069999694824219,10.09000015258789,9.930000305175781,9.989999771118164,9.989999771118164,381500
2019-10-01,9.989999771118164,10.0600004196167,9.600000381469727,9.649999618530273,9.649999618530273,397100
2019-10-02,9.600000381469727,9.649999618530273,9.390000343322754,9.470000267028809,9.470000267028809,353300
2019-10-03,9.430000305175781,9.449999809265137,9.260000228881836,9.359999656677246,9.359999656677246,411300
2019-10-04,9.430000305175781,9.489999771118164,9.34000015258789,9.449999809265137,9.449999809265137,413400
2019-10-07,9.430000305175781,9.5,9.369999885559082,9.430000305175781,9.430000305175781,396800
2019-10-08,9.319999694824219,9.319999694824219,9.15999984741211,9.25,9.25,471300
2019-10-09,9.319999694824219,9.399999618530273,9.25,9.359999656677246,9.359999656677246,322600
2019-10-10,9.420000076293945,9.489999771118164,9.329999923706055,9.380000114440918,9.380000114440918,310600
2019-10-11,9.539999961853027,9.720000267028809,9.510000228881836,9.619999885559082,9.619999885559082,438000
2019-10-14,9.600000381469727,9.609999656677246,9.479999542236328,9.569999694824219,9.569999694824219,151600
2019-10-15,9.619999885559082,9.699999809265137,9.579999923706055,9.640000343322754,9.640000343322754,228500
2019-10-16,9.579999923706055,9.630000114440918,9.510000228881836,9.5600004196167,9.5600004196167,177600
2019-10-17,9.619999885559082,9.680000305175781,9.579999923706055,9.649999618530273,9.649999618530273,281700
2019-10-18,9.609999656677246,10.020000457763672,9.600000381469727,9.869999885559082,9.869999885559082,899000
2019-10-21,10.0,10.199999809265137,9.90999984741211,9.979999542236328,9.979999542236328,387900
2019-10-22,9.930000305175781,10.050000190734863,9.800000190734863,9.819999694824219,9.819999694824219,326300
2019-10-23,9.8100004196167,9.869999885559082,9.619999885559082,9.640000343322754,9.640000343322754,289900
2019-10-24,9.609999656677246,9.680000305175781,9.550000190734863,9.59000015258789,9.59000015258789,312000
2019-10-25,9.529999732971191,9.619999885559082,9.359999656677246,9.420000076293945,9.420000076293945,167900
2019-10-28,9.449999809265137,9.800000190734863,9.350000381469727,9.609999656677246,9.609999656677246,1038300
2019-10-29,9.579999923706055,9.9399995803833,9.579999923706055,9.729999542236328,9.729999542236328,881800
2019-10-30,9.670000076293945,9.670000076293945,9.4399995803833,9.539999961853027,9.539999961853027,370100
2019-10-31,9.569999694824219,9.569999694824219,9.390000343322754,9.489999771118164,9.489999771118164,856000
2019-11-01,9.59000015258789,9.800000190734863,9.59000015258789,9.739999771118164,9.739999771118164,314000
2019-11-04,9.850000381469727,9.899999618530273,9.789999961853027,9.869999885559082,9.869999885559082,361100
2019-11-05,9.960000038146973,9.989999771118164,9.84000015258789,9.890000343322754,9.890000343322754,457900
2019-11-06,9.369999885559082,9.770000457763672,9.25,9.550000190734863,9.550000190734863,1061600
2019-11-07,9.630000114440918,9.770000457763672,9.579999923706055,9.710000038146973,9.710000038146973,1038300
2019-11-08,9.760000228881836,9.760000228881836,9.649999618530273,9.710000038146973,9.710000038146973,369200
2019-11-11,9.619999885559082,9.619999885559082,9.460000038146973,9.539999961853027,9.539999961853027,295200
2019-11-12,9.460000038146973,9.720000267028809,9.4399995803833,9.699999809265137,9.699999809265137,399500
2019-11-13,9.569999694824219,9.680000305175781,9.5,9.579999923706055,9.579999923706055,492200
2019-11-14,9.600000381469727,9.609999656677246,9.470000267028809,9.510000228881836,9.510000228881836,380000
2019-11-15,9.569999694824219,9.569999694824219,9.460000038146973,9.479999542236328,9.479999542236328,300600
2019-11-18,9.390000343322754,9.489999771118164,9.359999656677246,9.40999984741211,9.40999984741211,311100
2019-11-19,9.449999809265137,9.619999885559082,9.390000343322754,9.5600004196167,9.5600004196167,564400
2019-11-20,9.539999961853027,9.579999923706055,9.390000343322754,9.4399995803833,9.4399995803833,478300
2019-11-21,9.449999809265137,9.449999809265137,9.350000381469727,9.350000381469727,9.350000381469727,422200
2019-11-22,9.420000076293945,9.449999809265137,9.270000457763672,9.359999656677246,9.359999656677246,227700
2019-11-25,9.399999618530273,9.609999656677246,9.390000343322754,9.569999694824219,9.569999694824219,500100
2019-11-26,9.510000228881836,9.699999809265137,9.510000228881836,9.579999923706055,9.579999923706055,605500
2019-11-27,9.609999656677246,9.649999618530273,9.479999542236328,9.520000457763672,9.520000457763672,360400
2019-11-29,9.479999542236328,9.59000015258789,9.380000114440918,9.550000190734863,9.550000190734863,273100
2019-12-02,9.670000076293945,9.6899995803833,9.350000381469727,9.479999542236328,9.479999542236328,477000
2019-12-03,9.390000343322754,9.529999732971191,9.319999694824219,9.520000457763672,9.520000457763672,886500
2019-12-04,9.5600004196167,9.630000114440918,9.4399995803833,9.489999771118164,9.489999771118164,436000
2019-12-05,9.479999542236328,9.539999961853027,9.40999984741211,9.479999542236328,9.479999542236328,482500
2019-12-06,9.640000343322754,9.710000038146973,9.539999961853027,9.5600004196167,9.5600004196167,809200
2019-12-09,9.550000190734863,9.600000381469727,9.479999542236328,9.550000190734863,9.550000190734863,550100
2019-12-10,9.510000228881836,9.619999885559082,9.510000228881836,9.600000381469727,9.600000381469727,654300
2019-12-11,9.569999694824219,9.729999542236328,9.569999694824219,9.670000076293945,9.670000076293945,225100
2019-12-12,9.670000076293945,9.859999656677246,9.65999984741211,9.770000457763672,9.770000457763672,254300
2019-12-13,9.770000457763672,9.859999656677246,9.680000305175781,9.770000457763672,9.770000457763672,486200
2019-12-16,9.880000114440918,10.039999961853027,9.859999656677246,9.9399995803833,9.9399995803833,511700
2019-12-17,9.899999618530273,10.0600004196167,9.899999618530273,10.0600004196167,10.0600004196167,525600
2019-12-18,10.050000190734863,10.1899995803833,10.029999732971191,10.180000305175781,10.180000305175781,435300
2019-12-19,10.1899995803833,10.369999885559082,10.140000343322754,10.369999885559082,10.369999885559082,495700
2019-12-20,10.369999885559082,10.510000228881836,10.229999542236328,10.489999771118164,10.489999771118164,1400800
2019-12-23,10.470000267028809,10.520000457763672,10.40999984741211,10.510000228881836,10.510000228881836,538900
2019-12-24,10.520000457763672,10.569999694824219,10.479999542236328,10.5,10.5,129700
2019-12-26,10.520000457763672,10.529999732971191,10.4399995803833,10.489999771118164,10.489999771118164,248900
2019-12-27,10.5,10.510000228881836,10.40999984741211,10.470000267028809,10.470000267028809,394300
2019-12-30,10.5,10.600000381469727,10.449999809265137,10.510000228881836,10.510000228881836,231700
2019-12-31,10.470000267028809,10.59000015258789,10.470000267028809,10.520000457763672,10.520000457763672,319700
2020-01-02,10.640000343322754,10.640000343322754,10.479999542236328,10.569999694824219,10.569999694824219,300400
2020-01-03,10.449999809265137,10.609999656677246,10.4399995803833,10.569999694824219,10.569999694824219,409600
2020-01-06,10.399999618530273,10.529999732971191,10.319999694824219,10.510000228881836,10.510000228881836,794800
2020-01-07,10.5,10.529999732971191,10.430000305175781,10.510000228881836,10.510000228881836,257300
2020-01-08,10.5,10.5600004196167,10.470000267028809,10.520000457763672,10.520000457763672,511800
2020-01-09,10.539999961853027,10.579999923706055,10.470000267028809,10.529999732971191,10.529999732971191,700700
2020-01-10,10.569999694824219,10.619999885559082,10.470000267028809,10.5600004196167,10.5600004196167,354700
2020-01-13,10.550000190734863,10.600000381469727,10.489999771118164,10.550000190734863,10.550000190734863,470700
2020-01-14,10.579999923706055,10.630000114440918,10.449999809265137,10.510000228881836,10.510000228881836,451100
2020-01-15,10.529999732971191,10.609999656677246,10.520000457763672,10.59000015258789,10.59000015258789,295900
2020-01-16,10.670000076293945,10.710000038146973,10.600000381469727,10.6899995803833,10.6899995803833,340500
2020-01-17,10.760000228881836,10.779999732971191,10.680000305175781,10.75,10.75,260400
2020-01-21,10.710000038146973,10.779999732971191,10.600000381469727,10.609999656677246,10.609999656677246,397200
2020-01-22,10.630000114440918,10.760000228881836,10.59000015258789,10.699999809265137,10.699999809265137,381800
2020-01-23,10.630000114440918,10.770000457763672,10.430000305175781,10.760000228881836,10.760000228881836,723000
2020-01-24,10.729999542236328,10.760000228881836,10.640000343322754,10.75,10.75,684600
2020-01-27,10.5600004196167,10.640000343322754,10.529999732971191,10.600000381469727,10.600000381469727,351100
2020-01-28,10.609999656677246,10.880000114440918,10.609999656677246,10.869999885559082,10.869999885559082,540400
2020-01-29,10.84000015258789,11.0,10.84000015258789,10.9399995803833,10.9399995803833,586300
2020-01-30,10.949999809265137,11.100000381469727,10.890000343322754,11.0600004196167,11.0600004196167,530800
2020-01-31,11.0,11.039999961853027,10.890000343322754,10.890000343322754,10.890000343322754,611300
2020-02-03,10.9399995803833,11.010000228881836,10.880000114440918,10.970000267028809,10.970000267028809,694200
2020-02-04,11.140000343322754,11.180000305175781,11.050000190734863,11.140000343322754,11.140000343322754,317700
2020-02-05,11.270000457763672,11.319999694824219,11.199999809265137,11.270000457763672,11.270000457763672,350800
2020-02-06,11.300000190734863,11.40999984741211,11.260000228881836,11.359999656677246,11.359999656677246,281900
2020-02-07,11.289999961853027,11.369999885559082,11.199999809265137,11.25,11.25,225200
2020-02-10,11.199999809265137,11.359999656677246,11.180000305175781,11.359999656677246,11.359999656677246,376500
2020-02-11,11.350000381469727,11.520000457763672,11.350000381469727,11.40999984741211,11.40999984741211,368500
2020-02-12,11.489999771118164,11.520000457763672,11.15999984741211,11.15999984741211,11.15999984741211,323100
2020-02-13,11.100000381469727,11.170000076293945,10.949999809265137,11.079999923706055,11.079999923706055,307400
2020-02-14,11.039999961853027,11.0600004196167,10.949999809265137,10.989999771118164,10.989999771118164,338600
2020-02-18,10.930000305175781,11.020000457763672,10.890000343322754,10.960000038146973,10.960000038146973,462000
2020-02-19,10.979999542236328,11.109999656677246,10.859999656677246,11.109999656677246,11.109999656677246,308200
2020-02-20,11.020000457763672,11.1899995803833,10.970000267028809,11.180000305175781,11.180000305175781,236800
2020-02-21,11.170000076293945,11.170000076293945,10.970000267028809,11.050000190734863,11.050000190734863,203400
2020-02-24,10.699999809265137,10.829999923706055,10.619999885559082,10.789999961853027,10.789999961853027,197600
2020-02-25,10.8100004196167,10.84000015258789,10.279999732971191,10.279999732971191,10.279999732971191,227000
2020-02-26,10.369999885559082,10.369999885559082,10.0600004196167,10.079999923706055,10.079999923706055,259200
2020-02-27,9.880000114440918,10.020000457763672,9.489999771118164,9.5,9.5,409500
2020-02-28,9.079999923706055,9.300000190734863,8.529999732971191,8.920000076293945,8.920000076293945,974700
2020-03-02,8.90999984741211,9.3100004196167,8.90999984741211,9.300000190734863,9.300000190734863,694100
2020-03-03,9.289999961853027,9.649999618530273,8.770000457763672,8.800000190734863,8.800000190734863,930000
2020-03-04,9.09000015258789,9.270000457763672,8.869999885559082,9.199999809265137,9.199999809265137,702200
2020-03-05,9.109999656677246,9.119999885559082,8.579999923706055,8.680000305175781,8.680000305175781,622800
2020-03-06,8.359999656677246,8.720000267028809,8.359999656677246,8.640000343322754,8.640000343322754,581200
2020-03-09,8.100000381469727,8.239999771118164,7.840000152587891,7.989999771118164,7.989999771118164,778000
2020-03-10,8.270000457763672,8.40999984741211,7.880000114440918,8.180000305175781,8.180000305175781,765200
2020-03-11,7.949999809265137,8.0600004196167,7.619999885559082,7.760000228881836,7.760000228881836,641000
2020-03-12,7.409999847412109,7.710000038146973,6.809999942779541,6.860000133514404,6.860000133514404,854800
2020-03-13,7.25,7.480000019073486,6.889999866485596,7.46999979019165,7.46999979019165,916200
2020-03-16,6.659999847412109,7.079999923706055,6.559999942779541,6.650000095367432,6.650000095367432,689600
2020-03-17,6.699999809265137,7.090000152587891,6.260000228881836,7.079999923706055,7.079999923706055,731000
2020-03-18,6.53000020980835,6.639999866485596,5.909999847412109,6.139999866485596,6.139999866485596,859100
2020-03-19,5.679999828338623,6.28000020980835,5.639999866485596,6.110000133514404,6.110000133514404,717500
2020-03-20,6.119999885559082,6.610000133514404,5.940000057220459,6.039999961853027,6.039999961853027,1016500
2020-03-23,6.0,6.429999828338623,5.889999866485596,6.059999942779541,6.059999942779541,734500
2020-03-24,6.369999885559082,6.650000095367432,6.25,6.599999904632568,6.599999904632568,762400
2020-03-25,6.53000020980835,7.039999961853027,6.21999979019165,6.929999828338623,6.929999828338623,661100
2020-03-26,6.96999979019165,7.900000095367432,6.710000038146973,7.840000152587891,7.840000152587891,925500
2020-03-27,7.489999771118164,7.929999828338623,7.340000152587891,7.579999923706055,7.579999923706055,561300
2020-03-30,7.599999904632568,7.880000114440918,7.380000114440918,7.75,7.75,554300
2020-03-31,7.650000095367432,7.699999809265137,7.139999866485596,7.409999847412109,7.409999847412109,725100
2020-04-01,7.039999961853027,7.320000171661377,6.889999866485596,7.010000228881836,7.010000228881836,440500
2020-04-02,6.960000038146973,7.440000057220459,6.960000038146973,7.380000114440918,7.380000114440918,357100
2020-04-03,7.230000019073486,7.360000133514404,7.010000228881836,7.190000057220459,7.190000057220459,554000
2020-04-06,7.539999961853027,7.760000228881836,7.329999923706055,7.369999885559082,7.369999885559082,582900
2020-04-07,7.659999847412109,7.840000152587891,7.260000228881836,7.28000020980835,7.28000020980835,1043500
2020-04-08,7.400000095367432,7.699999809265137,7.269999980926514,7.590000152587891,7.590000152587891,638100
2020-04-09,7.789999961853027,7.909999847412109,7.579999923706055,7.860000133514404,7.860000133514404,704400
2020-04-13,7.769999980926514,7.769999980926514,7.349999904632568,7.46999979019165,7.46999979019165,427500
2020-04-14,7.730000019073486,7.889999866485596,7.480000019073486,7.599999904632568,7.599999904632568,418800
2020-04-15,7.320000171661377,7.400000095367432,7.210000038146973,7.25,7.25,420200
2020-04-16,7.210000038146973,7.420000076293945,7.119999885559082,7.400000095367432,7.400000095367432,482400
2020-04-17,7.619999885559082,7.829999923706055,7.579999923706055,7.78000020980835,7.78000020980835,546700
2020-04-20,7.739999771118164,7.929999828338623,7.570000171661377,7.860000133514404,7.860000133514404,522700
2020-04-21,7.599999904632568,7.789999961853027,7.389999866485596,7.389999866485596,7.389999866485596,388700
2020-04-22,7.53000020980835,7.559999942779541,7.300000190734863,7.360000133514404,7.360000133514404,318100
2020-04-23,7.5,7.800000190734863,7.449999809265137,7.599999904632568,7.599999904632568,425200
2020-04-24,7.610000133514404,7.75,7.440000057220459,7.75,7.75,486200
2020-04-27,7.760000228881836,8.0,7.679999828338623,7.679999828338623,7.679999828338623,405600
2020-04-28,7.920000076293945,8.130000114440918,7.75,7.769999980926514,7.769999980926514,409100
2020-04-29,8.0,8.25,7.949999809265137,8.09000015258789,8.09000015258789,467900
2020-04-30,7.860000133514404,7.860000133514404,7.420000076293945,7.440000057220459,7.440000057220459,441800
2020-05-01,7.199999809265137,7.269999980926514,6.900000095367432,7.099999904632568,7.099999904632568,451300
2020-05-04,6.96999979019165,7.179999828338623,6.880000114440918,7.03000020980835,7.03000020980835,548400
2020-05-05,7.059999942779541,7.369999885559082,7.059999942779541,7.170000076293945,7.170000076293945,527100
2020-05-06,7.119999885559082,7.21999979019165,6.940000057220459,6.980000019073486,6.980000019073486,295800
2020-05-07,7.139999866485596,7.420000076293945,7.090000152587891,7.360000133514404,7.360000133514404,545700
2020-05-08,7.539999961853027,7.940000057220459,7.420000076293945,7.909999847412109,7.909999847412109,660700
2020-05-11,7.699999809265137,7.869999885559082,7.519999980926514,7.630000114440918,7.630000114440918,528300
2020-05-12,7.579999923706055,7.679999828338623,7.320000171661377,7.340000152587891,7.340000152587891,396600
2020-05-13,7.25,7.309999942779541,6.929999828338623,7.019999980926514,7.019999980926514,488300
2020-05-14,6.880000114440918,6.980000019073486,6.619999885559082,6.929999828338623,6.929999828338623,630000
2020-05-15,6.940000057220459,7.150000095367432,6.860000133514404,6.989999771118164,6.989999771118164,2566200
2020-05-18,7.320000171661377,7.570000171661377,7.320000171661377,7.429999828338623,7.429999828338623,692000
2020-05-19,7.380000114440918,7.5,7.269999980926514,7.360000133514404,7.360000133514404,336600
2020-05-20,7.460000038146973,7.710000038146973,7.429999828338623,7.699999809265137,7.699999809265137,403400
2020-05-21,7.699999809265137,7.75,7.590000152587891,7.599999904632568,7.599999904632568,321700
2020-05-22,7.690000057220459,7.730000019073486,7.460000038146973,7.71999979019165,7.71999979019165,323200
2020-05-26,7.989999771118164,8.029999732971191,7.710000038146973,7.71999979019165,7.71999979019165,447900
2020-05-27,7.900000095367432,8.109999656677246,7.800000190734863,8.100000381469727,8.100000381469727,475300
2020-05-28,8.260000228881836,8.3100004196167,7.610000133514404,7.630000114440918,7.630000114440918,501800
2020-05-29,7.610000133514404,7.630000114440918,7.380000114440918,7.380000114440918,7.380000114440918,899000
2020-06-01,7.46999979019165,7.53000020980835,7.349999904632568,7.360000133514404,7.360000133514404,388700
2020-06-02,7.409999847412109,7.619999885559082,7.400000095367432,7.579999923706055,7.579999923706055,288700
2020-06-03,7.760000228881836,8.069999694824219,7.760000228881836,7.96999979019165,7.96999979019165,334400
2020-06-04,7.849999904632568,8.149999618530273,7.769999980926514,8.09000015258789,8.09000015258789,531900
2020-06-05,8.489999771118164,8.680000305175781,8.40999984741211,8.4399995803833,8.4399995803833,477400
2020-06-08,8.619999885559082,8.779999732971191,8.489999771118164,8.720000267028809,8.720000267028809,360500
2020-06-09,8.550000190734863,8.65999984741211,8.369999885559082,8.5,8.5,211500
2020-06-10,8.40999984741211,8.40999984741211,7.789999961853027,7.880000114440918,7.880000114440918,351300
2020-06-11,7.460000038146973,7.610000133514404,7.230000019073486,7.269999980926514,7.269999980926514,426800
2020-06-12,7.599999904632568,7.619999885559082,7.289999961853027,7.539999961853027,7.539999961853027,395600
2020-06-15,7.239999771118164,7.739999771118164,7.179999828338623,7.71999979019165,7.71999979019165,427600
2020-06-16,8.020000457763672,8.140000343322754,7.75,7.900000095367432,7.900000095367432,440200
2020-06-17,7.940000057220459,7.940000057220459,7.489999771118164,7.53000020980835,7.53000020980835,336700
2020-06-18,7.429999828338623,7.699999809265137,7.429999828338623,7.690000057220459,7.690000057220459,406000
2020-06-19,7.769999980926514,7.800000190734863,7.420000076293945,7.449999809265137,7.449999809265137,696900
2020-06-22,7.360000133514404,7.449999809265137,7.260000228881836,7.400000095367432,7.400000095367432,329000
2020-06-23,7.510000228881836,7.539999961853027,7.329999923706055,7.519999980926514,7.519999980926514,516000
2020-06-24,7.380000114440918,7.380000114440918,7.130000114440918,7.179999828338623,7.179999828338623,517600
2020-06-25,7.079999923706055,7.46999979019165,7.079999923706055,7.460000038146973,7.460000038146973,278700
2020-06-26,7.340000152587891,7.429999828338623,7.25,7.300000190734863,7.300000190734863,1303000
2020-06-29,7.46999979019165,7.679999828338623,7.329999923706055,7.460000038146973,7.460000038146973,371400
2020-06-30,7.360000133514404,7.599999904632568,7.360000133514404,7.510000228881836,7.510000228881836,260400
2020-07-01,7.519999980926514,7.599999904632568,7.340000152587891,7.440000057220459,7.440000057220459,218000
2020-07-02,7.630000114440918,7.690000057220459,7.309999942779541,7.340000152587891,7.340000152587891,216700
2020-07-06,7.570000171661377,7.610000133514404,7.389999866485596,7.480000019073486,7.480000019073486,181200
2020-07-07,7.360000133514404,7.369999885559082,7.190000057220459,7.25,7.25,313600
2020-07-08,7.179999828338623,7.349999904632568,7.099999904632568,7.320000171661377,7.320000171661377,405100
2020-07-09,7.289999961853027,7.320000171661377,7.170000076293945,7.210000038146973,7.210000038146973,324600
2020-07-10,7.230000019073486,7.579999923706055,7.230000019073486,7.559999942779541,7.559999942779541,221800
2020-07-13,7.659999847412109,7.760000228881836,7.570000171661377,7.590000152587891,7.590000152587891,231000
2020-07-14,7.590000152587891,7.860000133514404,7.570000171661377,7.800000190734863,7.800000190734863,364800
2020-07-15,8.069999694824219,8.239999771118164,7.980000019073486,8.149999618530273,8.149999618530273,350800
2020-07-16,8.149999618530273,8.350000381469727,8.0600004196167,8.15999984741211,8.15999984741211,733900
2020-07-17,8.180000305175781,8.270000457763672,8.109999656677246,8.170000076293945,8.170000076293945,306300
2020-07-20,8.079999923706055,8.149999618530273,7.949999809265137,8.039999961853027,8.039999961853027,217700
2020-07-21,8.170000076293945,8.380000114440918,8.069999694824219,8.279999732971191,8.279999732971191,560800
2020-07-22,8.199999809265137,8.270000457763672,8.100000381469727,8.1899995803833,8.1899995803833,286700
2020-07-23,8.100000381469727,8.210000038146973,8.069999694824219,8.1899995803833,8.1899995803833,344700
2020-07-24,8.199999809265137,8.210000038146973,8.100000381469727,8.109999656677246,8.109999656677246,255200
2020-07-27,8.079999923706055,8.130000114440918,8.020000457763672,8.079999923706055,8.079999923706055,210400
2020-07-28,8.010000228881836,8.109999656677246,7.849999904632568,7.860000133514404,7.860000133514404,205400
2020-07-29,7.860000133514404,7.960000038146973,7.820000171661377,7.880000114440918,7.880000114440918,199200
2020-07-30,7.659999847412109,7.860000133514404,7.659999847412109,7.809999942779541,7.809999942779541,211400
2020-07-31,7.730000019073486,7.860000133514404,7.610000133514404,7.789999961853027,7.789999961853027,398500
2020-08-03,7.880000114440918,8.010000228881836,7.789999961853027,7.900000095367432,7.900000095367432,210000
2020-08-04,7.840000152587891,7.889999866485596,7.730000019073486,7.809999942779541,7.809999942779541,216000
2020-08-05,7.949999809265137,8.289999961853027,7.849999904632568,8.149999618530273,8.149999618530273,540900
2020-08-06,8.119999885559082,8.329999923706055,8.119999885559082,8.229999542236328,8.229999542236328,253200
2020-08-07,8.5600004196167,8.850000381469727,7.989999771118164,8.819999694824219,8.819999694824219,527500
2020-08-10,8.819999694824219,8.970000267028809,8.789999961853027,8.850000381469727,8.850000381469727,352300
2020-08-11,9.0,9.100000381469727,8.800000190734863,8.850000381469727,8.850000381469727,358100
2020-08-12,9.050000190734863,9.09000015258789,8.75,8.800000190734863,8.800000190734863,299000
2020-08-13,8.75,8.9399995803833,8.65999984741211,8.710000038146973,8.710000038146973,229600
2020-08-14,8.59000015258789,8.720000267028809,8.5600004196167,8.6899995803833,8.6899995803833,201400
2020-08-17,8.819999694824219,8.970000267028809,8.710000038146973,8.850000381469727,8.850000381469727,409000
2020-08-18,8.8100004196167,8.880000114440918,8.75,8.779999732971191,8.779999732971191,203000
2020-08-19,8.770000457763672,8.979999542236328,8.739999771118164,8.819999694824219,8.819999694824219,231200
2020-08-20,8.710000038146973,8.869999885559082,8.710000038146973,8.84000015258789,8.84000015258789,201100
2020-08-21,8.75,8.850000381469727,8.59000015258789,8.630000114440918,8.630000114440918,395800
2020-08-24,8.760000228881836,8.949999809265137,8.680000305175781,8.9399995803833,8.9399995803833,214400
2020-08-25,9.0,9.100000381469727,8.9399995803833,9.0,9.0,228300
2020-08-26,8.960000038146973,8.960000038146973,8.789999961853027,8.819999694824219,8.819999694824219,222400
2020-08-27,8.899999618530273,8.979999542236328,8.770000457763672,8.789999961853027,8.789999961853027,350300
2020-08-28,8.869999885559082,8.890000343322754,8.6899995803833,8.829999923706055,8.829999923706055,331900
2020-08-31,8.729999542236328,8.770000457763672,8.550000190734863,8.5600004196167,8.5600004196167,509200
2020-09-01,8.449999809265137,8.680000305175781,8.449999809265137,8.640000343322754,8.640000343322754,292700
2020-09-02,8.739999771118164,8.770000457763672,8.619999885559082,8.720000267028809,8.720000267028809,244800
2020-09-03,8.800000190734863,8.90999984741211,8.5,8.550000190734863,8.550000190734863,264900
2020-09-04,8.720000267028809,8.729999542236328,8.449999809265137,8.5,8.5,215700
2020-09-08,8.449999809265137,8.489999771118164,8.25,8.329999923706055,8.329999923706055,264300
2020-09-09,8.380000114440918,8.489999771118164,8.289999961853027,8.420000076293945,8.420000076293945,191400
2020-09-10,8.420000076293945,8.470000267028809,8.25,8.25,8.25,251100
2020-09-11,8.300000190734863,8.3100004196167,8.100000381469727,8.109999656677246,8.109999656677246,238600
2020-09-14,8.149999618530273,8.170000076293945,8.0600004196167,8.109999656677246,8.109999656677246,276800
2020-09-15,8.140000343322754,8.279999732971191,8.119999885559082,8.210000038146973,8.210000038146973,305600
2020-09-16,8.229999542236328,8.359999656677246,8.149999618530273,8.170000076293945,8.170000076293945,425300
2020-09-17,8.100000381469727,8.140000343322754,7.829999923706055,7.840000152587891,7.840000152587891,447500
2020-09-18,7.900000095367432,7.900000095367432,7.599999904632568,7.659999847412109,7.659999847412109,936400
2020-09-21,7.480000019073486,7.480000019073486,7.099999904632568,7.320000171661377,7.320000171661377,546400
2020-09-22,7.269999980926514,7.360000133514404,7.119999885559082,7.139999866485596,7.139999866485596,471900
2020-09-23,7.179999828338623,7.269999980926514,6.900000095367432,6.909999847412109,6.909999847412109,330000
2020-09-24,6.909999847412109,6.989999771118164,6.78000020980835,6.820000171661377,6.820000171661377,359400
2020-09-25,6.809999942779541,6.860000133514404,6.739999771118164,6.760000228881836,6.760000228881836,295400
2020-09-28,6.869999885559082,7.070000171661377,6.869999885559082,6.96999979019165,6.96999979019165,225300
2020-09-29,6.940000057220459,6.960000038146973,6.800000190734863,6.909999847412109,6.909999847412109,227000
2020-09-30,6.920000076293945,7.010000228881836,6.829999923706055,6.949999809265137,6.949999809265137,613200
2020-10-01,6.940000057220459,7.059999942779541,6.900000095367432,6.989999771118164,6.989999771118164,288700
2020-10-02,6.829999923706055,7.230000019073486,6.769999980926514,7.159999847412109,7.159999847412109,408200
2020-10-05,7.239999771118164,7.389999866485596,7.239999771118164,7.360000133514404,7.360000133514404,277900
2020-10-06,7.489999771118164,7.590000152587891,7.289999961853027,7.309999942779541,7.309999942779541,432500
2020-10-07,7.360000133514404,7.489999771118164,7.21999979019165,7.389999866485596,7.389999866485596,473300
2020-10-08,7.480000019073486,7.78000020980835,7.440000057220459,7.739999771118164,7.739999771118164,396500
2020-10-09,7.800000190734863,7.889999866485596,7.570000171661377,7.690000057220459,7.690000057220459,335200
2020-10-12,7.699999809265137,7.840000152587891,7.639999866485596,7.829999923706055,7.829999923706055,269900
2020-10-13,7.730000019073486,7.880000114440918,7.730000019073486,7.860000133514404,7.860000133514404,346600
2020-10-14,7.860000133514404,8.020000457763672,7.800000190734863,7.849999904632568,7.849999904632568,276200
2020-10-15,7.739999771118164,8.079999923706055,7.650000095367432,8.069999694824219,8.069999694824219,276600
2020-10-16,8.079999923706055,8.15999984741211,7.96999979019165,8.0,8.0,307300
2020-10-19,8.010000228881836,8.140000343322754,7.980000019073486,8.010000228881836,8.010000228881836,251800
2020-10-20,8.109999656677246,8.109999656677246,7.889999866485596,7.940000057220459,7.940000057220459,172100
2020-10-21,7.900000095367432,7.980000019073486,7.880000114440918,7.920000076293945,7.920000076293945,139800
2020-10-22,7.929999828338623,8.109999656677246,7.889999866485596,8.069999694824219,8.069999694824219,214200
2020-10-23,8.109999656677246,8.289999961853027,8.109999656677246,8.199999809265137,8.199999809265137,189300
2020-10-26,8.09000015258789,8.09000015258789,7.929999828338623,8.039999961853027,8.039999961853027,141300
2020-10-27,8.0,8.039999961853027,7.949999809265137,8.0,8.0,248200
2020-10-28,7.840000152587891,7.929999828338623,7.679999828338623,7.849999904632568,7.849999904632568,320900
2020-10-29,7.78000020980835,7.860000133514404,7.650000095367432,7.809999942779541,7.809999942779541,241900
2020-10-30,7.769999980926514,7.860000133514404,7.730000019073486,7.78000020980835,7.78000020980835,396700
2020-11-02,7.920000076293945,8.09000015258789,7.860000133514404,7.980000019073486,7.980000019073486,283900
2020-11-03,8.09000015258789,8.239999771118164,8.09000015258789,8.210000038146973,8.210000038146973,233300
2020-11-04,7.989999771118164,8.170000076293945,7.960000038146973,8.050000190734863,8.050000190734863,243700
2020-11-05,8.029999732971191,8.40999984741211,8.029999732971191,8.380000114440918,8.380000114440918,295900
2020-11-06,8.460000038146973,8.460000038146973,7.539999961853027,8.279999732971191,8.279999732971191,288100
2020-11-09,8.84000015258789,9.350000381469727,8.640000343322754,8.710000038146973,8.710000038146973,343200
2020-11-10,8.850000381469727,8.899999618530273,8.600000381469727,8.789999961853027,8.789999961853027,410700
2020-11-11,8.8100004196167,8.8100004196167,8.550000190734863,8.630000114440918,8.630000114440918,215000
2020-11-12,8.510000228881836,8.739999771118164,8.40999984741211,8.579999923706055,8.579999923706055,335000
2020-11-13,8.6899995803833,8.8100004196167,8.619999885559082,8.739999771118164,8.739999771118164,221800
2020-11-16,8.979999542236328,9.649999618530273,8.880000114440918,9.630000114440918,9.630000114440918,815700
2020-11-17,9.579999923706055,9.579999923706055,9.069999694824219,9.520000457763672,9.520000457763672,503400
2020-11-18,9.550000190734863,9.640000343322754,9.380000114440918,9.390000343322754,9.390000343322754,729800
2020-11-19,9.350000381469727,9.430000305175781,9.039999961853027,9.3100004196167,9.3100004196167,365600
2020-11-20,9.180000305175781,9.300000190734863,9.09000015258789,9.210000038146973,9.210000038146973,357600
2020-11-23,9.329999923706055,9.40999984741211,9.1899995803833,9.390000343322754,9.390000343322754,251300
2020-11-24,9.5600004196167,9.850000381469727,9.520000457763672,9.739999771118164,9.739999771118164,352100
2020-11-25,9.720000267028809,9.819999694824219,9.479999542236328,9.770000457763672,9.770000457763672,269000
2020-11-27,9.65999984741211,9.890000343322754,9.470000267028809,9.739999771118164,9.739999771118164,141300
2020-11-30,9.630000114440918,9.6899995803833,9.449999809265137,9.539999961853027,9.539999961853027,522800
2020-12-01,9.699999809265137,9.829999923706055,9.529999732971191,9.760000228881836,9.760000228881836,262000
2020-12-02,9.789999961853027,9.859999656677246,9.630000114440918,9.800000190734863,9.800000190734863,252900
2020-12-03,9.8100004196167,9.8100004196167,9.529999732971191,9.5600004196167,9.5600004196167,271000
2020-12-04,9.649999618530273,9.899999618530273,9.609999656677246,9.8100004196167,9.8100004196167,210000
2020-12-07,9.8100004196167,9.869999885559082,9.579999923706055,9.609999656677246,9.609999656677246,185200
2020-12-08,9.489999771118164,9.699999809265137,9.489999771118164,9.649999618530273,9.649999618530273,280300
2020-12-09,9.6899995803833,9.979999542236328,9.5,9.579999923706055,9.579999923706055,430100
2020-12-10,9.5,9.6899995803833,9.5,9.630000114440918,9.630000114440918,221200
2020-12-11,9.539999961853027,9.75,9.510000228881836,9.600000381469727,9.600000381469727,420400
2020-12-14,9.770000457763672,9.779999732971191,9.479999542236328,9.489999771118164,9.489999771118164,372700
2020-12-15,9.5600004196167,9.600000381469727,9.479999542236328,9.550000190734863,9.550000190734863,317500
2020-12-16,9.600000381469727,9.739999771118164,9.539999961853027,9.609999656677246,9.609999656677246,281400
2020-12-17,9.670000076293945,9.760000228881836,9.59000015258789,9.710000038146973,9.710000038146973,470700
2020-12-18,9.75,9.8100004196167,9.300000190734863,9.319999694824219,9.319999694824219,1483500
2020-12-21,9.3100004196167,9.329999923706055,9.069999694824219,9.15999984741211,9.15999984741211,291500
2020-12-22,9.15999984741211,9.1899995803833,8.960000038146973,8.970000267028809,8.970000267028809,185200
2020-12-23,9.0,9.239999771118164,9.0,9.170000076293945,9.170000076293945,166200
2020-12-24,9.199999809265137,9.270000457763672,9.050000190734863,9.260000228881836,9.260000228881836,102600
2020-12-28,9.369999885559082,9.5,9.270000457763672,9.270000457763672,9.270000457763672,320000
2020-12-29,9.40999984741211,9.420000076293945,9.15999984741211,9.210000038146973,9.210000038146973,245300
2020-12-30,9.260000228881836,9.5,9.25,9.40999984741211,9.40999984741211,258300
2020-12-31,9.399999618530273,9.59000015258789,9.380000114440918,9.520000457763672,9.520000457763672,199300
2021-01-04,9.609999656677246,9.65999984741211,9.369999885559082,9.40999984741211,9.40999984741211,269000
2021-01-05,9.430000305175781,9.630000114440918,9.430000305175781,9.529999732971191,9.529999732971191,322300
2021-01-06,9.699999809265137,10.199999809265137,9.699999809265137,10.069999694824219,10.069999694824219,778700
2021-01-07,10.079999923706055,10.130000114440918,9.90999984741211,10.0,10.0,376600
2021-01-08,10.010000228881836,10.010000228881836,9.729999542236328,9.920000076293945,9.920000076293945,246700
2021-01-11,9.84000015258789,9.989999771118164,9.829999923706055,9.989999771118164,9.989999771118164,179400
2021-01-12,9.9399995803833,10.220000267028809,9.9399995803833,10.039999961853027,10.039999961853027,237400
2021-01-13,10.0600004196167,10.130000114440918,9.949999809265137,9.979999542236328,9.979999542236328,184300
2021-01-14,10.0600004196167,10.149999618530273,9.949999809265137,10.09000015258789,10.09000015258789,285300
2021-01-15,9.979999542236328,10.039999961853027,9.949999809265137,9.989999771118164,9.989999771118164,227500
2021-01-19,10.079999923706055,10.170000076293945,9.979999542236328,10.029999732971191,10.029999732971191,283600
2021-01-20,10.050000190734863,10.170000076293945,9.949999809265137,9.989999771118164,9.989999771118164,257400
2021-01-21,9.989999771118164,9.989999771118164,9.729999542236328,9.8100004196167,9.8100004196167,244200
2021-01-22,9.729999542236328,9.880000114440918,9.630000114440918,9.869999885559082,9.869999885559082,255100
2021-01-25,9.770000457763672,10.050000190734863,9.609999656677246,10.029999732971191,10.029999732971191,242000
2021-01-26,10.079999923706055,10.079999923706055,9.729999542236328,9.850000381469727,9.850000381469727,184200
2021-01-27,9.760000228881836,9.760000228881836,9.550000190734863,9.579999923706055,9.579999923706055,294600
2021-01-28,9.680000305175781,9.710000038146973,9.300000190734863,9.34000015258789,9.34000015258789,282500
2021-01-29,9.34000015258789,9.380000114440918,9.199999809265137,9.229999542236328,9.229999542236328,248000
2021-02-01,9.350000381469727,9.640000343322754,9.229999542236328,9.59000015258789,9.59000015258789,208700
2021-02-02,9.75,9.789999961853027,9.5,9.600000381469727,9.600000381469727,220300
2021-02-03,9.579999923706055,9.640000343322754,9.34000015258789,9.579999923706055,9.579999923706055,219900
2021-02-04,9.5600004196167,9.789999961853027,9.5,9.739999771118164,9.739999771118164,135800
2021-02-05,9.869999885559082,9.880000114440918,9.75,9.869999885559082,9.869999885559082,153100
2021-02-08,9.960000038146973,10.100000381469727,9.819999694824219,9.970000267028809,9.970000267028809,249600
2021-02-09,9.9399995803833,10.050000190734863,9.869999885559082,9.960000038146973,9.960000038146973,213200
2021-02-10,10.0,10.119999885559082,9.920000076293945,10.109999656677246,10.109999656677246,327400
2021-02-11,10.199999809265137,10.390000343322754,10.079999923706055,10.210000038146973,10.210000038146973,426100
2021-02-12,10.15999984741211,10.25,10.010000228881836,10.079999923706055,10.079999923706055,263100
2021-02-16,10.180000305175781,10.180000305175781,9.789999961853027,10.010000228881836,10.010000228881836,214100
2021-02-17,9.890000343322754,10.199999809265137,9.890000343322754,10.199999809265137,10.199999809265137,372200
2021-02-18,10.180000305175781,10.180000305175781,9.739999771118164,9.75,9.75,289600
2021-02-19,9.739999771118164,10.109999656677246,9.6899995803833,10.079999923706055,10.079999923706055,580500
2021-02-22,10.0600004196167,10.430000305175781,9.920000076293945,10.3100004196167,10.3100004196167,884900
2021-02-23,10.279999732971191,10.390000343322754,9.9399995803833,9.9399995803833,9.9399995803833,416800
2021-02-24,10.0,11.229999542236328,10.0,10.510000228881836,10.510000228881836,1269000
2021-02-25,10.470000267028809,10.859999656677246,10.470000267028809,10.5,10.5,1589800
2021-02-26,10.489999771118164,10.579999923706055,9.960000038146973,10.210000038146973,10.210000038146973,681600
2021-03-01,11.5,11.5,10.050000190734863,10.5,10.5,295800
2021-03-02,10.34000015258789,10.470000267028809,9.970000267028809,10.199999809265137,10.199999809265137,341100
2021-03-03,10.199999809265137,10.510000228881836,10.199999809265137,10.229999542236328,10.229999542236328,357400
2021-03-04,10.149999618530273,10.470000267028809,9.84000015258789,10.039999961853027,10.039999961853027,493400
2021-03-05,10.039999961853027,10.550000190734863,9.90999984741211,10.550000190734863,10.550000190734863,384700
2021-03-08,10.770000457763672,10.930000305175781,10.579999923706055,10.789999961853027,10.789999961853027,475500
2021-03-09,10.720000267028809,11.15999984741211,10.550000190734863,10.630000114440918,10.630000114440918,843300
2021-03-10,10.600000381469727,10.890000343322754,10.600000381469727,10.789999961853027,10.789999961853027,291900
2021-03-11,10.829999923706055,10.989999771118164,10.619999885559082,10.989999771118164,10.989999771118164,1968800
2021-03-12,11.119999885559082,11.170000076293945,10.800000190734863,10.989999771118164,10.989999771118164,1018500
2021-03-15,11.039999961853027,11.34000015258789,10.920000076293945,11.239999771118164,11.239999771118164,465500
2021-03-16,11.5,11.5,10.75,10.850000381469727,10.850000381469727,529200
2021-03-17,10.829999923706055,11.0600004196167,10.760000228881836,11.039999961853027,11.039999961853027,430600
2021-03-18,11.0,11.0600004196167,10.779999732971191,10.819999694824219,10.819999694824219,559500
2021-03-19,10.770000457763672,10.850000381469727,10.40999984741211,10.529999732971191,10.529999732971191,1560100
2021-03-22,10.520000457763672,10.520000457763672,10.1899995803833,10.470000267028809,10.470000267028809,541100
2021-03-23,10.350000381469727,10.449999809265137,10.229999542236328,10.289999961853027,10.289999961853027,464100
2021-03-24,10.279999732971191,10.5600004196167,9.90999984741211,10.010000228881836,10.010000228881836,622200
2021-03-25,9.960000038146973,10.220000267028809,9.850000381469727,10.140000343322754,10.140000343322754,570800
2021-03-26,10.109999656677246,10.430000305175781,10.109999656677246,10.3100004196167,10.3100004196167,636000
2021-03-29,10.319999694824219,10.569999694824219,10.220000267028809,10.289999961853027,10.289999961853027,597000
2021-03-30,10.3100004196167,10.5,10.15999984741211,10.289999961853027,10.289999961853027,420600
2021-03-31,10.229999542236328,10.34000015258789,10.029999732971191,10.170000076293945,10.170000076293945,954800
2021-04-01,10.140000343322754,10.329999923706055,10.0600004196167,10.319999694824219,10.319999694824219,391200
2021-04-05,10.460000038146973,10.630000114440918,10.3100004196167,10.619999885559082,10.619999885559082,348200
2021-04-06,10.65999984741211,10.6899995803833,10.350000381469727,10.359999656677246,10.359999656677246,350300
2021-04-07,10.399999618530273,10.489999771118164,10.25,10.34000015258789,10.34000015258789,423900
2021-04-08,10.3100004196167,10.369999885559082,10.199999809265137,10.359999656677246,10.359999656677246,326300
2021-04-09,10.300000190734863,10.489999771118164,10.199999809265137,10.369999885559082,10.369999885559082,634300
2021-04-12,10.319999694824219,10.520000457763672,10.199999809265137,10.430000305175781,10.430000305175781,358700
2021-04-13,10.470000267028809,10.670000076293945,10.319999694824219,10.359999656677246,10.359999656677246,257400
2021-04-14,10.279999732971191,10.609999656677246,10.279999732971191,10.4399995803833,10.4399995803833,212800
2021-04-15,10.550000190734863,10.550000190734863,10.359999656677246,10.449999809265137,10.449999809265137,304200
2021-04-16,10.630000114440918,10.65999984741211,10.510000228881836,10.600000381469727,10.600000381469727,320500
2021-04-19,10.510000228881836,10.630000114440918,10.420000076293945,10.5600004196167,10.5600004196167,358900
2021-04-20,10.579999923706055,10.579999923706055,10.329999923706055,10.430000305175781,10.430000305175781,254400
2021-04-21,10.470000267028809,10.720000267028809,10.359999656677246,10.670000076293945,10.670000076293945,250000
2021-04-22,10.710000038146973,10.930000305175781,10.5,10.510000228881836,10.510000228881836,207700
2021-04-23,10.579999923706055,10.710000038146973,10.510000228881836,10.59000015258789,10.59000015258789,283100
2021-04-26,10.670000076293945,10.779999732971191,10.489999771118164,10.529999732971191,10.529999732971191,253800
2021-04-27,10.5,10.619999885559082,10.449999809265137,10.600000381469727,10.600000381469727,455700
2021-04-28,10.59000015258789,10.600000381469727,10.449999809265137,10.479999542236328,10.479999542236328,307300
2021-04-29,10.619999885559082,10.65999984741211,10.470000267028809,10.600000381469727,10.600000381469727,406700
2021-04-30,10.470000267028809,10.6899995803833,10.449999809265137,10.579999923706055,10.579999923706055,498400
2021-05-03,10.65999984741211,10.789999961853027,10.579999923706055,10.630000114440918,10.630000114440918,557800
2021-05-04,10.5600004196167,10.920000076293945,10.449999809265137,10.789999961853027,10.789999961853027,592100
2021-05-05,10.760000228881836,10.770000457763672,10.510000228881836,10.640000343322754,10.640000343322754,369000
2021-05-06,10.649999618530273,10.8100004196167,10.5600004196167,10.75,10.75,253700
2021-05-07,10.630000114440918,10.729999542236328,10.59000015258789,10.670000076293945,10.670000076293945,201200
2021-05-10,10.720000267028809,10.739999771118164,10.300000190734863,10.300000190734863,10.300000190734863,557800
2021-05-11,10.25,10.34000015258789,10.069999694824219,10.289999961853027,10.289999961853027,378500
2021-05-12,10.260000228881836,10.34000015258789,10.140000343322754,10.149999618530273,10.149999618530273,545400
2021-05-13,10.149999618530273,10.59000015258789,10.149999618530273,10.5,10.5,441400
2021-05-14,10.539999961853027,10.680000305175781,10.420000076293945,10.59000015258789,10.59000015258789,319400
2021-05-17,10.569999694824219,10.59000015258789,10.420000076293945,10.5600004196167,10.5600004196167,225000
2021-05-18,10.5,10.550000190734863,10.449999809265137,10.470000267028809,10.470000267028809,580200
2021-05-19,10.350000381469727,10.520000457763672,10.25,10.5,10.5,392700
2021-05-20,10.5600004196167,10.6899995803833,10.5,10.640000343322754,10.640000343322754,392600
2021-05-21,10.729999542236328,10.729999542236328,10.510000228881836,10.630000114440918,10.630000114440918,574200
2021-05-24,10.609999656677246,10.65999984741211,10.520000457763672,10.59000015258789,10.59000015258789,433200
2021-05-25,10.6899995803833,10.6899995803833,10.390000343322754,10.420000076293945,10.420000076293945,748800
2021-05-26,10.390000343322754,10.479999542236328,10.25,10.399999618530273,10.399999618530273,731300
2021-05-27,10.399999618530273,10.670000076293945,10.369999885559082,10.539999961853027,10.539999961853027,688200
2021-05-28,10.59000015258789,10.600000381469727,10.4399995803833,10.520000457763672,10.520000457763672,235000
2021-06-01,10.59000015258789,10.760000228881836,10.520000457763672,10.710000038146973,10.710000038146973,434200
2021-06-02,10.75,10.800000190734863,10.5,10.510000228881836,10.510000228881836,371300
2021-06-03,10.489999771118164,10.630000114440918,10.270000457763672,10.359999656677246,10.359999656677246,389100
2021-06-04,10.319999694824219,10.510000228881836,10.279999732971191,10.5,10.5,410600
2021-06-07,10.539999961853027,11.069999694824219,10.470000267028809,11.020000457763672,11.020000457763672,961900
2021-06-08,11.029999732971191,11.130000114440918,10.800000190734863,10.880000114440918,10.880000114440918,625100
2021-06-09,10.84000015258789,10.90999984741211,10.600000381469727,10.619999885559082,10.619999885559082,581100
2021-06-10,10.6899995803833,10.75,10.579999923706055,10.59000015258789,10.59000015258789,547700
2021-06-11,10.579999923706055,10.850000381469727,10.579999923706055,10.699999809265137,10.699999809265137,470400
2021-06-14,10.649999618530273,10.760000228881836,10.520000457763672,10.59000015258789,10.59000015258789,494500
2021-06-15,10.550000190734863,10.720000267028809,10.489999771118164,10.630000114440918,10.630000114440918,853000
2021-06-16,10.609999656677246,10.710000038146973,10.510000228881836,10.550000190734863,10.550000190734863,1285600
2021-06-17,10.5,10.59000015258789,10.229999542236328,10.319999694824219,10.319999694824219,1495100
2021-06-18,10.149999618530273,10.220000267028809,9.850000381469727,9.890000343322754,9.890000343322754,3385700
2021-06-21,10.0,10.140000343322754,9.930000305175781,10.09000015258789,10.09000015258789,1270300
2021-06-22,10.020000457763672,10.149999618530273,9.970000267028809,10.079999923706055,10.079999923706055,1372000
2021-06-23,10.039999961853027,10.220000267028809,10.039999961853027,10.109999656677246,10.109999656677246,456600
2021-06-24,10.1899995803833,10.34000015258789,10.09000015258789,10.329999923706055,10.329999923706055,407900
2021-06-25,10.329999923706055,10.470000267028809,10.25,10.319999694824219,10.319999694824219,880500
2021-06-28,10.25,10.25,10.09000015258789,10.1899995803833,10.1899995803833,464700
2021-06-29,10.220000267028809,10.279999732971191,10.180000305175781,10.1899995803833,10.1899995803833,239200
2021-06-30,10.140000343322754,10.220000267028809,10.069999694824219,10.069999694824219,10.069999694824219,545600
2021-07-01,10.140000343322754,10.279999732971191,10.069999694824219,10.260000228881836,10.260000228881836,277900
2021-07-02,10.279999732971191,10.300000190734863,10.069999694824219,10.079999923706055,10.079999923706055,224100
2021-07-06,10.09000015258789,10.09000015258789,9.829999923706055,9.90999984741211,9.90999984741211,283700
2021-07-07,9.829999923706055,9.970000267028809,9.779999732971191,9.800000190734863,9.800000190734863,431000
2021-07-08,9.600000381469727,9.739999771118164,9.470000267028809,9.59000015258789,9.59000015258789,358000
2021-07-09,9.720000267028809,9.920000076293945,9.720000267028809,9.899999618530273,9.899999618530273,371000
2021-07-12,9.869999885559082,9.970000267028809,9.8100004196167,9.949999809265137,9.949999809265137,321200
2021-07-13,9.899999618530273,9.949999809265137,9.779999732971191,9.850000381469727,9.850000381469727,661200
2021-07-14,9.869999885559082,9.90999984741211,9.729999542236328,9.800000190734863,9.800000190734863,784200
2021-07-15,9.760000228881836,9.90999984741211,9.670000076293945,9.850000381469727,9.850000381469727,265000
2021-07-16,9.920000076293945,9.930000305175781,9.760000228881836,9.829999923706055,9.829999923706055,371000
2021-07-19,9.699999809265137,9.789999961853027,9.359999656677246,9.369999885559082,9.369999885559082,410200
2021-07-20,9.449999809265137,9.65999984741211,9.449999809265137,9.510000228881836,9.510000228881836,600200
2021-07-21,9.600000381469727,9.789999961853027,9.600000381469727,9.729999542236328,9.729999542236328,256400
2021-07-22,9.680000305175781,9.720000267028809,9.520000457763672,9.579999923706055,9.579999923706055,185200
2021-07-23,9.59000015258789,9.6899995803833,9.489999771118164,9.550000190734863,9.550000190734863,168900
2021-07-26,9.59000015258789,9.680000305175781,9.5600004196167,9.600000381469727,9.600000381469727,151600
2021-07-27,9.5,9.609999656677246,9.350000381469727,9.600000381469727,9.600000381469727,222500
2021-07-28,9.600000381469727,9.800000190734863,9.420000076293945,9.579999923706055,9.579999923706055,265100
2021-07-29,9.710000038146973,9.800000190734863,9.640000343322754,9.710000038146973,9.710000038146973,195800
2021-07-30,9.739999771118164,9.8100004196167,9.699999809265137,9.800000190734863,9.800000190734863,424400
2021-08-02,9.800000190734863,9.970000267028809,9.619999885559082,9.680000305175781,9.680000305175781,341800
2021-08-03,9.75,9.75,9.529999732971191,9.649999618530273,9.649999618530273,378200
2021-08-04,9.470000267028809,9.5600004196167,9.329999923706055,9.34000015258789,9.34000015258789,290900
2021-08-05,9.34000015258789,9.479999542236328,9.270000457763672,9.4399995803833,9.4399995803833,226800
2021-08-06,9.470000267028809,9.729999542236328,9.3100004196167,9.699999809265137,9.699999809265137,678500
2021-08-09,9.619999885559082,9.819999694824219,9.579999923706055,9.710000038146973,9.710000038146973,383700
2021-08-10,9.760000228881836,9.899999618530273,9.600000381469727,9.84000015258789,9.84000015258789,438300
2021-08-11,9.850000381469727,9.960000038146973,9.729999542236328,9.90999984741211,9.90999984741211,311900
2021-08-12,9.930000305175781,9.9399995803833,9.760000228881836,9.899999618530273,9.899999618530273,302300
2021-08-13,9.859999656677246,9.9399995803833,9.729999542236328,9.890000343322754,9.890000343322754,208800
2021-08-16,9.819999694824219,9.899999618530273,9.75,9.829999923706055,9.829999923706055,278400
2021-08-17,9.760000228881836,9.789999961853027,9.600000381469727,9.699999809265137,9.699999809265137,311400
2021-08-18,9.65999984741211,9.779999732971191,9.619999885559082,9.670000076293945,9.670000076293945,286600
2021-08-19,9.550000190734863,9.619999885559082,9.4399995803833,9.600000381469727,9.600000381469727,410800
2021-08-20,9.5600004196167,9.819999694824219,9.5600004196167,9.779999732971191,9.779999732971191,484100
2021-08-23,9.829999923706055,9.890000343322754,9.760000228881836,9.859999656677246,9.859999656677246,237700
2021-08-24,9.850000381469727,9.90999984741211,9.760000228881836,9.859999656677246,9.859999656677246,322300
2021-08-25,9.829999923706055,9.960000038146973,9.819999694824219,9.850000381469727,9.850000381469727,384100
2021-08-26,9.850000381469727,9.930000305175781,9.729999542236328,9.8100004196167,9.8100004196167,483100
2021-08-27,9.800000190734863,10.079999923706055,9.789999961853027,10.069999694824219,10.069999694824219,521500
2021-08-30,10.069999694824219,10.180000305175781,9.949999809265137,9.949999809265137,9.949999809265137,280400
2021-08-31,10.0,10.029999732971191,9.800000190734863,9.8100004196167,9.8100004196167,318500
2021-09-01,9.8100004196167,9.819999694824219,9.619999885559082,9.630000114440918,9.630000114440918,253400
2021-09-02,9.640000343322754,9.710000038146973,9.380000114440918,9.40999984741211,9.40999984741211,296300
2021-09-03,9.380000114440918,9.470000267028809,9.34000015258789,9.449999809265137,9.449999809265137,315000
2021-09-07,9.420000076293945,9.420000076293945,9.220000267028809,9.350000381469727,9.350000381469727,734400
2021-09-08,9.289999961853027,9.3100004196167,9.050000190734863,9.170000076293945,9.170000076293945,709200
2021-09-09,9.100000381469727,9.199999809265137,8.949999809265137,9.050000190734863,9.050000190734863,548900
2021-09-10,9.100000381469727,9.109999656677246,8.779999732971191,8.859999656677246,8.859999656677246,537700
2021-09-13,8.970000267028809,9.180000305175781,8.869999885559082,9.170000076293945,9.170000076293945,716100
2021-09-14,9.210000038146973,9.229999542236328,9.069999694824219,9.180000305175781,9.180000305175781,782700
2021-09-15,9.149999618530273,9.210000038146973,8.989999771118164,9.170000076293945,9.170000076293945,1494900
2021-09-16,9.239999771118164,9.390000343322754,9.119999885559082,9.300000190734863,9.300000190734863,1278300
2021-09-17,9.149999618530273,9.40999984741211,9.149999618530273,9.319999694824219,9.319999694824219,2647100
2021-09-20,9.170000076293945,9.239999771118164,9.069999694824219,9.229999542236328,9.229999542236328,1620400
2021-09-21,9.279999732971191,9.300000190734863,8.989999771118164,9.149999618530273,9.149999618530273,1318200
2021-09-22,9.199999809265137,9.399999618530273,9.149999618530273,9.3100004196167,9.3100004196167,502900
2021-09-23,9.390000343322754,9.550000190734863,9.34000015258789,9.399999618530273,9.399999618530273,354300
2021-09-24,9.430000305175781,9.489999771118164,9.359999656677246,9.359999656677246,9.359999656677246,581100
2021-09-27,9.380000114440918,9.539999961853027,9.359999656677246,9.369999885559082,9.369999885559082,351700
2021-09-28,9.40999984741211,9.430000305175781,9.199999809265137,9.239999771118164,9.239999771118164,299300
2021-09-29,9.3100004196167,9.369999885559082,9.15999984741211,9.350000381469727,9.350000381469727,192500
2021-09-30,9.40999984741211,9.5,9.25,9.260000228881836,9.260000228881836,383200
2021-10-01,9.3100004196167,9.4399995803833,9.239999771118164,9.369999885559082,9.369999885559082,423400
2021-10-04,9.390000343322754,9.5600004196167,9.270000457763672,9.3100004196167,9.3100004196167,480700
2021-10-05,9.350000381469727,9.479999542236328,9.220000267028809,9.390000343322754,9.390000343322754,423800
2021-10-06,9.369999885559082,9.430000305175781,9.229999542236328,9.399999618530273,9.399999618530273,352300
2021-10-07,9.470000267028809,9.600000381469727,9.449999809265137,9.449999809265137,9.449999809265137,865000
2021-10-08,9.449999809265137,9.529999732971191,9.399999618530273,9.40999984741211,9.40999984741211,447400
2021-10-11,9.479999542236328,9.609999656677246,9.300000190734863,9.3100004196167,9.3100004196167,297200
2021-10-12,9.319999694824219,9.430000305175781,9.279999732971191,9.279999732971191,9.279999732971191,325700
2021-10-13,9.289999961853027,9.289999961853027,9.09000015258789,9.289999961853027,9.289999961853027,928900
2021-10-14,9.350000381469727,9.489999771118164,9.300000190734863,9.470000267028809,9.470000267028809,220800
2021-10-15,9.579999923706055,9.619999885559082,9.40999984741211,9.420000076293945,9.420000076293945,254600
2021-10-18,9.40999984741211,9.40999984741211,9.3100004196167,9.319999694824219,9.319999694824219,157800
2021-10-19,9.329999923706055,9.40999984741211,9.180000305175781,9.1899995803833,9.1899995803833,193800
2021-10-20,9.15999984741211,9.319999694824219,9.130000114440918,9.289999961853027,9.289999961853027,270400
2021-10-21,9.289999961853027,9.359999656677246,9.260000228881836,9.350000381469727,9.350000381469727,180700
2021-10-22,9.380000114440918,9.449999809265137,9.329999923706055,9.420000076293945,9.420000076293945,232900
2021-10-25,9.420000076293945,9.510000228881836,9.350000381469727,9.489999771118164,9.489999771118164,159100
2021-10-26,9.489999771118164,9.489999771118164,9.369999885559082,9.369999885559082,9.369999885559082,227400
2021-10-27,9.3100004196167,9.40999984741211,9.260000228881836,9.3100004196167,9.3100004196167,315400
2021-10-28,9.369999885559082,9.479999542236328,9.350000381469727,9.399999618530273,9.399999618530273,199500
2021-10-29,9.399999618530273,9.430000305175781,9.34000015258789,9.399999618530273,9.399999618530273,362700
2021-11-01,9.420000076293945,9.640000343322754,9.399999618530273,9.619999885559082,9.619999885559082,304500
2021-11-02,9.640000343322754,9.65999984741211,9.529999732971191,9.640000343322754,9.640000343322754,244300
2021-11-03,9.649999618530273,9.9399995803833,9.609999656677246,9.899999618530273,9.899999618530273,267100
2021-11-04,10.0,10.0,9.289999961853027,9.550000190734863,9.550000190734863,738900
2021-11-05,9.609999656677246,9.880000114440918,9.59000015258789,9.8100004196167,9.8100004196167,298800
2021-11-08,9.800000190734863,9.859999656677246,9.720000267028809,9.850000381469727,9.850000381469727,273600
2021-11-09,9.979999542236328,9.979999542236328,9.609999656677246,9.630000114440918,9.630000114440918,1765400
2021-11-10,9.600000381469727,9.609999656677246,9.289999961853027,9.3100004196167,9.3100004196167,462600
2021-11-11,9.319999694824219,9.319999694824219,9.100000381469727,9.300000190734863,9.300000190734863,239900
2021-11-12,9.329999923706055,9.329999923706055,8.989999771118164,9.029999732971191,9.029999732971191,427000
2021-11-15,9.069999694824219,9.109999656677246,8.779999732971191,8.949999809265137,8.949999809265137,1066000
2021-11-16,8.970000267028809,9.069999694824219,8.899999618530273,8.970000267028809,8.970000267028809,269600
2021-11-17,8.90999984741211,8.979999542236328,8.829999923706055,8.970000267028809,8.970000267028809,378000
2021-11-18,8.890000343322754,8.989999771118164,8.609999656677246,8.619999885559082,8.619999885559082,302500
2021-11-19,8.5,8.5600004196167,8.359999656677246,8.520000457763672,8.520000457763672,690700
2021-11-22,8.520000457763672,8.779999732971191,8.520000457763672,8.680000305175781,8.680000305175781,297300
2021-11-23,8.640000343322754,8.739999771118164,8.510000228881836,8.539999961853027,8.539999961853027,274000
2021-11-24,8.510000228881836,8.510000228881836,8.289999961853027,8.329999923706055,8.329999923706055,263800
2021-11-26,8.079999923706055,8.079999923706055,7.639999866485596,7.809999942779541,7.809999942779541,234100
2021-11-29,7.900000095367432,7.920000076293945,7.480000019073486,7.789999961853027,7.789999961853027,751300
2021-11-30,7.690000057220459,7.739999771118164,7.539999961853027,7.699999809265137,7.699999809265137,671600
2021-12-01,7.909999847412109,8.020000457763672,7.630000114440918,7.639999866485596,7.639999866485596,370200
2021-12-02,7.71999979019165,7.809999942779541,7.679999828338623,7.699999809265137,7.699999809265137,502500
2021-12-03,7.769999980926514,7.769999980926514,7.550000190734863,7.610000133514404,7.610000133514404,309100
2021-12-06,7.699999809265137,7.929999828338623,7.699999809265137,7.860000133514404,7.860000133514404,251100
2021-12-07,7.920000076293945,8.020000457763672,7.900000095367432,7.949999809265137,7.949999809265137,177000
2021-12-08,7.960000038146973,8.130000114440918,7.880000114440918,8.010000228881836,8.010000228881836,159200
2021-12-09,7.929999828338623,8.130000114440918,7.900000095367432,8.109999656677246,8.109999656677246,221000
2021-12-10,8.119999885559082,8.210000038146973,8.069999694824219,8.210000038146973,8.210000038146973,201300
2021-12-13,8.15999984741211,8.449999809265137,8.149999618530273,8.40999984741211,8.40999984741211,462500
2021-12-14,8.4399995803833,8.600000381469727,8.279999732971191,8.289999961853027,8.289999961853027,313500
2021-12-15,8.220000267028809,8.4399995803833,8.140000343322754,8.420000076293945,8.420000076293945,526500
2021-12-16,8.449999809265137,8.510000228881836,8.210000038146973,8.289999961853027,8.289999961853027,434800
2021-12-17,8.239999771118164,8.449999809265137,8.210000038146973,8.359999656677246,8.359999656677246,1593400
2021-12-20,8.229999542236328,8.229999542236328,7.949999809265137,8.109999656677246,8.109999656677246,493100
2021-12-21,8.1899995803833,8.329999923706055,8.069999694824219,8.140000343322754,8.140000343322754,255100
2021-12-22,8.069999694824219,8.180000305175781,8.039999961853027,8.149999618530273,8.149999618530273,304600
2021-12-23,8.199999809265137,8.279999732971191,8.15999984741211,8.25,8.25,138700
2021-12-27,8.329999923706055,8.329999923706055,8.119999885559082,8.180000305175781,8.180000305175781,270200
2021-12-28,8.210000038146973,8.359999656677246,8.210000038146973,8.3100004196167,8.3100004196167,295400
2021-12-29,8.359999656677246,8.369999885559082,8.1899995803833,8.239999771118164,8.239999771118164,310700
2021-12-30,8.279999732971191,8.40999984741211,8.130000114440918,8.140000343322754,8.140000343322754,255000
2021-12-31,8.130000114440918,8.25,8.109999656677246,8.130000114440918,8.130000114440918,177600
2022-01-03,8.239999771118164,8.369999885559082,8.210000038146973,8.359999656677246,8.359999656677246,239700
2022-01-04,8.380000114440918,8.569999694824219,8.319999694824219,8.40999984741211,8.40999984741211,365100
2022-01-05,8.420000076293945,8.5600004196167,8.350000381469727,8.369999885559082,8.369999885559082,164900
2022-01-06,8.40999984741211,8.529999732971191,8.350000381469727,8.40999984741211,8.40999984741211,299000
2022-01-07,8.34000015258789,8.510000228881836,8.34000015258789,8.470000267028809,8.470000267028809,308100
2022-01-10,8.520000457763672,8.579999923706055,8.390000343322754,8.5,8.5,252900
2022-01-11,8.5,8.539999961853027,8.3100004196167,8.539999961853027,8.539999961853027,266600
2022-01-12,8.520000457763672,8.600000381469727,8.279999732971191,8.279999732971191,8.279999732971191,250400
2022-01-13,8.300000190734863,8.359999656677246,8.149999618530273,8.210000038146973,8.210000038146973,196700
2022-01-14,8.119999885559082,8.180000305175781,8.0600004196167,8.180000305175781,8.180000305175781,283000
2022-01-18,8.149999618530273,8.170000076293945,8.010000228881836,8.020000457763672,8.020000457763672,254000
2022-01-19,8.0,8.069999694824219,7.909999847412109,7.920000076293945,7.920000076293945,271900
2022-01-20,7.949999809265137,8.140000343322754,7.949999809265137,8.069999694824219,8.069999694824219,377900
2022-01-21,8.0600004196167,8.279999732971191,8.020000457763672,8.1899995803833,8.1899995803833,377500
2022-01-24,8.140000343322754,8.380000114440918,8.020000457763672,8.350000381469727,8.350000381469727,355500
2022-01-25,8.329999923706055,8.4399995803833,8.069999694824219,8.369999885559082,8.369999885559082,181600
2022-01-26,8.380000114440918,8.529999732971191,8.149999618530273,8.279999732971191,8.279999732971191,298900
2022-01-27,8.180000305175781,8.319999694824219,8.079999923706055,8.1899995803833,8.1899995803833,266000
2022-01-28,8.149999618530273,8.399999618530273,8.140000343322754,8.399999618530273,8.399999618530273,256700
2022-01-31,8.3100004196167,8.5,8.25,8.470000267028809,8.470000267028809,322800
2022-02-01,8.4399995803833,8.5,8.350000381469727,8.470000267028809,8.470000267028809,203500
2022-02-02,8.470000267028809,8.630000114440918,8.40999984741211,8.619999885559082,8.619999885559082,315800
2022-02-03,8.600000381469727,8.65999984741211,8.460000038146973,8.489999771118164,8.489999771118164,212600
2022-02-04,8.359999656677246,8.510000228881836,8.300000190734863,8.460000038146973,8.460000038146973,247800
2022-02-07,8.4399995803833,8.539999961853027,8.34000015258789,8.350000381469727,8.350000381469727,152400
2022-02-08,8.430000305175781,8.579999923706055,8.40999984741211,8.5600004196167,8.5600004196167,229100
2022-02-09,8.619999885559082,8.619999885559082,8.359999656677246,8.430000305175781,8.430000305175781,202000
2022-02-10,8.34000015258789,8.489999771118164,8.220000267028809,8.279999732971191,8.279999732971191,228500
2022-02-11,8.350000381469727,8.390000343322754,8.220000267028809,8.3100004196167,8.3100004196167,162700
2022-02-14,8.34000015258789,8.380000114440918,8.140000343322754,8.270000457763672,8.270000457763672,270300
2022-02-15,8.329999923706055,8.510000228881836,8.3100004196167,8.329999923706055,8.329999923706055,154200
2022-02-16,8.359999656677246,8.40999984741211,8.279999732971191,8.399999618530273,8.399999618530273,238900
2022-02-17,8.279999732971191,8.3100004196167,8.180000305175781,8.270000457763672,8.270000457763672,245400
2022-02-18,8.170000076293945,8.3100004196167,8.010000228881836,8.220000267028809,8.220000267028809,527200
2022-02-22,8.279999732971191,8.300000190734863,8.100000381469727,8.130000114440918,8.130000114440918,159900
2022-02-23,8.130000114440918,8.229999542236328,7.960000038146973,7.96999979019165,7.96999979019165,175000
2022-02-24,7.809999942779541,7.900000095367432,7.679999828338623,7.840000152587891,7.840000152587891,163300
2022-02-25,8.0,8.0,7.400000095367432,7.449999809265137,7.449999809265137,287600
2022-02-28,7.340000152587891,7.389999866485596,7.199999809265137,7.389999866485596,7.389999866485596,527000
2022-03-01,7.349999904632568,7.360000133514404,6.980000019073486,7.130000114440918,7.130000114440918,631900
2022-03-02,7.170000076293945,7.329999923706055,7.059999942779541,7.300000190734863,7.300000190734863,451700
2022-03-03,7.289999961853027,7.289999961853027,7.119999885559082,7.269999980926514,7.269999980926514,282500
2022-03-04,7.159999847412109,7.230000019073486,7.070000171661377,7.199999809265137,7.199999809265137,434900
2022-03-07,7.150000095367432,7.190000057220459,7.019999980926514,7.110000133514404,7.110000133514404,385500
2022-03-08,7.199999809265137,7.28000020980835,7.039999961853027,7.119999885559082,7.119999885559082,325500
2022-03-09,7.210000038146973,7.369999885559082,7.210000038146973,7.360000133514404,7.360000133514404,281200
2022-03-10,7.230000019073486,7.25,7.03000020980835,7.139999866485596,7.139999866485596,494800
2022-03-11,7.130000114440918,7.190000057220459,6.630000114440918,6.630000114440918,6.630000114440918,408200
2022-03-14,6.730000019073486,6.909999847412109,6.559999942779541,6.840000152587891,6.840000152587891,642100
2022-03-15,6.900000095367432,7.139999866485596,6.849999904632568,6.960000038146973,6.960000038146973,645700
2022-03-16,6.980000019073486,7.230000019073486,6.980000019073486,7.199999809265137,7.199999809265137,701400
2022-03-17,7.110000133514404,7.519999980926514,7.110000133514404,7.480000019073486,7.480000019073486,439100
2022-03-18,7.519999980926514,7.519999980926514,7.119999885559082,7.510000228881836,7.510000228881836,1078300
2022-03-21,7.489999771118164,7.579999923706055,7.309999942779541,7.409999847412109,7.409999847412109,571100
2022-03-22,7.409999847412109,7.599999904632568,7.380000114440918,7.429999828338623,7.429999828338623,346400
2022-03-23,7.360000133514404,7.460000038146973,7.349999904632568,7.400000095367432,7.400000095367432,267500
2022-03-24,7.409999847412109,7.559999942779541,7.400000095367432,7.550000190734863,7.550000190734863,188200
2022-03-25,7.619999885559082,7.710000038146973,7.579999923706055,7.639999866485596,7.639999866485596,213400
2022-03-28,7.610000133514404,7.659999847412109,7.460000038146973,7.610000133514404,7.610000133514404,217400
2022-03-29,7.670000076293945,7.809999942779541,7.619999885559082,7.690000057220459,7.690000057220459,255700
2022-03-30,7.75,7.809999942779541,7.449999809265137,7.519999980926514,7.519999980926514,326400
2022-03-31,7.480000019073486,7.619999885559082,7.46999979019165,7.480000019073486,7.480000019073486,244600
2022-04-01,7.519999980926514,7.599999904632568,7.429999828338623,7.519999980926514,7.519999980926514,340000
2022-04-04,7.389999866485596,7.46999979019165,7.239999771118164,7.320000171661377,7.320000171661377,384500
2022-04-05,7.269999980926514,7.309999942779541,6.96999979019165,6.989999771118164,6.989999771118164,458800
2022-04-06,6.940000057220459,6.980000019073486,6.760000228881836,6.760000228881836,6.760000228881836,363100
2022-04-07,6.800000190734863,6.800000190734863,6.539999961853027,6.610000133514404,6.610000133514404,993900
2022-04-08,6.590000152587891,6.599999904632568,6.389999866485596,6.480000019073486,6.480000019073486,416400
2022-04-11,6.519999980926514,6.710000038146973,6.460000038146973,6.510000228881836,6.510000228881836,417800
2022-04-12,6.539999961853027,6.670000076293945,6.420000076293945,6.429999828338623,6.429999828338623,599000
2022-04-13,6.449999809265137,6.599999904632568,6.400000095367432,6.539999961853027,6.539999961853027,415700
2022-04-14,6.550000190734863,6.599999904632568,6.429999828338623,6.480000019073486,6.480000019073486,310500
2022-04-18,6.420000076293945,6.670000076293945,6.420000076293945,6.659999847412109,6.659999847412109,431700
2022-04-19,6.610000133514404,6.699999809265137,6.599999904632568,6.670000076293945,6.670000076293945,634900
2022-04-20,6.829999923706055,6.960000038146973,6.699999809265137,6.940000057220459,6.940000057220459,760100
2022-04-21,7.0,7.079999923706055,6.840000152587891,6.900000095367432,6.900000095367432,609400
2022-04-22,6.889999866485596,6.909999847412109,6.679999828338623,6.760000228881836,6.760000228881836,519400
2022-04-25,6.739999771118164,6.739999771118164,6.570000171661377,6.699999809265137,6.699999809265137,452300
2022-04-26,6.639999866485596,6.650000095367432,6.480000019073486,6.590000152587891,6.590000152587891,582900
2022-04-27,6.610000133514404,6.730000019073486,6.5,6.539999961853027,6.539999961853027,482900
2022-04-28,6.650000095367432,6.650000095367432,6.400000095367432,6.610000133514404,6.610000133514404,406600
2022-04-29,6.519999980926514,6.590000152587891,6.230000019073486,6.28000020980835,6.28000020980835,491600
2022-05-02,6.300000190734863,6.309999942779541,5.78000020980835,5.789999961853027,5.789999961853027,1314800
2022-05-03,5.849999904632568,6.079999923706055,5.829999923706055,5.849999904632568,5.849999904632568,491100
2022-05-04,5.880000114440918,6.070000171661377,5.769999980926514,6.070000171661377,6.070000171661377,548700
2022-05-05,5.96999979019165,6.0,5.5,5.980000019073486,5.980000019073486,1002600
2022-05-06,5.940000057220459,6.21999979019165,5.869999885559082,5.909999847412109,5.909999847412109,948100
2022-05-09,5.820000171661377,6.090000152587891,5.820000171661377,5.960000038146973,5.960000038146973,742400
2022-05-10,6.050000190734863,6.099999904632568,5.840000152587891,6.0,6.0,444100
2022-05-11,6.0,6.199999809265137,5.989999771118164,6.059999942779541,6.059999942779541,515400
2022-05-12,6.079999923706055,6.079999923706055,5.869999885559082,6.0,6.0,430900
2022-05-13,6.0,6.130000114440918,5.949999809265137,6.050000190734863,6.050000190734863,492900
2022-05-16,5.980000019073486,6.099999904632568,5.880000114440918,5.960000038146973,5.960000038146973,629100
2022-05-17,6.03000020980835,6.199999809265137,6.03000020980835,6.099999904632568,6.099999904632568,784600
2022-05-18,6.03000020980835,6.21999979019165,5.800000190734863,5.889999866485596,5.889999866485596,999100
2022-05-19,5.860000133514404,5.929999828338623,5.71999979019165,5.869999885559082,5.869999885559082,696100
2022-05-20,5.920000076293945,5.96999979019165,5.650000095367432,5.75,5.75,694100
2022-05-23,5.860000133514404,5.860000133514404,5.710000038146973,5.829999923706055,5.829999923706055,572500
2022-05-24,5.860000133514404,6.010000228881836,5.730000019073486,6.0,6.0,512400
2022-05-25,5.940000057220459,5.989999771118164,5.690000057220459,5.699999809265137,5.699999809265137,1338500
2022-05-26,5.690000057220459,5.690000057220459,5.5,5.599999904632568,5.599999904632568,948500
2022-05-27,5.610000133514404,5.75,5.559999942779541,5.690000057220459,5.690000057220459,1367600
2022-05-31,5.690000057220459,5.690000057220459,5.579999923706055,5.599999904632568,5.599999904632568,693100
2022-06-01,5.599999904632568,5.610000133514404,5.46999979019165,5.53000020980835,5.53000020980835,605500
2022-06-02,5.46999979019165,5.619999885559082,5.46999979019165,5.559999942779541,5.559999942779541,578500
2022-06-03,5.46999979019165,5.550000190734863,5.349999904632568,5.380000114440918,5.380000114440918,604100
2022-06-06,5.460000038146973,5.599999904632568,5.449999809265137,5.53000020980835,5.53000020980835,1026600
2022-06-07,5.400000095367432,5.519999980926514,5.400000095367432,5.510000228881836,5.510000228881836,547800
2022-06-08,5.5,5.53000020980835,5.409999847412109,5.5,5.5,625300
2022-06-09,5.5,5.590000152587891,5.440000057220459,5.46999979019165,5.46999979019165,821200
2022-06-10,5.380000114440918,5.449999809265137,5.260000228881836,5.360000133514404,5.360000133514404,682100
2022-06-13,5.21999979019165,5.349999904632568,5.210000038146973,5.269999980926514,5.269999980926514,847000
2022-06-14,5.300000190734863,5.369999885559082,5.230000019073486,5.300000190734863,5.300000190734863,612400
2022-06-15,5.420000076293945,5.510000228881836,5.349999904632568,5.46999979019165,5.46999979019165,1153600
2022-06-16,5.409999847412109,5.440000057220459,5.239999771118164,5.289999961853027,5.289999961853027,660400
2022-06-17,5.190000057220459,5.369999885559082,5.190000057220459,5.320000171661377,5.320000171661377,819500
2022-06-21,5.429999828338623,5.460000038146973,5.349999904632568,5.389999866485596,5.389999866485596,932100
2022-06-22,5.349999904632568,5.510000228881836,5.349999904632568,5.409999847412109,5.409999847412109,705400
2022-06-23,5.420000076293945,5.449999809265137,5.309999942779541,5.349999904632568,5.349999904632568,341200
2022-06-24,5.429999828338623,5.559999942779541,5.349999904632568,5.519999980926514,5.519999980926514,1569300
2022-06-27,5.550000190734863,5.559999942779541,5.460000038146973,5.489999771118164,5.489999771118164,527700
2022-06-28,5.559999942779541,5.679999828338623,5.46999979019165,5.489999771118164,5.489999771118164,852700
2022-06-29,5.46999979019165,5.510000228881836,5.309999942779541,5.369999885559082,5.369999885559082,530500
2022-06-30,5.320000171661377,5.429999828338623,5.230000019073486,5.420000076293945,5.420000076293945,615100
2022-07-01,5.420000076293945,5.539999961853027,5.360000133514404,5.539999961853027,5.539999961853027,427800
2022-07-05,5.489999771118164,5.489999771118164,5.300000190734863,5.489999771118164,5.489999771118164,757700
2022-07-06,5.539999961853027,5.539999961853027,5.409999847412109,5.480000019073486,5.480000019073486,485200
2022-07-07,5.550000190734863,5.610000133514404,5.400000095367432,5.409999847412109,5.409999847412109,291900
2022-07-08,5.409999847412109,5.409999847412109,5.159999847412109,5.170000076293945,5.170000076293945,441000
2022-07-11,5.050000190734863,5.110000133514404,4.579999923706055,4.590000152587891,4.590000152587891,591500
2022-07-12,4.53000020980835,4.630000114440918,4.46999979019165,4.570000171661377,4.570000171661377,822400
2022-07-13,4.480000019073486,4.639999866485596,4.449999809265137,4.619999885559082,4.619999885559082,577500
2022-07-14,4.550000190734863,4.570000171661377,4.329999923706055,4.360000133514404,4.360000133514404,443400
2022-07-15,4.449999809265137,4.489999771118164,4.260000228881836,4.380000114440918,4.380000114440918,378800
2022-07-18,4.409999847412109,4.46999979019165,4.329999923706055,4.429999828338623,4.429999828338623,443400
2022-07-19,4.5,4.679999828338623,4.449999809265137,4.619999885559082,4.619999885559082,555200
2022-07-20,4.590000152587891,4.670000076293945,4.510000228881836,4.539999961853027,4.539999961853027,415800
2022-07-21,4.460000038146973,4.550000190734863,4.360000133514404,4.550000190734863,4.550000190734863,453500
2022-07-22,4.539999961853027,4.550000190734863,4.440000057220459,4.510000228881836,4.510000228881836,335700
2022-07-25,4.519999980926514,4.699999809265137,4.46999979019165,4.599999904632568,4.599999904632568,525800
2022-07-26,4.590000152587891,4.630000114440918,4.5,4.53000020980835,4.53000020980835,276900
2022-07-27,4.599999904632568,4.639999866485596,4.389999866485596,4.559999942779541,4.559999942779541,1195100
2022-07-28,4.539999961853027,4.599999904632568,4.329999923706055,4.429999828338623,4.429999828338623,1182900
2022-07-29,4.46999979019165,4.489999771118164,4.329999923706055,4.380000114440918,4.380000114440918,752300
2022-08-01,4.320000171661377,4.320000171661377,4.199999809265137,4.210000038146973,4.210000038146973,844600
2022-08-02,4.170000076293945,4.230000019073486,4.070000171661377,4.159999847412109,4.159999847412109,1735100
2022-08-03,4.230000019073486,4.230000019073486,4.079999923706055,4.179999828338623,4.179999828338623,1362900
2022-08-04,4.260000228881836,4.570000171661377,4.230000019073486,4.360000133514404,4.360000133514404,1250900
2022-08-05,4.300000190734863,4.440000057220459,4.269999980926514,4.420000076293945,4.420000076293945,843300
2022-08-08,4.449999809265137,4.559999942779541,4.349999904632568,4.489999771118164,4.489999771118164,695500
2022-08-09,4.5,4.579999923706055,4.480000019073486,4.519999980926514,4.519999980926514,713200
2022-08-10,4.590000152587891,4.630000114440918,4.489999771118164,4.590000152587891,4.590000152587891,629300
2022-08-11,4.630000114440918,4.650000095367432,4.53000020980835,4.570000171661377,4.570000171661377,496400
2022-08-12,4.599999904632568,4.710000038146973,4.570000171661377,4.679999828338623,4.679999828338623,535500
2022-08-15,4.650000095367432,4.650000095367432,4.519999980926514,4.519999980926514,4.519999980926514,462500
2022-08-16,4.510000228881836,4.510000228881836,4.349999904632568,4.420000076293945,4.420000076293945,1049400
2022-08-17,4.380000114440918,4.429999828338623,4.340000152587891,4.420000076293945,4.420000076293945,1056300
2022-08-18,4.46999979019165,4.559999942779541,4.420000076293945,4.519999980926514,4.519999980926514,707800
2022-08-19,4.5,4.5,4.380000114440918,4.409999847412109,4.409999847412109,2388800
2022-08-22,4.389999866485596,4.400000095367432,4.230000019073486,4.260000228881836,4.260000228881836,901100
2022-08-23,4.28000020980835,4.329999923706055,4.239999771118164,4.28000020980835,4.28000020980835,814900
2022-08-24,4.309999942779541,4.349999904632568,4.21999979019165,4.239999771118164,4.239999771118164,590800
2022-08-25,4.21999979019165,4.449999809265137,4.21999979019165,4.440000057220459,4.440000057220459,970700
2022-08-26,4.429999828338623,4.489999771118164,4.349999904632568,4.429999828338623,4.429999828338623,765100
2022-08-29,4.400000095367432,4.480000019073486,4.360000133514404,4.460000038146973,4.460000038146973,389500
2022-08-30,4.460000038146973,4.5,4.400000095367432,4.460000038146973,4.460000038146973,417700
2022-08-31,4.460000038146973,4.550000190734863,4.449999809265137,4.46999979019165,4.46999979019165,517500
2022-09-01,4.460000038146973,4.599999904632568,4.420000076293945,4.570000171661377,4.570000171661377,425200
2022-09-02,4.619999885559082,4.699999809265137,4.550000190734863,4.610000133514404,4.610000133514404,408700
2022-09-06,4.630000114440918,4.630000114440918,4.420000076293945,4.559999942779541,4.559999942779541,631400
2022-09-07,4.559999942779541,4.929999828338623,4.550000190734863,4.889999866485596,4.889999866485596,609500
2022-09-08,4.840000152587891,4.960000038146973,4.800000190734863,4.949999809265137,4.949999809265137,422400
2022-09-09,5.019999980926514,5.019999980926514,4.889999866485596,4.940000057220459,4.940000057220459,426100
2022-09-12,4.980000019073486,5.019999980926514,4.849999904632568,4.920000076293945,4.920000076293945,423100
2022-09-13,4.800000190734863,4.880000114440918,4.789999961853027,4.840000152587891,4.840000152587891,361200
2022-09-14,4.880000114440918,4.880000114440918,4.71999979019165,4.869999885559082,4.869999885559082,414800
2022-09-15,4.820000171661377,5.0,4.769999980926514,4.96999979019165,4.96999979019165,357800
2022-09-16,4.920000076293945,4.960000038146973,4.829999923706055,4.949999809265137,4.949999809265137,977100
2022-09-19,4.940000057220459,5.059999942779541,4.889999866485596,5.03000020980835,5.03000020980835,500300
2022-09-20,4.940000057220459,5.03000020980835,4.860000133514404,5.0,5.0,355500
2022-09-21,4.989999771118164,5.03000020980835,4.909999847412109,4.929999828338623,4.929999828338623,395300
2022-09-22,4.909999847412109,4.909999847412109,4.5,4.570000171661377,4.570000171661377,476900
2022-09-23,4.570000171661377,4.650000095367432,4.539999961853027,4.610000133514404,4.610000133514404,426000
2022-09-26,4.570000171661377,4.590000152587891,4.519999980926514,4.559999942779541,4.559999942779541,569700
2022-09-27,4.590000152587891,4.699999809265137,4.53000020980835,4.679999828338623,4.679999828338623,584700
2022-09-28,4.71999979019165,4.929999828338623,4.650000095367432,4.869999885559082,4.869999885559082,695700
2022-09-29,4.809999942779541,4.940000057220459,4.710000038146973,4.900000095367432,4.900000095367432,511400
2022-09-30,4.920000076293945,5.050000190734863,4.889999866485596,4.949999809265137,4.949999809265137,1203400
2022-10-03,5.0,5.130000114440918,4.889999866485596,5.130000114440918,5.130000114440918,842500
2022-10-04,5.139999866485596,5.360000133514404,5.139999866485596,5.329999923706055,5.329999923706055,871600
2022-10-05,5.210000038146973,5.269999980926514,4.989999771118164,5.019999980926514,5.019999980926514,629200
2022-10-06,5.010000228881836,5.059999942779541,4.929999828338623,5.03000020980835,5.03000020980835,445500
2022-10-07,5.0,5.019999980926514,4.800000190734863,4.809999942779541,4.809999942779541,855700
2022-10-10,4.860000133514404,5.099999904632568,4.829999923706055,5.070000171661377,5.070000171661377,456000
2022-10-11,5.059999942779541,5.110000133514404,4.889999866485596,4.900000095367432,4.900000095367432,578800
2022-10-12,4.889999866485596,4.889999866485596,4.599999904632568,4.599999904632568,4.599999904632568,557500
2022-10-13,4.489999771118164,5.039999961853027,4.420000076293945,5.0,5.0,986100
2022-10-14,5.03000020980835,5.099999904632568,4.920000076293945,5.0,5.0,611300
2022-10-17,5.099999904632568,5.28000020980835,5.099999904632568,5.25,5.25,592200
2022-10-18,5.340000152587891,5.440000057220459,5.25,5.289999961853027,5.289999961853027,786200
2022-10-19,5.25,5.550000190734863,5.21999979019165,5.519999980926514,5.519999980926514,630100
2022-10-20,5.46999979019165,5.570000171661377,5.400000095367432,5.480000019073486,5.480000019073486,1439400
2022-10-21,5.559999942779541,5.679999828338623,5.429999828338623,5.659999847412109,5.659999847412109,1216900
2022-10-24,5.730000019073486,5.820000171661377,5.579999923706055,5.769999980926514,5.769999980926514,501400
2022-10-25,5.710000038146973,5.860000133514404,5.639999866485596,5.71999979019165,5.71999979019165,823400
2022-10-26,5.789999961853027,5.949999809265137,5.630000114440918,5.650000095367432,5.650000095367432,584800
2022-10-27,5.71999979019165,6.159999847412109,5.71999979019165,5.929999828338623,5.929999828338623,878100
2022-10-28,5.949999809265137,6.190000057220459,5.929999828338623,6.150000095367432,6.150000095367432,588100
2022-10-31,6.199999809265137,6.489999771118164,6.130000114440918,6.420000076293945,6.420000076293945,604700
2022-11-01,6.429999828338623,6.550000190734863,6.389999866485596,6.440000057220459,6.440000057220459,427500
2022-11-02,6.440000057220459,6.559999942779541,6.269999980926514,6.349999904632568,6.349999904632568,467500
2022-11-03,6.159999847412109,6.159999847412109,5.150000095367432,5.409999847412109,5.409999847412109,750900
2022-11-04,5.400000095367432,5.849999904632568,5.400000095367432,5.840000152587891,5.840000152587891,543600
2022-11-07,5.860000133514404,6.03000020980835,5.769999980926514,5.880000114440918,5.880000114440918,462300
2022-11-08,5.860000133514404,6.039999961853027,5.789999961853027,5.960000038146973,5.960000038146973,479400
2022-11-09,5.960000038146973,5.960000038146973,5.659999847412109,5.659999847412109,5.659999847412109,284000
2022-11-10,5.869999885559082,5.949999809265137,5.78000020980835,5.820000171661377,5.820000171661377,396000
2022-11-11,5.900000095367432,5.96999979019165,5.710000038146973,5.739999771118164,5.739999771118164,325400
2022-11-14,5.670000076293945,5.960000038146973,5.670000076293945,5.880000114440918,5.880000114440918,510500
2022-11-15,5.96999979019165,6.099999904632568,5.929999828338623,6.039999961853027,6.039999961853027,502700
2022-11-16,6.090000152587891,6.099999904632568,5.940000057220459,6.050000190734863,6.050000190734863,278700
2022-11-17,5.980000019073486,6.099999904632568,5.929999828338623,6.090000152587891,6.090000152587891,379800
2022-11-18,6.289999961853027,6.519999980926514,6.039999961853027,6.210000038146973,6.210000038146973,1148600
2022-11-21,6.21999979019165,6.289999961853027,5.940000057220459,6.150000095367432,6.150000095367432,422300
2022-11-22,6.170000076293945,6.239999771118164,6.079999923706055,6.199999809265137,6.199999809265137,288900
2022-11-23,6.199999809265137,6.329999923706055,6.190000057220459,6.289999961853027,6.289999961853027,219900
2022-11-25,6.260000228881836,6.480000019073486,6.260000228881836,6.329999923706055,6.329999923706055,162000
2022-11-28,6.309999942779541,6.360000133514404,6.239999771118164,6.269999980926514,6.269999980926514,423400
2022-11-29,6.230000019073486,6.539999961853027,6.190000057220459,6.440000057220459,6.440000057220459,817200
2022-11-30,6.420000076293945,6.550000190734863,6.260000228881836,6.519999980926514,6.519999980926514,543900
2022-12-01,6.590000152587891,6.690000057220459,6.449999809265137,6.570000171661377,6.570000171661377,364800
2022-12-02,6.5,6.699999809265137,6.489999771118164,6.670000076293945,6.670000076293945,400300
2022-12-05,6.670000076293945,6.670000076293945,6.480000019073486,6.559999942779541,6.559999942779541,457800
2022-12-06,6.539999961853027,6.650000095367432,6.360000133514404,6.639999866485596,6.639999866485596,456400
2022-12-07,6.639999866485596,6.75,6.269999980926514,6.300000190734863,6.300000190734863,912900
2022-12-08,6.320000171661377,6.400000095367432,6.170000076293945,6.25,6.25,1195100
2022-12-09,6.25,6.309999942779541,6.099999904632568,6.150000095367432,6.150000095367432,710100
2022-12-12,6.110000133514404,6.110000133514404,5.760000228881836,5.980000019073486,5.980000019073486,859000
2022-12-13,6.070000171661377,6.260000228881836,5.980000019073486,6.079999923706055,6.079999923706055,1216300
2022-12-14,6.110000133514404,6.110000133514404,5.869999885559082,5.940000057220459,5.940000057220459,473200
2022-12-15,5.860000133514404,5.980000019073486,5.829999923706055,5.869999885559082,5.869999885559082,779200
2022-12-16,5.820000171661377,5.909999847412109,5.75,5.809999942779541,5.809999942779541,2280300
2022-12-19,5.78000020980835,5.949999809265137,5.78000020980835,5.889999866485596,5.889999866485596,597900
2022-12-20,5.940000057220459,6.130000114440918,5.940000057220459,6.110000133514404,6.110000133514404,1069100
2022-12-21,6.210000038146973,6.420000076293945,6.139999866485596,6.400000095367432,6.400000095367432,467600
2022-12-22,6.349999904632568,6.489999771118164,6.320000171661377,6.380000114440918,6.380000114440918,460700
2022-12-23,6.360000133514404,6.510000228881836,6.230000019073486,6.25,6.25,223200
2022-12-27,6.239999771118164,6.289999961853027,6.159999847412109,6.210000038146973,6.210000038146973,202700
2022-12-28,6.25,6.260000228881836,5.929999828338623,5.929999828338623,5.929999828338623,262300
2022-12-29,5.980000019073486,6.03000020980835,5.929999828338623,6.0,6.0,334200
2022-12-30,5.96999979019165,6.019999980926514,5.900000095367432,5.900000095367432,5.900000095367432,284300
2023-01-03,5.980000019073486,6.070000171661377,5.71999979019165,5.849999904632568,5.849999904632568,313100
2023-01-04,5.940000057220459,6.059999942779541,5.909999847412109,5.980000019073486,5.980000019073486,285200
2023-01-05,5.909999847412109,6.070000171661377,5.849999904632568,5.960000038146973,5.960000038146973,367100
2023-01-06,6.019999980926514,6.199999809265137,5.960000038146973,6.139999866485596,6.139999866485596,470300
2023-01-09,6.150000095367432,6.25,6.059999942779541,6.059999942779541,6.059999942779541,368800
2023-01-10,6.019999980926514,6.269999980926514,6.010000228881836,6.25,6.25,543400
2023-01-11,6.289999961853027,6.309999942779541,6.159999847412109,6.300000190734863,6.300000190734863,282600
2023-01-12,6.309999942779541,6.409999847412109,6.28000020980835,6.400000095367432,6.400000095367432,348800
2023-01-13,6.329999923706055,6.599999904632568,6.320000171661377,6.579999923706055,6.579999923706055,265500
2023-01-17,6.559999942779541,6.579999923706055,6.429999828338623,6.460000038146973,6.460000038146973,195500
2023-01-18,6.429999828338623,6.510000228881836,6.389999866485596,6.46999979019165,6.46999979019165,193600
2023-01-19,6.380000114440918,6.519999980926514,6.380000114440918,6.5,6.5,310300
2023-01-20,6.570000171661377,6.570000171661377,6.360000133514404,6.420000076293945,6.420000076293945,330800
2023-01-23,6.409999847412109,6.550000190734863,6.360000133514404,6.449999809265137,6.449999809265137,244500
2023-01-24,6.46999979019165,6.550000190734863,6.360000133514404,6.539999961853027,6.539999961853027,160600
2023-01-25,6.559999942779541,6.75,6.5,6.739999771118164,6.739999771118164,226000
2023-01-26,6.75,6.880000114440918,6.699999809265137,6.849999904632568,6.849999904632568,251500
2023-01-27,6.849999904632568,6.909999847412109,6.78000020980835,6.840000152587891,6.840000152587891,188800
2023-01-30,6.800000190734863,7.099999904632568,6.78000020980835,7.090000152587891,7.090000152587891,239700
2023-01-31,7.090000152587891,7.610000133514404,7.090000152587891,7.590000152587891,7.590000152587891,600300
2023-02-01,7.550000190734863,7.690000057220459,7.420000076293945,7.590000152587891,7.590000152587891,387600
2023-02-02,7.619999885559082,7.619999885559082,7.28000020980835,7.380000114440918,7.380000114440918,320000
2023-02-03,7.340000152587891,7.5,7.320000171661377,7.449999809265137,7.449999809265137,410200
2023-02-06,7.46999979019165,7.550000190734863,7.409999847412109,7.519999980926514,7.519999980926514,302300
2023-02-07,7.5,7.559999942779541,7.369999885559082,7.539999961853027,7.539999961853027,297000
2023-02-08,7.46999979019165,7.489999771118164,7.119999885559082,7.199999809265137,7.199999809265137,323200
2023-02-09,7.25,7.369999885559082,7.170000076293945,7.179999828338623,7.179999828338623,316500
2023-02-10,7.159999847412109,7.25,7.090000152587891,7.199999809265137,7.199999809265137,238500
2023-02-13,7.190000057220459,7.420000076293945,7.110000133514404,7.369999885559082,7.369999885559082,291000
2023-02-14,7.309999942779541,7.369999885559082,7.230000019073486,7.239999771118164,7.239999771118164,269000
2023-02-15,7.170000076293945,7.289999961853027,7.130000114440918,7.269999980926514,7.269999980926514,275800
2023-02-16,7.139999866485596,7.230000019073486,7.139999866485596,7.179999828338623,7.179999828338623,242100
2023-02-17,7.239999771118164,7.25,7.159999847412109,7.230000019073486,7.230000019073486,358300
2023-02-21,7.130000114440918,7.300000190734863,6.940000057220459,6.960000038146973,6.960000038146973,331100
2023-02-22,6.929999828338623,7.099999904632568,6.900000095367432,7.039999961853027,7.039999961853027,297300
2023-02-23,7.039999961853027,7.139999866485596,6.949999809265137,7.03000020980835,7.03000020980835,313000
2023-02-24,7.019999980926514,7.019999980926514,6.46999979019165,6.75,6.75,701200
2023-02-27,6.849999904632568,7.070000171661377,6.829999923706055,7.010000228881836,7.010000228881836,376800
2023-02-28,7.039999961853027,7.349999904632568,7.039999961853027,7.099999904632568,7.099999904632568,975900
2023-03-01,7.070000171661377,7.150000095367432,6.949999809265137,7.139999866485596,7.139999866485596,426600
2023-03-02,7.070000171661377,7.269999980926514,6.96999979019165,7.230000019073486,7.230000019073486,436200
2023-03-03,7.230000019073486,7.449999809265137,7.210000038146973,7.320000171661377,7.320000171661377,785000
2023-03-06,7.25,7.320000171661377,7.110000133514404,7.199999809265137,7.199999809265137,712900
2023-03-07,7.199999809265137,7.440000057220459,7.130000114440918,7.440000057220459,7.440000057220459,680600
2023-03-08,7.46999979019165,7.46999979019165,7.170000076293945,7.320000171661377,7.320000171661377,368700
2023-03-09,7.309999942779541,7.409999847412109,7.190000057220459,7.25,7.25,440000
2023-03-10,7.159999847412109,7.230000019073486,7.059999942779541,7.170000076293945,7.170000076293945,678600
2023-03-13,7.0,7.099999904632568,6.900000095367432,7.039999961853027,7.039999961853027,781500
2023-03-14,7.300000190734863,7.320000171661377,7.130000114440918,7.230000019073486,7.230000019073486,779400
2023-03-15,6.989999771118164,7.170000076293945,6.909999847412109,7.170000076293945,7.170000076293945,1379800
2023-03-16,7.090000152587891,7.369999885559082,7.039999961853027,7.300000190734863,7.300000190734863,690600
2023-03-17,7.059999942779541,7.260000228881836,7.0,7.179999828338623,7.179999828338623,2323800
2023-03-20,7.230000019073486,7.429999828338623,7.21999979019165,7.320000171661377,7.320000171661377,769100
2023-03-21,7.489999771118164,7.539999961853027,7.360000133514404,7.46999979019165,7.46999979019165,632700
2023-03-22,7.480000019073486,7.5,7.179999828338623,7.25,7.25,474300
2023-03-23,7.28000020980835,7.369999885559082,7.190000057220459,7.309999942779541,7.309999942779541,528900
2023-03-24,7.239999771118164,7.25,7.079999923706055,7.210000038146973,7.210000038146973,610400
2023-03-27,7.320000171661377,7.429999828338623,7.309999942779541,7.349999904632568,7.349999904632568,307000
2023-03-28,7.309999942779541,7.559999942779541,7.269999980926514,7.53000020980835,7.53000020980835,403200
2023-03-29,7.550000190734863,7.820000171661377,7.519999980926514,7.820000171661377,7.820000171661377,869700
2023-03-30,7.880000114440918,7.889999866485596,7.800000190734863,7.860000133514404,7.860000133514404,421200
2023-03-31,7.829999923706055,8.140000343322754,7.829999923706055,8.130000114440918,8.130000114440918,1041700
2023-04-03,8.149999618530273,8.220000267028809,8.0,8.1899995803833,8.1899995803833,549500
2023-04-04,8.220000267028809,8.229999542236328,8.039999961853027,8.149999618530273,8.149999618530273,291800
2023-04-05,8.100000381469727,8.229999542236328,8.100000381469727,8.1899995803833,8.1899995803833,361100
2023-04-06,8.220000267028809,8.229999542236328,8.15999984741211,8.220000267028809,8.220000267028809,383100
2023-04-10,8.239999771118164,8.300000190734863,8.15999984741211,8.279999732971191,8.279999732971191,740900
2023-04-11,8.3100004196167,8.399999618530273,8.289999961853027,8.359999656677246,8.359999656677246,399600
2023-04-12,9.369999885559082,9.680000305175781,9.069999694824219,9.199999809265137,9.199999809265137,2760400
2023-04-13,9.289999961853027,9.460000038146973,9.149999618530273,9.399999618530273,9.399999618530273,881800
2023-04-14,9.399999618530273,9.449999809265137,9.100000381469727,9.380000114440918,9.380000114440918,604600
2023-04-17,9.380000114440918,9.4399995803833,9.3100004196167,9.390000343322754,9.390000343322754,372700
2023-04-18,9.40999984741211,9.460000038146973,9.390000343322754,9.449999809265137,9.449999809265137,300000
2023-04-19,9.4399995803833,9.550000190734863,9.380000114440918,9.5,9.5,484500
2023-04-20,9.4399995803833,9.5,9.329999923706055,9.460000038146973,9.460000038146973,485700
2023-04-21,9.390000343322754,9.430000305175781,9.199999809265137,9.289999961853027,9.289999961853027,357700
2023-04-24,9.260000228881836,9.380000114440918,9.25,9.260000228881836,9.260000228881836,258900
2023-04-25,9.170000076293945,9.239999771118164,9.15999984741211,9.1899995803833,9.1899995803833,285900
2023-04-26,9.050000190734863,9.210000038146973,8.850000381469727,8.890000343322754,8.890000343322754,362100
2023-04-27,8.9399995803833,8.9399995803833,8.5600004196167,8.6899995803833,8.6899995803833,831900
2023-04-28,8.670000076293945,8.739999771118164,8.609999656677246,8.6899995803833,8.6899995803833,753100
2023-05-01,8.6899995803833,8.970000267028809,8.6899995803833,8.949999809265137,8.949999809265137,830100
2023-05-02,8.9399995803833,9.0,8.789999961853027,8.979999542236328,8.979999542236328,468300
2023-05-03,9.0,9.050000190734863,8.800000190734863,8.84000015258789,8.84000015258789,542600
2023-05-04,8.989999771118164,8.989999771118164,8.390000343322754,8.869999885559082,8.869999885559082,564900
2023-05-05,8.989999771118164,9.270000457763672,8.960000038146973,9.109999656677246,9.109999656677246,660900
2023-05-08,9.079999923706055,9.300000190734863,9.029999732971191,9.289999961853027,9.289999961853027,357700
2023-05-09,9.260000228881836,9.5600004196167,9.229999542236328,9.539999961853027,9.539999961853027,630300
2023-05-10,9.600000381469727,9.680000305175781,9.520000457763672,9.680000305175781,9.680000305175781,839300
2023-05-11,9.619999885559082,9.979999542236328,9.600000381469727,9.960000038146973,9.960000038146973,470100
2023-05-12,8.550000190734863,9.229999542236328,8.550000190734863,9.0600004196167,9.0600004196167,1218300
2023-05-15,9.130000114440918,9.229999542236328,8.989999771118164,9.039999961853027,9.039999961853027,531000
2023-05-16,8.930000305175781,9.0600004196167,8.920000076293945,8.989999771118164,8.989999771118164,755500
2023-05-17,9.0,9.3100004196167,8.949999809265137,9.229999542236328,9.229999542236328,948300
2023-05-18,9.210000038146973,9.460000038146973,9.149999618530273,9.420000076293945,9.420000076293945,473600
2023-05-19,9.569999694824219,9.630000114440918,9.369999885559082,9.430000305175781,9.430000305175781,435600
2023-05-22,9.5,9.529999732971191,9.300000190734863,9.359999656677246,9.359999656677246,373700
2023-05-23,9.289999961853027,9.5600004196167,9.289999961853027,9.460000038146973,9.460000038146973,338800
2023-05-24,9.380000114440918,9.479999542236328,9.300000190734863,9.40999984741211,9.40999984741211,341700
2023-05-25,9.520000457763672,9.539999961853027,9.329999923706055,9.430000305175781,9.430000305175781,347900
2023-05-26,9.449999809265137,9.5600004196167,9.399999618530273,9.520000457763672,9.520000457763672,339800
2023-05-30,9.619999885559082,9.739999771118164,9.420000076293945,9.470000267028809,9.470000267028809,575300
2023-05-31,9.449999809265137,9.550000190734863,9.180000305175781,9.3100004196167,9.3100004196167,1059200
2023-06-01,9.279999732971191,9.279999732971191,9.029999732971191,9.210000038146973,9.210000038146973,578900
2023-06-02,9.210000038146973,9.4399995803833,9.15999984741211,9.430000305175781,9.430000305175781,781700
2023-06-05,9.260000228881836,9.390000343322754,8.979999542236328,9.069999694824219,9.069999694824219,480800
2023-06-06,9.050000190734863,9.350000381469727,9.029999732971191,9.329999923706055,9.329999923706055,746000
2023-06-07,9.40999984741211,9.470000267028809,9.220000267028809,9.220000267028809,9.220000267028809,831300
2023-06-08,9.229999542236328,9.319999694824219,9.180000305175781,9.239999771118164,9.239999771118164,530100
2023-06-09,9.239999771118164,9.3100004196167,9.029999732971191,9.15999984741211,9.15999984741211,698800
2023-06-12,9.199999809265137,9.460000038146973,9.170000076293945,9.40999984741211,9.40999984741211,505400
2023-06-13,9.399999618530273,9.710000038146973,9.399999618530273,9.619999885559082,9.619999885559082,478100
2023-06-14,9.619999885559082,9.779999732971191,9.5600004196167,9.59000015258789,9.59000015258789,406500
2023-06-15,9.539999961853027,9.579999923706055,9.34000015258789,9.390000343322754,9.390000343322754,453500
2023-06-16,9.609999656677246,9.800000190734863,9.489999771118164,9.699999809265137,9.699999809265137,2077700
2023-06-20,9.6899995803833,9.699999809265137,9.460000038146973,9.460000038146973,9.460000038146973,330700
2023-06-21,9.40999984741211,9.479999542236328,9.260000228881836,9.279999732971191,9.279999732971191,436200
2023-06-22,9.25,9.25,8.75,8.829999923706055,8.829999923706055,771900
2023-06-23,8.710000038146973,9.029999732971191,8.699999809265137,8.979999542236328,8.979999542236328,1071700
2023-06-26,8.949999809265137,9.0,8.739999771118164,8.75,8.75,372600
2023-06-27,8.9399995803833,9.029999732971191,8.869999885559082,8.880000114440918,8.880000114440918,561800
2023-06-28,8.850000381469727,8.899999618530273,8.6899995803833,8.859999656677246,8.859999656677246,365600
2023-06-29,8.890000343322754,9.039999961853027,8.869999885559082,8.949999809265137,8.949999809265137,331600
2023-06-30,9.0600004196167,9.100000381469727,8.930000305175781,9.029999732971191,9.029999732971191,381100
2023-07-03,9.0,9.100000381469727,8.960000038146973,9.069999694824219,9.069999694824219,168900
2023-07-05,8.970000267028809,8.970000267028809,8.75,8.800000190734863,8.800000190734863,601800
2023-07-06,8.720000267028809,8.829999923706055,8.619999885559082,8.6899995803833,8.6899995803833,444300
2023-07-07,8.6899995803833,8.819999694824219,8.630000114440918,8.720000267028809,8.720000267028809,445900
2023-07-10,8.680000305175781,8.729999542236328,8.510000228881836,8.579999923706055,8.579999923706055,429200
2023-07-11,8.579999923706055,8.630000114440918,8.470000267028809,8.600000381469727,8.600000381469727,322900
2023-07-12,8.720000267028809,8.729999542236328,8.619999885559082,8.649999618530273,8.649999618530273,262800
2023-07-13,8.65999984741211,8.800000190734863,8.640000343322754,8.75,8.75,263400
2023-07-14,8.739999771118164,8.899999618530273,8.65999984741211,8.890000343322754,8.890000343322754,317000
2023-07-17,8.90999984741211,9.130000114440918,8.899999618530273,9.100000381469727,9.100000381469727,590800
2023-07-18,9.109999656677246,9.270000457763672,9.039999961853027,9.239999771118164,9.239999771118164,461700
2023-07-19,9.239999771118164,9.289999961853027,9.170000076293945,9.260000228881836,9.260000228881836,387600
2023-07-20,9.329999923706055,9.350000381469727,9.210000038146973,9.350000381469727,9.350000381469727,249000
2023-07-21,9.430000305175781,9.479999542236328,9.329999923706055,9.430000305175781,9.430000305175781,426900
2023-07-24,9.380000114440918,9.449999809265137,9.270000457763672,9.40999984741211,9.40999984741211,482600
2023-07-25,9.399999618530273,9.449999809265137,9.34000015258789,9.4399995803833,9.4399995803833,481300
2023-07-26,9.4399995803833,9.550000190734863,9.329999923706055,9.520000457763672,9.520000457763672,297700
2023-07-27,9.600000381469727,9.600000381469727,9.40999984741211,9.520000457763672,9.520000457763672,328600
2023-07-28,9.579999923706055,9.579999923706055,9.4399995803833,9.489999771118164,9.489999771118164,396300
2023-07-31,9.489999771118164,9.489999771118164,9.239999771118164,9.34000015258789,9.34000015258789,484800
2023-08-01,9.359999656677246,9.529999732971191,9.279999732971191,9.520000457763672,9.520000457763672,456100
2023-08-02,9.460000038146973,9.569999694824219,9.369999885559082,9.470000267028809,9.470000267028809,656800
2023-08-03,9.869999885559082,10.210000038146973,9.479999542236328,10.199999809265137,10.199999809265137,984900
2023-08-04,10.220000267028809,10.550000190734863,10.0600004196167,10.359999656677246,10.359999656677246,865300
2023-08-07,10.359999656677246,10.619999885559082,10.319999694824219,10.449999809265137,10.449999809265137,686200
2023-08-08,10.390000343322754,10.579999923706055,10.34000015258789,10.5,10.5,351000
2023-08-09,10.470000267028809,10.569999694824219,10.420000076293945,10.510000228881836,10.510000228881836,287200
2023-08-10,10.5600004196167,10.680000305175781,10.430000305175781,10.4399995803833,10.4399995803833,389400
2023-08-11,10.399999618530273,10.40999984741211,10.289999961853027,10.380000114440918,10.380000114440918,659600
2023-08-14,10.390000343322754,10.520000457763672,10.34000015258789,10.350000381469727,10.350000381469727,470700
2023-08-15,10.270000457763672,10.609999656677246,10.229999542236328,10.59000015258789,10.59000015258789,410800
2023-08-16,10.640000343322754,10.729999542236328,10.510000228881836,10.569999694824219,10.569999694824219,329100
2023-08-17,10.569999694824219,10.619999885559082,10.460000038146973,10.489999771118164,10.489999771118164,446300
2023-08-18,10.399999618530273,10.579999923706055,10.399999618530273,10.539999961853027,10.539999961853027,381600
2023-08-21,10.550000190734863,10.609999656677246,10.430000305175781,10.489999771118164,10.489999771118164,377800
2023-08-22,10.470000267028809,10.510000228881836,10.390000343322754,10.479999542236328,10.479999542236328,273200
2023-08-23,10.489999771118164,10.489999771118164,10.329999923706055,10.390000343322754,10.390000343322754,742500
2023-08-24,10.34000015258789,10.40999984741211,10.319999694824219,10.369999885559082,10.369999885559082,612500
2023-08-25,10.399999618530273,10.770000457763672,10.350000381469727,10.729999542236328,10.729999542236328,1136200
2023-08-28,10.760000228881836,11.279999732971191,10.760000228881836,11.279999732971191,11.279999732971191,521300
2023-08-29,11.25,11.34000015258789,11.130000114440918,11.140000343322754,11.140000343322754,706400
2023-08-30,11.109999656677246,11.260000228881836,11.0600004196167,11.170000076293945,11.170000076293945,484900
2023-08-31,11.15999984741211,11.25,10.9399995803833,11.0600004196167,11.0600004196167,619300
2023-09-01,11.149999618530273,11.15999984741211,10.869999885559082,10.930000305175781,10.930000305175781,654200
2023-09-05,10.899999618530273,10.899999618530273,10.149999618530273,10.550000190734863,10.550000190734863,820800
2023-09-06,10.630000114440918,10.649999618530273,10.449999809265137,10.489999771118164,10.489999771118164,319300
2023-09-07,10.520000457763672,10.520000457763672,10.34000015258789,10.40999984741211,10.40999984741211,442400
2023-09-08,10.380000114440918,10.380000114440918,10.220000267028809,10.369999885559082,10.369999885559082,423100
2023-09-11,10.369999885559082,10.510000228881836,10.369999885559082,10.460000038146973,10.460000038146973,298100
2023-09-12,10.430000305175781,10.5600004196167,10.420000076293945,10.420000076293945,10.420000076293945,321100
2023-09-13,10.420000076293945,10.5,10.350000381469727,10.460000038146973,10.460000038146973,567000
2023-09-14,10.510000228881836,10.65999984741211,10.489999771118164,10.600000381469727,10.600000381469727,697300
2023-09-15,10.569999694824219,10.630000114440918,10.420000076293945,10.5,10.5,1031200
2023-09-18,10.59000015258789,10.609999656677246,10.420000076293945,10.460000038146973,10.460000038146973,457100
2023-09-19,10.470000267028809,10.510000228881836,10.380000114440918,10.430000305175781,10.430000305175781,470400
2023-09-20,10.520000457763672,10.529999732971191,10.289999961853027,10.289999961853027,10.289999961853027,362300
2023-09-21,10.260000228881836,10.4399995803833,10.170000076293945,10.289999961853027,10.289999961853027,270200
2023-09-22,10.260000228881836,10.3100004196167,10.0600004196167,10.130000114440918,10.130000114440918,404200
2023-09-25,10.079999923706055,10.109999656677246,10.0,10.029999732971191,10.029999732971191,271100
2023-09-26,10.010000228881836,10.199999809265137,9.899999618530273,10.050000190734863,10.050000190734863,515400
2023-09-27,10.100000381469727,10.239999771118164,9.930000305175781,10.170000076293945,10.170000076293945,524800
2023-09-28,10.1899995803833,10.649999618530273,10.1899995803833,10.479999542236328,10.479999542236328,703900
2023-09-29,10.489999771118164,10.489999771118164,10.119999885559082,10.170000076293945,10.170000076293945,588700
2023-10-02,10.140000343322754,10.300000190734863,10.010000228881836,10.289999961853027,10.289999961853027,390900
2023-10-03,10.270000457763672,10.40999984741211,10.170000076293945,10.34000015258789,10.34000015258789,396300
2023-10-04,10.3100004196167,10.539999961853027,10.239999771118164,10.489999771118164,10.489999771118164,414200
2023-10-05,10.510000228881836,10.579999923706055,10.369999885559082,10.40999984741211,10.40999984741211,395900
2023-10-06,10.34000015258789,10.5,10.289999961853027,10.329999923706055,10.329999923706055,662700
2023-10-09,10.319999694824219,10.329999923706055,10.069999694824219,10.109999656677246,10.109999656677246,333900
2023-10-10,10.149999618530273,10.25,9.9399995803833,10.020000457763672,10.020000457763672,357800
2023-10-11,9.960000038146973,10.069999694824219,9.90999984741211,10.029999732971191,10.029999732971191,237200
2023-10-12,10.100000381469727,10.119999885559082,9.890000343322754,10.0,10.0,272400
2023-10-13,10.050000190734863,10.149999618530273,9.9399995803833,10.109999656677246,10.109999656677246,308800
2023-10-16,10.210000038146973,10.550000190734863,10.210000038146973,10.390000343322754,10.390000343322754,414200
2023-10-17,10.359999656677246,10.65999984741211,10.359999656677246,10.460000038146973,10.460000038146973,483100
2023-10-18,10.380000114440918,10.4399995803833,10.149999618530273,10.199999809265137,10.199999809265137,253700
2023-10-19,10.15999984741211,10.199999809265137,9.949999809265137,9.960000038146973,9.960000038146973,269400
2023-10-20,9.989999771118164,10.130000114440918,9.949999809265137,10.020000457763672,10.020000457763672,343100
2023-10-23,9.960000038146973,10.319999694824219,9.930000305175781,10.149999618530273,10.149999618530273,1118600
2023-10-24,10.140000343322754,10.270000457763672,9.779999732971191,9.90999984741211,9.90999984741211,752800
2023-10-25,9.880000114440918,10.170000076293945,9.640000343322754,9.699999809265137,9.699999809265137,2491400
2023-10-26,9.739999771118164,9.979999542236328,9.680000305175781,9.84000015258789,9.84000015258789,347200
2023-10-27,9.760000228881836,9.770000457763672,9.489999771118164,9.609999656677246,9.609999656677246,448100
2023-10-30,9.720000267028809,9.890000343322754,9.65999984741211,9.880000114440918,9.880000114440918,382100
2023-10-31,9.84000015258789,9.899999618530273,9.729999542236328,9.850000381469727,9.850000381469727,384100
2023-11-01,9.850000381469727,10.039999961853027,9.779999732971191,10.029999732971191,10.029999732971191,335400
2023-11-02,10.119999885559082,10.130000114440918,9.970000267028809,10.119999885559082,10.119999885559082,321400
2023-11-03,10.329999923706055,10.399999618530273,10.149999618530273,10.329999923706055,10.329999923706055,307800
2023-11-06,10.359999656677246,10.449999809265137,10.220000267028809,10.289999961853027,10.289999961853027,374700
2023-11-07,10.260000228881836,10.260000228881836,10.079999923706055,10.1899995803833,10.1899995803833,249800
2023-11-08,10.289999961853027,10.289999961853027,10.029999732971191,10.119999885559082,10.119999885559082,271400
2023-11-09,10.229999542236328,10.229999542236328,9.430000305175781,9.600000381469727,9.600000381469727,739200
2023-11-10,9.619999885559082,10.15999984741211,9.600000381469727,10.119999885559082,10.119999885559082,500700
2023-11-13,10.0600004196167,10.5600004196167,10.050000190734863,10.420000076293945,10.420000076293945,512200
2023-11-14,10.640000343322754,10.710000038146973,10.329999923706055,10.710000038146973,10.710000038146973,482700
2023-11-15,10.710000038146973,10.84000015258789,10.569999694824219,10.59000015258789,10.59000015258789,480200
2023-11-16,10.640000343322754,10.729999542236328,10.529999732971191,10.649999618530273,10.649999618530273,414700
2023-11-17,10.6899995803833,10.920000076293945,10.65999984741211,10.65999984741211,10.65999984741211,486700
2023-11-20,10.609999656677246,10.609999656677246,10.34000015258789,10.420000076293945,10.420000076293945,428900
2023-11-21,10.369999885559082,10.489999771118164,10.319999694824219,10.369999885559082,10.369999885559082,355100
2023-11-22,10.430000305175781,10.489999771118164,10.34000015258789,10.40999984741211,10.40999984741211,208200
2023-11-24,10.4399995803833,10.489999771118164,10.380000114440918,10.420000076293945,10.420000076293945,123100
2023-11-27,10.390000343322754,10.670000076293945,10.390000343322754,10.600000381469727,10.600000381469727,340000
2023-11-28,10.479999542236328,10.579999923706055,10.40999984741211,10.449999809265137,10.449999809265137,480100
2023-11-29,10.4399995803833,10.510000228881836,10.350000381469727,10.479999542236328,10.479999542236328,397900
2023-11-30,10.479999542236328,10.6899995803833,10.4399995803833,10.680000305175781,10.680000305175781,502500
2023-12-01,10.640000343322754,10.859999656677246,10.619999885559082,10.850000381469727,10.850000381469727,580300
2023-12-04,10.800000190734863,10.989999771118164,10.649999618530273,10.739999771118164,10.739999771118164,492000
2023-12-05,10.739999771118164,10.779999732971191,10.569999694824219,10.579999923706055,10.579999923706055,398200
2023-12-06,10.609999656677246,10.710000038146973,10.489999771118164,10.600000381469727,10.600000381469727,366000
2023-12-07,10.619999885559082,10.65999984741211,10.350000381469727,10.649999618530273,10.649999618530273,492900
2023-12-08,10.699999809265137,10.84000015258789,10.59000015258789,10.779999732971191,10.779999732971191,469100
2023-12-11,10.819999694824219,11.140000343322754,10.819999694824219,10.920000076293945,10.920000076293945,599300
2023-12-12,10.899999618530273,11.119999885559082,10.819999694824219,11.029999732971191,11.029999732971191,553800
2023-12-13,11.069999694824219,11.199999809265137,10.899999618530273,11.1899995803833,11.1899995803833,604500
2023-12-14,11.15999984741211,11.15999984741211,10.65999984741211,10.949999809265137,10.949999809265137,1171400
2023-12-15,11.470000267028809,11.470000267028809,10.949999809265137,11.210000038146973,11.210000038146973,5910400
2023-12-18,11.319999694824219,11.930000305175781,11.279999732971191,11.670000076293945,11.670000076293945,756500
2023-12-19,11.640000343322754,11.729999542236328,11.579999923706055,11.680000305175781,11.680000305175781,540400
2023-12-20,11.680000305175781,11.729999542236328,11.40999984741211,11.4399995803833,11.4399995803833,557600
2023-12-21,11.449999809265137,11.510000228881836,11.319999694824219,11.460000038146973,11.460000038146973,339000
2023-12-22,11.470000267028809,11.619999885559082,11.460000038146973,11.609999656677246,11.609999656677246,321300
2023-12-26,11.699999809265137,11.720000267028809,11.600000381469727,11.710000038146973,11.710000038146973,272600
2023-12-27,11.720000267028809,11.880000114440918,11.680000305175781,11.829999923706055,11.829999923706055,356500
2023-12-28,11.819999694824219,11.899999618530273,11.720000267028809,11.739999771118164,11.739999771118164,327800
2023-12-29,11.65999984741211,11.739999771118164,11.5600004196167,11.600000381469727,11.600000381469727,639600
2024-01-02,11.579999923706055,11.59000015258789,11.390000343322754,11.510000228881836,11.510000228881836,425000
2024-01-03,11.520000457763672,11.520000457763672,11.319999694824219,11.40999984741211,11.40999984741211,527100
2024-01-04,11.539999961853027,11.649999618530273,11.420000076293945,11.4399995803833,11.4399995803833,621300
2024-01-05,11.420000076293945,11.539999961853027,11.420000076293945,11.449999809265137,11.449999809265137,637300
2024-01-08,11.569999694824219,11.75,11.479999542236328,11.670000076293945,11.670000076293945,547000
2024-01-09,11.600000381469727,11.600000381469727,11.300000190734863,11.380000114440918,11.380000114440918,443300
2024-01-10,11.359999656677246,11.399999618530273,11.220000267028809,11.350000381469727,11.350000381469727,778200
2024-01-11,11.329999923706055,11.329999923706055,11.15999984741211,11.229999542236328,11.229999542236328,786500
2024-01-12,11.34000015258789,11.390000343322754,11.15999984741211,11.289999961853027,11.289999961853027,783900
2024-01-16,11.229999542236328,11.260000228881836,10.970000267028809,10.989999771118164,10.989999771118164,443200
2024-01-17,10.84000015258789,11.0,10.84000015258789,10.989999771118164,10.989999771118164,554100
2024-01-18,11.09000015258789,11.170000076293945,10.970000267028809,11.119999885559082,11.119999885559082,674200
2024-01-19,11.1899995803833,11.229999542236328,10.979999542236328,11.170000076293945,11.170000076293945,675400
2024-01-22,11.199999809265137,11.510000228881836,11.199999809265137,11.420000076293945,11.420000076293945,793300
2024-01-23,11.5,11.59000015258789,11.399999618530273,11.479999542236328,11.479999542236328,721700
2024-01-24,11.59000015258789,12.329999923706055,11.489999771118164,12.3100004196167,12.3100004196167,2243000
2024-01-25,12.34000015258789,12.4399995803833,11.90999984741211,12.229999542236328,12.229999542236328,1429800
2024-01-26,12.239999771118164,12.25,11.920000076293945,11.930000305175781,11.930000305175781,883500
2024-01-29,11.930000305175781,12.0,11.819999694824219,11.850000381469727,11.850000381469727,533900
2024-01-30,11.8100004196167,11.899999618530273,11.770000457763672,11.859999656677246,11.859999656677246,449600
2024-01-31,11.859999656677246,12.109999656677246,11.789999961853027,11.800000190734863,11.800000190734863,435200
2024-02-01,11.760000228881836,11.869999885559082,11.579999923706055,11.729999542236328,11.729999542236328,431100
2024-02-02,11.65999984741211,11.930000305175781,11.609999656677246,11.729999542236328,11.729999542236328,509500
2024-02-05,11.630000114440918,11.699999809265137,11.569999694824219,11.699999809265137,11.699999809265137,519700
2024-02-06,11.710000038146973,11.770000457763672,11.539999961853027,11.630000114440918,11.630000114440918,446100
2024-02-07,11.59000015258789,11.800000190734863,11.489999771118164,11.75,11.75,393100
2024-02-08,11.770000457763672,11.859999656677246,11.710000038146973,11.8100004196167,11.8100004196167,387200
2024-02-09,11.819999694824219,12.180000305175781,11.760000228881836,12.15999984741211,12.15999984741211,486900
2024-02-12,12.170000076293945,12.25,12.069999694824219,12.180000305175781,12.180000305175781,489800
2024-02-13,12.069999694824219,12.109999656677246,11.869999885559082,12.0,12.0,651000
2024-02-14,12.039999961853027,12.220000267028809,12.010000228881836,12.15999984741211,12.15999984741211,494200
2024-02-15,12.170000076293945,12.300000190734863,12.079999923706055,12.300000190734863,12.300000190734863,538600
2024-02-16,12.279999732971191,12.359999656677246,12.109999656677246,12.130000114440918,12.130000114440918,518300
2024-02-20,12.140000343322754,12.350000381469727,12.039999961853027,12.279999732971191,12.279999732971191,562300
2024-02-21,12.470000267028809,12.470000267028809,11.270000457763672,11.390000343322754,11.390000343322754,1223600
2024-02-22,11.449999809265137,11.630000114440918,11.3100004196167,11.5600004196167,11.5600004196167,596500
2024-02-23,11.550000190734863,11.880000114440918,11.539999961853027,11.770000457763672,11.770000457763672,385100
2024-02-26,11.75,11.800000190734863,11.6899995803833,11.779999732971191,11.779999732971191,298300
2024-02-27,11.789999961853027,11.989999771118164,11.729999542236328,11.789999961853027,11.789999961853027,334000
2024-02-28,11.710000038146973,12.239999771118164,11.710000038146973,12.170000076293945,12.170000076293945,459800
2024-02-29,12.350000381469727,12.350000381469727,12.079999923706055,12.270000457763672,12.270000457763672,540600
2024-03-01,12.260000228881836,12.260000228881836,12.010000228881836,12.15999984741211,12.15999984741211,401200
2024-03-04,12.100000381469727,12.220000267028809,12.0,12.149999618530273,12.149999618530273,380700
2024-03-05,12.149999618530273,12.149999618530273,11.949999809265137,12.100000381469727,12.100000381469727,757400
2024-03-06,12.149999618530273,12.454999923706055,12.125,12.25,12.25,223985
