Date,Open,High,Low,Close,Adj Close,Volume
2013-05-24,25.0,25.09000015258789,25.0,25.010000228881836,10.498617172241211,406100
2013-05-28,25.020000457763672,25.139999389648438,25.020000457763672,25.049999237060547,10.515402793884277,34200
2013-05-29,25.040000915527344,25.18000030517578,25.010000228881836,25.1299991607666,10.54898452758789,100200
2013-05-30,25.059999465942383,25.149999618530273,25.010000228881836,25.010000228881836,10.498617172241211,46900
2013-05-31,25.030000686645508,25.059999465942383,25.0,25.010000228881836,10.498617172241211,67600
2013-06-03,25.0,25.030000686645508,25.0,25.0,10.494413375854492,21200
2013-06-04,25.020000457763672,25.020000457763672,25.0,25.0,10.494413375854492,39500
2013-06-05,25.0,25.010000228881836,25.0,25.0,10.494413375854492,75500
2013-06-06,25.0,25.010000228881836,25.0,25.0,10.494413375854492,39500
2013-06-07,25.010000228881836,25.09000015258789,25.0,25.0,10.494413375854492,29800
2013-06-10,25.079999923706055,25.079999923706055,25.020000457763672,25.040000915527344,10.511207580566406,16900
2013-06-11,25.0,25.079999923706055,25.0,25.0,10.494413375854492,28700
2013-06-12,25.030000686645508,25.09000015258789,25.0,25.0,10.494413375854492,46300
2013-06-13,25.0,25.010000228881836,25.0,25.0,10.494413375854492,87300
2013-06-14,25.0,25.06999969482422,25.0,25.010000228881836,10.498617172241211,37500
2013-06-17,25.100000381469727,25.100000381469727,25.0,25.0,10.494413375854492,22800
2013-06-18,25.030000686645508,25.030000686645508,24.989999771118164,25.0,10.494413375854492,41200
2013-06-19,25.0,25.010000228881836,25.0,25.0,10.494413375854492,34000
2013-06-20,25.0,25.010000228881836,25.0,25.0,10.494413375854492,183500
2013-06-21,25.0,25.010000228881836,25.0,25.0,10.494413375854492,157600
2013-06-24,25.0,25.010000228881836,25.0,25.0,10.494413375854492,204000
2013-06-25,25.0,25.010000228881836,25.0,25.0,10.494413375854492,129100
2013-06-26,25.0,25.020000457763672,25.0,25.020000457763672,10.502811431884766,117400
2013-06-27,25.010000228881836,25.020000457763672,25.0,25.0,10.494413375854492,210000
2013-06-28,24.700000762939453,25.040000915527344,24.700000762939453,25.0,10.494413375854492,117000
2013-07-01,24.780000686645508,24.899999618530273,24.549999237060547,24.639999389648438,10.343294143676758,835400
2013-07-02,24.5,24.639999389648438,24.5,24.559999465942383,10.309715270996094,360800
2013-07-03,24.520000457763672,24.520000457763672,24.399999618530273,24.399999618530273,10.242551803588867,83900
2013-07-05,24.31999969482422,24.3700008392334,24.110000610351562,24.209999084472656,10.162785530090332,39800
2013-07-08,24.170000076293945,24.280000686645508,24.030000686645508,24.049999237060547,10.095623016357422,48100
2013-07-09,23.610000610351562,24.030000686645508,23.600000381469727,23.799999237060547,9.990681648254395,185500
2013-07-10,23.579999923706055,23.719999313354492,23.469999313354492,23.6200008392334,9.980546951293945,49300
2013-07-11,23.739999771118164,24.030000686645508,23.6200008392334,23.709999084472656,10.018570899963379,31400
2013-07-12,23.75,23.850000381469727,23.459999084472656,23.530000686645508,9.94251537322998,37900
2013-07-15,23.530000686645508,23.68000030517578,23.030000686645508,23.1200008392334,9.769267082214355,110700
2013-07-16,23.010000228881836,23.079999923706055,22.649999618530273,22.649999618530273,9.570679664611816,52300
2013-07-17,22.6299991607666,22.6299991607666,22.079999923706055,22.1200008392334,9.346725463867188,162400
2013-07-18,22.149999618530273,22.299999237060547,22.020000457763672,22.139999389648438,9.355175971984863,102500
2013-07-19,22.09000015258789,22.190000534057617,21.829999923706055,21.950000762939453,9.274892807006836,105300
2013-07-22,21.920000076293945,22.200000762939453,21.649999618530273,22.200000762939453,9.380526542663574,81400
2013-07-23,22.219999313354492,22.309999465942383,21.93000030517578,22.170000076293945,9.3678560256958,32700
2013-07-24,22.049999237060547,22.3799991607666,21.979999542236328,22.209999084472656,9.384756088256836,83000
2013-07-25,22.360000610351562,22.579999923706055,22.190000534057617,22.459999084472656,9.490391731262207,81100
2013-07-26,22.450000762939453,22.5,22.079999923706055,22.219999313354492,9.3889799118042,64200
2013-07-29,22.3700008392334,22.3700008392334,22.030000686645508,22.25,9.401653289794922,10200
2013-07-30,22.360000610351562,22.420000076293945,22.200000762939453,22.3700008392334,9.452360153198242,9400
2013-07-31,22.399999618530273,22.56999969482422,22.030000686645508,22.09000015258789,9.334046363830566,20800
2013-08-01,22.100000381469727,22.229999542236328,21.280000686645508,21.329999923706055,9.012911796569824,116600
2013-08-02,21.479999542236328,22.299999237060547,21.40999984741211,22.229999542236328,9.393203735351562,108700
2013-08-05,22.0,22.270000457763672,22.0,22.1299991607666,9.350945472717285,30500
2013-08-06,22.0,22.3799991607666,21.5,21.760000228881836,9.194608688354492,61100
2013-08-07,21.510000228881836,21.799999237060547,21.350000381469727,21.479999542236328,9.076295852661133,43200
2013-08-08,21.469999313354492,21.469999313354492,20.8700008392334,20.8799991607666,8.822770118713379,147900
2013-08-09,20.799999237060547,21.549999237060547,20.700000762939453,21.510000228881836,9.088972091674805,80900
2013-08-12,21.489999771118164,21.729999542236328,21.200000762939453,21.450000762939453,9.063619613647461,65800
2013-08-13,21.780000686645508,21.780000686645508,21.25,21.530000686645508,9.097419738769531,68800
2013-08-14,21.770000457763672,21.770000457763672,21.0,21.510000228881836,9.088972091674805,60400
2013-08-15,21.399999618530273,21.440000534057617,20.799999237060547,21.219999313354492,8.966431617736816,76600
2013-08-16,20.75,21.100000381469727,20.43000030517578,20.850000381469727,8.810087203979492,124300
2013-08-19,20.520000457763672,21.399999618530273,20.520000457763672,20.799999237060547,8.78896427154541,86600
2013-08-20,20.5,21.15999984741211,20.459999084472656,20.75,8.76783561706543,105300
2013-08-21,20.969999313354492,20.969999313354492,20.229999542236328,20.75,8.83425235748291,101100
2013-08-22,20.729999542236328,21.0,20.260000228881836,20.84000015258789,8.872566223144531,126400
2013-08-23,20.540000915527344,21.25,20.540000915527344,21.200000762939453,9.025838851928711,114200
2013-08-26,21.09000015258789,21.15999984741211,20.43000030517578,20.68000030517578,8.804450988769531,217200
2013-08-27,20.719999313354492,20.8799991607666,20.520000457763672,20.68000030517578,8.804450988769531,64900
2013-08-28,20.700000762939453,20.8799991607666,20.360000610351562,20.860000610351562,8.881087303161621,64900
2013-08-29,20.56999969482422,20.920000076293945,20.559999465942383,20.649999618530273,8.791670799255371,95200
2013-08-30,20.81999969482422,21.149999618530273,20.469999313354492,21.139999389648438,9.00029182434082,63800
2013-09-03,21.139999389648438,21.149999618530273,20.75,20.93000030517578,8.910889625549316,33200
2013-09-04,20.84000015258789,20.989999771118164,20.649999618530273,20.690000534057617,8.808706283569336,64400
2013-09-05,20.75,20.75,20.5,20.530000686645508,8.740588188171387,48200
2013-09-06,20.530000686645508,20.579999923706055,20.34000015258789,20.420000076293945,8.693754196166992,44500
2013-09-09,20.540000915527344,20.639999389648438,20.260000228881836,20.309999465942383,8.646925926208496,66700
2013-09-10,20.350000381469727,20.540000915527344,20.040000915527344,20.200000762939453,8.600090026855469,88700
2013-09-11,20.15999984741211,20.43000030517578,20.030000686645508,20.280000686645508,8.6341552734375,94300
2013-09-12,20.229999542236328,20.43000030517578,19.8700008392334,20.0,8.514941215515137,121400
2013-09-13,20.0,20.219999313354492,19.81999969482422,20.059999465942383,8.540484428405762,96200
2013-09-16,20.350000381469727,20.40999984741211,20.0,20.0,8.514941215515137,83400
2013-09-17,20.0,20.299999237060547,19.950000762939453,20.079999923706055,8.549003601074219,104200
2013-09-18,20.1299991607666,20.59000015258789,20.030000686645508,20.510000228881836,8.732072830200195,142600
2013-09-19,20.360000610351562,20.56999969482422,20.110000610351562,20.25,8.687457084655762,108200
2013-09-20,20.450000762939453,20.450000762939453,19.959999084472656,20.149999618530273,8.644551277160645,115100
2013-09-23,20.239999771118164,20.56999969482422,20.059999465942383,20.549999237060547,8.816157341003418,134500
2013-09-24,20.399999618530273,20.700000762939453,20.290000915527344,20.700000762939453,8.880513191223145,91900
2013-09-25,20.780000686645508,20.780000686645508,20.600000381469727,20.729999542236328,8.893383979797363,55100
2013-09-26,20.649999618530273,21.0,20.649999618530273,20.68000030517578,8.871932029724121,83200
2013-09-27,20.809999465942383,20.93000030517578,20.600000381469727,20.93000030517578,8.979186058044434,145700
2013-09-30,21.040000915527344,21.34000015258789,20.520000457763672,21.34000015258789,9.155077934265137,347400
2013-10-01,21.149999618530273,21.360000610351562,20.979999542236328,21.25,9.11646556854248,101700
2013-10-02,21.350000381469727,21.350000381469727,20.700000762939453,21.139999389648438,9.069272994995117,74900
2013-10-03,21.260000228881836,21.260000228881836,20.799999237060547,21.0,9.009215354919434,37300
2013-10-04,21.31999969482422,21.31999969482422,21.010000228881836,21.010000228881836,9.013503074645996,31400
2013-10-07,21.200000762939453,21.389999389648438,20.65999984741211,20.719999313354492,8.889089584350586,39200
2013-10-08,20.799999237060547,20.799999237060547,20.530000686645508,20.649999618530273,8.859054565429688,50700
2013-10-09,20.649999618530273,20.889999389648438,20.510000228881836,20.68000030517578,8.871932029724121,50400
2013-10-10,20.770000457763672,21.09000015258789,20.40999984741211,20.43000030517578,8.764679908752441,78500
2013-10-11,20.520000457763672,20.75,20.360000610351562,20.670000076293945,8.867640495300293,53700
2013-10-14,20.540000915527344,20.950000762939453,20.5,20.729999542236328,8.893383979797363,38900
2013-10-15,20.489999771118164,20.850000381469727,20.489999771118164,20.690000534057617,8.876219749450684,112300
2013-10-16,20.709999084472656,20.739999771118164,20.299999237060547,20.389999389648438,8.747518539428711,70100
2013-10-17,20.43000030517578,20.81999969482422,20.309999465942383,20.639999389648438,8.85477066040039,100600
2013-10-18,20.600000381469727,20.860000610351562,20.56999969482422,20.690000534057617,8.876219749450684,133800
2013-10-21,20.68000030517578,20.709999084472656,20.5,20.700000762939453,8.880513191223145,66700
2013-10-22,20.75,20.75,20.450000762939453,20.6299991607666,8.917679786682129,129500
2013-10-23,20.6299991607666,20.860000610351562,20.549999237060547,20.670000076293945,8.934978485107422,69400
2013-10-24,20.610000610351562,20.940000534057617,20.610000610351562,20.709999084472656,8.95226764678955,73700
2013-10-25,20.75,20.920000076293945,20.75,20.829999923706055,9.00413703918457,49500
2013-10-28,20.979999542236328,20.979999542236328,20.579999923706055,20.700000762939453,8.947945594787598,62600
2013-10-29,20.799999237060547,20.920000076293945,20.65999984741211,20.81999969482422,8.999815940856934,94400
2013-10-30,20.829999923706055,21.0,20.719999313354492,20.920000076293945,9.04304313659668,78000
2013-10-31,21.15999984741211,21.15999984741211,20.709999084472656,20.799999237060547,8.991168975830078,68400
2013-11-01,20.8799991607666,20.969999313354492,20.65999984741211,20.729999542236328,8.960914611816406,29100
2013-11-04,20.719999313354492,20.809999465942383,20.56999969482422,20.649999618530273,8.926322937011719,44100
2013-11-05,20.600000381469727,20.65999984741211,20.329999923706055,20.440000534057617,8.835553169250488,82100
2013-11-06,20.420000076293945,20.489999771118164,20.350000381469727,20.440000534057617,8.835553169250488,68700
2013-11-07,20.5,20.540000915527344,20.389999389648438,20.450000762939453,8.839876174926758,51200
2013-11-08,20.420000076293945,20.479999542236328,20.010000228881836,20.110000610351562,8.692906379699707,149900
2013-11-11,20.170000076293945,20.260000228881836,20.100000381469727,20.139999389648438,8.7058744430542,40900
2013-11-12,20.15999984741211,20.229999542236328,19.780000686645508,19.920000076293945,8.6107759475708,100000
2013-11-13,19.969999313354492,20.170000076293945,19.8799991607666,20.149999618530273,8.710192680358887,98700
2013-11-14,20.170000076293945,20.40999984741211,20.1200008392334,20.270000457763672,8.762066841125488,149100
2013-11-15,20.18000030517578,20.34000015258789,20.18000030517578,20.270000457763672,8.762066841125488,67100
2013-11-18,20.25,20.389999389648438,20.25,20.299999237060547,8.775033950805664,86500
2013-11-19,20.06999969482422,20.209999084472656,19.969999313354492,19.989999771118164,8.707951545715332,101000
2013-11-20,19.850000381469727,20.1200008392334,19.729999542236328,19.790000915527344,8.620829582214355,178100
2013-11-21,19.8700008392334,19.940000534057617,19.739999771118164,19.770000457763672,8.6121187210083,134300
2013-11-22,19.829999923706055,19.989999771118164,19.68000030517578,19.90999984741211,8.673096656799316,227500
2013-11-25,19.770000457763672,20.079999923706055,19.690000534057617,20.049999237060547,8.734095573425293,201000
2013-11-26,19.93000030517578,20.1200008392334,19.850000381469727,19.90999984741211,8.673096656799316,159800
2013-11-27,19.860000610351562,20.06999969482422,19.809999465942383,19.8799991607666,8.66003131866455,141400
2013-11-29,20.079999923706055,20.079999923706055,19.829999923706055,19.899999618530273,8.668743133544922,52100
2013-12-02,19.899999618530273,20.030000686645508,19.799999237060547,19.989999771118164,8.707951545715332,229900
2013-12-03,19.889999389648438,19.950000762939453,19.739999771118164,19.850000381469727,8.646965026855469,146400
2013-12-04,19.90999984741211,19.90999984741211,19.670000076293945,19.729999542236328,8.594690322875977,174000
2013-12-05,19.729999542236328,19.790000915527344,19.56999969482422,19.68000030517578,8.572915077209473,285900
2013-12-06,19.760000228881836,19.8799991607666,19.739999771118164,19.829999923706055,8.638254165649414,113600
2013-12-09,19.780000686645508,19.899999618530273,19.770000457763672,19.860000610351562,8.651322364807129,166600
2013-12-10,19.84000015258789,19.93000030517578,19.75,19.889999389648438,8.664387702941895,234000
2013-12-11,19.989999771118164,19.989999771118164,19.850000381469727,19.90999984741211,8.673096656799316,159000
2013-12-12,19.860000610351562,20.0,19.860000610351562,19.899999618530273,8.668743133544922,210700
2013-12-13,19.8700008392334,19.959999084472656,19.809999465942383,19.940000534057617,8.686172485351562,176500
2013-12-16,20.0,20.399999618530273,19.979999542236328,20.270000457763672,8.82991886138916,287300
2013-12-17,20.149999618530273,20.43000030517578,20.149999618530273,20.299999237060547,8.842994689941406,167400
2013-12-18,20.260000228881836,20.5,20.200000762939453,20.389999389648438,8.882201194763184,242400
2013-12-19,20.1200008392334,20.579999923706055,20.049999237060547,20.260000228881836,8.918294906616211,230100
2013-12-20,20.25,20.459999084472656,20.15999984741211,20.239999771118164,8.9094877243042,244800
2013-12-23,20.3799991607666,20.450000762939453,20.309999465942383,20.420000076293945,8.988719940185547,184300
2013-12-24,20.43000030517578,20.56999969482422,20.329999923706055,20.40999984741211,8.984320640563965,111000
2013-12-26,20.459999084472656,20.489999771118164,20.18000030517578,20.3700008392334,8.966710090637207,206400
2013-12-27,20.43000030517578,20.43000030517578,20.260000228881836,20.329999923706055,8.94910717010498,211800
2013-12-30,20.34000015258789,20.479999542236328,20.0,20.100000381469727,8.847860336303711,258000
2013-12-31,20.079999923706055,20.530000686645508,19.920000076293945,20.530000686645508,9.03714370727539,601600
2014-01-02,20.5,20.729999542236328,20.399999618530273,20.700000762939453,9.11197566986084,116900
2014-01-03,20.770000457763672,20.770000457763672,20.600000381469727,20.729999542236328,9.12518310546875,76000
2014-01-06,20.790000915527344,20.8700008392334,20.559999465942383,20.700000762939453,9.11197566986084,114100
2014-01-07,20.75,20.75,20.6200008392334,20.690000534057617,9.107573509216309,74500
2014-01-08,20.770000457763672,20.770000457763672,20.600000381469727,20.68000030517578,9.103172302246094,80500
2014-01-09,20.729999542236328,20.770000457763672,20.639999389648438,20.739999771118164,9.129585266113281,75500
2014-01-10,20.809999465942383,20.920000076293945,20.75,20.899999618530273,9.2000150680542,97700
2014-01-13,20.93000030517578,20.969999313354492,20.84000015258789,20.899999618530273,9.2000150680542,85500
2014-01-14,20.81999969482422,20.940000534057617,20.809999465942383,20.889999389648438,9.1956148147583,51600
2014-01-15,20.829999923706055,20.950000762939453,20.81999969482422,20.940000534057617,9.217625617980957,67900
2014-01-16,21.0,21.0,20.90999984741211,20.950000762939453,9.222024917602539,83400
2014-01-17,20.959999084472656,21.0,20.950000762939453,20.979999542236328,9.235231399536133,61000
2014-01-21,21.030000686645508,21.110000610351562,21.030000686645508,21.110000610351562,9.292462348937988,95900
2014-01-22,21.0,21.1200008392334,20.940000534057617,20.989999771118164,9.310201644897461,95900
2014-01-23,20.959999084472656,21.09000015258789,20.90999984741211,20.93000030517578,9.283586502075195,106300
2014-01-24,21.0,21.100000381469727,20.700000762939453,20.770000457763672,9.212618827819824,245600
2014-01-27,20.829999923706055,20.8799991607666,20.6200008392334,20.65999984741211,9.163825988769531,83300
2014-01-28,20.739999771118164,20.829999923706055,20.700000762939453,20.780000686645508,9.217052459716797,68000
2014-01-29,20.81999969482422,20.81999969482422,20.579999923706055,20.719999313354492,9.19044017791748,102100
2014-01-30,20.75,20.8799991607666,20.68000030517578,20.829999923706055,9.239229202270508,65300
2014-01-31,20.809999465942383,20.920000076293945,20.739999771118164,20.860000610351562,9.252537727355957,56600
2014-02-03,20.889999389648438,20.93000030517578,20.809999465942383,20.90999984741211,9.274714469909668,83100
2014-02-04,20.889999389648438,21.0,20.889999389648438,20.959999084472656,9.296895980834961,52100
2014-02-05,21.0,21.0,20.899999618530273,20.90999984741211,9.274714469909668,57500
2014-02-06,20.979999542236328,21.110000610351562,20.90999984741211,21.059999465942383,9.341245651245117,79800
2014-02-07,21.190000534057617,21.290000915527344,21.100000381469727,21.290000915527344,9.443268775939941,87100
2014-02-10,21.25,21.399999618530273,21.229999542236328,21.399999618530273,9.492053985595703,66000
2014-02-11,21.31999969482422,21.40999984741211,21.299999237060547,21.40999984741211,9.49649429321289,59200
2014-02-12,21.440000534057617,21.489999771118164,21.3700008392334,21.40999984741211,9.49649429321289,65600
2014-02-13,21.479999542236328,21.479999542236328,21.399999618530273,21.420000076293945,9.500930786132812,71500
2014-02-14,21.540000915527344,21.610000610351562,21.459999084472656,21.56999969482422,9.567460060119629,73500
2014-02-18,21.579999923706055,21.6200008392334,21.520000457763672,21.540000915527344,9.55414867401123,123800
2014-02-19,21.5,21.5,21.350000381469727,21.389999389648438,9.558621406555176,80300
2014-02-20,21.350000381469727,21.440000534057617,21.299999237060547,21.34000015258789,9.536282539367676,53700
2014-02-21,21.479999542236328,21.510000228881836,21.420000076293945,21.489999771118164,9.603316307067871,87500
2014-02-24,21.65999984741211,21.65999984741211,21.549999237060547,21.56999969482422,9.639059066772461,110100
2014-02-25,21.639999389648438,21.709999084472656,21.59000015258789,21.670000076293945,9.68375015258789,136700
2014-02-26,21.739999771118164,21.75,21.6299991607666,21.709999084472656,9.70162296295166,90800
2014-02-27,21.780000686645508,21.8700008392334,21.729999542236328,21.850000381469727,9.76418399810791,96500
2014-02-28,22.0,22.0,21.790000915527344,21.90999984741211,9.790994644165039,77400
2014-03-03,21.8799991607666,21.920000076293945,21.850000381469727,21.8799991607666,9.777588844299316,61300
2014-03-04,21.969999313354492,22.030000686645508,21.90999984741211,21.989999771118164,9.826743125915527,80800
2014-03-05,22.15999984741211,22.219999313354492,21.93000030517578,22.0,9.831218719482422,58900
2014-03-06,22.139999389648438,22.139999389648438,21.950000762939453,22.030000686645508,9.844616889953613,64700
2014-03-07,22.100000381469727,22.100000381469727,21.729999542236328,21.770000457763672,9.728435516357422,119200
2014-03-10,21.770000457763672,21.899999618530273,21.75,21.770000457763672,9.728435516357422,52900
2014-03-11,21.850000381469727,21.8799991607666,21.690000534057617,21.729999542236328,9.71055793762207,74800
2014-03-12,21.850000381469727,21.920000076293945,21.75,21.799999237060547,9.741843223571777,39500
2014-03-13,21.969999313354492,21.969999313354492,21.799999237060547,21.8700008392334,9.77312183380127,54200
2014-03-14,21.8700008392334,21.93000030517578,21.81999969482422,21.81999969482422,9.750781059265137,57400
2014-03-17,21.84000015258789,21.920000076293945,21.809999465942383,21.829999923706055,9.75524616241455,49100
2014-03-18,21.959999084472656,21.959999084472656,21.799999237060547,21.93000030517578,9.799935340881348,59800
2014-03-19,21.899999618530273,21.979999542236328,21.850000381469727,21.860000610351562,9.76865005493164,86100
2014-03-20,21.690000534057617,21.81999969482422,21.690000534057617,21.809999465942383,9.818174362182617,83100
2014-03-21,21.93000030517578,21.93000030517578,21.719999313354492,21.790000915527344,9.80916976928711,63100
2014-03-24,21.850000381469727,21.889999389648438,21.690000534057617,21.719999313354492,9.777660369873047,49500
2014-03-25,21.719999313354492,21.790000915527344,21.690000534057617,21.700000762939453,9.768653869628906,50400
2014-03-26,21.829999923706055,21.829999923706055,21.690000534057617,21.760000228881836,9.795663833618164,49000
2014-03-27,21.75,21.75,21.670000076293945,21.68000030517578,9.759648323059082,35000
2014-03-28,21.799999237060547,21.81999969482422,21.68000030517578,21.719999313354492,9.777660369873047,71300
2014-03-31,21.809999465942383,21.809999465942383,21.68000030517578,21.719999313354492,9.777660369873047,55500
2014-04-01,21.809999465942383,21.81999969482422,21.729999542236328,21.760000228881836,9.795663833618164,57500
2014-04-02,21.81999969482422,21.850000381469727,21.760000228881836,21.829999923706055,9.827178001403809,40100
2014-04-03,21.93000030517578,21.93000030517578,21.809999465942383,21.829999923706055,9.827178001403809,89100
2014-04-04,21.920000076293945,21.940000534057617,21.8700008392334,21.8700008392334,9.845184326171875,41100
2014-04-07,21.90999984741211,21.90999984741211,21.84000015258789,21.8799991607666,9.849682807922363,73200
2014-04-08,21.899999618530273,21.989999771118164,21.850000381469727,21.950000762939453,9.881196975708008,71700
2014-04-09,22.020000457763672,22.100000381469727,21.950000762939453,22.06999969482422,9.935216903686523,55500
2014-04-10,22.100000381469727,22.139999389648438,22.0,22.06999969482422,9.935216903686523,106900
2014-04-11,22.059999465942383,22.100000381469727,22.030000686645508,22.06999969482422,9.935216903686523,63800
2014-04-14,22.079999923706055,22.18000030517578,22.059999465942383,22.15999984741211,9.975727081298828,71700
2014-04-15,22.239999771118164,22.3799991607666,22.170000076293945,22.31999969482422,10.047760963439941,113000
2014-04-16,22.43000030517578,22.43000030517578,22.260000228881836,22.31999969482422,10.047760963439941,79400
2014-04-17,22.389999389648438,22.40999984741211,22.31999969482422,22.40999984741211,10.088279724121094,86000
2014-04-21,22.299999237060547,22.389999389648438,22.25,22.309999465942383,10.11547565460205,101600
2014-04-22,22.399999618530273,22.399999618530273,22.309999465942383,22.360000610351562,10.13814640045166,58600
2014-04-23,22.3700008392334,22.420000076293945,22.309999465942383,22.3799991607666,10.147215843200684,71900
2014-04-24,22.399999618530273,22.489999771118164,22.360000610351562,22.479999542236328,10.192560195922852,56700
2014-04-25,22.489999771118164,22.530000686645508,22.450000762939453,22.489999771118164,10.197093963623047,59600
2014-04-28,22.6200008392334,22.670000076293945,22.510000228881836,22.649999618530273,10.269637107849121,62400
2014-04-29,22.719999313354492,22.719999313354492,22.530000686645508,22.649999618530273,10.269637107849121,91400
2014-04-30,22.729999542236328,22.760000228881836,22.649999618530273,22.760000228881836,10.319512367248535,83800
2014-05-01,22.84000015258789,22.889999389648438,22.770000457763672,22.84000015258789,10.355786323547363,49400
2014-05-02,22.899999618530273,22.899999618530273,22.799999237060547,22.81999969482422,10.34671401977539,50400
2014-05-05,22.8700008392334,22.8700008392334,22.780000686645508,22.809999465942383,10.342187881469727,53100
2014-05-06,22.829999923706055,22.889999389648438,22.75,22.829999923706055,10.351252555847168,60200
2014-05-07,22.829999923706055,22.8700008392334,22.780000686645508,22.799999237060547,10.337645530700684,112500
2014-05-08,22.809999465942383,22.8700008392334,22.809999465942383,22.84000015258789,10.355786323547363,55900
2014-05-09,22.8700008392334,22.93000030517578,22.799999237060547,22.899999618530273,10.382987022399902,135800
2014-05-12,23.020000457763672,23.040000915527344,22.93000030517578,23.0,10.428330421447754,60900
2014-05-13,23.0,23.09000015258789,22.989999771118164,23.079999923706055,10.464601516723633,60900
2014-05-14,23.059999465942383,23.1299991607666,22.940000534057617,23.0,10.428330421447754,174200
2014-05-15,23.09000015258789,23.100000381469727,22.799999237060547,22.81999969482422,10.34671401977539,123800
2014-05-16,22.8799991607666,22.959999084472656,22.780000686645508,22.790000915527344,10.333112716674805,114300
2014-05-19,22.799999237060547,22.920000076293945,22.790000915527344,22.81999969482422,10.34671401977539,104000
2014-05-20,22.690000534057617,22.829999923706055,22.59000015258789,22.709999084472656,10.369548797607422,98700
2014-05-21,22.81999969482422,22.8700008392334,22.790000915527344,22.850000381469727,10.433465003967285,53200
2014-05-22,22.860000610351562,23.0,22.809999465942383,22.860000610351562,10.438035011291504,87300
2014-05-23,22.979999542236328,22.979999542236328,22.75,22.770000457763672,10.396943092346191,74100
2014-05-27,22.850000381469727,22.959999084472656,22.770000457763672,22.8700008392334,10.442605018615723,76100
2014-05-28,22.959999084472656,23.0,22.829999923706055,22.969999313354492,10.488259315490723,98900
2014-05-29,23.0,23.100000381469727,22.989999771118164,23.09000015258789,10.54305362701416,101900
2014-05-30,23.09000015258789,23.170000076293945,22.81999969482422,22.899999618530273,10.456300735473633,154500
2014-06-02,22.940000534057617,22.969999313354492,22.760000228881836,22.799999237060547,10.410640716552734,120500
2014-06-03,22.790000915527344,22.889999389648438,22.709999084472656,22.790000915527344,10.406074523925781,116200
2014-06-04,22.809999465942383,22.899999618530273,22.6200008392334,22.760000228881836,10.392376899719238,103000
2014-06-05,22.770000457763672,22.940000534057617,22.700000762939453,22.889999389648438,10.45173168182373,82400
2014-06-06,22.989999771118164,23.040000915527344,22.899999618530273,22.93000030517578,10.469991683959961,56700
2014-06-09,22.979999542236328,23.040000915527344,22.899999618530273,23.030000686645508,10.515660285949707,62800
2014-06-10,23.079999923706055,23.09000015258789,22.959999084472656,23.09000015258789,10.54305362701416,91300
2014-06-11,23.09000015258789,23.15999984741211,22.979999542236328,23.09000015258789,10.54305362701416,88100
2014-06-12,23.049999237060547,23.18000030517578,23.0,23.100000381469727,10.547619819641113,58900
2014-06-13,23.18000030517578,23.18000030517578,23.059999465942383,23.1299991607666,10.56131649017334,69800
2014-06-16,23.139999389648438,23.18000030517578,23.079999923706055,23.170000076293945,10.579583168029785,37200
2014-06-17,23.200000762939453,23.399999618530273,23.1200008392334,23.170000076293945,10.579583168029785,57400
2014-06-18,23.280000686645508,23.350000381469727,23.18000030517578,23.219999313354492,10.602415084838867,97700
2014-06-19,23.200000762939453,23.219999313354492,23.010000228881836,23.079999923706055,10.611605644226074,67900
2014-06-20,23.170000076293945,23.190000534057617,23.059999465942383,23.1299991607666,10.634596824645996,53400
2014-06-23,23.290000915527344,23.360000610351562,23.200000762939453,23.360000610351562,10.740354537963867,69000
2014-06-24,23.3700008392334,23.3799991607666,23.170000076293945,23.329999923706055,10.726550102233887,89800
2014-06-25,23.309999465942383,23.479999542236328,23.229999542236328,23.270000457763672,10.698967933654785,99600
2014-06-26,23.34000015258789,23.65999984741211,23.209999084472656,23.65999984741211,10.878278732299805,72900
2014-06-27,23.65999984741211,23.65999984741211,23.530000686645508,23.649999618530273,10.873682022094727,57000
2014-06-30,23.649999618530273,23.649999618530273,23.510000228881836,23.559999465942383,10.832300186157227,53000
2014-07-01,23.6299991607666,23.6299991607666,23.450000762939453,23.530000686645508,10.818511009216309,41900
2014-07-02,23.59000015258789,23.649999618530273,23.31999969482422,23.389999389648438,10.754135131835938,35700
2014-07-03,23.31999969482422,23.31999969482422,22.8799991607666,22.989999771118164,10.570231437683105,89600
2014-07-07,23.100000381469727,23.170000076293945,23.010000228881836,23.100000381469727,10.620804786682129,77600
2014-07-08,23.18000030517578,23.290000915527344,22.8700008392334,23.100000381469727,10.620804786682129,92400
2014-07-09,22.979999542236328,23.15999984741211,22.979999542236328,23.1200008392334,10.630001068115234,51900
2014-07-10,23.1200008392334,23.270000457763672,22.969999313354492,23.079999923706055,10.611605644226074,74300
2014-07-11,23.270000457763672,23.34000015258789,23.200000762939453,23.260000228881836,10.694371223449707,53500
2014-07-14,23.270000457763672,23.399999618530273,23.200000762939453,23.260000228881836,10.694371223449707,87800
2014-07-15,23.34000015258789,23.34000015258789,23.06999969482422,23.15999984741211,10.648388862609863,59700
2014-07-16,23.100000381469727,23.190000534057617,23.010000228881836,23.06999969482422,10.607013702392578,67100
2014-07-17,23.059999465942383,23.09000015258789,22.989999771118164,23.020000457763672,10.584024429321289,76700
2014-07-18,23.09000015258789,23.149999618530273,23.010000228881836,23.09000015258789,10.616209983825684,75000
2014-07-21,23.139999389648438,23.190000534057617,22.989999771118164,23.049999237060547,10.597820281982422,51100
2014-07-22,23.0,23.06999969482422,22.959999084472656,23.059999465942383,10.676521301269531,65200
2014-07-23,23.100000381469727,23.100000381469727,22.829999923706055,22.979999542236328,10.639486312866211,108500
2014-07-24,22.989999771118164,23.030000686645508,22.809999465942383,22.809999465942383,10.560775756835938,74900
2014-07-25,22.799999237060547,22.8700008392334,22.770000457763672,22.829999923706055,10.570036888122559,62500
2014-07-28,22.799999237060547,22.799999237060547,22.709999084472656,22.739999771118164,10.528368949890137,53900
2014-07-29,22.799999237060547,22.8799991607666,22.639999389648438,22.649999618530273,10.486700057983398,71600
2014-07-30,22.540000915527344,22.690000534057617,22.459999084472656,22.510000228881836,10.421879768371582,139800
2014-07-31,22.459999084472656,22.459999084472656,22.100000381469727,22.15999984741211,10.259839057922363,193500
2014-08-01,22.200000762939453,22.34000015258789,22.030000686645508,22.260000228881836,10.306132316589355,101100
2014-08-04,22.350000381469727,22.350000381469727,22.100000381469727,22.139999389648438,10.250576972961426,47100
2014-08-05,22.170000076293945,22.200000762939453,22.040000915527344,22.170000076293945,10.264463424682617,84200
2014-08-06,22.1299991607666,22.290000915527344,22.049999237060547,22.260000228881836,10.306132316589355,43400
2014-08-07,22.350000381469727,22.389999389648438,22.299999237060547,22.360000610351562,10.352435111999512,39600
2014-08-08,22.459999084472656,22.56999969482422,22.40999984741211,22.40999984741211,10.375579833984375,42800
2014-08-11,22.530000686645508,22.559999465942383,22.450000762939453,22.530000686645508,10.43113899230957,45600
2014-08-12,22.5,22.579999923706055,22.420000076293945,22.43000030517578,10.384838104248047,59200
2014-08-13,22.559999465942383,22.56999969482422,22.440000534057617,22.450000762939453,10.394097328186035,43900
2014-08-14,22.600000381469727,22.649999618530273,22.520000457763672,22.59000015258789,10.458917617797852,38000
2014-08-15,22.610000610351562,22.700000762939453,22.309999465942383,22.5,10.417255401611328,192200
2014-08-18,22.549999237060547,22.709999084472656,22.489999771118164,22.700000762939453,10.50985050201416,72300
2014-08-19,22.770000457763672,22.770000457763672,22.65999984741211,22.760000228881836,10.537628173828125,62600
2014-08-20,22.670000076293945,22.670000076293945,22.510000228881836,22.610000610351562,10.542288780212402,64900
2014-08-21,22.649999618530273,22.65999984741211,22.579999923706055,22.610000610351562,10.542288780212402,34400
2014-08-22,22.690000534057617,22.690000534057617,22.610000610351562,22.690000534057617,10.579591751098633,83400
2014-08-25,22.700000762939453,22.700000762939453,22.59000015258789,22.65999984741211,10.56560230255127,38500
2014-08-26,22.670000076293945,22.770000457763672,22.649999618530273,22.739999771118164,10.602901458740234,76800
2014-08-27,22.809999465942383,22.8799991607666,22.780000686645508,22.81999969482422,10.640206336975098,79100
2014-08-28,22.729999542236328,22.8799991607666,22.729999542236328,22.860000610351562,10.658862113952637,50300
2014-08-29,22.8700008392334,23.0,22.84000015258789,22.969999313354492,10.710149765014648,80600
2014-09-02,23.059999465942383,23.100000381469727,23.010000228881836,23.040000915527344,10.74278736114502,80100
2014-09-03,23.079999923706055,23.1200008392334,22.920000076293945,23.09000015258789,10.76609992980957,100800
2014-09-04,23.09000015258789,23.170000076293945,22.979999542236328,23.030000686645508,10.738126754760742,168900
2014-09-05,23.020000457763672,23.020000457763672,22.899999618530273,22.90999984741211,10.682169914245605,89500
2014-09-08,23.030000686645508,23.1299991607666,22.860000610351562,22.8700008392334,10.66352367401123,41300
2014-09-09,22.850000381469727,22.959999084472656,22.770000457763672,22.8700008392334,10.66352367401123,55400
2014-09-10,22.709999084472656,22.889999389648438,22.690000534057617,22.84000015258789,10.649535179138184,59900
2014-09-11,22.860000610351562,22.969999313354492,22.770000457763672,22.8700008392334,10.66352367401123,60900
2014-09-12,22.850000381469727,22.920000076293945,22.520000457763672,22.559999465942383,10.518976211547852,64500
2014-09-15,22.690000534057617,22.75,22.600000381469727,22.739999771118164,10.602901458740234,68300
2014-09-16,22.760000228881836,22.850000381469727,22.6299991607666,22.850000381469727,10.654195785522461,42400
2014-09-17,22.899999618530273,22.950000762939453,22.75,22.860000610351562,10.658862113952637,82000
2014-09-18,22.90999984741211,22.940000534057617,22.850000381469727,22.940000534057617,10.69616413116455,69800
2014-09-19,22.8700008392334,22.8799991607666,22.75,22.81999969482422,10.714938163757324,51000
2014-09-22,22.829999923706055,22.84000015258789,22.559999465942383,22.75,10.682071685791016,37600
2014-09-23,22.649999618530273,22.68000030517578,22.520000457763672,22.600000381469727,10.611639976501465,54200
2014-09-24,22.670000076293945,22.690000534057617,22.420000076293945,22.459999084472656,10.545904159545898,121100
2014-09-25,22.549999237060547,22.559999465942383,22.209999084472656,22.260000228881836,10.452000617980957,51100
2014-09-26,22.260000228881836,22.3700008392334,22.209999084472656,22.239999771118164,10.442606925964355,60300
2014-09-29,22.280000686645508,22.34000015258789,22.200000762939453,22.329999923706055,10.484861373901367,65200
2014-09-30,22.5,22.59000015258789,22.34000015258789,22.59000015258789,10.606945037841797,79100
2014-10-01,22.65999984741211,22.850000381469727,22.579999923706055,22.729999542236328,10.672676086425781,39200
2014-10-02,22.719999313354492,22.75,22.579999923706055,22.719999313354492,10.667987823486328,45800
2014-10-03,22.700000762939453,22.780000686645508,22.639999389648438,22.65999984741211,10.639811515808105,40300
2014-10-06,22.760000228881836,22.809999465942383,22.6200008392334,22.65999984741211,10.639811515808105,48200
2014-10-07,22.68000030517578,22.84000015258789,22.670000076293945,22.799999237060547,10.705549240112305,39900
2014-10-08,22.8700008392334,22.920000076293945,22.81999969482422,22.8700008392334,10.738422393798828,51300
2014-10-09,22.940000534057617,22.979999542236328,22.790000915527344,22.850000381469727,10.729026794433594,42500
2014-10-10,22.75,22.8799991607666,22.65999984741211,22.719999313354492,10.667987823486328,52800
2014-10-13,22.700000762939453,22.860000610351562,22.540000915527344,22.559999465942383,10.59285831451416,49400
2014-10-14,22.709999084472656,22.799999237060547,22.399999618530273,22.540000915527344,10.583464622497559,60000
2014-10-15,22.309999465942383,22.610000610351562,22.1200008392334,22.350000381469727,10.4942626953125,105900
2014-10-16,22.31999969482422,22.670000076293945,22.290000915527344,22.649999618530273,10.635116577148438,57200
2014-10-17,22.700000762939453,22.950000762939453,22.6200008392334,22.889999389648438,10.74780559539795,63600
2014-10-20,22.93000030517578,22.93000030517578,22.790000915527344,22.8700008392334,10.738422393798828,61300
2014-10-21,22.899999618530273,22.950000762939453,22.780000686645508,22.950000762939453,10.77597427368164,103900
2014-10-22,22.899999618530273,22.899999618530273,22.719999313354492,22.729999542236328,10.74760627746582,70600
2014-10-23,22.8799991607666,22.889999389648438,22.739999771118164,22.829999923706055,10.794894218444824,66600
2014-10-24,22.860000610351562,22.8700008392334,22.75,22.81999969482422,10.790162086486816,55800
2014-10-27,22.829999923706055,22.889999389648438,22.700000762939453,22.790000915527344,10.775979995727539,46600
2014-10-28,22.8700008392334,22.8700008392334,22.770000457763672,22.860000610351562,10.809082984924316,39500
2014-10-29,22.809999465942383,22.889999389648438,22.809999465942383,22.850000381469727,10.804351806640625,57800
2014-10-30,22.899999618530273,22.899999618530273,22.670000076293945,22.729999542236328,10.74760627746582,91300
2014-10-31,22.860000610351562,22.90999984741211,22.65999984741211,22.889999389648438,10.823262214660645,91900
2014-11-03,22.8799991607666,22.950000762939453,22.8799991607666,22.93000030517578,10.842179298400879,63600
2014-11-04,22.950000762939453,22.950000762939453,22.799999237060547,22.860000610351562,10.809082984924316,46500
2014-11-05,22.920000076293945,22.959999084472656,22.889999389648438,22.93000030517578,10.842179298400879,53000
2014-11-06,22.940000534057617,23.0,22.940000534057617,22.989999771118164,10.870550155639648,61000
2014-11-07,22.989999771118164,23.079999923706055,22.969999313354492,22.979999542236328,10.86581802368164,66300
2014-11-10,23.010000228881836,23.040000915527344,22.979999542236328,23.0,10.875277519226074,34400
2014-11-11,23.020000457763672,23.18000030517578,22.989999771118164,23.020000457763672,10.884730339050293,74000
2014-11-12,23.040000915527344,23.139999389648438,23.030000686645508,23.1200008392334,10.932014465332031,32600
2014-11-13,23.139999389648438,23.170000076293945,23.040000915527344,23.149999618530273,10.946209907531738,62000
2014-11-14,23.1299991607666,23.350000381469727,23.1299991607666,23.280000686645508,11.007673263549805,62900
2014-11-17,23.280000686645508,23.420000076293945,23.149999618530273,23.40999984741211,11.069143295288086,85100
2014-11-18,23.239999771118164,23.479999542236328,23.149999618530273,23.350000381469727,11.116754531860352,70600
2014-11-19,23.3799991607666,23.389999389648438,23.100000381469727,23.190000534057617,11.040571212768555,81800
2014-11-20,23.200000762939453,23.3700008392334,23.139999389648438,23.219999313354492,11.054856300354004,112600
2014-11-21,23.399999618530273,23.399999618530273,23.1299991607666,23.149999618530273,11.021533966064453,60800
2014-11-24,23.100000381469727,23.260000228881836,23.100000381469727,23.170000076293945,11.03105354309082,55600
2014-11-25,23.229999542236328,23.229999542236328,23.139999389648438,23.229999542236328,11.059616088867188,46800
2014-11-26,23.31999969482422,23.450000762939453,23.25,23.440000534057617,11.15959644317627,60400
2014-11-28,23.489999771118164,23.65999984741211,23.43000030517578,23.649999618530273,11.259572982788086,20200
2014-12-01,23.510000228881836,23.709999084472656,23.31999969482422,23.690000534057617,11.278623580932617,77500
2014-12-02,23.649999618530273,23.690000534057617,23.40999984741211,23.690000534057617,11.278623580932617,79600
2014-12-03,23.65999984741211,23.75,23.56999969482422,23.6299991607666,11.250053405761719,78400
2014-12-04,23.670000076293945,23.739999771118164,23.530000686645508,23.530000686645508,11.202444076538086,74300
2014-12-05,23.43000030517578,23.540000915527344,23.09000015258789,23.100000381469727,10.997730255126953,113800
2014-12-08,23.329999923706055,23.329999923706055,22.719999313354492,22.889999389648438,10.897746086120605,104500
2014-12-09,22.899999618530273,23.059999465942383,22.790000915527344,22.940000534057617,10.921552658081055,63700
2014-12-10,23.09000015258789,23.200000762939453,22.81999969482422,22.84000015258789,10.873945236206055,70000
2014-12-11,22.729999542236328,23.139999389648438,22.709999084472656,23.010000228881836,10.954879760742188,45900
2014-12-12,22.799999237060547,23.1200008392334,22.75,22.760000228881836,10.835854530334473,59300
2014-12-15,22.989999771118164,22.989999771118164,22.670000076293945,22.81999969482422,10.864418029785156,106100
2014-12-16,22.809999465942383,22.979999542236328,22.719999313354492,22.75,10.831092834472656,72700
2014-12-17,22.760000228881836,23.329999923706055,22.729999542236328,22.8700008392334,10.888227462768555,87300
2014-12-18,23.139999389648438,23.229999542236328,22.8700008392334,23.079999923706055,10.988204956054688,88400
2014-12-19,22.940000534057617,23.020000457763672,22.739999771118164,22.850000381469727,10.954647064208984,96000
2014-12-22,22.790000915527344,22.8799991607666,22.610000610351562,22.670000076293945,10.868349075317383,64700
2014-12-23,22.670000076293945,22.8700008392334,22.670000076293945,22.799999237060547,10.930673599243164,68300
2014-12-24,22.8700008392334,22.959999084472656,22.65999984741211,22.760000228881836,10.911497116088867,16000
2014-12-26,22.889999389648438,22.959999084472656,22.579999923706055,22.700000762939453,10.882731437683105,56600
2014-12-29,22.790000915527344,22.84000015258789,22.5,22.579999923706055,10.825201988220215,102500
2014-12-30,22.649999618530273,22.68000030517578,22.5,22.579999923706055,10.825201988220215,89400
2014-12-31,22.760000228881836,22.780000686645508,22.25,22.25,10.666991233825684,102400
2015-01-02,22.510000228881836,22.709999084472656,22.459999084472656,22.68000030517578,10.873147964477539,90000
2015-01-05,22.510000228881836,22.850000381469727,22.510000228881836,22.850000381469727,10.954647064208984,64600
2015-01-06,22.770000457763672,22.829999923706055,22.610000610351562,22.829999923706055,10.945055961608887,60800
2015-01-07,23.0,23.170000076293945,22.889999389648438,23.09000015258789,11.069705963134766,51600
2015-01-08,23.079999923706055,23.18000030517578,23.010000228881836,23.1200008392334,11.084084510803223,73700
2015-01-09,23.219999313354492,23.239999771118164,23.030000686645508,23.1200008392334,11.084084510803223,48400
2015-01-12,23.239999771118164,23.239999771118164,23.06999969482422,23.1299991607666,11.08888053894043,41100
2015-01-13,23.15999984741211,23.239999771118164,23.030000686645508,23.170000076293945,11.108059883117676,63300
2015-01-14,23.139999389648438,23.25,23.010000228881836,23.1200008392334,11.084084510803223,68100
2015-01-15,23.239999771118164,23.309999465942383,23.170000076293945,23.309999465942383,11.175178527832031,73200
2015-01-16,23.209999084472656,23.360000610351562,23.18000030517578,23.309999465942383,11.175178527832031,68400
2015-01-20,23.469999313354492,23.469999313354492,23.329999923706055,23.40999984741211,11.223119735717773,61100
2015-01-21,23.360000610351562,23.40999984741211,23.200000762939453,23.239999771118164,11.218290328979492,70800
2015-01-22,23.399999618530273,23.399999618530273,23.25,23.25,11.223119735717773,59500
2015-01-23,23.25,23.309999465942383,23.18000030517578,23.239999771118164,11.218290328979492,56600
2015-01-26,23.309999465942383,23.34000015258789,23.270000457763672,23.299999237060547,11.24725341796875,54100
2015-01-27,23.270000457763672,23.610000610351562,23.229999542236328,23.579999923706055,11.382412910461426,78500
2015-01-28,23.600000381469727,23.6299991607666,23.399999618530273,23.469999313354492,11.329309463500977,46000
2015-01-29,23.459999084472656,23.6200008392334,23.40999984741211,23.610000610351562,11.396897315979004,54400
2015-01-30,23.649999618530273,23.979999542236328,23.56999969482422,23.719999313354492,11.449987411499023,72300
2015-02-02,23.6299991607666,23.959999084472656,23.6299991607666,23.959999084472656,11.565842628479004,64600
2015-02-03,23.8799991607666,24.0,23.59000015258789,23.600000381469727,11.39206600189209,78700
2015-02-04,23.770000457763672,23.780000686645508,23.479999542236328,23.489999771118164,11.338972091674805,40500
2015-02-05,23.670000076293945,23.799999237060547,23.520000457763672,23.610000610351562,11.396897315979004,36600
2015-02-06,23.469999313354492,23.549999237060547,23.399999618530273,23.459999084472656,11.32448959350586,82400
2015-02-09,23.670000076293945,23.670000076293945,23.5,23.559999465942383,11.372763633728027,38000
2015-02-10,23.510000228881836,23.65999984741211,23.510000228881836,23.65999984741211,11.421028137207031,56800
2015-02-11,23.770000457763672,23.770000457763672,23.5,23.6200008392334,11.401718139648438,51100
2015-02-12,23.559999465942383,23.709999084472656,23.530000686645508,23.540000915527344,11.363107681274414,54600
2015-02-13,23.6200008392334,23.639999389648438,23.559999465942383,23.610000610351562,11.396897315979004,23300
2015-02-17,23.579999923706055,23.610000610351562,23.190000534057617,23.209999084472656,11.203803062438965,86900
2015-02-18,23.190000534057617,23.260000228881836,23.06999969482422,23.139999389648438,11.247552871704102,54200
2015-02-19,23.110000610351562,23.229999542236328,23.09000015258789,23.139999389648438,11.247552871704102,35600
2015-02-20,23.149999618530273,23.360000610351562,23.139999389648438,23.299999237060547,11.325329780578613,46100
2015-02-23,23.43000030517578,23.450000762939453,23.290000915527344,23.31999969482422,11.33504867553711,45600
2015-02-24,23.350000381469727,23.43000030517578,23.290000915527344,23.34000015258789,11.344764709472656,41300
2015-02-25,23.420000076293945,23.540000915527344,23.3700008392334,23.489999771118164,11.417679786682129,34500
2015-02-26,23.450000762939453,23.559999465942383,23.420000076293945,23.549999237060547,11.446844100952148,62000
2015-02-27,23.450000762939453,23.610000610351562,23.450000762939453,23.530000686645508,11.437121391296387,33300
2015-03-02,23.610000610351562,23.68000030517578,23.469999313354492,23.670000076293945,11.505173683166504,24400
2015-03-03,23.579999923706055,23.760000228881836,23.559999465942383,23.729999542236328,11.534329414367676,45200
2015-03-04,23.6299991607666,23.700000762939453,23.600000381469727,23.670000076293945,11.505173683166504,34900
2015-03-05,23.610000610351562,23.719999313354492,23.600000381469727,23.709999084472656,11.524609565734863,66900
2015-03-06,23.56999969482422,23.639999389648438,23.209999084472656,23.219999313354492,11.286432266235352,83500
2015-03-09,23.219999313354492,23.34000015258789,23.139999389648438,23.299999237060547,11.325329780578613,67200
2015-03-10,23.350000381469727,23.489999771118164,23.280000686645508,23.43000030517578,11.388517379760742,45300
2015-03-11,23.489999771118164,23.579999923706055,23.469999313354492,23.5,11.422536849975586,35600
2015-03-12,23.469999313354492,23.5,23.3799991607666,23.489999771118164,11.417679786682129,36200
2015-03-13,23.350000381469727,23.40999984741211,23.270000457763672,23.360000610351562,11.354491233825684,37400
2015-03-16,23.299999237060547,23.43000030517578,23.299999237060547,23.350000381469727,11.349632263183594,54800
2015-03-17,23.229999542236328,23.329999923706055,23.229999542236328,23.309999465942383,11.330185890197754,58000
2015-03-18,23.190000534057617,23.5,23.18000030517578,23.489999771118164,11.417679786682129,54600
2015-03-19,23.559999465942383,23.6200008392334,23.3700008392334,23.6200008392334,11.480866432189941,73900
2015-03-20,23.459999084472656,23.540000915527344,23.360000610351562,23.489999771118164,11.495546340942383,33800
2015-03-23,23.399999618530273,23.559999465942383,23.3799991607666,23.520000457763672,11.510231018066406,42300
2015-03-24,23.420000076293945,23.530000686645508,23.420000076293945,23.520000457763672,11.510231018066406,32300
2015-03-25,23.5,23.549999237060547,23.469999313354492,23.489999771118164,11.495546340942383,29900
2015-03-26,23.360000610351562,23.549999237060547,23.360000610351562,23.510000228881836,11.505331039428711,72200
2015-03-27,23.540000915527344,23.549999237060547,23.3700008392334,23.420000076293945,11.461292266845703,53800
2015-03-30,23.450000762939453,23.56999969482422,23.399999618530273,23.489999771118164,11.495546340942383,70400
2015-03-31,23.520000457763672,23.520000457763672,23.40999984741211,23.40999984741211,11.45639705657959,48400
2015-04-01,23.440000534057617,23.479999542236328,23.3799991607666,23.43000030517578,11.466185569763184,32800
2015-04-02,23.360000610351562,23.420000076293945,23.360000610351562,23.399999618530273,11.451502799987793,42400
2015-04-06,23.420000076293945,23.459999084472656,23.350000381469727,23.420000076293945,11.461292266845703,54700
2015-04-07,23.399999618530273,23.559999465942383,23.399999618530273,23.520000457763672,11.510231018066406,30300
2015-04-08,23.549999237060547,23.68000030517578,23.510000228881836,23.639999389648438,11.568954467773438,36800
2015-04-09,23.760000228881836,23.790000915527344,23.719999313354492,23.75,11.622790336608887,53500
2015-04-10,23.780000686645508,23.90999984741211,23.780000686645508,23.90999984741211,11.70108699798584,40500
2015-04-13,24.020000457763672,24.020000457763672,23.81999969482422,23.850000381469727,11.671727180480957,43500
2015-04-14,23.829999923706055,23.90999984741211,23.75,23.770000457763672,11.63257884979248,42400
2015-04-15,23.81999969482422,23.84000015258789,23.739999771118164,23.790000915527344,11.642365455627441,34300
2015-04-16,23.770000457763672,23.850000381469727,23.75,23.84000015258789,11.666829109191895,25600
2015-04-17,23.899999618530273,24.020000457763672,23.809999465942383,23.899999618530273,11.69619369506836,46100
2015-04-20,23.93000030517578,23.989999771118164,23.809999465942383,23.899999618530273,11.69619369506836,55400
2015-04-21,23.709999084472656,23.899999618530273,23.65999984741211,23.860000610351562,11.755313873291016,40200
2015-04-22,24.010000228881836,24.079999923706055,23.790000915527344,23.790000915527344,11.720830917358398,45300
2015-04-23,23.799999237060547,23.889999389648438,23.739999771118164,23.770000457763672,11.710976600646973,90500
2015-04-24,23.84000015258789,23.84000015258789,23.75,23.790000915527344,11.720830917358398,38800
2015-04-27,23.760000228881836,23.8700008392334,23.739999771118164,23.75,11.701119422912598,49800
2015-04-28,23.739999771118164,23.829999923706055,23.700000762939453,23.729999542236328,11.691263198852539,61000
2015-04-29,23.709999084472656,23.81999969482422,23.700000762939453,23.739999771118164,11.69619369506836,65000
2015-04-30,23.850000381469727,23.979999542236328,23.829999923706055,23.940000534057617,11.794733047485352,91700
2015-05-01,23.950000762939453,23.989999771118164,23.81999969482422,23.8799991607666,11.765170097351074,40400
2015-05-04,23.780000686645508,24.010000228881836,23.780000686645508,23.950000762939453,11.79965877532959,55700
2015-05-05,23.860000610351562,23.940000534057617,23.600000381469727,23.770000457763672,11.710976600646973,88700
2015-05-06,23.719999313354492,23.719999313354492,23.3700008392334,23.450000762939453,11.553317070007324,88700
2015-05-07,23.530000686645508,23.530000686645508,23.329999923706055,23.40999984741211,11.533605575561523,43100
2015-05-08,23.709999084472656,23.719999313354492,23.520000457763672,23.700000762939453,11.676484107971191,39600
2015-05-11,23.700000762939453,23.700000762939453,23.520000457763672,23.540000915527344,11.597658157348633,33500
2015-05-12,23.399999618530273,23.690000534057617,23.360000610351562,23.6200008392334,11.637070655822754,74100
2015-05-13,23.6299991607666,23.709999084472656,23.479999542236328,23.559999465942383,11.607518196105957,59200
2015-05-14,23.56999969482422,23.739999771118164,23.56999969482422,23.65999984741211,11.656783103942871,70800
2015-05-15,23.610000610351562,23.75,23.600000381469727,23.68000030517578,11.666635513305664,73300
2015-05-18,23.68000030517578,23.68000030517578,23.299999237060547,23.329999923706055,11.494199752807617,131000
2015-05-19,23.1299991607666,23.299999237060547,23.1299991607666,23.209999084472656,11.514036178588867,47000
2015-05-20,23.270000457763672,23.329999923706055,23.229999542236328,23.260000228881836,11.538846015930176,49000
2015-05-21,23.350000381469727,23.350000381469727,23.149999618530273,23.170000076293945,11.494197845458984,68400
2015-05-22,23.200000762939453,23.200000762939453,23.030000686645508,23.09000015258789,11.454509735107422,50300
2015-05-26,23.079999923706055,23.09000015258789,22.920000076293945,22.969999313354492,11.394978523254395,68700
2015-05-27,23.0,23.100000381469727,23.0,23.100000381469727,11.459468841552734,53900
2015-05-28,23.040000915527344,23.100000381469727,23.020000457763672,23.040000915527344,11.42970085144043,52100
2015-05-29,23.059999465942383,23.1200008392334,23.040000915527344,23.09000015258789,11.454509735107422,30300
2015-06-01,23.079999923706055,23.18000030517578,22.799999237060547,22.8700008392334,11.345368385314941,123500
2015-06-02,22.84000015258789,22.979999542236328,22.799999237060547,22.84000015258789,11.330488204956055,61200
2015-06-03,22.860000610351562,22.940000534057617,22.84000015258789,22.8700008392334,11.345368385314941,79300
2015-06-04,22.90999984741211,22.989999771118164,22.799999237060547,22.81999969482422,11.320568084716797,34600
2015-06-05,22.780000686645508,22.790000915527344,22.610000610351562,22.780000686645508,11.300722122192383,80100
2015-06-08,22.719999313354492,22.719999313354492,22.5,22.530000686645508,11.176705360412598,130900
2015-06-09,22.690000534057617,22.690000534057617,22.399999618530273,22.40999984741211,11.117170333862305,123700
2015-06-10,22.520000457763672,22.649999618530273,22.25,22.270000457763672,11.047727584838867,107200
2015-06-11,22.34000015258789,22.469999313354492,22.030000686645508,22.299999237060547,11.062603950500488,68200
2015-06-12,22.299999237060547,22.3799991607666,22.0,22.06999969482422,10.948505401611328,99300
2015-06-15,22.1299991607666,22.18000030517578,22.030000686645508,22.1200008392334,10.973310470581055,60700
2015-06-16,22.209999084472656,22.31999969482422,22.010000228881836,22.149999618530273,10.988194465637207,88100
2015-06-17,22.209999084472656,22.270000457763672,22.030000686645508,22.139999389648438,10.983236312866211,86400
2015-06-18,22.15999984741211,22.229999542236328,22.100000381469727,22.139999389648438,10.983236312866211,118600
2015-06-19,22.040000915527344,22.1299991607666,21.93000030517578,21.979999542236328,10.983231544494629,89600
2015-06-22,22.010000228881836,22.100000381469727,21.8799991607666,21.899999618530273,10.943253517150879,120100
2015-06-23,21.940000534057617,21.979999542236328,21.75,21.899999618530273,10.943253517150879,160800
2015-06-24,21.959999084472656,22.059999465942383,21.8799991607666,21.989999771118164,10.988229751586914,61100
2015-06-25,22.06999969482422,22.170000076293945,21.979999542236328,22.09000015258789,11.038200378417969,53600
2015-06-26,22.049999237060547,22.15999984741211,21.989999771118164,22.020000457763672,11.00322151184082,64800
2015-06-29,21.989999771118164,22.020000457763672,21.760000228881836,21.969999313354492,10.978235244750977,109800
2015-06-30,22.020000457763672,22.309999465942383,21.81999969482422,22.309999465942383,11.148131370544434,114300
2015-07-01,22.329999923706055,22.329999923706055,22.040000915527344,22.200000762939453,11.093164443969727,89400
2015-07-02,22.1200008392334,22.209999084472656,22.020000457763672,22.079999923706055,11.033199310302734,73300
2015-07-06,21.950000762939453,22.170000076293945,21.950000762939453,22.110000610351562,11.04819107055664,58900
2015-07-07,22.25,22.25,22.079999923706055,22.190000534057617,11.088171005249023,32600
2015-07-08,22.170000076293945,22.18000030517578,22.1299991607666,22.1299991607666,11.058187484741211,28000
2015-07-09,22.229999542236328,22.229999542236328,22.1200008392334,22.149999618530273,11.068183898925781,18700
2015-07-10,22.18000030517578,22.219999313354492,22.09000015258789,22.1299991607666,11.058187484741211,38400
2015-07-13,22.139999389648438,22.200000762939453,22.100000381469727,22.1299991607666,11.058187484741211,64600
2015-07-14,22.06999969482422,22.170000076293945,22.06999969482422,22.139999389648438,11.063186645507812,37300
2015-07-15,22.139999389648438,22.309999465942383,22.110000610351562,22.299999237060547,11.143129348754883,51100
2015-07-16,22.299999237060547,22.459999084472656,22.260000228881836,22.450000762939453,11.218092918395996,37000
2015-07-17,22.450000762939453,22.5,22.34000015258789,22.40999984741211,11.198100090026855,31000
2015-07-20,22.450000762939453,22.450000762939453,22.239999771118164,22.34000015258789,11.163124084472656,28200
2015-07-21,22.31999969482422,22.360000610351562,22.209999084472656,22.280000686645508,11.133143424987793,32900
2015-07-22,22.049999237060547,22.200000762939453,22.010000228881836,22.030000686645508,11.087838172912598,116600
2015-07-23,22.18000030517578,22.18000030517578,21.84000015258789,21.920000076293945,11.032480239868164,97100
2015-07-24,21.959999084472656,21.959999084472656,21.75,21.809999465942383,10.977118492126465,49500
2015-07-27,21.81999969482422,21.81999969482422,21.610000610351562,21.700000762939453,10.9217529296875,46500
2015-07-28,21.700000762939453,22.049999237060547,21.690000534057617,21.81999969482422,10.982147216796875,82500
2015-07-29,21.799999237060547,21.8799991607666,21.780000686645508,21.829999923706055,10.987181663513184,70900
2015-07-30,21.84000015258789,21.8700008392334,21.790000915527344,21.84000015258789,10.992217063903809,65100
2015-07-31,21.889999389648438,22.030000686645508,21.84000015258789,22.0,11.07274341583252,37700
2015-08-03,22.139999389648438,22.139999389648438,22.030000686645508,22.100000381469727,11.12307357788086,39400
2015-08-04,22.059999465942383,22.139999389648438,22.040000915527344,22.079999923706055,11.113004684448242,47800
2015-08-05,22.15999984741211,22.520000457763672,22.1200008392334,22.5,11.324393272399902,470700
2015-08-06,22.469999313354492,22.469999313354492,22.34000015258789,22.420000076293945,11.284135818481445,151700
2015-08-07,22.31999969482422,22.420000076293945,22.31999969482422,22.3799991607666,11.264004707336426,29800
2015-08-10,22.3799991607666,22.479999542236328,22.3799991607666,22.40999984741211,11.279097557067871,20100
2015-08-11,22.399999618530273,22.43000030517578,22.360000610351562,22.43000030517578,11.289163589477539,19900
2015-08-12,22.40999984741211,22.479999542236328,22.270000457763672,22.440000534057617,11.29420280456543,31900
2015-08-13,22.420000076293945,22.489999771118164,22.360000610351562,22.3799991607666,11.264004707336426,45300
2015-08-14,22.440000534057617,22.549999237060547,22.40999984741211,22.489999771118164,11.319367408752441,27100
2015-08-17,22.520000457763672,22.729999542236328,22.5,22.6200008392334,11.38479232788086,41100
2015-08-18,22.579999923706055,22.65999984741211,22.510000228881836,22.540000915527344,11.344527244567871,54100
2015-08-19,22.540000915527344,22.56999969482422,22.440000534057617,22.549999237060547,11.349563598632812,46900
2015-08-20,22.389999389648438,22.399999618530273,22.100000381469727,22.229999542236328,11.26845932006836,55900
2015-08-21,22.200000762939453,22.200000762939453,21.719999313354492,21.860000610351562,11.080900192260742,98700
2015-08-24,20.450000762939453,21.65999984741211,19.8700008392334,21.389999389648438,10.842660903930664,150700
2015-08-25,21.75,21.75,21.239999771118164,21.700000762939453,10.999797821044922,84200
2015-08-26,21.850000381469727,21.979999542236328,21.770000457763672,21.8700008392334,11.085969924926758,57700
2015-08-27,21.90999984741211,22.18000030517578,21.90999984741211,22.100000381469727,11.202561378479004,37100
2015-08-28,22.010000228881836,22.420000076293945,22.010000228881836,22.420000076293945,11.364774703979492,67000
2015-08-31,22.360000610351562,22.360000610351562,22.209999084472656,22.299999237060547,11.303936958312988,48300
2015-09-01,22.1299991607666,22.40999984741211,22.0,22.329999923706055,11.319145202636719,35600
2015-09-02,22.3799991607666,22.549999237060547,22.3700008392334,22.389999389648438,11.349564552307129,60800
2015-09-03,22.489999771118164,22.530000686645508,22.450000762939453,22.520000457763672,11.4154634475708,64700
2015-09-04,22.3799991607666,22.479999542236328,22.31999969482422,22.440000534057617,11.37491226196289,32800
2015-09-08,22.440000534057617,22.450000762939453,22.049999237060547,22.389999389648438,11.349564552307129,71100
2015-09-09,22.420000076293945,22.469999313354492,22.190000534057617,22.25,11.278596878051758,35700
2015-09-10,22.329999923706055,22.459999084472656,22.239999771118164,22.440000534057617,11.37491226196289,46300
2015-09-11,22.459999084472656,22.5,22.40999984741211,22.5,11.405320167541504,22000
2015-09-14,22.3700008392334,22.459999084472656,22.260000228881836,22.329999923706055,11.319145202636719,22100
2015-09-15,22.25,22.5,22.25,22.440000534057617,11.37491226196289,62400
2015-09-16,22.43000030517578,22.469999313354492,22.31999969482422,22.40999984741211,11.359698295593262,61000
2015-09-17,22.309999465942383,22.469999313354492,22.270000457763672,22.450000762939453,11.379981994628906,45500
2015-09-18,22.299999237060547,22.690000534057617,22.299999237060547,22.639999389648438,11.476288795471191,38800
2015-09-21,22.579999923706055,22.68000030517578,22.549999237060547,22.670000076293945,11.573284149169922,36900
2015-09-22,22.5,22.639999389648438,22.459999084472656,22.469999313354492,11.471179962158203,40700
2015-09-23,22.559999465942383,22.690000534057617,22.450000762939453,22.649999618530273,11.563079833984375,40500
2015-09-24,22.5,22.6200008392334,22.309999465942383,22.31999969482422,11.394607543945312,81300
2015-09-25,22.350000381469727,22.469999313354492,22.229999542236328,22.399999618530273,11.43544864654541,34300
2015-09-28,22.389999389648438,22.420000076293945,22.229999542236328,22.290000915527344,11.379289627075195,24000
2015-09-29,22.25,22.459999084472656,22.100000381469727,22.209999084472656,11.33845329284668,63700
2015-09-30,22.360000610351562,22.459999084472656,22.139999389648438,22.3799991607666,11.425240516662598,76700
2015-10-01,22.3799991607666,22.440000534057617,22.209999084472656,22.260000228881836,11.363973617553711,44300
2015-10-02,22.200000762939453,22.229999542236328,21.850000381469727,22.049999237060547,11.256767272949219,56400
2015-10-05,22.100000381469727,22.270000457763672,22.100000381469727,22.229999542236328,11.348662376403809,152600
2015-10-06,22.229999542236328,22.299999237060547,22.06999969482422,22.18000030517578,11.32313060760498,54600
2015-10-07,22.280000686645508,22.3799991607666,22.209999084472656,22.3799991607666,11.425240516662598,29700
2015-10-08,22.389999389648438,22.639999389648438,22.350000381469727,22.549999237060547,11.512022972106934,29600
2015-10-09,22.5,22.610000610351562,22.260000228881836,22.479999542236328,11.476288795471191,26700
2015-10-12,22.579999923706055,22.65999984741211,22.5,22.6299991607666,11.552868843078613,31000
2015-10-13,22.540000915527344,22.670000076293945,22.510000228881836,22.559999465942383,11.517127990722656,20300
2015-10-14,22.600000381469727,22.639999389648438,22.459999084472656,22.459999084472656,11.466080665588379,31800
2015-10-15,22.489999771118164,22.700000762939453,22.489999771118164,22.700000762939453,11.588603973388672,33400
2015-10-16,22.790000915527344,22.8799991607666,22.790000915527344,22.860000610351562,11.670284271240234,28200
2015-10-19,22.860000610351562,22.860000610351562,22.760000228881836,22.850000381469727,11.665173530578613,51200
2015-10-20,22.84000015258789,22.8799991607666,22.799999237060547,22.850000381469727,11.665173530578613,42400
2015-10-21,22.81999969482422,22.84000015258789,22.690000534057617,22.829999923706055,11.737154006958008,22400
2015-10-22,22.81999969482422,22.899999618530273,22.770000457763672,22.84000015258789,11.742297172546387,59300
2015-10-23,22.84000015258789,22.860000610351562,22.700000762939453,22.729999542236328,11.685742378234863,29100
2015-10-26,22.770000457763672,22.770000457763672,22.6299991607666,22.75,11.696025848388672,34300
2015-10-27,22.729999542236328,22.760000228881836,22.649999618530273,22.760000228881836,11.701166152954102,34200
2015-10-28,22.760000228881836,22.860000610351562,22.40999984741211,22.670000076293945,11.65489673614502,37100
2015-10-29,22.700000762939453,22.93000030517578,22.65999984741211,22.90999984741211,11.77828311920166,37000
2015-10-30,22.889999389648438,23.139999389648438,22.8799991607666,22.93000030517578,11.788562774658203,88400
2015-11-02,22.920000076293945,23.139999389648438,22.920000076293945,22.93000030517578,11.788562774658203,57500
2015-11-03,22.989999771118164,23.229999542236328,22.959999084472656,23.1200008392334,11.88624382019043,36400
2015-11-04,23.190000534057617,23.219999313354492,22.989999771118164,23.040000915527344,11.845118522644043,56900
2015-11-05,23.010000228881836,23.1200008392334,22.739999771118164,22.889999389648438,11.768000602722168,37900
2015-11-06,22.8799991607666,22.8799991607666,22.600000381469727,22.780000686645508,11.711447715759277,38600
2015-11-09,22.75,22.770000457763672,22.31999969482422,22.350000381469727,11.490381240844727,55000
2015-11-10,22.329999923706055,22.65999984741211,22.329999923706055,22.6299991607666,11.6343355178833,30500
2015-11-11,22.719999313354492,22.989999771118164,22.639999389648438,22.829999923706055,11.737154006958008,28700
2015-11-12,22.790000915527344,22.93000030517578,22.639999389648438,22.739999771118164,11.690884590148926,27900
2015-11-13,22.81999969482422,23.020000457763672,22.709999084472656,22.959999084472656,11.803994178771973,33700
2015-11-16,22.969999313354492,23.059999465942383,22.81999969482422,22.850000381469727,11.747429847717285,39700
2015-11-17,22.790000915527344,22.959999084472656,22.790000915527344,22.93000030517578,11.788562774658203,32100
2015-11-18,22.670000076293945,23.0,22.670000076293945,22.799999237060547,11.80409049987793,47300
2015-11-19,22.719999313354492,22.780000686645508,22.6299991607666,22.6299991607666,11.716086387634277,72000
2015-11-20,22.770000457763672,22.84000015258789,22.6200008392334,22.6200008392334,11.710899353027344,32600
2015-11-23,22.739999771118164,22.790000915527344,22.649999618530273,22.760000228881836,11.783384323120117,35900
2015-11-24,22.770000457763672,22.84000015258789,22.719999313354492,22.719999313354492,11.762674331665039,37100
2015-11-25,22.790000915527344,22.829999923706055,22.65999984741211,22.690000534057617,11.74714469909668,54400
2015-11-27,22.790000915527344,22.989999771118164,22.770000457763672,22.959999084472656,11.88693904876709,24000
2015-11-30,23.110000610351562,23.110000610351562,22.899999618530273,22.989999771118164,11.902464866638184,48400
2015-12-01,23.0,23.06999969482422,22.850000381469727,22.889999389648438,11.850691795349121,43400
2015-12-02,22.709999084472656,22.850000381469727,22.549999237060547,22.739999771118164,11.773035049438477,77100
2015-12-03,22.56999969482422,22.649999618530273,22.40999984741211,22.559999465942383,11.679842948913574,91600
2015-12-04,22.5,22.6299991607666,22.479999542236328,22.59000015258789,11.695368766784668,50300
2015-12-07,22.520000457763672,22.520000457763672,22.270000457763672,22.329999923706055,11.560762405395508,56900
2015-12-08,22.360000610351562,22.489999771118164,22.290000915527344,22.479999542236328,11.638423919677734,42500
2015-12-09,22.540000915527344,22.540000915527344,22.25,22.40999984741211,11.602181434631348,59100
2015-12-10,22.399999618530273,22.5,22.309999465942383,22.469999313354492,11.633244514465332,58500
2015-12-11,22.489999771118164,22.489999771118164,22.299999237060547,22.309999465942383,11.550410270690918,27500
2015-12-14,22.3799991607666,22.389999389648438,21.600000381469727,21.670000076293945,11.219069480895996,92900
2015-12-15,21.860000610351562,22.079999923706055,21.709999084472656,21.799999237060547,11.286375045776367,63100
2015-12-16,21.8700008392334,22.079999923706055,21.700000762939453,22.059999465942383,11.420985221862793,64200
2015-12-17,22.049999237060547,22.31999969482422,22.049999237060547,22.309999465942383,11.550410270690918,46400
2015-12-18,22.18000030517578,22.540000915527344,22.170000076293945,22.510000228881836,11.653953552246094,64600
2015-12-21,22.5,22.649999618530273,22.239999771118164,22.510000228881836,11.737387657165527,45300
2015-12-22,22.540000915527344,22.780000686645508,22.329999923706055,22.489999771118164,11.726960182189941,143800
2015-12-23,22.56999969482422,22.829999923706055,22.399999618530273,22.540000915527344,11.75302505493164,89100
2015-12-24,22.579999923706055,22.709999084472656,22.540000915527344,22.559999465942383,11.76345443725586,24500
2015-12-28,22.610000610351562,22.68000030517578,22.40999984741211,22.489999771118164,11.726960182189941,47700
2015-12-29,22.6200008392334,22.93000030517578,22.450000762939453,22.90999984741211,11.945953369140625,83500
2015-12-30,22.809999465942383,23.280000686645508,22.809999465942383,23.100000381469727,12.04503059387207,133300
2015-12-31,23.260000228881836,23.270000457763672,22.899999618530273,22.899999618530273,11.94074535369873,68300
2016-01-04,22.6200008392334,23.139999389648438,22.6200008392334,23.049999237060547,12.018950462341309,109700
2016-01-05,23.110000610351562,23.260000228881836,23.110000610351562,23.190000534057617,12.091960906982422,26800
2016-01-06,23.09000015258789,23.299999237060547,23.09000015258789,23.280000686645508,12.138886451721191,35900
2016-01-07,22.959999084472656,23.40999984741211,22.829999923706055,23.209999084472656,12.102384567260742,91300
2016-01-08,23.15999984741211,23.3700008392334,23.020000457763672,23.25,12.123239517211914,23700
2016-01-11,23.239999771118164,23.389999389648438,23.020000457763672,23.110000610351562,12.050240516662598,44800
2016-01-12,23.260000228881836,23.260000228881836,23.100000381469727,23.190000534057617,12.091960906982422,51700
2016-01-13,23.1299991607666,23.34000015258789,23.049999237060547,23.149999618530273,12.0711030960083,62300
2016-01-14,23.170000076293945,23.190000534057617,22.84000015258789,22.860000610351562,11.919881820678711,84200
2016-01-15,22.75,22.8799991607666,22.56999969482422,22.809999465942383,11.893811225891113,70100
2016-01-19,22.81999969482422,22.860000610351562,22.610000610351562,22.84000015258789,11.909454345703125,49700
2016-01-20,22.6299991607666,22.649999618530273,21.799999237060547,22.139999389648438,11.625903129577637,98600
2016-01-21,22.079999923706055,22.3799991607666,22.0,22.059999465942383,11.58388900756836,57600
2016-01-22,22.149999618530273,22.459999084472656,22.149999618530273,22.389999389648438,11.757177352905273,70400
2016-01-25,22.5,22.5,22.360000610351562,22.40999984741211,11.767672538757324,55200
2016-01-26,22.329999923706055,22.459999084472656,22.299999237060547,22.450000762939453,11.788681983947754,51300
2016-01-27,22.459999084472656,22.540000915527344,22.40999984741211,22.540000915527344,11.835938453674316,50900
2016-01-28,22.540000915527344,22.940000534057617,22.540000915527344,22.8799991607666,12.014480590820312,53000
2016-01-29,22.860000610351562,23.190000534057617,22.639999389648438,23.020000457763672,12.087995529174805,68400
2016-02-01,22.799999237060547,22.899999618530273,22.739999771118164,22.860000610351562,12.003973960876465,50200
2016-02-02,22.610000610351562,22.829999923706055,22.610000610351562,22.760000228881836,11.951473236083984,88600
2016-02-03,22.770000457763672,22.84000015258789,22.600000381469727,22.84000015258789,11.993474006652832,50500
2016-02-04,22.809999465942383,22.860000610351562,22.670000076293945,22.81999969482422,11.9829740524292,42100
2016-02-05,22.75,22.75,22.40999984741211,22.530000686645508,11.83069133758545,64800
2016-02-08,22.399999618530273,22.459999084472656,22.010000228881836,22.1299991607666,11.620647430419922,159200
2016-02-09,22.0,22.139999389648438,21.93000030517578,22.079999923706055,11.594388961791992,58900
2016-02-10,22.209999084472656,22.479999542236328,22.06999969482422,22.209999084472656,11.662656784057617,52300
2016-02-11,22.0,22.299999237060547,22.0,22.100000381469727,11.604891777038574,220900
2016-02-12,22.209999084472656,22.209999084472656,21.93000030517578,22.190000534057617,11.652156829833984,82400
2016-02-16,22.3700008392334,22.459999084472656,22.170000076293945,22.280000686645508,11.699417114257812,77100
2016-02-17,22.299999237060547,22.75,22.299999237060547,22.56999969482422,11.851694107055664,75000
2016-02-18,22.299999237060547,22.709999084472656,22.299999237060547,22.59000015258789,11.946893692016602,60600
2016-02-19,22.559999465942383,22.809999465942383,22.520000457763672,22.700000762939453,12.005066871643066,54800
2016-02-22,22.670000076293945,22.709999084472656,22.559999465942383,22.6200008392334,11.962753295898438,52400
2016-02-23,22.600000381469727,22.729999542236328,22.559999465942383,22.600000381469727,11.952176094055176,43700
2016-02-24,22.65999984741211,22.790000915527344,22.549999237060547,22.6200008392334,11.962753295898438,37900
2016-02-25,22.649999618530273,22.75,22.600000381469727,22.649999618530273,11.978621482849121,53900
2016-02-26,22.670000076293945,22.75,22.579999923706055,22.739999771118164,12.026216506958008,37000
2016-02-29,22.81999969482422,22.81999969482422,22.6299991607666,22.639999389648438,11.973332405090332,51600
2016-03-01,22.649999618530273,22.75,22.600000381469727,22.700000762939453,12.005066871643066,105700
2016-03-02,22.68000030517578,22.75,22.600000381469727,22.639999389648438,11.973332405090332,62600
2016-03-03,22.649999618530273,22.75,22.600000381469727,22.719999313354492,12.015640258789062,42100
2016-03-04,22.729999542236328,22.729999542236328,22.600000381469727,22.690000534057617,11.999780654907227,42600
2016-03-07,22.6200008392334,22.68000030517578,22.489999771118164,22.540000915527344,11.920445442199707,68700
2016-03-08,22.56999969482422,22.75,22.540000915527344,22.670000076293945,11.98919677734375,33300
2016-03-09,22.649999618530273,22.790000915527344,22.59000015258789,22.739999771118164,12.026216506958008,46300
2016-03-10,22.790000915527344,22.860000610351562,22.690000534057617,22.780000686645508,12.047375679016113,45300
2016-03-11,22.799999237060547,22.979999542236328,22.799999237060547,22.799999237060547,12.05794620513916,61200
2016-03-14,22.799999237060547,23.040000915527344,22.799999237060547,23.0,12.163725852966309,29800
2016-03-15,22.969999313354492,22.969999313354492,22.799999237060547,22.969999313354492,12.147858619689941,31500
2016-03-16,22.889999389648438,23.18000030517578,22.829999923706055,23.149999618530273,12.243050575256348,45900
2016-03-17,23.149999618530273,23.3700008392334,23.06999969482422,23.299999237060547,12.322376251220703,56200
2016-03-18,23.34000015258789,23.3700008392334,23.079999923706055,23.270000457763672,12.30650806427002,58100
2016-03-21,23.25,23.3799991607666,23.110000610351562,23.299999237060547,12.40768814086914,47000
2016-03-22,23.25,23.299999237060547,23.15999984741211,23.18000030517578,12.343792915344238,46100
2016-03-23,23.110000610351562,23.229999542236328,23.020000457763672,23.1299991607666,12.31716537475586,42100
2016-03-24,23.149999618530273,23.229999542236328,22.920000076293945,23.219999313354492,12.365090370178223,84000
2016-03-28,23.209999084472656,23.350000381469727,22.770000457763672,23.18000030517578,12.343792915344238,95300
2016-03-29,23.100000381469727,23.239999771118164,23.06999969482422,23.239999771118164,12.375739097595215,52700
2016-03-30,23.299999237060547,23.649999618530273,23.25,23.649999618530273,12.594075202941895,70300
2016-03-31,23.6200008392334,23.690000534057617,23.40999984741211,23.540000915527344,12.53549575805664,72700
2016-04-01,23.579999923706055,23.6299991607666,23.360000610351562,23.5,12.51419734954834,48800
2016-04-04,23.43000030517578,23.549999237060547,23.350000381469727,23.540000915527344,12.53549575805664,85500
2016-04-05,23.489999771118164,23.489999771118164,23.290000915527344,23.309999465942383,12.413021087646484,63100
2016-04-06,23.479999542236328,23.5,23.1200008392334,23.170000076293945,12.338459014892578,109300
2016-04-07,23.079999923706055,23.15999984741211,22.979999542236328,23.040000915527344,12.26923656463623,71600
2016-04-08,23.1299991607666,23.149999618530273,23.010000228881836,23.139999389648438,12.322489738464355,36400
2016-04-11,23.190000534057617,23.239999771118164,23.139999389648438,23.190000534057617,12.349114418029785,43800
2016-04-12,23.190000534057617,23.260000228881836,23.149999618530273,23.190000534057617,12.349114418029785,50300
2016-04-13,23.190000534057617,23.290000915527344,23.1200008392334,23.190000534057617,12.349114418029785,60400
2016-04-14,23.149999618530273,23.18000030517578,23.06999969482422,23.110000610351562,12.306509971618652,78600
2016-04-15,23.059999465942383,23.1299991607666,23.030000686645508,23.049999237060547,12.274559020996094,58200
2016-04-18,23.030000686645508,23.209999084472656,23.030000686645508,23.209999084472656,12.35976505279541,50200
2016-04-19,23.229999542236328,23.420000076293945,23.149999618530273,23.360000610351562,12.439642906188965,72000
2016-04-20,23.270000457763672,23.34000015258789,23.170000076293945,23.299999237060547,12.493258476257324,52500
2016-04-21,23.299999237060547,23.350000381469727,23.139999389648438,23.219999313354492,12.450363159179688,53100
2016-04-22,23.100000381469727,23.299999237060547,23.100000381469727,23.200000762939453,12.439640998840332,26900
2016-04-25,23.34000015258789,23.43000030517578,23.200000762939453,23.3799991607666,12.53615951538086,28100
2016-04-26,23.469999313354492,23.56999969482422,23.25,23.459999084472656,12.579050064086914,37300
2016-04-27,23.459999084472656,23.639999389648438,23.399999618530273,23.559999465942383,12.63267707824707,50100
2016-04-28,23.5,23.739999771118164,23.459999084472656,23.729999542236328,12.723822593688965,55700
2016-04-29,23.75,23.959999084472656,23.739999771118164,23.959999084472656,12.847148895263672,122300
2016-05-02,23.8700008392334,23.959999084472656,23.860000610351562,23.93000030517578,12.83105754852295,81400
2016-05-03,23.899999618530273,23.93000030517578,23.81999969482422,23.93000030517578,12.83105754852295,43000
2016-05-04,23.899999618530273,23.940000534057617,23.829999923706055,23.8799991607666,12.804250717163086,55700
2016-05-05,23.93000030517578,23.940000534057617,23.829999923706055,23.90999984741211,12.82033634185791,44000
2016-05-06,23.920000076293945,24.25,23.860000610351562,23.989999771118164,12.863234519958496,62000
2016-05-09,23.899999618530273,24.110000610351562,23.84000015258789,23.860000610351562,12.793525695800781,106300
2016-05-10,23.850000381469727,23.950000762939453,23.760000228881836,23.850000381469727,12.788166999816895,56500
2016-05-11,23.8799991607666,23.989999771118164,23.8700008392334,23.969999313354492,12.852506637573242,36400
2016-05-12,23.989999771118164,24.0,23.8799991607666,23.969999313354492,12.852506637573242,36200
2016-05-13,24.0,24.0,23.920000076293945,23.969999313354492,12.852506637573242,65100
2016-05-16,23.969999313354492,24.0,23.920000076293945,23.93000030517578,12.83105754852295,150700
2016-05-17,23.940000534057617,24.200000762939453,23.899999618530273,23.969999313354492,12.852506637573242,71300
2016-05-18,23.93000030517578,24.1299991607666,23.93000030517578,23.969999313354492,12.852506637573242,97700
2016-05-19,23.75,23.860000610351562,23.700000762939453,23.84000015258789,12.86870288848877,72200
2016-05-20,23.899999618530273,24.110000610351562,23.799999237060547,24.0,12.955072402954102,107100
2016-05-23,24.049999237060547,24.059999465942383,23.899999618530273,23.959999084472656,12.933472633361816,49200
2016-05-24,24.049999237060547,24.1299991607666,23.940000534057617,24.079999923706055,12.998250961303711,64900
2016-05-25,24.030000686645508,24.1200008392334,23.920000076293945,24.09000015258789,13.003656387329102,54000
2016-05-26,24.1200008392334,24.18000030517578,24.020000457763672,24.18000030517578,13.052233695983887,59300
2016-05-27,24.059999465942383,24.200000762939453,24.059999465942383,24.190000534057617,13.057631492614746,38900
2016-05-31,24.25,24.25,23.93000030517578,23.969999313354492,12.93887710571289,108700
2016-06-01,23.93000030517578,24.110000610351562,23.93000030517578,23.950000762939453,12.928084373474121,126500
2016-06-02,24.0,24.0,23.899999618530273,23.969999313354492,12.93887710571289,64000
2016-06-03,23.899999618530273,24.100000381469727,23.8700008392334,24.100000381469727,13.00904655456543,72600
2016-06-06,24.100000381469727,24.209999084472656,23.989999771118164,24.209999084472656,13.068425178527832,76000
2016-06-07,24.200000762939453,24.309999465942383,24.110000610351562,24.309999465942383,13.12240982055664,59800
2016-06-08,24.420000076293945,24.459999084472656,24.110000610351562,24.239999771118164,13.08461856842041,82800
2016-06-09,24.299999237060547,24.299999237060547,24.149999618530273,24.15999984741211,13.0414400100708,38600
2016-06-10,24.100000381469727,24.260000228881836,24.040000915527344,24.049999237060547,12.982059478759766,34900
2016-06-13,24.0,24.040000915527344,23.899999618530273,23.920000076293945,12.91189193725586,47200
2016-06-14,23.899999618530273,24.110000610351562,23.799999237060547,23.829999923706055,12.863306999206543,87600
2016-06-15,23.84000015258789,24.059999465942383,23.84000015258789,23.889999389648438,12.895689964294434,53800
2016-06-16,23.899999618530273,24.209999084472656,23.889999389648438,24.040000915527344,12.976665496826172,111600
2016-06-17,24.06999969482422,24.270000457763672,23.920000076293945,24.030000686645508,12.971261024475098,92800
2016-06-20,24.219999313354492,24.309999465942383,24.049999237060547,24.059999465942383,12.987457275390625,104300
2016-06-21,24.170000076293945,24.190000534057617,23.989999771118164,23.989999771118164,13.036369323730469,78200
2016-06-22,24.030000686645508,24.100000381469727,23.959999084472656,24.0,13.041800498962402,57300
2016-06-23,24.049999237060547,24.09000015258789,24.010000228881836,24.059999465942383,13.074402809143066,50000
2016-06-24,23.600000381469727,24.079999923706055,23.43000030517578,23.93000030517578,13.00376033782959,105700
2016-06-27,24.020000457763672,24.1299991607666,23.93000030517578,24.100000381469727,13.096137046813965,138500
2016-06-28,24.25,24.40999984741211,24.190000534057617,24.190000534057617,13.145047187805176,129400
2016-06-29,24.06999969482422,24.5,24.059999465942383,24.5,13.313499450683594,128100
2016-06-30,24.520000457763672,24.6299991607666,24.190000534057617,24.25,13.17765998840332,73800
2016-07-01,24.40999984741211,24.549999237060547,24.229999542236328,24.25,13.17765998840332,107100
2016-07-05,24.139999389648438,24.40999984741211,24.139999389648438,24.350000381469727,13.231989860534668,184500
2016-07-06,24.43000030517578,24.520000457763672,24.25,24.290000915527344,13.199386596679688,175400
2016-07-07,24.3700008392334,24.40999984741211,24.280000686645508,24.299999237060547,13.20482349395752,50100
2016-07-08,24.299999237060547,24.5,24.299999237060547,24.43000030517578,13.275458335876465,72600
2016-07-11,24.5,24.5,24.399999618530273,24.40999984741211,13.264594078063965,100000
2016-07-12,24.489999771118164,24.5,24.43000030517578,24.469999313354492,13.29720401763916,64700
2016-07-13,24.399999618530273,24.479999542236328,24.350000381469727,24.3799991607666,13.248295783996582,63300
2016-07-14,24.3799991607666,24.440000534057617,24.329999923706055,24.360000610351562,13.237425804138184,56600
2016-07-15,24.440000534057617,24.459999084472656,24.280000686645508,24.43000030517578,13.275458335876465,72200
2016-07-18,24.5,24.5,24.420000076293945,24.459999084472656,13.291767120361328,69400
2016-07-19,24.5,24.6200008392334,24.469999313354492,24.6200008392334,13.378707885742188,78100
2016-07-20,24.489999771118164,24.610000610351562,24.40999984741211,24.530000686645508,13.417004585266113,57600
2016-07-21,24.610000610351562,24.610000610351562,24.3700008392334,24.510000228881836,13.406059265136719,62500
2016-07-22,24.5,24.729999542236328,24.440000534057617,24.709999084472656,13.515451431274414,63100
2016-07-25,24.700000762939453,24.8799991607666,24.6200008392334,24.75,13.537331581115723,75200
2016-07-26,24.81999969482422,24.81999969482422,24.690000534057617,24.790000915527344,13.559211730957031,49300
2016-07-27,24.81999969482422,24.989999771118164,24.81999969482422,24.8799991607666,13.608434677124023,73600
2016-07-28,24.899999618530273,25.200000762939453,24.850000381469727,25.190000534057617,13.777996063232422,105900
2016-07-29,25.110000610351562,25.219999313354492,24.93000030517578,24.959999084472656,13.652191162109375,74200
2016-08-01,24.8700008392334,24.959999084472656,24.799999237060547,24.81999969482422,13.575615882873535,67800
2016-08-02,24.56999969482422,24.75,24.420000076293945,24.549999237060547,13.427938461303711,143000
2016-08-03,24.5,24.770000457763672,24.479999542236328,24.700000762939453,13.50998306274414,94200
2016-08-04,24.780000686645508,25.020000457763672,24.639999389648438,24.860000610351562,13.59749698638916,108200
2016-08-05,24.989999771118164,25.010000228881836,24.850000381469727,24.8799991607666,13.608434677124023,78900
2016-08-08,24.850000381469727,25.059999465942383,24.799999237060547,24.829999923706055,13.581079483032227,72000
2016-08-09,24.889999389648438,25.040000915527344,24.829999923706055,24.889999389648438,13.613903999328613,73900
2016-08-10,25.0,25.1299991607666,24.899999618530273,24.989999771118164,13.668603897094727,157100
2016-08-11,25.100000381469727,25.190000534057617,24.81999969482422,24.8700008392334,13.602971076965332,80500
2016-08-12,24.799999237060547,24.979999542236328,24.700000762939453,24.920000076293945,13.630311965942383,84200
2016-08-15,24.979999542236328,24.979999542236328,24.809999465942383,24.84000015258789,13.586559295654297,56600
2016-08-16,24.90999984741211,24.940000534057617,24.770000457763672,24.920000076293945,13.630311965942383,120900
2016-08-17,24.829999923706055,24.979999542236328,24.790000915527344,24.860000610351562,13.59749698638916,102700
2016-08-18,24.850000381469727,25.0,24.84000015258789,24.8799991607666,13.608434677124023,43200
2016-08-19,24.799999237060547,24.979999542236328,24.799999237060547,24.8799991607666,13.608434677124023,43100
2016-08-22,24.780000686645508,24.860000610351562,24.670000076293945,24.709999084472656,13.60293197631836,72700
2016-08-23,24.790000915527344,24.850000381469727,24.739999771118164,24.790000915527344,13.646978378295898,50600
2016-08-24,24.799999237060547,24.8799991607666,24.770000457763672,24.8799991607666,13.696516990661621,64800
2016-08-25,24.8799991607666,24.959999084472656,24.809999465942383,24.850000381469727,13.679999351501465,161000
2016-08-26,24.940000534057617,25.09000015258789,24.8799991607666,25.09000015258789,13.812122344970703,63500
2016-08-29,25.079999923706055,25.09000015258789,24.8799991607666,24.899999618530273,13.707526206970215,79000
2016-08-30,24.90999984741211,25.1200008392334,24.90999984741211,25.100000381469727,13.817625999450684,286300
2016-08-31,25.06999969482422,25.149999618530273,25.030000686645508,25.030000686645508,13.77908706665039,62700
2016-09-01,25.049999237060547,25.1200008392334,25.010000228881836,25.059999465942383,13.795604705810547,47400
2016-09-02,25.149999618530273,25.170000076293945,24.969999313354492,25.149999618530273,13.845149040222168,49600
2016-09-06,25.059999465942383,25.1200008392334,24.90999984741211,25.049999237060547,13.790106773376465,79500
2016-09-07,25.040000915527344,25.190000534057617,24.950000762939453,25.190000534057617,13.867173194885254,44300
2016-09-08,25.170000076293945,25.3700008392334,25.079999923706055,25.290000915527344,13.92222785949707,101600
2016-09-09,25.100000381469727,25.1200008392334,24.600000381469727,24.719999313354492,13.608436584472656,113300
2016-09-12,24.649999618530273,24.989999771118164,24.360000610351562,24.690000534057617,13.591920852661133,106400
2016-09-13,24.719999313354492,24.84000015258789,24.100000381469727,24.100000381469727,13.267123222351074,115000
2016-09-14,24.270000457763672,24.479999542236328,24.170000076293945,24.350000381469727,13.404748916625977,95300
2016-09-15,24.459999084472656,24.56999969482422,24.3799991607666,24.450000762939453,13.45980167388916,78600
2016-09-16,24.530000686645508,24.65999984741211,24.399999618530273,24.540000915527344,13.509347915649414,61500
2016-09-19,24.549999237060547,24.6299991607666,24.450000762939453,24.549999237060547,13.51485538482666,66600
2016-09-20,24.639999389648438,24.950000762939453,24.559999465942383,24.84000015258789,13.674500465393066,131400
2016-09-21,24.899999618530273,25.0,24.600000381469727,24.920000076293945,13.80747127532959,195200
2016-09-22,25.06999969482422,25.079999923706055,24.719999313354492,24.780000686645508,13.729898452758789,92600
2016-09-23,24.81999969482422,24.950000762939453,24.579999923706055,24.709999084472656,13.691119194030762,55400
2016-09-26,24.530000686645508,24.690000534057617,24.43000030517578,24.43000030517578,13.535979270935059,67500
2016-09-27,24.3799991607666,24.700000762939453,24.3799991607666,24.600000381469727,13.630170822143555,53200
2016-09-28,24.739999771118164,24.81999969482422,24.6200008392334,24.6200008392334,13.641247749328613,75400
2016-09-29,24.729999542236328,24.979999542236328,24.479999542236328,24.56999969482422,13.61354923248291,154800
2016-09-30,24.670000076293945,25.239999771118164,24.670000076293945,25.15999984741211,13.940455436706543,120500
2016-10-03,25.1299991607666,25.25,24.889999389648438,25.25,13.990314483642578,59000
2016-10-04,25.1200008392334,25.139999389648438,24.860000610351562,24.989999771118164,13.846261024475098,68800
2016-10-05,25.100000381469727,25.149999618530273,25.010000228881836,25.059999465942383,13.88504409790039,50100
2016-10-06,25.049999237060547,25.149999618530273,24.920000076293945,25.100000381469727,13.907207489013672,60300
2016-10-07,25.09000015258789,25.15999984741211,24.979999542236328,25.030000686645508,13.86841869354248,69600
2016-10-10,24.969999313354492,25.049999237060547,24.93000030517578,24.989999771118164,13.846261024475098,31700
2016-10-11,24.959999084472656,25.0,24.770000457763672,24.799999237060547,13.740986824035645,85800
2016-10-12,24.790000915527344,24.790000915527344,24.59000015258789,24.610000610351562,13.635714530944824,47400
2016-10-13,24.59000015258789,24.6200008392334,24.399999618530273,24.469999313354492,13.55813980102539,73100
2016-10-14,24.5,24.690000534057617,24.5,24.600000381469727,13.630170822143555,62600
2016-10-17,24.649999618530273,24.649999618530273,24.389999389648438,24.399999618530273,13.51936149597168,62300
2016-10-18,24.559999465942383,24.610000610351562,24.43000030517578,24.489999771118164,13.569220542907715,49500
2016-10-19,24.56999969482422,24.889999389648438,24.56999969482422,24.8799991607666,13.785314559936523,58400
2016-10-20,24.639999389648438,24.84000015258789,24.540000915527344,24.690000534057617,13.768579483032227,65800
2016-10-21,24.610000610351562,24.809999465942383,24.479999542236328,24.75,13.802038192749023,63800
2016-10-24,24.739999771118164,24.8700008392334,24.739999771118164,24.809999465942383,13.835501670837402,58400
2016-10-25,24.770000457763672,24.889999389648438,24.770000457763672,24.81999969482422,13.841073989868164,33400
2016-10-26,24.75,24.8799991607666,24.75,24.860000610351562,13.863385200500488,35100
2016-10-27,24.860000610351562,24.860000610351562,24.6299991607666,24.709999084472656,13.77973461151123,82200
2016-10-28,24.719999313354492,24.760000228881836,24.520000457763672,24.579999923706055,13.707243919372559,59400
2016-10-31,24.549999237060547,24.65999984741211,24.5,24.530000686645508,13.679357528686523,44100
2016-11-01,24.549999237060547,24.549999237060547,24.260000228881836,24.299999237060547,13.551090240478516,67900
2016-11-02,24.1299991607666,24.229999542236328,23.700000762939453,23.700000762939453,13.216496467590332,200300
2016-11-03,23.600000381469727,23.899999618530273,23.549999237060547,23.84000015258789,13.29456901550293,97000
2016-11-04,23.84000015258789,24.049999237060547,23.65999984741211,23.959999084472656,13.361491203308105,65600
2016-11-07,24.200000762939453,24.25,23.959999084472656,23.959999084472656,13.361491203308105,71000
2016-11-08,24.059999465942383,24.25,23.860000610351562,23.950000762939453,13.355916023254395,48600
2016-11-09,23.700000762939453,24.110000610351562,23.56999969482422,23.850000381469727,13.300153732299805,113000
2016-11-10,23.90999984741211,23.950000762939453,22.950000762939453,23.079999923706055,12.870747566223145,208800
2016-11-11,23.079999923706055,23.079999923706055,22.549999237060547,22.65999984741211,12.636539459228516,145600
2016-11-14,22.600000381469727,22.739999771118164,21.829999923706055,21.860000610351562,12.190407752990723,271600
2016-11-15,22.030000686645508,22.829999923706055,22.030000686645508,22.809999465942383,12.72017765045166,201700
2016-11-16,22.809999465942383,23.299999237060547,22.760000228881836,23.290000915527344,12.987862586975098,154800
2016-11-17,23.020000457763672,23.280000686645508,22.770000457763672,22.889999389648438,12.76479434967041,187600
2016-11-18,22.760000228881836,22.899999618530273,22.6299991607666,22.700000762939453,12.747949600219727,115100
2016-11-21,22.729999542236328,22.90999984741211,22.639999389648438,22.760000228881836,12.781644821166992,80400
2016-11-22,22.790000915527344,23.100000381469727,22.780000686645508,23.09000015258789,12.966968536376953,117500
2016-11-23,22.8700008392334,23.100000381469727,22.84000015258789,22.860000610351562,12.837803840637207,95400
2016-11-25,23.0,23.079999923706055,22.950000762939453,22.979999542236328,12.905187606811523,27300
2016-11-28,23.059999465942383,23.06999969482422,22.889999389648438,22.889999389648438,12.854645729064941,56200
2016-11-29,22.959999084472656,23.110000610351562,22.920000076293945,23.0,12.916420936584473,77200
2016-11-30,22.899999618530273,23.040000915527344,22.809999465942383,22.889999389648438,12.854645729064941,75100
2016-12-01,22.850000381469727,22.860000610351562,22.520000457763672,22.540000915527344,12.658100128173828,115900
2016-12-02,22.709999084472656,22.979999542236328,22.6200008392334,22.899999618530273,12.860265731811523,81900
2016-12-05,22.940000534057617,22.959999084472656,22.739999771118164,22.8799991607666,12.84903621673584,77000
2016-12-06,22.950000762939453,23.030000686645508,22.860000610351562,22.940000534057617,12.882731437683105,66800
2016-12-07,23.0,23.010000228881836,22.860000610351562,22.959999084472656,12.893961906433105,58500
2016-12-08,22.93000030517578,22.989999771118164,22.809999465942383,22.84000015258789,12.826571464538574,79100
2016-12-09,22.940000534057617,22.940000534057617,22.649999618530273,22.709999084472656,12.753569602966309,63000
2016-12-12,22.770000457763672,22.799999237060547,22.670000076293945,22.729999542236328,12.764795303344727,64700
2016-12-13,22.920000076293945,22.920000076293945,22.600000381469727,22.600000381469727,12.691786766052246,137600
2016-12-14,22.549999237060547,22.739999771118164,22.549999237060547,22.6299991607666,12.708641052246094,87600
2016-12-15,22.56999969482422,22.920000076293945,22.549999237060547,22.559999465942383,12.669325828552246,127500
2016-12-16,22.770000457763672,22.799999237060547,22.579999923706055,22.790000915527344,12.798482894897461,49600
2016-12-19,22.850000381469727,23.0,22.790000915527344,22.899999618530273,12.860265731811523,83400
2016-12-20,22.84000015258789,22.8700008392334,22.68000030517578,22.700000762939453,12.848944664001465,69700
2016-12-21,22.68000030517578,22.799999237060547,22.68000030517578,22.760000228881836,12.882905960083008,81800
2016-12-22,22.8799991607666,22.989999771118164,22.81999969482422,22.969999313354492,13.001778602600098,81000
2016-12-23,23.059999465942383,23.079999923706055,22.989999771118164,23.040000915527344,13.041394233703613,64800
2016-12-27,23.040000915527344,23.170000076293945,23.020000457763672,23.079999923706055,13.064038276672363,76100
2016-12-28,23.190000534057617,23.450000762939453,23.100000381469727,23.450000762939453,13.273466110229492,93300
2016-12-29,23.510000228881836,23.68000030517578,23.450000762939453,23.65999984741211,13.392333030700684,80900
2016-12-30,23.729999542236328,23.860000610351562,23.719999313354492,23.770000457763672,13.454604148864746,100600
2017-01-03,23.780000686645508,23.950000762939453,23.639999389648438,23.950000762939453,13.556487083435059,93200
2017-01-04,24.0,24.110000610351562,23.899999618530273,23.979999542236328,13.573472023010254,114700
2017-01-05,23.75,23.8799991607666,23.700000762939453,23.850000381469727,13.499885559082031,86600
2017-01-06,23.709999084472656,23.850000381469727,23.690000534057617,23.81999969482422,13.482900619506836,90300
2017-01-09,23.950000762939453,24.06999969482422,23.8700008392334,23.969999313354492,13.567809104919434,95800
2017-01-10,24.059999465942383,24.149999618530273,23.950000762939453,24.100000381469727,13.641389846801758,36600
2017-01-11,24.200000762939453,24.200000762939453,24.040000915527344,24.1299991607666,13.658364295959473,54400
2017-01-12,24.1299991607666,24.15999984741211,24.0,24.0,13.584793090820312,77700
2017-01-13,23.969999313354492,24.239999771118164,23.969999313354492,24.15999984741211,13.6753568649292,98700
2017-01-17,24.190000534057617,24.260000228881836,24.149999618530273,24.260000228881836,13.731955528259277,62000
2017-01-18,24.299999237060547,24.579999923706055,24.260000228881836,24.56999969482422,13.907423973083496,64500
2017-01-19,24.530000686645508,24.530000686645508,24.350000381469727,24.489999771118164,13.862140655517578,79800
2017-01-20,24.270000457763672,24.290000915527344,24.149999618530273,24.290000915527344,13.839353561401367,40500
2017-01-23,24.3799991607666,24.690000534057617,24.280000686645508,24.59000015258789,14.010270118713379,73600
2017-01-24,24.579999923706055,24.68000030517578,24.450000762939453,24.520000457763672,13.970394134521484,57300
2017-01-25,24.469999313354492,24.469999313354492,24.219999313354492,24.299999237060547,13.84504508972168,141700
2017-01-26,24.270000457763672,24.450000762939453,24.229999542236328,24.360000610351562,13.879233360290527,61800
2017-01-27,24.420000076293945,24.549999237060547,24.299999237060547,24.549999237060547,13.987491607666016,77500
2017-01-30,24.549999237060547,24.760000228881836,24.3799991607666,24.75,14.101434707641602,65500
2017-01-31,24.799999237060547,24.979999542236328,24.719999313354492,24.979999542236328,14.2324857711792,100000
2017-02-01,24.93000030517578,24.989999771118164,24.68000030517578,24.709999084472656,14.078643798828125,147400
2017-02-02,24.700000762939453,24.84000015258789,24.65999984741211,24.739999771118164,14.095739364624023,70400
2017-02-03,24.729999542236328,25.0,24.729999542236328,24.809999465942383,14.135627746582031,54500
2017-02-06,24.75,25.010000228881836,24.75,25.010000228881836,14.249584197998047,79700
2017-02-07,24.920000076293945,25.010000228881836,24.8700008392334,24.979999542236328,14.2324857711792,71900
2017-02-08,24.969999313354492,25.06999969482422,24.959999084472656,24.989999771118164,14.238179206848145,55100
2017-02-09,24.969999313354492,25.040000915527344,24.969999313354492,25.010000228881836,14.249584197998047,39600
2017-02-10,25.0,25.09000015258789,25.0,25.0,14.243880271911621,41700
2017-02-13,25.020000457763672,25.170000076293945,25.020000457763672,25.059999465942383,14.278058052062988,47800
2017-02-14,25.010000228881836,25.040000915527344,24.790000915527344,24.90999984741211,14.192596435546875,129800
2017-02-15,24.75,24.899999618530273,24.739999771118164,24.84000015258789,14.152722358703613,105600
2017-02-16,24.799999237060547,24.84000015258789,24.65999984741211,24.75,14.19285774230957,109000
2017-02-17,24.760000228881836,24.84000015258789,24.649999618530273,24.739999771118164,14.187128067016602,62100
2017-02-21,24.81999969482422,24.860000610351562,24.639999389648438,24.860000610351562,14.255938529968262,50600
2017-02-22,24.850000381469727,24.889999389648438,24.709999084472656,24.799999237060547,14.221529006958008,40200
2017-02-23,24.799999237060547,24.850000381469727,24.760000228881836,24.760000228881836,14.198592185974121,51600
2017-02-24,24.75,24.969999313354492,24.75,24.84000015258789,14.244475364685059,102200
2017-02-27,24.940000534057617,25.049999237060547,24.850000381469727,24.920000076293945,14.290345191955566,66000
2017-02-28,25.0,25.0,24.84000015258789,24.889999389648438,14.273143768310547,66600
2017-03-01,24.8700008392334,24.940000534057617,24.68000030517578,24.700000762939453,14.1641845703125,110500
2017-03-02,24.579999923706055,24.770000457763672,24.5,24.540000915527344,14.072437286376953,113900
2017-03-03,24.520000457763672,24.65999984741211,24.40999984741211,24.600000381469727,14.106841087341309,94500
2017-03-06,24.450000762939453,24.6299991607666,24.399999618530273,24.469999313354492,14.0322904586792,81300
2017-03-07,24.489999771118164,24.559999465942383,24.399999618530273,24.440000534057617,14.015083312988281,75600
2017-03-08,24.399999618530273,24.399999618530273,24.110000610351562,24.1299991607666,13.837318420410156,109500
2017-03-09,24.040000915527344,24.1200008392334,23.5,23.5,13.47604751586914,131000
2017-03-10,23.6200008392334,23.90999984741211,23.6200008392334,23.899999618530273,13.705425262451172,100400
2017-03-13,23.889999389648438,24.100000381469727,23.889999389648438,24.030000686645508,13.779976844787598,65300
2017-03-14,23.989999771118164,24.020000457763672,23.8799991607666,23.950000762939453,13.734103202819824,55500
2017-03-15,24.059999465942383,24.1299991607666,23.8700008392334,24.1299991607666,13.837318420410156,116600
2017-03-16,24.15999984741211,24.25,24.079999923706055,24.25,13.90614128112793,52500
2017-03-17,24.399999618530273,24.399999618530273,24.270000457763672,24.399999618530273,13.992147445678711,50900
2017-03-20,24.40999984741211,24.579999923706055,24.3700008392334,24.579999923706055,14.095379829406738,45500
2017-03-21,24.610000610351562,24.6299991607666,24.309999465942383,24.40999984741211,13.997895240783691,59100
2017-03-22,24.25,24.329999923706055,24.149999618530273,24.329999923706055,14.044066429138184,65500
2017-03-23,24.280000686645508,24.420000076293945,24.270000457763672,24.31999969482422,14.038287162780762,47800
2017-03-24,24.399999618530273,24.479999542236328,24.34000015258789,24.350000381469727,14.055608749389648,53600
2017-03-27,24.270000457763672,24.389999389648438,24.270000457763672,24.34000015258789,14.049836158752441,39700
2017-03-28,24.3700008392334,24.600000381469727,24.34000015258789,24.600000381469727,14.199915885925293,40000
2017-03-29,24.59000015258789,24.690000534057617,24.530000686645508,24.610000610351562,14.20569133758545,32900
2017-03-30,24.610000610351562,24.829999923706055,24.59000015258789,24.670000076293945,14.240328788757324,37800
2017-03-31,24.920000076293945,24.920000076293945,24.530000686645508,24.530000686645508,14.159513473510742,76700
2017-04-03,24.530000686645508,24.770000457763672,24.530000686645508,24.739999771118164,14.280733108520508,41100
2017-04-04,24.5,24.690000534057617,24.5,24.649999618530273,14.22878646850586,62300
2017-04-05,24.670000076293945,24.709999084472656,24.600000381469727,24.6200008392334,14.211462020874023,59600
2017-04-06,24.559999465942383,24.75,24.5,24.600000381469727,14.199915885925293,45000
2017-04-07,24.579999923706055,24.90999984741211,24.579999923706055,24.889999389648438,14.367317199707031,42800
2017-04-10,24.950000762939453,25.059999465942383,24.770000457763672,25.020000457763672,14.442349433898926,54100
2017-04-11,25.049999237060547,25.149999618530273,24.889999389648438,25.149999618530273,14.517404556274414,45700
2017-04-12,25.149999618530273,25.200000762939453,25.020000457763672,25.1299991607666,14.505851745605469,51100
2017-04-13,25.200000762939453,25.239999771118164,25.100000381469727,25.149999618530273,14.517404556274414,45700
2017-04-17,25.139999389648438,25.229999542236328,25.09000015258789,25.229999542236328,14.563579559326172,71600
2017-04-18,25.18000030517578,25.31999969482422,24.940000534057617,25.059999465942383,14.465439796447754,94900
2017-04-19,24.860000610351562,24.979999542236328,24.799999237060547,24.969999313354492,14.50610637664795,70700
2017-04-20,24.920000076293945,25.040000915527344,24.920000076293945,24.979999542236328,14.511923789978027,63900
2017-04-21,24.899999618530273,25.06999969482422,24.8799991607666,25.030000686645508,14.54096508026123,51600
2017-04-24,25.34000015258789,25.34000015258789,25.0,25.1200008392334,14.59325885772705,58900
2017-04-25,25.110000610351562,25.260000228881836,25.100000381469727,25.229999542236328,14.657160758972168,66300
2017-04-26,25.229999542236328,25.309999465942383,25.139999389648438,25.219999313354492,14.65134048461914,54800
2017-04-27,25.09000015258789,25.290000915527344,25.09000015258789,25.239999771118164,14.662962913513184,67300
2017-04-28,25.290000915527344,25.43000030517578,25.270000457763672,25.40999984741211,14.761725425720215,60300
2017-05-01,25.459999084472656,25.520000457763672,25.360000610351562,25.5,14.814011573791504,64900
2017-05-02,25.510000228881836,25.520000457763672,25.18000030517578,25.18000030517578,14.628111839294434,120500
2017-05-03,25.190000534057617,25.229999542236328,25.110000610351562,25.15999984741211,14.616488456726074,80800
2017-05-04,25.139999389648438,25.200000762939453,25.09000015258789,25.200000762939453,14.639729499816895,54200
2017-05-05,25.219999313354492,25.299999237060547,25.149999618530273,25.200000762939453,14.639729499816895,56200
2017-05-08,25.209999084472656,25.25,25.149999618530273,25.229999542236328,14.657160758972168,87300
2017-05-09,25.260000228881836,25.3799991607666,25.209999084472656,25.3799991607666,14.744291305541992,39100
2017-05-10,25.450000762939453,25.5,25.290000915527344,25.43000030517578,14.773344039916992,41400
2017-05-11,25.3700008392334,25.459999084472656,25.329999923706055,25.420000076293945,14.76752758026123,36700
2017-05-12,25.510000228881836,25.510000228881836,25.31999969482422,25.350000381469727,14.726875305175781,57700
2017-05-15,25.479999542236328,25.479999542236328,25.31999969482422,25.3700008392334,14.73848819732666,53000
2017-05-16,25.420000076293945,25.450000762939453,25.360000610351562,25.43000030517578,14.773344039916992,54500
2017-05-17,25.440000534057617,25.579999923706055,25.309999465942383,25.450000762939453,14.78495979309082,96600
2017-05-18,25.350000381469727,25.549999237060547,25.350000381469727,25.530000686645508,14.831438064575195,67100
2017-05-19,25.360000610351562,25.56999969482422,25.299999237060547,25.31999969482422,14.80220890045166,115700
2017-05-22,25.399999618530273,25.520000457763672,25.399999618530273,25.440000534057617,14.872359275817871,58000
2017-05-23,25.559999465942383,25.579999923706055,25.459999084472656,25.510000228881836,14.913281440734863,63100
2017-05-24,25.479999542236328,25.5,25.3799991607666,25.459999084472656,14.88404655456543,35500
2017-05-25,25.5,25.510000228881836,25.40999984741211,25.459999084472656,14.88404655456543,36100
2017-05-26,25.43000030517578,25.65999984741211,25.43000030517578,25.649999618530273,14.995129585266113,45600
2017-05-30,25.530000686645508,25.719999313354492,25.530000686645508,25.719999313354492,15.036046028137207,61200
2017-05-31,25.729999542236328,25.81999969482422,25.6299991607666,25.739999771118164,15.047740936279297,69600
2017-06-01,25.670000076293945,25.780000686645508,25.670000076293945,25.75,15.053587913513184,74700
2017-06-02,25.700000762939453,25.739999771118164,25.530000686645508,25.700000762939453,15.024353981018066,179500
2017-06-05,25.600000381469727,25.860000610351562,25.600000381469727,25.729999542236328,15.041890144348145,81700
2017-06-06,25.6299991607666,25.760000228881836,25.600000381469727,25.600000381469727,14.965896606445312,56100
2017-06-07,25.770000457763672,25.770000457763672,25.3799991607666,25.43000030517578,14.866518020629883,55600
2017-06-08,25.43000030517578,25.43000030517578,25.270000457763672,25.399999618530273,14.848968505859375,55800
2017-06-09,25.440000534057617,25.520000457763672,25.360000610351562,25.3799991607666,14.83728313446045,39200
2017-06-12,25.43000030517578,25.56999969482422,25.3799991607666,25.510000228881836,14.913281440734863,49900
2017-06-13,25.459999084472656,25.65999984741211,25.459999084472656,25.559999465942383,14.942513465881348,61000
2017-06-14,25.639999389648438,25.790000915527344,25.600000381469727,25.739999771118164,15.047740936279297,57600
2017-06-15,25.610000610351562,25.8700008392334,25.610000610351562,25.850000381469727,15.112053871154785,86700
2017-06-16,25.959999084472656,26.299999237060547,25.899999618530273,25.93000030517578,15.158821105957031,97700
2017-06-19,25.979999542236328,26.31999969482422,25.850000381469727,26.25,15.345891952514648,129400
2017-06-20,26.219999313354492,26.350000381469727,26.149999618530273,26.200000762939453,15.31666374206543,63800
2017-06-21,25.959999084472656,26.239999771118164,25.959999084472656,26.15999984741211,15.387238502502441,86300
2017-06-22,26.239999771118164,26.270000457763672,25.899999618530273,25.899999618530273,15.2343111038208,84400
2017-06-23,26.110000610351562,26.110000610351562,25.899999618530273,25.920000076293945,15.246074676513672,66400
2017-06-26,26.030000686645508,26.1200008392334,25.920000076293945,25.940000534057617,15.257850646972656,93500
2017-06-27,26.020000457763672,26.040000915527344,25.75,25.75,15.146089553833008,128700
2017-06-28,25.899999618530273,25.979999542236328,25.829999923706055,25.93000030517578,15.251957893371582,73400
2017-06-29,25.950000762939453,26.020000457763672,25.829999923706055,26.010000228881836,15.29902172088623,65000
2017-06-30,26.1299991607666,26.43000030517578,26.0,26.299999237060547,15.469592094421387,82000
2017-07-03,26.43000030517578,26.5,26.329999923706055,26.440000534057617,15.551933288574219,46600
2017-07-05,26.440000534057617,26.540000915527344,26.34000015258789,26.3799991607666,15.516645431518555,73500
2017-07-06,26.34000015258789,26.399999618530273,26.309999465942383,26.350000381469727,15.498995780944824,58000
2017-07-07,26.350000381469727,26.489999771118164,26.299999237060547,26.479999542236328,15.575462341308594,59500
2017-07-10,26.579999923706055,26.600000381469727,26.510000228881836,26.56999969482422,15.628398895263672,63900
2017-07-11,26.59000015258789,26.6299991607666,26.510000228881836,26.610000610351562,15.651938438415527,54800
2017-07-12,26.610000610351562,26.75,26.610000610351562,26.65999984741211,15.681347846984863,61900
2017-07-13,26.65999984741211,26.700000762939453,26.59000015258789,26.6299991607666,15.663703918457031,43300
2017-07-14,26.68000030517578,26.8700008392334,26.6299991607666,26.760000228881836,15.740166664123535,50500
2017-07-17,26.790000915527344,26.850000381469727,26.549999237060547,26.600000381469727,15.646048545837402,97600
2017-07-18,26.65999984741211,26.81999969482422,26.649999618530273,26.649999618530273,15.675458908081055,53400
2017-07-19,26.739999771118164,26.770000457763672,26.68000030517578,26.760000228881836,15.740166664123535,61600
2017-07-20,26.549999237060547,26.75,26.530000686645508,26.549999237060547,15.710576057434082,68600
2017-07-21,26.40999984741211,26.440000534057617,26.280000686645508,26.280000686645508,15.550817489624023,132300
2017-07-24,26.280000686645508,26.40999984741211,25.860000610351562,26.040000915527344,15.408797264099121,192600
2017-07-25,26.09000015258789,26.25,26.059999465942383,26.219999313354492,15.515300750732422,47000
2017-07-26,26.270000457763672,26.690000534057617,26.209999084472656,26.549999237060547,15.710576057434082,124200
2017-07-27,26.540000915527344,26.559999465942383,26.3700008392334,26.450000762939453,15.651408195495605,65700
2017-07-28,26.3700008392334,26.530000686645508,26.299999237060547,26.510000228881836,15.686902046203613,73000
2017-07-31,26.600000381469727,26.610000610351562,26.43000030517578,26.489999771118164,15.675069808959961,92100
2017-08-01,26.559999465942383,26.579999923706055,26.3799991607666,26.43000030517578,15.639568328857422,69900
2017-08-02,26.3700008392334,26.43000030517578,26.229999542236328,26.40999984741211,15.627732276916504,77900
2017-08-03,26.450000762939453,26.5,26.350000381469727,26.440000534057617,15.645480155944824,64900
2017-08-04,26.540000915527344,26.540000915527344,26.3799991607666,26.40999984741211,15.627732276916504,62300
2017-08-07,26.56999969482422,26.59000015258789,26.469999313354492,26.489999771118164,15.675069808959961,85000
2017-08-08,26.459999084472656,26.540000915527344,26.399999618530273,26.399999618530273,15.621816635131836,50000
2017-08-09,26.399999618530273,26.450000762939453,26.200000762939453,26.200000762939453,15.5034761428833,57600
2017-08-10,26.200000762939453,26.209999084472656,25.6299991607666,25.829999923706055,15.284529685974121,145400
2017-08-11,25.579999923706055,26.290000915527344,25.350000381469727,26.15999984741211,15.479791641235352,152300
2017-08-14,26.219999313354492,26.290000915527344,26.100000381469727,26.209999084472656,15.509383201599121,44700
2017-08-15,26.239999771118164,26.290000915527344,26.149999618530273,26.270000457763672,15.544885635375977,62300
2017-08-16,26.290000915527344,26.489999771118164,26.290000915527344,26.489999771118164,15.675069808959961,59600
2017-08-17,26.450000762939453,26.5,26.329999923706055,26.3700008392334,15.604066848754883,59100
2017-08-18,26.360000610351562,26.510000228881836,26.25,26.440000534057617,15.645480155944824,82500
2017-08-21,26.479999542236328,26.479999542236328,26.3799991607666,26.389999389648438,15.61589241027832,32500
2017-08-22,26.25,26.399999618530273,26.25,26.329999923706055,15.672440528869629,50800
2017-08-23,26.34000015258789,26.389999389648438,26.309999465942383,26.34000015258789,15.678400039672852,44900
2017-08-24,26.31999969482422,26.3700008392334,26.25,26.25,15.624828338623047,50300
2017-08-25,26.219999313354492,26.270000457763672,26.110000610351562,26.1200008392334,15.547447204589844,88500
2017-08-28,26.18000030517578,26.280000686645508,26.1299991607666,26.280000686645508,15.642683982849121,27200
2017-08-29,26.25,26.25,26.18000030517578,26.239999771118164,15.618874549865723,35000
2017-08-30,26.299999237060547,26.3799991607666,26.260000228881836,26.3799991607666,15.702198028564453,45300
2017-08-31,26.43000030517578,26.520000457763672,26.329999923706055,26.450000762939453,15.743871688842773,53500
2017-09-01,26.399999618530273,26.639999389648438,26.360000610351562,26.559999465942383,15.809353828430176,58300
2017-09-05,26.549999237060547,26.600000381469727,26.3700008392334,26.3700008392334,15.69625473022461,70000
2017-09-06,26.34000015258789,26.399999618530273,26.260000228881836,26.350000381469727,15.68435001373291,46100
2017-09-07,26.399999618530273,26.469999313354492,26.329999923706055,26.389999389648438,15.70815372467041,27400
2017-09-08,26.299999237060547,26.43000030517578,26.299999237060547,26.309999465942383,15.660533905029297,47100
2017-09-11,26.3799991607666,26.59000015258789,26.3700008392334,26.540000915527344,15.79744815826416,35600
2017-09-12,26.43000030517578,26.56999969482422,26.43000030517578,26.440000534057617,15.737924575805664,68300
2017-09-13,26.489999771118164,26.549999237060547,26.43000030517578,26.510000228881836,15.779583930969238,37300
2017-09-14,26.549999237060547,26.549999237060547,26.5,26.5,15.773639678955078,36500
2017-09-15,26.6299991607666,26.6299991607666,26.350000381469727,26.3799991607666,15.702198028564453,36800
2017-09-18,26.31999969482422,26.450000762939453,26.309999465942383,26.309999465942383,15.660533905029297,42300
2017-09-19,26.299999237060547,26.549999237060547,26.299999237060547,26.540000915527344,15.79744815826416,57300
2017-09-20,26.520000457763672,26.549999237060547,26.389999389648438,26.540000915527344,15.79744815826416,42000
2017-09-21,26.469999313354492,26.549999237060547,26.309999465942383,26.540000915527344,15.890244483947754,32400
2017-09-22,26.540000915527344,26.709999084472656,26.450000762939453,26.670000076293945,15.9680814743042,49300
2017-09-25,26.59000015258789,26.649999618530273,26.43000030517578,26.43000030517578,15.824384689331055,83400
2017-09-26,26.469999313354492,26.469999313354492,26.360000610351562,26.399999618530273,15.806424140930176,48800
2017-09-27,26.5,26.5,26.270000457763672,26.309999465942383,15.752535820007324,56500
2017-09-28,26.25,26.3799991607666,26.25,26.329999923706055,15.76451587677002,31400
2017-09-29,26.399999618530273,26.5,26.360000610351562,26.5,15.866293907165527,47100
2017-10-02,26.40999984741211,26.530000686645508,26.40999984741211,26.530000686645508,15.884264945983887,48000
2017-10-03,26.559999465942383,26.600000381469727,26.510000228881836,26.579999923706055,15.914193153381348,38500
2017-10-04,26.440000534057617,26.530000686645508,26.34000015258789,26.440000534057617,15.830375671386719,51300
2017-10-05,26.450000762939453,26.459999084472656,26.3799991607666,26.450000762939453,15.8363618850708,40800
2017-10-06,26.3799991607666,26.5,26.309999465942383,26.40999984741211,15.81241512298584,43600
2017-10-09,26.459999084472656,26.459999084472656,26.31999969482422,26.329999923706055,15.76451587677002,32800
2017-10-10,26.420000076293945,26.6299991607666,26.3799991607666,26.610000610351562,15.932161331176758,49800
2017-10-11,26.520000457763672,26.719999313354492,26.520000457763672,26.719999313354492,15.998019218444824,37700
2017-10-12,26.75,26.770000457763672,26.579999923706055,26.639999389648438,15.95012092590332,52800
2017-10-13,26.639999389648438,26.719999313354492,26.579999923706055,26.579999923706055,15.914193153381348,21300
2017-10-16,26.59000015258789,26.75,26.59000015258789,26.709999084472656,15.992029190063477,48000
2017-10-17,26.709999084472656,26.850000381469727,26.670000076293945,26.850000381469727,16.075851440429688,42000
2017-10-18,26.719999313354492,26.979999542236328,26.489999771118164,26.5,15.866293907165527,110000
2017-10-19,26.450000762939453,26.549999237060547,26.34000015258789,26.34000015258789,15.770503997802734,65500
2017-10-20,26.31999969482422,26.43000030517578,26.31999969482422,26.3799991607666,15.794450759887695,54800
2017-10-23,26.350000381469727,26.399999618530273,26.270000457763672,26.270000457763672,15.821551322937012,36400
2017-10-24,26.299999237060547,26.40999984741211,26.299999237060547,26.399999618530273,15.899846076965332,38400
2017-10-25,26.360000610351562,26.360000610351562,26.149999618530273,26.149999618530273,15.74927806854248,68700
2017-10-26,26.280000686645508,26.280000686645508,25.889999389648438,25.899999618530273,15.598712921142578,45800
2017-10-27,25.889999389648438,26.059999465942383,25.850000381469727,25.90999984741211,15.60473918914795,65700
2017-10-30,25.93000030517578,26.059999465942383,25.93000030517578,26.059999465942383,15.695080757141113,41500
2017-10-31,26.030000686645508,26.079999923706055,25.8700008392334,26.0,15.658946990966797,55700
2017-11-01,26.0,26.040000915527344,25.950000762939453,26.030000686645508,15.677013397216797,40400
2017-11-02,26.020000457763672,26.1299991607666,26.010000228881836,26.030000686645508,15.677013397216797,44400
2017-11-03,25.959999084472656,26.170000076293945,25.959999084472656,26.079999923706055,15.707118034362793,37200
2017-11-06,26.149999618530273,26.209999084472656,26.06999969482422,26.15999984741211,15.755305290222168,24900
2017-11-07,26.229999542236328,26.229999542236328,26.049999237060547,26.209999084472656,15.785414695739746,32800
2017-11-08,26.200000762939453,26.25,26.06999969482422,26.200000762939453,15.779391288757324,37200
2017-11-09,26.200000762939453,26.25,26.149999618530273,26.200000762939453,15.779391288757324,34100
2017-11-10,26.139999389648438,26.209999084472656,26.1200008392334,26.139999389648438,15.743256568908691,27700
2017-11-13,26.229999542236328,26.329999923706055,26.15999984741211,26.329999923706055,15.85768985748291,51000
2017-11-14,26.1299991607666,26.229999542236328,26.020000457763672,26.020000457763672,15.67098331451416,32900
2017-11-15,26.059999465942383,26.059999465942383,25.829999923706055,26.0,15.658946990966797,37600
2017-11-16,25.889999389648438,26.3799991607666,25.889999389648438,26.200000762939453,15.779391288757324,47300
2017-11-17,26.670000076293945,26.670000076293945,26.350000381469727,26.5,15.960075378417969,48400
2017-11-20,26.510000228881836,26.549999237060547,26.399999618530273,26.450000762939453,15.92995548248291,30600
2017-11-21,26.31999969482422,26.579999923706055,26.309999465942383,26.5,16.05415153503418,30900
2017-11-22,26.5,26.989999771118164,26.479999542236328,26.899999618530273,16.296470642089844,25400
2017-11-24,26.790000915527344,26.90999984741211,26.639999389648438,26.739999771118164,16.19955062866211,18000
2017-11-27,26.649999618530273,26.8799991607666,26.559999465942383,26.559999465942383,16.09050178527832,38300
2017-11-28,26.479999542236328,26.68000030517578,26.469999313354492,26.479999542236328,16.04203987121582,34900
2017-11-29,26.59000015258789,26.59000015258789,26.399999618530273,26.469999313354492,16.035972595214844,52700
2017-11-30,26.399999618530273,26.450000762939453,26.34000015258789,26.440000534057617,16.01779556274414,41700
2017-12-01,26.3799991607666,26.719999313354492,26.3700008392334,26.719999313354492,16.187429428100586,56300
2017-12-04,26.739999771118164,26.790000915527344,26.540000915527344,26.540000915527344,16.078386306762695,109400
2017-12-05,26.600000381469727,26.729999542236328,26.530000686645508,26.729999542236328,16.19348907470703,61800
2017-12-06,26.700000762939453,26.84000015258789,26.649999618530273,26.739999771118164,16.19955062866211,57400
2017-12-07,26.889999389648438,26.899999618530273,26.649999618530273,26.889999389648438,16.29041290283203,40800
2017-12-08,26.899999618530273,26.899999618530273,26.600000381469727,26.729999542236328,16.19348907470703,54100
2017-12-11,26.780000686645508,26.780000686645508,26.68000030517578,26.68000030517578,16.163198471069336,35000
2017-12-12,26.6200008392334,26.729999542236328,26.600000381469727,26.709999084472656,16.18136978149414,31400
2017-12-13,26.649999618530273,26.709999084472656,26.549999237060547,26.670000076293945,16.157142639160156,40300
2017-12-14,26.649999618530273,26.860000610351562,26.649999618530273,26.81999969482422,16.248010635375977,30100
2017-12-15,26.799999237060547,28.350000381469727,26.729999542236328,27.200000762939453,16.478225708007812,69400
2017-12-18,27.149999618530273,27.329999923706055,26.979999542236328,27.020000457763672,16.36917495727539,70600
2017-12-19,27.059999465942383,27.329999923706055,27.0,27.110000610351562,16.42369842529297,37100
2017-12-20,27.1200008392334,27.200000762939453,27.09000015258789,27.18000030517578,16.560794830322266,40900
2017-12-21,27.049999237060547,27.25,27.030000686645508,27.149999618530273,16.542516708374023,48200
2017-12-22,27.18000030517578,27.190000534057617,26.90999984741211,26.950000762939453,16.420656204223633,47000
2017-12-26,26.899999618530273,27.149999618530273,26.780000686645508,26.84000015258789,16.3536319732666,41700
2017-12-27,26.799999237060547,26.93000030517578,26.770000457763672,26.850000381469727,16.359710693359375,23000
2017-12-28,26.780000686645508,26.829999923706055,26.700000762939453,26.770000457763672,16.310985565185547,37600
2017-12-29,26.989999771118164,26.989999771118164,26.670000076293945,26.670000076293945,16.250045776367188,58000
2018-01-02,26.780000686645508,26.8799991607666,26.5,26.610000610351562,16.213499069213867,82400
2018-01-03,26.700000762939453,26.709999084472656,26.549999237060547,26.65999984741211,16.243959426879883,47000
2018-01-04,26.559999465942383,26.719999313354492,26.530000686645508,26.530000686645508,16.16474723815918,64300
2018-01-05,26.540000915527344,26.68000030517578,26.489999771118164,26.610000610351562,16.213499069213867,40400
2018-01-08,26.6299991607666,26.65999984741211,26.520000457763672,26.56999969482422,16.189117431640625,51800
2018-01-09,26.5,26.68000030517578,26.5,26.65999984741211,16.243959426879883,35500
2018-01-10,26.6200008392334,26.719999313354492,26.530000686645508,26.719999313354492,16.2805118560791,42500
2018-01-11,26.8799991607666,26.8799991607666,26.709999084472656,26.81999969482422,16.34144401550293,25000
2018-01-12,26.850000381469727,26.860000610351562,26.709999084472656,26.739999771118164,16.292699813842773,51000
2018-01-16,26.809999465942383,26.940000534057617,26.610000610351562,26.709999084472656,16.27442169189453,54800
2018-01-17,26.719999313354492,26.889999389648438,26.649999618530273,26.719999313354492,16.2805118560791,45500
2018-01-18,26.670000076293945,26.760000228881836,26.239999771118164,26.290000915527344,16.018518447875977,48100
2018-01-19,26.25,26.260000228881836,26.059999465942383,26.100000381469727,15.90274715423584,97200
2018-01-22,26.049999237060547,26.079999923706055,25.920000076293945,25.979999542236328,15.829630851745605,66200
2018-01-23,25.90999984741211,25.90999984741211,25.760000228881836,25.780000686645508,15.80205249786377,79200
2018-01-24,25.75,25.790000915527344,25.65999984741211,25.65999984741211,15.728489875793457,77000
2018-01-25,25.420000076293945,25.420000076293945,24.8700008392334,24.889999389648438,15.25651741027832,275700
2018-01-26,24.84000015258789,24.940000534057617,24.520000457763672,24.639999389648438,15.103279113769531,250500
2018-01-29,24.579999923706055,24.579999923706055,24.15999984741211,24.219999313354492,14.845831871032715,234700
2018-01-30,23.81999969482422,24.100000381469727,23.610000610351562,24.0,14.710990905761719,205700
2018-01-31,24.110000610351562,24.360000610351562,24.110000610351562,24.309999465942383,14.901002883911133,122800
2018-02-01,24.3700008392334,24.780000686645508,24.350000381469727,24.600000381469727,15.07876205444336,147900
2018-02-02,24.559999465942383,24.75,24.530000686645508,24.719999313354492,15.152313232421875,198600
2018-02-05,24.6200008392334,24.760000228881836,24.530000686645508,24.709999084472656,15.146186828613281,177900
2018-02-06,24.5,24.75,24.40999984741211,24.739999771118164,15.164578437805176,111800
2018-02-07,24.700000762939453,24.920000076293945,24.700000762939453,24.829999923706055,15.219743728637695,67600
2018-02-08,24.979999542236328,24.979999542236328,24.489999771118164,24.6200008392334,15.091015815734863,82600
2018-02-09,24.549999237060547,24.6200008392334,24.079999923706055,24.420000076293945,14.96841812133789,104400
2018-02-12,24.450000762939453,24.5,24.329999923706055,24.440000534057617,14.980685234069824,80700
2018-02-13,24.440000534057617,24.610000610351562,24.420000076293945,24.540000915527344,15.041982650756836,47200
2018-02-14,24.6200008392334,24.799999237060547,24.450000762939453,24.68000030517578,15.127790451049805,82500
2018-02-15,24.700000762939453,24.739999771118164,24.469999313354492,24.559999465942383,15.054237365722656,84500
2018-02-16,24.639999389648438,24.639999389648438,24.489999771118164,24.6299991607666,15.097146987915039,52800
2018-02-20,24.700000762939453,24.700000762939453,24.450000762939453,24.56999969482422,15.151418685913086,69000
2018-02-21,24.5,24.56999969482422,24.350000381469727,24.360000610351562,15.0219144821167,68500
2018-02-22,24.399999618530273,24.520000457763672,24.350000381469727,24.389999389648438,15.040414810180664,49400
2018-02-23,24.489999771118164,24.5,24.40999984741211,24.459999084472656,15.083579063415527,38300
2018-02-26,24.489999771118164,24.65999984741211,24.489999771118164,24.6200008392334,15.182241439819336,49200
2018-02-27,24.709999084472656,24.709999084472656,24.469999313354492,24.540000915527344,15.132909774780273,55700
2018-02-28,24.579999923706055,24.649999618530273,24.459999084472656,24.559999465942383,15.145246505737305,69000
2018-03-01,24.559999465942383,24.600000381469727,24.479999542236328,24.56999969482422,15.151418685913086,39800
2018-03-02,24.56999969482422,24.56999969482422,24.43000030517578,24.5,15.108247756958008,36000
2018-03-05,24.420000076293945,24.459999084472656,24.3700008392334,24.420000076293945,15.058907508850098,88600
2018-03-06,24.479999542236328,24.56999969482422,24.479999542236328,24.520000457763672,15.120576858520508,38500
2018-03-07,24.440000534057617,24.600000381469727,24.440000534057617,24.59000015258789,15.163748741149902,30700
2018-03-08,24.530000686645508,24.649999618530273,24.530000686645508,24.610000610351562,15.176080703735352,26500
2018-03-09,24.65999984741211,24.700000762939453,24.610000610351562,24.65999984741211,15.20691967010498,31900
2018-03-12,24.639999389648438,24.690000534057617,24.510000228881836,24.579999923706055,15.157586097717285,53900
2018-03-13,24.579999923706055,24.65999984741211,24.579999923706055,24.649999618530273,15.200735092163086,31300
2018-03-14,24.649999618530273,24.829999923706055,24.6200008392334,24.799999237060547,15.293238639831543,64200
2018-03-15,24.75,24.84000015258789,24.75,24.770000457763672,15.274752616882324,31400
2018-03-16,24.81999969482422,24.81999969482422,24.700000762939453,24.780000686645508,15.28091049194336,38000
2018-03-19,24.770000457763672,24.770000457763672,24.540000915527344,24.579999923706055,15.157586097717285,36900
2018-03-20,24.559999465942383,24.610000610351562,24.459999084472656,24.469999313354492,15.089750289916992,25800
2018-03-21,24.299999237060547,24.329999923706055,24.15999984741211,24.190000534057617,15.007853507995605,52400
2018-03-22,24.100000381469727,24.200000762939453,23.979999542236328,24.149999618530273,14.983037948608398,37500
2018-03-23,24.25,24.290000915527344,24.18000030517578,24.219999313354492,15.02646541595459,64400
2018-03-26,24.239999771118164,24.25,23.969999313354492,23.979999542236328,14.877574920654297,62700
2018-03-27,23.969999313354492,24.1200008392334,23.969999313354492,24.030000686645508,14.908589363098145,54000
2018-03-28,23.940000534057617,24.110000610351562,23.84000015258789,23.959999084472656,14.86515998840332,77800
2018-03-29,24.0,24.190000534057617,24.0,24.170000076293945,14.995442390441895,50900
2018-04-02,24.200000762939453,24.200000762939453,23.889999389648438,24.0,14.889975547790527,63000
2018-04-03,23.940000534057617,24.079999923706055,23.90999984741211,24.06999969482422,14.933404922485352,63100
2018-04-04,23.8700008392334,24.0,23.8700008392334,23.93000030517578,14.846545219421387,32700
2018-04-05,24.0,24.030000686645508,23.889999389648438,23.899999618530273,14.82793140411377,48800
2018-04-06,23.8700008392334,23.93000030517578,23.75,23.780000686645508,14.753483772277832,65800
2018-04-09,23.899999618530273,24.059999465942383,23.780000686645508,23.940000534057617,14.85274600982666,218800
2018-04-10,24.0,24.219999313354492,23.969999313354492,24.100000381469727,14.952013969421387,89200
2018-04-11,24.1299991607666,24.200000762939453,24.040000915527344,24.079999923706055,14.939606666564941,48500
2018-04-12,24.100000381469727,24.1299991607666,23.940000534057617,24.0,14.889975547790527,39100
2018-04-13,23.950000762939453,24.049999237060547,23.950000762939453,24.0,14.889975547790527,42100
2018-04-16,24.15999984741211,24.15999984741211,23.989999771118164,24.1299991607666,14.970630645751953,61600
2018-04-17,24.079999923706055,24.15999984741211,24.079999923706055,24.139999389648438,14.97683048248291,35900
2018-04-18,24.09000015258789,24.139999389648438,24.049999237060547,24.049999237060547,14.920995712280273,32000
2018-04-19,24.030000686645508,24.06999969482422,23.959999084472656,23.959999084472656,14.86515998840332,49300
2018-04-20,23.84000015258789,23.850000381469727,23.739999771118164,23.780000686645508,14.845179557800293,28700
2018-04-23,23.700000762939453,23.809999465942383,23.700000762939453,23.75,14.826455116271973,56000
2018-04-24,23.719999313354492,23.760000228881836,23.639999389648438,23.68000030517578,14.782752990722656,47000
2018-04-25,23.65999984741211,23.65999984741211,23.520000457763672,23.520000457763672,14.682868003845215,50300
2018-04-26,23.520000457763672,23.6299991607666,23.510000228881836,23.520000457763672,14.682868003845215,50700
2018-04-27,23.520000457763672,23.6200008392334,23.5,23.559999465942383,14.707842826843262,56100
2018-04-30,23.670000076293945,23.75,23.59000015258789,23.739999771118164,14.820207595825195,69900
2018-05-01,23.729999542236328,23.729999542236328,23.65999984741211,23.670000076293945,14.776512145996094,47700
2018-05-02,23.670000076293945,23.670000076293945,23.59000015258789,23.59000015258789,14.72656536102295,47900
2018-05-03,23.579999923706055,23.700000762939453,23.579999923706055,23.639999389648438,14.757781028747559,32300
2018-05-04,23.610000610351562,23.709999084472656,23.59000015258789,23.700000762939453,14.795235633850098,32200
2018-05-07,23.75,23.790000915527344,23.700000762939453,23.75,14.826455116271973,44800
2018-05-08,23.700000762939453,23.809999465942383,23.700000762939453,23.780000686645508,14.845179557800293,53700
2018-05-09,23.850000381469727,23.850000381469727,23.670000076293945,23.799999237060547,14.857664108276367,37400
2018-05-10,23.799999237060547,23.799999237060547,23.65999984741211,23.65999984741211,14.770259857177734,49500
2018-05-11,23.600000381469727,23.690000534057617,23.600000381469727,23.6299991607666,14.751538276672363,34300
2018-05-14,23.6299991607666,23.739999771118164,23.6299991607666,23.729999542236328,14.813966751098633,39500
2018-05-15,23.649999618530273,23.75,23.610000610351562,23.719999313354492,14.807719230651855,49300
2018-05-16,23.709999084472656,23.719999313354492,23.610000610351562,23.610000610351562,14.739056587219238,43600
2018-05-17,23.610000610351562,23.649999618530273,23.25,23.309999465942383,14.551769256591797,131300
2018-05-18,23.25,23.299999237060547,23.139999389648438,23.190000534057617,14.476856231689453,104100
2018-05-21,23.190000534057617,23.190000534057617,23.0,23.059999465942383,14.395702362060547,174900
2018-05-22,22.979999542236328,23.020000457763672,22.940000534057617,22.979999542236328,14.438430786132812,48500
2018-05-23,22.920000076293945,22.969999313354492,22.780000686645508,22.84000015258789,14.350470542907715,137100
2018-05-24,22.8799991607666,22.950000762939453,22.799999237060547,22.8700008392334,14.369316101074219,131300
2018-05-25,22.850000381469727,23.059999465942383,22.850000381469727,22.989999771118164,14.444709777832031,114700
2018-05-29,23.030000686645508,23.100000381469727,22.829999923706055,22.93000030517578,14.407014846801758,81700
2018-05-30,23.0,23.020000457763672,22.899999618530273,22.969999313354492,14.432137489318848,82900
2018-05-31,22.889999389648438,22.989999771118164,22.889999389648438,22.899999618530273,14.388167381286621,47400
2018-06-01,23.0,23.040000915527344,22.959999084472656,23.030000686645508,14.469843864440918,63500
2018-06-04,23.079999923706055,23.1299991607666,23.049999237060547,23.110000610351562,14.52010726928711,63800
2018-06-05,23.149999618530273,23.149999618530273,23.0,23.079999923706055,14.501259803771973,60000
2018-06-06,23.170000076293945,23.260000228881836,23.020000457763672,23.260000228881836,14.614358901977539,91600
2018-06-07,23.280000686645508,23.34000015258789,23.239999771118164,23.31999969482422,14.652054786682129,101100
2018-06-08,23.3700008392334,23.420000076293945,23.329999923706055,23.389999389648438,14.696030616760254,75000
2018-06-11,23.43000030517578,23.540000915527344,23.420000076293945,23.520000457763672,14.777715682983398,115100
2018-06-12,23.479999542236328,23.5,23.360000610351562,23.450000762939453,14.733734130859375,65200
2018-06-13,23.40999984741211,23.450000762939453,23.329999923706055,23.389999389648438,14.696030616760254,39500
2018-06-14,23.3799991607666,23.420000076293945,23.350000381469727,23.399999618530273,14.702320098876953,66200
2018-06-15,23.3799991607666,23.450000762939453,23.3700008392334,23.440000534057617,14.72745132446289,46800
2018-06-18,23.440000534057617,23.469999313354492,23.399999618530273,23.450000762939453,14.733734130859375,69100
2018-06-19,23.399999618530273,23.479999542236328,23.350000381469727,23.40999984741211,14.708599090576172,64100
2018-06-20,23.3799991607666,23.649999618530273,23.3799991607666,23.649999618530273,14.859395027160645,125300
2018-06-21,23.5,23.65999984741211,23.459999084472656,23.639999389648438,14.946649551391602,120900
2018-06-22,23.65999984741211,23.670000076293945,23.540000915527344,23.649999618530273,14.952962875366211,46200
2018-06-25,23.6200008392334,23.649999618530273,23.420000076293945,23.489999771118164,14.851806640625,56900
2018-06-26,23.450000762939453,23.5,23.43000030517578,23.469999313354492,14.839164733886719,43300
2018-06-27,23.579999923706055,23.59000015258789,23.219999313354492,23.229999542236328,14.687416076660156,85700
2018-06-28,23.190000534057617,23.459999084472656,23.190000534057617,23.420000076293945,14.8075532913208,107700
2018-06-29,23.440000534057617,23.489999771118164,23.31999969482422,23.459999084472656,14.832840919494629,109300
2018-07-02,23.5,23.610000610351562,23.450000762939453,23.600000381469727,14.921350479125977,55200
2018-07-03,23.6200008392334,23.649999618530273,23.600000381469727,23.6299991607666,14.94031810760498,19900
2018-07-05,23.559999465942383,23.770000457763672,23.559999465942383,23.760000228881836,15.022513389587402,64000
2018-07-06,23.809999465942383,24.09000015258789,23.790000915527344,24.059999465942383,15.21218490600586,94200
2018-07-09,24.18000030517578,24.18000030517578,24.020000457763672,24.020000457763672,15.186904907226562,60200
2018-07-10,23.920000076293945,24.09000015258789,23.920000076293945,24.059999465942383,15.21218490600586,52400
2018-07-11,24.06999969482422,24.100000381469727,24.040000915527344,24.059999465942383,15.21218490600586,38000
2018-07-12,24.139999389648438,24.139999389648438,23.899999618530273,23.940000534057617,15.136319160461426,75800
2018-07-13,24.0,24.0,23.829999923706055,23.989999771118164,15.167930603027344,39100
2018-07-16,24.0,24.0,23.829999923706055,23.969999313354492,15.155289649963379,66400
2018-07-17,23.950000762939453,23.979999542236328,23.920000076293945,23.979999542236328,15.161616325378418,52000
2018-07-18,23.969999313354492,24.0,23.920000076293945,23.940000534057617,15.136319160461426,32500
2018-07-19,23.950000762939453,24.079999923706055,23.950000762939453,24.079999923706055,15.22484016418457,24000
2018-07-20,24.1299991607666,24.290000915527344,24.09000015258789,24.290000915527344,15.357621192932129,57900
2018-07-23,24.219999313354492,24.229999542236328,24.0,24.040000915527344,15.292734146118164,61900
2018-07-24,23.969999313354492,24.030000686645508,23.959999084472656,23.979999542236328,15.254559516906738,49300
2018-07-25,24.0,24.0,23.8799991607666,23.899999618530273,15.20366096496582,54800
2018-07-26,23.899999618530273,23.950000762939453,23.610000610351562,23.690000534057617,15.070082664489746,83900
2018-07-27,23.700000762939453,23.780000686645508,23.600000381469727,23.739999771118164,15.101885795593262,39100
2018-07-30,23.739999771118164,23.780000686645508,23.670000076293945,23.729999542236328,15.0955228805542,40000
2018-07-31,23.84000015258789,24.049999237060547,23.799999237060547,24.020000457763672,15.280008316040039,65700
2018-08-01,24.040000915527344,24.190000534057617,24.030000686645508,24.139999389648438,15.35633659362793,48200
2018-08-02,24.100000381469727,24.239999771118164,24.079999923706055,24.239999771118164,15.41995906829834,35600
2018-08-03,24.200000762939453,24.219999313354492,24.030000686645508,24.110000610351562,15.337257385253906,96800
2018-08-06,24.100000381469727,24.239999771118164,24.100000381469727,24.200000762939453,15.394509315490723,59200
2018-08-07,24.200000762939453,24.329999923706055,24.200000762939453,24.31999969482422,15.470852851867676,31300
2018-08-08,24.360000610351562,24.3799991607666,24.290000915527344,24.3799991607666,15.509016036987305,43600
2018-08-09,24.40999984741211,24.43000030517578,24.290000915527344,24.43000030517578,15.540825843811035,43200
2018-08-10,24.40999984741211,24.40999984741211,24.25,24.260000228881836,15.4326810836792,33800
2018-08-13,24.229999542236328,24.40999984741211,24.229999542236328,24.270000457763672,15.439038276672363,57000
2018-08-14,24.3799991607666,24.5,24.299999237060547,24.389999389648438,15.515372276306152,46900
2018-08-15,24.450000762939453,24.799999237060547,24.399999618530273,24.770000457763672,15.757105827331543,36100
2018-08-16,24.729999542236328,24.729999542236328,24.600000381469727,24.700000762939453,15.712576866149902,41600
2018-08-17,24.670000076293945,24.670000076293945,24.530000686645508,24.559999465942383,15.623518943786621,36900
2018-08-20,24.56999969482422,24.729999542236328,24.56999969482422,24.690000534057617,15.70621109008789,41000
2018-08-21,24.6299991607666,24.65999984741211,24.579999923706055,24.59000015258789,15.642605781555176,23600
2018-08-22,24.6299991607666,24.719999313354492,24.600000381469727,24.700000762939453,15.712576866149902,48100
2018-08-23,24.479999542236328,24.6200008392334,24.40999984741211,24.469999313354492,15.66010570526123,52700
2018-08-24,24.540000915527344,24.579999923706055,24.34000015258789,24.34000015258789,15.576905250549316,58900
2018-08-27,24.34000015258789,24.360000610351562,24.290000915527344,24.360000610351562,15.589709281921387,31300
2018-08-28,24.360000610351562,24.469999313354492,24.350000381469727,24.399999618530273,15.615301132202148,36200
2018-08-29,24.5,24.6299991607666,24.459999084472656,24.59000015258789,15.736894607543945,44400
2018-08-30,24.59000015258789,24.59000015258789,24.420000076293945,24.510000228881836,15.685698509216309,59500
2018-08-31,24.59000015258789,24.59000015258789,24.40999984741211,24.40999984741211,15.621706008911133,36100
2018-09-04,24.479999542236328,24.479999542236328,24.350000381469727,24.440000534057617,15.64090347290039,41300
2018-09-05,24.399999618530273,24.450000762939453,24.270000457763672,24.31999969482422,15.564108848571777,45400
2018-09-06,24.219999313354492,24.600000381469727,24.100000381469727,24.110000610351562,15.429710388183594,59400
2018-09-07,24.139999389648438,24.280000686645508,24.110000610351562,24.190000534057617,15.48090648651123,52600
2018-09-10,24.200000762939453,24.34000015258789,24.200000762939453,24.280000686645508,15.538505554199219,34200
2018-09-11,24.239999771118164,24.299999237060547,24.229999542236328,24.260000228881836,15.525711059570312,21300
2018-09-12,24.260000228881836,24.440000534057617,24.260000228881836,24.43000030517578,15.634505271911621,36200
2018-09-13,24.489999771118164,24.5,24.329999923706055,24.3799991607666,15.602505683898926,26800
2018-09-14,24.31999969482422,24.389999389648438,24.18000030517578,24.25,15.519309043884277,34600
2018-09-17,24.100000381469727,24.25,24.100000381469727,24.200000762939453,15.487308502197266,29000
2018-09-18,24.219999313354492,24.420000076293945,24.219999313354492,24.329999923706055,15.570499420166016,45500
2018-09-19,24.299999237060547,24.34000015258789,24.229999542236328,24.270000457763672,15.532102584838867,39600
2018-09-20,24.190000534057617,24.290000915527344,24.010000228881836,24.09000015258789,15.51150894165039,43400
2018-09-21,24.030000686645508,24.149999618530273,23.670000076293945,23.719999313354492,15.273255348205566,82500
2018-09-24,23.700000762939453,23.809999465942383,23.65999984741211,23.68000030517578,15.247504234313965,44000
2018-09-25,23.739999771118164,23.850000381469727,23.020000457763672,23.049999237060547,14.841851234436035,137200
2018-09-26,23.100000381469727,23.25,23.079999923706055,23.18000030517578,14.925549507141113,72000
2018-09-27,23.18000030517578,23.309999465942383,23.100000381469727,23.149999618530273,14.906233787536621,59800
2018-09-28,23.18000030517578,23.290000915527344,23.149999618530273,23.200000762939453,14.938437461853027,103400
2018-10-01,23.31999969482422,23.31999969482422,23.049999237060547,23.15999984741211,14.912680625915527,66600
2018-10-02,23.139999389648438,23.15999984741211,23.059999465942383,23.15999984741211,14.912680625915527,57700
2018-10-03,23.15999984741211,23.200000762939453,22.75,22.81999969482422,14.693747520446777,103600
2018-10-04,22.68000030517578,22.889999389648438,22.5,22.510000228881836,14.494148254394531,109400
2018-10-05,22.420000076293945,22.459999084472656,22.25,22.329999923706055,14.378241539001465,102800
2018-10-08,22.399999618530273,22.5,22.350000381469727,22.350000381469727,14.391118049621582,40600
2018-10-09,22.399999618530273,22.520000457763672,22.350000381469727,22.3700008392334,14.403999328613281,47400
2018-10-10,22.350000381469727,22.440000534057617,21.719999313354492,21.860000610351562,14.07561206817627,172800
2018-10-11,21.899999618530273,22.15999984741211,21.8700008392334,21.979999542236328,14.152884483337402,74200
2018-10-12,22.149999618530273,22.209999084472656,22.010000228881836,22.010000228881836,14.172199249267578,52800
2018-10-15,22.059999465942383,22.139999389648438,22.0,22.0,14.165756225585938,47500
2018-10-16,22.030000686645508,22.350000381469727,22.030000686645508,22.239999771118164,14.320292472839355,64600
2018-10-17,22.18000030517578,22.3700008392334,22.18000030517578,22.309999465942383,14.36536693572998,41500
2018-10-18,22.239999771118164,22.34000015258789,22.219999313354492,22.219999313354492,14.307411193847656,41700
2018-10-19,22.200000762939453,22.299999237060547,22.079999923706055,22.09000015258789,14.223706245422363,53000
2018-10-22,22.1200008392334,22.329999923706055,22.1200008392334,22.18000030517578,14.281659126281738,73600
2018-10-23,22.040000915527344,22.100000381469727,21.899999618530273,21.93000030517578,14.215540885925293,107600
2018-10-24,21.950000762939453,22.09000015258789,21.700000762939453,21.709999084472656,14.072928428649902,85500
2018-10-25,21.790000915527344,22.010000228881836,21.709999084472656,21.920000076293945,14.20905590057373,56900
2018-10-26,21.719999313354492,22.040000915527344,21.719999313354492,21.979999542236328,14.247956275939941,44000
2018-10-29,22.0,22.100000381469727,21.93000030517578,22.020000457763672,14.273885726928711,69800
2018-10-30,21.920000076293945,22.079999923706055,21.850000381469727,21.8700008392334,14.176644325256348,71300
2018-10-31,21.860000610351562,22.049999237060547,21.850000381469727,22.0,14.26091480255127,59200
2018-11-01,22.010000228881836,22.190000534057617,22.0,22.190000534057617,14.384073257446289,37100
2018-11-02,22.139999389648438,22.190000534057617,21.969999313354492,21.969999313354492,14.24146842956543,46800
2018-11-05,22.030000686645508,22.1299991607666,22.020000457763672,22.09000015258789,14.319254875183105,29800
2018-11-06,22.049999237060547,22.100000381469727,21.950000762939453,21.969999313354492,14.24146842956543,48600
2018-11-07,22.0,22.149999618530273,21.959999084472656,22.0,14.26091480255127,66500
2018-11-08,22.0,22.079999923706055,21.84000015258789,21.850000381469727,14.163686752319336,183900
2018-11-09,21.809999465942383,21.989999771118164,21.780000686645508,21.84000015258789,14.157196044921875,65100
2018-11-12,21.809999465942383,21.899999618530273,21.709999084472656,21.75,14.098862648010254,42500
2018-11-13,21.75,21.850000381469727,21.65999984741211,21.68000030517578,14.053487777709961,64400
2018-11-14,21.700000762939453,21.780000686645508,21.649999618530273,21.719999313354492,14.079411506652832,48000
2018-11-15,21.68000030517578,21.75,21.6200008392334,21.709999084472656,14.072928428649902,56200
2018-11-16,21.709999084472656,21.75,21.389999389648438,21.399999618530273,13.871980667114258,93200
2018-11-19,21.440000534057617,21.610000610351562,20.8799991607666,21.190000534057617,13.735855102539062,139100
2018-11-20,21.010000228881836,21.149999618530273,20.950000762939453,21.030000686645508,13.632135391235352,94100
2018-11-21,20.979999542236328,21.139999389648438,20.920000076293945,21.059999465942383,13.748340606689453,79700
2018-11-23,21.0,21.15999984741211,21.0,21.1299991607666,13.794036865234375,17500
2018-11-26,21.209999084472656,21.209999084472656,20.979999542236328,21.200000762939453,13.839735984802246,89900
2018-11-27,21.049999237060547,21.1200008392334,20.950000762939453,20.950000762939453,13.676528930664062,90900
2018-11-28,21.040000915527344,21.229999542236328,21.0,21.209999084472656,13.846261978149414,99500
2018-11-29,21.31999969482422,21.329999923706055,21.149999618530273,21.299999237060547,13.905014038085938,101400
2018-11-30,21.420000076293945,21.540000915527344,21.290000915527344,21.290000915527344,13.898490905761719,78900
2018-12-03,21.520000457763672,21.549999237060547,21.290000915527344,21.329999923706055,13.924599647521973,87000
2018-12-04,21.309999465942383,21.479999542236328,21.1200008392334,21.25,13.872377395629883,58800
2018-12-06,21.110000610351562,21.1299991607666,20.850000381469727,20.899999618530273,13.643887519836426,126000
2018-12-07,21.049999237060547,21.09000015258789,20.829999923706055,21.010000228881836,13.7156982421875,55700
2018-12-10,20.93000030517578,21.040000915527344,20.700000762939453,20.739999771118164,13.53943920135498,104500
2018-12-11,20.899999618530273,20.940000534057617,20.6299991607666,20.65999984741211,13.48720932006836,145200
2018-12-12,20.639999389648438,20.700000762939453,20.520000457763672,20.600000381469727,13.448046684265137,154100
2018-12-13,20.65999984741211,20.68000030517578,20.540000915527344,20.65999984741211,13.48720932006836,90300
2018-12-14,20.709999084472656,20.719999313354492,20.3700008392334,20.440000534057617,13.343589782714844,126100
2018-12-17,20.31999969482422,20.420000076293945,20.010000228881836,20.149999618530273,13.154271125793457,160100
2018-12-18,20.100000381469727,20.219999313354492,19.950000762939453,20.010000228881836,13.06287956237793,145200
2018-12-19,20.1200008392334,20.15999984741211,19.850000381469727,20.049999237060547,13.08899211883545,165200
2018-12-20,19.920000076293945,19.93000030517578,19.049999237060547,19.719999313354492,12.969297409057617,466800
2018-12-21,19.65999984741211,19.850000381469727,19.3700008392334,19.469999313354492,12.804876327514648,241500
2018-12-24,19.579999923706055,19.860000610351562,19.309999465942383,19.579999923706055,12.877223014831543,119300
2018-12-26,19.850000381469727,20.25,19.59000015258789,20.139999389648438,13.245523452758789,202100
2018-12-27,20.06999969482422,20.229999542236328,19.950000762939453,20.229999542236328,13.304708480834961,124000
2018-12-28,20.329999923706055,20.40999984741211,19.969999313354492,20.25,13.317863464355469,178100
2018-12-31,20.450000762939453,20.479999542236328,20.200000762939453,20.3700008392334,13.3967866897583,227800
2019-01-02,20.299999237060547,20.8700008392334,20.290000915527344,20.8700008392334,13.725621223449707,109200
2019-01-03,20.81999969482422,20.950000762939453,20.530000686645508,20.809999465942383,13.686161041259766,63100
2019-01-04,20.920000076293945,21.09000015258789,20.850000381469727,21.06999969482422,13.857152938842773,87800
2019-01-07,21.100000381469727,21.6200008392334,21.079999923706055,21.610000610351562,14.212297439575195,94300
2019-01-08,21.790000915527344,21.799999237060547,21.479999542236328,21.799999237060547,14.337258338928223,59400
2019-01-09,21.719999313354492,21.809999465942383,21.6299991607666,21.670000076293945,14.251757621765137,57100
2019-01-10,21.690000534057617,21.729999542236328,21.530000686645508,21.56999969482422,14.185992240905762,82600
2019-01-11,21.520000457763672,21.809999465942383,21.510000228881836,21.770000457763672,14.317521095275879,23800
2019-01-14,21.75,21.829999923706055,21.530000686645508,21.739999771118164,14.297792434692383,103500
2019-01-15,21.81999969482422,21.979999542236328,21.770000457763672,21.969999313354492,14.449061393737793,84400
2019-01-16,22.0,22.0,21.790000915527344,21.969999313354492,14.449061393737793,70300
2019-01-17,21.950000762939453,21.969999313354492,21.790000915527344,21.940000534057617,14.429328918457031,46600
2019-01-18,21.899999618530273,22.06999969482422,21.809999465942383,21.809999465942383,14.343835830688477,71600
2019-01-22,21.809999465942383,21.899999618530273,21.700000762939453,21.860000610351562,14.37672233581543,77800
2019-01-23,21.700000762939453,21.90999984741211,21.639999389648438,21.889999389648438,14.491249084472656,80400
2019-01-24,21.93000030517578,22.09000015258789,21.899999618530273,22.030000686645508,14.5839262008667,44500
2019-01-25,22.1299991607666,22.329999923706055,22.049999237060547,22.260000228881836,14.736180305480957,53100
2019-01-28,22.280000686645508,22.350000381469727,22.25,22.350000381469727,14.795762062072754,47100
2019-01-29,22.40999984741211,22.440000534057617,22.25,22.31999969482422,14.775896072387695,49800
2019-01-30,22.399999618530273,22.600000381469727,22.329999923706055,22.600000381469727,14.961261749267578,47600
2019-01-31,22.65999984741211,23.34000015258789,22.56999969482422,23.200000762939453,15.358464241027832,100700
2019-02-01,23.25,23.25,22.899999618530273,22.969999313354492,15.20621109008789,72700
2019-02-04,22.959999084472656,23.06999969482422,22.899999618530273,23.030000686645508,15.245927810668945,51300
2019-02-05,23.06999969482422,23.09000015258789,22.899999618530273,23.059999465942383,15.265788078308105,51000
2019-02-06,23.010000228881836,23.059999465942383,22.950000762939453,22.979999542236328,15.2128267288208,22500
2019-02-07,22.889999389648438,23.0,22.860000610351562,22.889999389648438,15.153242111206055,39400
2019-02-08,22.940000534057617,22.989999771118164,22.799999237060547,22.979999542236328,15.2128267288208,40500
2019-02-11,22.899999618530273,23.040000915527344,22.899999618530273,23.030000686645508,15.245927810668945,33600
2019-02-12,23.030000686645508,23.100000381469727,22.989999771118164,23.079999923706055,15.279020309448242,34300
2019-02-13,22.989999771118164,23.18000030517578,22.989999771118164,23.1299991607666,15.312125205993652,37400
2019-02-14,23.020000457763672,23.190000534057617,23.020000457763672,23.15999984741211,15.331987380981445,39200
2019-02-15,23.190000534057617,23.25,22.979999542236328,23.059999465942383,15.265788078308105,50500
2019-02-19,23.059999465942383,23.290000915527344,23.059999465942383,23.170000076293945,15.338601112365723,48600
2019-02-20,23.100000381469727,23.239999771118164,23.06999969482422,23.229999542236328,15.473823547363281,38600
2019-02-21,23.209999084472656,23.209999084472656,22.850000381469727,22.93000030517578,15.27399730682373,77800
2019-02-22,23.010000228881836,23.239999771118164,22.920000076293945,23.040000915527344,15.347269058227539,58200
2019-02-25,23.049999237060547,23.440000534057617,23.020000457763672,23.31999969482422,15.533778190612793,130900
2019-02-26,23.40999984741211,23.43000030517578,23.329999923706055,23.3799991607666,15.573744773864746,55300
2019-02-27,23.40999984741211,23.450000762939453,23.350000381469727,23.3799991607666,15.573744773864746,47500
2019-02-28,23.440000534057617,23.440000534057617,23.350000381469727,23.3700008392334,15.567081451416016,42000
2019-03-01,23.399999618530273,23.43000030517578,23.239999771118164,23.3700008392334,15.567081451416016,63700
2019-03-04,23.3700008392334,23.450000762939453,23.25,23.299999237060547,15.520452499389648,75900
2019-03-05,23.290000915527344,23.40999984741211,23.290000915527344,23.40999984741211,15.593727111816406,59300
2019-03-06,23.350000381469727,23.549999237060547,23.350000381469727,23.549999237060547,15.686983108520508,17100
2019-03-07,23.549999237060547,23.549999237060547,23.170000076293945,23.520000457763672,15.666996955871582,93700
2019-03-08,23.5,23.59000015258789,23.459999084472656,23.489999771118164,15.647017478942871,50100
2019-03-11,23.549999237060547,23.610000610351562,23.420000076293945,23.579999923706055,15.706966400146484,60500
2019-03-12,23.600000381469727,23.700000762939453,23.549999237060547,23.700000762939453,15.78689956665039,31400
2019-03-13,23.6200008392334,23.81999969482422,23.6200008392334,23.690000534057617,15.780238151550293,63600
2019-03-14,23.809999465942383,23.809999465942383,23.6200008392334,23.700000762939453,15.78689956665039,48000
2019-03-15,23.719999313354492,23.790000915527344,23.649999618530273,23.700000762939453,15.78689956665039,26100
2019-03-18,23.700000762939453,23.90999984741211,23.700000762939453,23.889999389648438,15.913461685180664,64300
2019-03-19,23.899999618530273,24.0,23.889999389648438,23.950000762939453,15.953423500061035,43800
2019-03-20,23.989999771118164,24.139999389648438,23.899999618530273,24.100000381469727,16.0533447265625,60900
2019-03-21,24.059999465942383,24.100000381469727,23.969999313354492,24.049999237060547,16.115663528442383,46500
2019-03-22,24.0,24.010000228881836,23.860000610351562,23.889999389648438,16.00844955444336,32100
2019-03-25,23.799999237060547,23.8700008392334,23.68000030517578,23.690000534057617,15.874435424804688,42600
2019-03-26,23.799999237060547,23.920000076293945,23.700000762939453,23.729999542236328,15.901238441467285,35900
2019-03-27,23.829999923706055,23.850000381469727,23.579999923706055,23.600000381469727,15.81412410736084,55800
2019-03-28,23.649999618530273,23.790000915527344,23.5,23.790000915527344,15.94144344329834,51600
2019-03-29,23.940000534057617,23.940000534057617,23.760000228881836,23.760000228881836,15.921335220336914,94800
2019-04-01,23.989999771118164,24.09000015258789,23.799999237060547,24.010000228881836,16.0888671875,65600
2019-04-02,24.149999618530273,24.149999618530273,24.059999465942383,24.110000610351562,16.15587043762207,38400
2019-04-03,24.149999618530273,24.219999313354492,24.049999237060547,24.139999389648438,16.175973892211914,41300
2019-04-04,24.079999923706055,24.139999389648438,23.989999771118164,23.989999771118164,16.07545280456543,42300
2019-04-05,24.06999969482422,24.149999618530273,24.040000915527344,24.1200008392334,16.16256332397461,60200
2019-04-08,24.190000534057617,24.360000610351562,24.15999984741211,24.329999923706055,16.303285598754883,47600
2019-04-09,24.329999923706055,24.350000381469727,24.25,24.309999465942383,16.289886474609375,34200
2019-04-10,24.299999237060547,24.459999084472656,24.25,24.350000381469727,16.316692352294922,53300
2019-04-11,24.34000015258789,24.5,24.280000686645508,24.440000534057617,16.376996994018555,44900
2019-04-12,24.5,24.5,24.309999465942383,24.3799991607666,16.336790084838867,39800
2019-04-15,24.450000762939453,24.5,24.389999389648438,24.5,16.417205810546875,43000
2019-04-16,24.549999237060547,24.75,24.389999389648438,24.729999542236328,16.571325302124023,73300
2019-04-17,24.719999313354492,24.719999313354492,24.5,24.579999923706055,16.470815658569336,40200
2019-04-18,24.6200008392334,24.729999542236328,24.520000457763672,24.700000762939453,16.551223754882812,54900
2019-04-22,24.530000686645508,24.59000015258789,24.350000381469727,24.360000610351562,16.418453216552734,74600
2019-04-23,24.3700008392334,24.450000762939453,24.260000228881836,24.299999237060547,16.37800407409668,62300
2019-04-24,24.399999618530273,24.399999618530273,24.190000534057617,24.219999313354492,16.324087142944336,26100
2019-04-25,24.209999084472656,24.350000381469727,24.200000762939453,24.350000381469727,16.411712646484375,37500
2019-04-26,24.399999618530273,24.450000762939453,24.299999237060547,24.360000610351562,16.418453216552734,31300
2019-04-29,24.43000030517578,24.489999771118164,24.360000610351562,24.489999771118164,16.50606346130371,34200
2019-04-30,24.530000686645508,24.65999984741211,24.450000762939453,24.600000381469727,16.5802001953125,50600
2019-05-01,24.59000015258789,24.690000534057617,24.530000686645508,24.59000015258789,16.573463439941406,34500
2019-05-02,24.700000762939453,24.700000762939453,24.450000762939453,24.459999084472656,16.4858455657959,26000
2019-05-03,24.459999084472656,24.530000686645508,24.309999465942383,24.399999618530273,16.445409774780273,52000
2019-05-06,24.309999465942383,24.3700008392334,24.200000762939453,24.280000686645508,16.364532470703125,90100
2019-05-07,24.15999984741211,24.309999465942383,24.15999984741211,24.280000686645508,16.364532470703125,31500
2019-05-08,24.280000686645508,24.280000686645508,24.219999313354492,24.270000457763672,16.35779571533203,31400
2019-05-09,24.170000076293945,24.270000457763672,23.56999969482422,23.68000030517578,15.960126876831055,433800
2019-05-10,23.719999313354492,24.010000228881836,23.700000762939453,24.010000228881836,16.18255615234375,104600
2019-05-13,23.899999618530273,24.020000457763672,23.860000610351562,23.979999542236328,16.162330627441406,42900
2019-05-14,24.0,24.200000762939453,24.0,24.030000686645508,16.196027755737305,49700
2019-05-15,24.110000610351562,24.170000076293945,24.049999237060547,24.079999923706055,16.229724884033203,43700
2019-05-16,24.079999923706055,24.200000762939453,24.049999237060547,24.18000030517578,16.297128677368164,47400
2019-05-17,24.040000915527344,24.09000015258789,23.920000076293945,23.969999313354492,16.15558624267578,87100
2019-05-20,23.950000762939453,24.049999237060547,23.899999618530273,23.899999618530273,16.108413696289062,79100
2019-05-21,23.920000076293945,24.1200008392334,23.90999984741211,23.979999542236328,16.162330627441406,60700
2019-05-22,23.889999389648438,24.020000457763672,23.790000915527344,23.8700008392334,16.184707641601562,60400
2019-05-23,23.829999923706055,24.06999969482422,23.829999923706055,24.010000228881836,16.279638290405273,70100
2019-05-24,24.020000457763672,24.18000030517578,24.020000457763672,24.079999923706055,16.32708740234375,48400
2019-05-28,24.110000610351562,24.25,24.100000381469727,24.239999771118164,16.435577392578125,36500
2019-05-29,24.229999542236328,24.290000915527344,24.190000534057617,24.290000915527344,16.46947479248047,77600
2019-05-30,24.299999237060547,24.299999237060547,24.170000076293945,24.229999542236328,16.42879867553711,74000
2019-05-31,24.290000915527344,24.299999237060547,24.0,24.1299991607666,16.360984802246094,73300
2019-06-03,24.200000762939453,24.239999771118164,23.84000015258789,23.889999389648438,16.198265075683594,54500
2019-06-04,23.93000030517578,24.149999618530273,23.93000030517578,24.049999237060547,16.306751251220703,32700
2019-06-05,24.100000381469727,24.139999389648438,23.93000030517578,24.010000228881836,16.279638290405273,60500
2019-06-06,24.010000228881836,24.149999618530273,24.010000228881836,24.1299991607666,16.360984802246094,56500
2019-06-07,24.149999618530273,24.360000610351562,24.149999618530273,24.34000015258789,16.50338363647461,67100
2019-06-10,24.3700008392334,25.299999237060547,24.270000457763672,24.59000015258789,16.672889709472656,110600
2019-06-11,24.65999984741211,24.84000015258789,24.610000610351562,24.780000686645508,16.801715850830078,82500
2019-06-12,24.799999237060547,24.799999237060547,24.6200008392334,24.690000534057617,16.740686416625977,35500
2019-06-13,24.65999984741211,24.739999771118164,24.610000610351562,24.670000076293945,16.727134704589844,27700
2019-06-14,24.739999771118164,24.790000915527344,24.6200008392334,24.760000228881836,16.788158416748047,39400
2019-06-17,24.850000381469727,24.940000534057617,24.760000228881836,24.770000457763672,16.794939041137695,55000
2019-06-18,24.760000228881836,24.920000076293945,24.75,24.860000610351562,16.8559627532959,52100
2019-06-19,24.860000610351562,25.0,24.75,25.0,16.950881958007812,45200
2019-06-20,25.040000915527344,25.049999237060547,24.799999237060547,24.950000762939453,17.014307022094727,82600
2019-06-21,24.950000762939453,25.0,24.729999542236328,24.829999923706055,16.932477951049805,57400
2019-06-24,25.0,25.010000228881836,24.639999389648438,24.709999084472656,16.85063362121582,75500
2019-06-25,24.709999084472656,24.780000686645508,24.549999237060547,24.549999237060547,16.741531372070312,30500
2019-06-26,24.6200008392334,24.68000030517578,24.469999313354492,24.610000610351562,16.78244400024414,34100
2019-06-27,24.56999969482422,24.850000381469727,24.520000457763672,24.829999923706055,16.932477951049805,53600
2019-06-28,24.90999984741211,25.09000015258789,24.790000915527344,25.030000686645508,17.068859100341797,87700
2019-07-01,25.09000015258789,25.100000381469727,24.8799991607666,24.899999618530273,16.98020362854004,51300
2019-07-02,25.0,25.0,24.75,24.829999923706055,16.932477951049805,55200
2019-07-03,24.770000457763672,25.059999465942383,24.770000457763672,24.950000762939453,17.014307022094727,30100
2019-07-05,24.770000457763672,25.030000686645508,24.770000457763672,24.979999542236328,17.03476333618164,25500
2019-07-08,25.040000915527344,25.040000915527344,24.829999923706055,24.950000762939453,17.014307022094727,48200
2019-07-09,25.0,25.059999465942383,24.860000610351562,24.969999313354492,17.0279483795166,45600
2019-07-10,25.010000228881836,25.139999389648438,24.950000762939453,25.079999923706055,17.102954864501953,36800
2019-07-11,25.209999084472656,25.209999084472656,25.059999465942383,25.09000015258789,17.109773635864258,38900
2019-07-12,25.149999618530273,25.149999618530273,25.040000915527344,25.079999923706055,17.102954864501953,44500
2019-07-15,25.1299991607666,25.34000015258789,25.049999237060547,25.209999084472656,17.191606521606445,68200
2019-07-16,25.110000610351562,25.299999237060547,25.110000610351562,25.290000915527344,17.24616050720215,41300
2019-07-17,25.25,25.469999313354492,25.25,25.350000381469727,17.287078857421875,55900
2019-07-18,25.450000762939453,25.610000610351562,25.360000610351562,25.549999237060547,17.423460006713867,53300
2019-07-19,25.479999542236328,25.719999313354492,25.40999984741211,25.670000076293945,17.505308151245117,47500
2019-07-22,25.649999618530273,25.829999923706055,25.600000381469727,25.670000076293945,17.505308151245117,41400
2019-07-23,25.559999465942383,25.690000534057617,25.350000381469727,25.540000915527344,17.514217376708984,58600
2019-07-24,25.59000015258789,25.729999542236328,25.530000686645508,25.540000915527344,17.514217376708984,50300
2019-07-25,25.540000915527344,25.75,25.540000915527344,25.75,17.658218383789062,30400
2019-07-26,25.75,25.790000915527344,25.65999984741211,25.75,17.658218383789062,34400
2019-07-29,25.739999771118164,25.739999771118164,25.649999618530273,25.649999618530273,17.589649200439453,56900
2019-07-30,25.700000762939453,25.799999237060547,25.65999984741211,25.719999313354492,17.637653350830078,51600
2019-07-31,25.799999237060547,25.799999237060547,25.690000534057617,25.780000686645508,17.678794860839844,26800
2019-08-01,25.780000686645508,25.899999618530273,25.709999084472656,25.780000686645508,17.678794860839844,54000
2019-08-02,25.75,25.780000686645508,25.670000076293945,25.75,17.658218383789062,28900
2019-08-05,25.649999618530273,25.65999984741211,25.1200008392334,25.170000076293945,17.26048469543457,104900
2019-08-06,25.350000381469727,25.579999923706055,25.309999465942383,25.549999237060547,17.52106475830078,83200
2019-08-07,25.479999542236328,25.479999542236328,25.309999465942383,25.459999084472656,17.4593505859375,53300
2019-08-08,25.790000915527344,25.799999237060547,25.420000076293945,25.540000915527344,17.514217376708984,99400
2019-08-09,25.40999984741211,25.649999618530273,25.40999984741211,25.59000015258789,17.54850196838379,31200
2019-08-12,25.59000015258789,25.75,25.540000915527344,25.59000015258789,17.54850196838379,53500
2019-08-13,25.600000381469727,25.690000534057617,25.459999084472656,25.579999923706055,17.54164695739746,75100
2019-08-14,25.43000030517578,25.649999618530273,24.8799991607666,24.959999084472656,17.11646842956543,88700
2019-08-15,24.93000030517578,25.06999969482422,24.6299991607666,25.010000228881836,17.15076446533203,74100
2019-08-16,25.0,25.540000915527344,25.0,25.329999923706055,17.370210647583008,33500
2019-08-19,25.459999084472656,25.899999618530273,25.3700008392334,25.770000457763672,17.671934127807617,56100
2019-08-20,25.760000228881836,25.770000457763672,25.59000015258789,25.690000534057617,17.617076873779297,56300
2019-08-21,25.729999542236328,25.739999771118164,25.579999923706055,25.690000534057617,17.617076873779297,43300
2019-08-22,25.600000381469727,25.670000076293945,25.43000030517578,25.479999542236328,17.570873260498047,43000
2019-08-23,25.420000076293945,25.5,25.170000076293945,25.229999542236328,17.39847755432129,42600
2019-08-26,25.260000228881836,25.469999313354492,25.260000228881836,25.469999313354492,17.563968658447266,80900
2019-08-27,25.520000457763672,25.649999618530273,25.5,25.56999969482422,17.632932662963867,72100
2019-08-28,25.649999618530273,25.700000762939453,25.479999542236328,25.520000457763672,17.59845733642578,37600
2019-08-29,25.6200008392334,25.649999618530273,25.34000015258789,25.600000381469727,17.653623580932617,39100
2019-08-30,25.700000762939453,25.760000228881836,25.389999389648438,25.75,17.75705909729004,50200
2019-09-03,25.719999313354492,25.739999771118164,25.549999237060547,25.709999084472656,17.72947883605957,29100
2019-09-04,25.799999237060547,25.799999237060547,25.639999389648438,25.790000915527344,17.784645080566406,29800
2019-09-05,25.81999969482422,25.84000015258789,25.729999542236328,25.84000015258789,17.819129943847656,58400
2019-09-06,25.860000610351562,26.06999969482422,25.639999389648438,25.760000228881836,17.763961791992188,54700
2019-09-09,25.700000762939453,26.040000915527344,25.700000762939453,25.950000762939453,17.89498519897461,44800
2019-09-10,25.950000762939453,26.059999465942383,25.739999771118164,25.850000381469727,17.82602882385254,39700
2019-09-11,25.93000030517578,25.950000762939453,25.860000610351562,25.889999389648438,17.853607177734375,14900
2019-09-12,25.950000762939453,25.950000762939453,25.799999237060547,25.940000534057617,17.888084411621094,43100
2019-09-13,25.81999969482422,25.920000076293945,25.579999923706055,25.610000610351562,17.6605224609375,41600
2019-09-16,25.790000915527344,25.920000076293945,25.6200008392334,25.899999618530273,17.860506057739258,58700
2019-09-17,25.850000381469727,25.969999313354492,25.799999237060547,25.889999389648438,17.853607177734375,48900
2019-09-18,26.010000228881836,26.139999389648438,25.899999618530273,25.93000030517578,17.881193161010742,41700
2019-09-19,25.850000381469727,26.149999618530273,25.829999923706055,25.84000015258789,17.819129943847656,53100
2019-09-20,25.799999237060547,25.920000076293945,25.719999313354492,25.729999542236328,17.84202003479004,26900
2019-09-23,25.850000381469727,25.899999618530273,25.760000228881836,25.860000610351562,17.932159423828125,39000
2019-09-24,25.860000610351562,26.040000915527344,25.860000610351562,26.010000228881836,18.03617286682129,31400
2019-09-25,26.06999969482422,26.06999969482422,25.8700008392334,25.93000030517578,17.980693817138672,34000
2019-09-26,26.040000915527344,26.040000915527344,25.799999237060547,25.8700008392334,17.9390926361084,50500
2019-09-27,25.969999313354492,26.020000457763672,25.860000610351562,25.959999084472656,18.00150489807129,41500
2019-09-30,26.0,26.100000381469727,25.81999969482422,26.100000381469727,18.09857940673828,54800
2019-10-01,26.110000610351562,26.149999618530273,25.899999618530273,25.90999984741211,17.966827392578125,36300
2019-10-02,25.989999771118164,25.989999771118164,25.68000030517578,25.93000030517578,17.980693817138672,41100
2019-10-03,25.829999923706055,26.010000228881836,25.829999923706055,25.940000534057617,17.987632751464844,25100
2019-10-04,26.040000915527344,26.100000381469727,25.8799991607666,25.920000076293945,17.973764419555664,21800
2019-10-07,25.969999313354492,26.1200008392334,25.860000610351562,26.1200008392334,18.112455368041992,35000
2019-10-08,26.09000015258789,26.100000381469727,26.010000228881836,26.079999923706055,18.084716796875,24800
2019-10-09,26.09000015258789,26.190000534057617,26.0,26.139999389648438,18.126319885253906,33600
2019-10-10,26.200000762939453,26.200000762939453,26.049999237060547,26.100000381469727,18.09857940673828,9800
2019-10-11,26.25,26.25,25.889999389648438,25.950000762939453,17.994569778442383,24600
2019-10-14,26.030000686645508,26.1299991607666,25.959999084472656,26.059999465942383,18.070842742919922,29100
2019-10-15,26.18000030517578,26.18000030517578,26.059999465942383,26.1299991607666,18.119388580322266,17900
2019-10-16,26.200000762939453,26.34000015258789,26.079999923706055,26.15999984741211,18.14018440246582,39700
2019-10-17,26.190000534057617,26.3799991607666,26.190000534057617,26.280000686645508,18.223390579223633,27500
2019-10-18,26.280000686645508,26.540000915527344,26.200000762939453,26.399999618530273,18.306608200073242,37800
2019-10-21,26.559999465942383,26.59000015258789,26.440000534057617,26.56999969482422,18.424489974975586,37500
2019-10-22,26.6200008392334,26.809999465942383,26.350000381469727,26.530000686645508,18.39676284790039,57400
2019-10-23,26.450000762939453,26.829999923706055,26.149999618530273,26.31999969482422,18.350046157836914,67500
2019-10-24,26.3700008392334,26.450000762939453,26.15999984741211,26.270000457763672,18.315189361572266,30300
2019-10-25,26.239999771118164,26.299999237060547,26.010000228881836,26.149999618530273,18.23152732849121,49200
2019-10-28,26.170000076293945,26.170000076293945,25.8799991607666,25.93000030517578,18.078140258789062,50900
2019-10-29,25.93000030517578,26.059999465942383,25.84000015258789,26.0,18.126943588256836,30800
2019-10-30,26.059999465942383,26.18000030517578,26.010000228881836,26.18000030517578,18.25244140625,25100
2019-10-31,26.280000686645508,26.280000686645508,26.0,26.219999313354492,18.280324935913086,35400
2019-11-01,26.239999771118164,26.450000762939453,26.209999084472656,26.3799991607666,18.391878128051758,49500
2019-11-04,26.450000762939453,26.5,26.18000030517578,26.209999084472656,18.273359298706055,41500
2019-11-05,26.270000457763672,26.389999389648438,26.1200008392334,26.31999969482422,18.350046157836914,46700
2019-11-06,26.25,26.489999771118164,26.25,26.459999084472656,18.447649002075195,27400
2019-11-07,26.329999923706055,26.329999923706055,26.15999984741211,26.18000030517578,18.25244140625,36400
2019-11-08,26.100000381469727,26.200000762939453,26.010000228881836,26.100000381469727,18.19666290283203,25500
2019-11-11,26.020000457763672,26.219999313354492,26.020000457763672,26.219999313354492,18.280324935913086,32300
2019-11-12,26.170000076293945,26.239999771118164,26.0,26.139999389648438,18.224550247192383,31200
2019-11-13,26.219999313354492,26.479999542236328,26.1200008392334,26.440000534057617,18.433706283569336,30600
2019-11-14,26.40999984741211,26.489999771118164,26.299999237060547,26.31999969482422,18.350046157836914,16000
2019-11-15,26.31999969482422,26.489999771118164,26.270000457763672,26.43000030517578,18.426738739013672,27200
2019-11-18,26.489999771118164,26.790000915527344,26.420000076293945,26.729999542236328,18.635892868041992,38600
2019-11-19,26.700000762939453,26.770000457763672,26.56999969482422,26.75,18.649831771850586,33600
2019-11-20,26.579999923706055,26.639999389648438,26.260000228881836,26.399999618530273,18.504743576049805,33100
2019-11-21,26.350000381469727,26.350000381469727,26.190000534057617,26.350000381469727,18.469696044921875,33900
2019-11-22,26.290000915527344,26.3799991607666,26.18000030517578,26.299999237060547,18.43464469909668,26400
2019-11-25,26.280000686645508,26.450000762939453,26.270000457763672,26.309999465942383,18.441661834716797,20600
2019-11-26,26.389999389648438,26.420000076293945,26.15999984741211,26.31999969482422,18.44866371154785,18300
2019-11-27,26.31999969482422,26.549999237060547,26.309999465942383,26.43000030517578,18.525772094726562,39400
2019-11-29,26.559999465942383,26.600000381469727,26.399999618530273,26.40999984741211,18.511749267578125,26300
2019-12-02,26.5,26.520000457763672,26.34000015258789,26.479999542236328,18.560819625854492,39800
2019-12-03,26.299999237060547,26.440000534057617,26.010000228881836,26.219999313354492,18.378572463989258,66100
2019-12-04,26.329999923706055,26.34000015258789,26.219999313354492,26.270000457763672,18.413619995117188,14100
2019-12-05,26.280000686645508,26.350000381469727,26.170000076293945,26.329999923706055,18.455677032470703,47800
2019-12-06,26.3700008392334,26.450000762939453,26.219999313354492,26.260000228881836,18.4066219329834,26300
2019-12-09,26.399999618530273,26.40999984741211,26.100000381469727,26.170000076293945,18.343530654907227,77500
2019-12-10,26.229999542236328,26.329999923706055,26.15999984741211,26.200000762939453,18.364553451538086,23200
2019-12-11,26.25,26.40999984741211,26.200000762939453,26.260000228881836,18.4066219329834,38000
2019-12-12,26.34000015258789,26.3799991607666,26.049999237060547,26.110000610351562,18.301471710205078,74800
2019-12-13,26.149999618530273,26.540000915527344,26.030000686645508,26.5,18.57483673095703,94600
2019-12-16,26.59000015258789,26.709999084472656,26.440000534057617,26.649999618530273,18.679981231689453,41100
2019-12-17,26.600000381469727,26.709999084472656,26.260000228881836,26.440000534057617,18.532779693603516,92300
2019-12-18,26.479999542236328,26.520000457763672,26.34000015258789,26.479999542236328,18.560819625854492,25500
2019-12-19,26.489999771118164,26.579999923706055,26.450000762939453,26.510000228881836,18.581844329833984,35100
2019-12-20,26.43000030517578,26.540000915527344,26.350000381469727,26.540000915527344,18.70376205444336,42300
2019-12-23,26.520000457763672,26.700000762939453,26.420000076293945,26.639999389648438,18.77424430847168,25700
2019-12-24,26.700000762939453,26.729999542236328,26.399999618530273,26.600000381469727,18.74605369567871,45000
2019-12-26,26.520000457763672,26.81999969482422,26.399999618530273,26.5,18.675580978393555,71700
2019-12-27,26.600000381469727,26.600000381469727,26.350000381469727,26.43000030517578,18.626243591308594,37800
2019-12-30,26.40999984741211,26.559999465942383,26.219999313354492,26.399999618530273,18.6051025390625,76500
2019-12-31,26.530000686645508,26.760000228881836,26.440000534057617,26.760000228881836,18.858808517456055,46300
2020-01-02,26.700000762939453,27.040000915527344,26.700000762939453,26.969999313354492,19.00680160522461,77100
2020-01-03,27.0,27.0,26.700000762939453,26.75,18.85175895690918,48700
2020-01-06,26.799999237060547,26.889999389648438,26.59000015258789,26.760000228881836,18.858808517456055,52900
2020-01-07,26.770000457763672,26.940000534057617,26.770000457763672,26.799999237060547,18.886993408203125,46100
2020-01-08,26.799999237060547,26.8799991607666,26.709999084472656,26.760000228881836,18.858808517456055,50100
2020-01-09,26.799999237060547,26.950000762939453,26.760000228881836,26.850000381469727,18.922231674194336,55900
2020-01-10,26.93000030517578,26.950000762939453,26.81999969482422,26.920000076293945,18.971567153930664,30700
2020-01-13,26.8700008392334,27.18000030517578,26.8700008392334,27.049999237060547,19.063186645507812,48900
2020-01-14,27.100000381469727,27.190000534057617,27.020000457763672,27.170000076293945,19.14775848388672,40100
2020-01-15,27.209999084472656,27.309999465942383,27.190000534057617,27.260000228881836,19.21117401123047,37200
2020-01-16,27.329999923706055,27.450000762939453,27.229999542236328,27.239999771118164,19.197080612182617,33100
2020-01-17,27.200000762939453,27.440000534057617,27.200000762939453,27.280000686645508,19.22527503967285,25600
2020-01-21,27.280000686645508,27.479999542236328,27.280000686645508,27.43000030517578,19.330982208251953,38400
2020-01-22,27.450000762939453,27.549999237060547,27.3799991607666,27.440000534057617,19.338029861450195,46800
2020-01-23,27.350000381469727,27.450000762939453,27.31999969482422,27.389999389648438,19.40391731262207,32000
2020-01-24,27.34000015258789,27.399999618530273,27.299999237060547,27.34000015258789,19.368494033813477,34500
2020-01-27,27.209999084472656,27.3700008392334,27.09000015258789,27.1200008392334,19.21263313293457,35200
2020-01-28,27.049999237060547,27.149999618530273,26.969999313354492,27.059999465942383,19.170127868652344,65700
2020-01-29,27.270000457763672,27.290000915527344,27.170000076293945,27.190000534057617,19.26222801208496,32500
2020-01-30,27.200000762939453,27.270000457763672,27.110000610351562,27.190000534057617,19.26222801208496,47900
2020-01-31,27.18000030517578,27.350000381469727,27.15999984741211,27.350000381469727,19.375572204589844,46900
2020-02-03,27.31999969482422,27.510000228881836,27.299999237060547,27.43000030517578,19.4322509765625,36100
2020-02-04,27.549999237060547,27.579999923706055,27.43000030517578,27.56999969482422,19.531431198120117,53100
2020-02-05,27.399999618530273,27.670000076293945,27.399999618530273,27.670000076293945,19.602277755737305,46500
2020-02-06,27.670000076293945,27.809999465942383,27.639999389648438,27.780000686645508,19.680198669433594,35800
2020-02-07,27.889999389648438,28.049999237060547,27.780000686645508,28.030000686645508,19.857311248779297,47100
2020-02-10,28.100000381469727,28.100000381469727,27.860000610351562,27.950000762939453,19.800643920898438,48500
2020-02-11,27.950000762939453,28.079999923706055,27.93000030517578,28.030000686645508,19.857311248779297,43900
2020-02-12,28.059999465942383,28.139999389648438,27.989999771118164,28.079999923706055,19.892728805541992,33900
2020-02-13,28.18000030517578,28.18000030517578,28.049999237060547,28.100000381469727,19.90690040588379,21900
2020-02-14,28.100000381469727,28.15999984741211,28.020000457763672,28.149999618530273,19.94232177734375,31300
2020-02-18,28.100000381469727,28.139999389648438,28.049999237060547,28.059999465942383,19.878562927246094,29700
2020-02-19,28.06999969482422,28.200000762939453,27.989999771118164,28.200000762939453,19.977739334106445,37600
2020-02-20,28.06999969482422,28.200000762939453,27.989999771118164,28.010000228881836,19.94428253173828,57500
2020-02-21,28.110000610351562,28.110000610351562,27.780000686645508,27.920000076293945,19.880191802978516,53400
2020-02-24,27.559999465942383,27.889999389648438,27.15999984741211,27.520000457763672,19.595378875732422,98900
2020-02-25,27.56999969482422,27.639999389648438,26.079999923706055,26.149999618530273,18.619884490966797,189700
2020-02-26,26.09000015258789,26.440000534057617,25.93000030517578,26.299999237060547,18.726686477661133,113800
2020-02-27,25.90999984741211,26.110000610351562,24.829999923706055,25.440000534057617,18.114334106445312,195600
2020-02-28,25.079999923706055,25.290000915527344,24.5,24.600000381469727,17.516210556030273,181000
2020-03-02,24.989999771118164,26.3700008392334,24.81999969482422,26.09000015258789,18.57716178894043,170100
2020-03-03,26.149999618530273,26.5,25.920000076293945,26.079999923706055,18.570035934448242,116500
2020-03-04,26.34000015258789,26.729999542236328,26.06999969482422,26.68000030517578,18.99726676940918,77100
2020-03-05,26.399999618530273,26.649999618530273,26.1299991607666,26.450000762939453,18.83349609375,82400
2020-03-06,26.149999618530273,26.149999618530273,25.459999084472656,25.90999984741211,18.44898796081543,59500
2020-03-09,24.90999984741211,25.280000686645508,24.030000686645508,24.469999313354492,17.42365074157715,199900
2020-03-10,24.940000534057617,25.59000015258789,24.040000915527344,24.350000381469727,17.338199615478516,117800
2020-03-11,24.0,24.139999389648438,22.850000381469727,22.950000762939453,16.34135627746582,165300
2020-03-12,21.950000762939453,21.950000762939453,20.0,20.170000076293945,14.361879348754883,397000
2020-03-13,21.170000076293945,22.06999969482422,20.989999771118164,21.899999618530273,15.59369945526123,158000
2020-03-16,20.0,20.889999389648438,19.229999542236328,19.229999542236328,13.69255256652832,165500
2020-03-17,19.5,19.90999984741211,18.309999465942383,18.899999618530273,13.457579612731934,172300
2020-03-18,17.68000030517578,18.079999923706055,12.800000190734863,14.989999771118164,10.673501014709473,422200
2020-03-19,13.75,16.360000610351562,11.0,15.350000381469727,10.929835319519043,378700
2020-03-20,15.680000305175781,18.549999237060547,15.680000305175781,16.280000686645508,11.592036247253418,206500
2020-03-23,16.0,16.020000457763672,13.59000015258789,14.649999618530273,10.523845672607422,338200
2020-03-24,15.149999618530273,17.420000076293945,15.149999618530273,16.309999465942383,11.71630573272705,172000
2020-03-25,16.5,19.6299991607666,16.5,18.6200008392334,13.37569808959961,239300
2020-03-26,19.260000228881836,21.559999465942383,19.260000228881836,20.719999313354492,14.884235382080078,238600
2020-03-27,20.0,20.049999237060547,19.510000228881836,19.860000610351562,14.266456604003906,134800
2020-03-30,19.809999465942383,20.399999618530273,19.450000762939453,20.049999237060547,14.402942657470703,89000
2020-03-31,20.139999389648438,20.6200008392334,19.809999465942383,20.229999542236328,14.532245635986328,153000
2020-04-01,19.81999969482422,19.850000381469727,18.389999389648438,18.709999084472656,13.440347671508789,128500
2020-04-02,18.700000762939453,19.0,18.350000381469727,18.8700008392334,13.555286407470703,91900
2020-04-03,18.93000030517578,18.93000030517578,17.59000015258789,18.209999084472656,13.081175804138184,148100
2020-04-06,18.5,19.8700008392334,18.5,19.5,14.007845878601074,98400
2020-04-07,20.40999984741211,20.950000762939453,20.25,20.5,14.726200103759766,100600
2020-04-08,21.010000228881836,21.459999084472656,20.760000228881836,21.350000381469727,15.336797714233398,85100
2020-04-09,21.75,22.90999984741211,21.600000381469727,22.65999984741211,16.277835845947266,154800
2020-04-13,23.1299991607666,23.1299991607666,21.459999084472656,21.65999984741211,15.559488296508789,145400
2020-04-14,22.229999542236328,22.84000015258789,22.100000381469727,22.43000030517578,16.112611770629883,126900
2020-04-15,22.25,22.700000762939453,21.889999389648438,22.5,16.16289710998535,187500
2020-04-16,22.299999237060547,22.459999084472656,22.06999969482422,22.190000534057617,15.940216064453125,78100
2020-04-17,23.010000228881836,23.06999969482422,22.459999084472656,22.540000915527344,16.19163703918457,85800
2020-04-20,22.299999237060547,22.760000228881836,22.0,22.709999084472656,16.313758850097656,97700
2020-04-21,22.229999542236328,22.600000381469727,22.079999923706055,22.600000381469727,16.234739303588867,120600
2020-04-22,22.600000381469727,22.780000686645508,22.40999984741211,22.479999542236328,16.251365661621094,92000
2020-04-23,22.959999084472656,22.959999084472656,22.360000610351562,22.43000030517578,16.21521759033203,77000
2020-04-24,22.709999084472656,22.899999618530273,22.450000762939453,22.860000610351562,16.526079177856445,44900
2020-04-27,23.100000381469727,23.459999084472656,23.030000686645508,23.350000381469727,16.88031005859375,91600
2020-04-28,23.739999771118164,23.739999771118164,23.350000381469727,23.399999618530273,16.916454315185547,69400
2020-04-29,23.729999542236328,24.360000610351562,23.469999313354492,24.270000457763672,17.54539680480957,375500
2020-04-30,24.25,24.270000457763672,23.989999771118164,24.219999313354492,17.509252548217773,141300
2020-05-01,24.110000610351562,24.110000610351562,23.690000534057617,23.8799991607666,17.263458251953125,100600
2020-05-04,23.809999465942383,23.959999084472656,23.549999237060547,23.93000030517578,17.299606323242188,85400
2020-05-05,24.290000915527344,24.469999313354492,24.100000381469727,24.40999984741211,17.646610260009766,98600
2020-05-06,24.479999542236328,24.530000686645508,24.260000228881836,24.299999237060547,17.567079544067383,109500
2020-05-07,24.530000686645508,24.530000686645508,24.260000228881836,24.299999237060547,17.567079544067383,54100
2020-05-08,24.459999084472656,24.5,24.200000762939453,24.290000915527344,17.559858322143555,69400
2020-05-11,24.229999542236328,24.239999771118164,24.020000457763672,24.200000762939453,17.494800567626953,63700
2020-05-12,24.5,24.5,24.09000015258789,24.1299991607666,17.44419288635254,52300
2020-05-13,24.209999084472656,24.209999084472656,23.239999771118164,23.260000228881836,16.81524658203125,133100
2020-05-14,23.100000381469727,23.1200008392334,22.579999923706055,23.0,16.627286911010742,133100
2020-05-15,22.770000457763672,23.739999771118164,22.770000457763672,23.420000076293945,16.930919647216797,58500
2020-05-18,23.889999389648438,24.360000610351562,23.700000762939453,24.200000762939453,17.494800567626953,62300
2020-05-19,24.479999542236328,24.5,24.239999771118164,24.489999771118164,17.70444679260254,46500
2020-05-20,24.549999237060547,25.190000534057617,24.549999237060547,25.149999618530273,18.181575775146484,120600
2020-05-21,25.100000381469727,25.100000381469727,24.56999969482422,24.889999389648438,18.102306365966797,66900
2020-05-22,25.0,25.0,24.579999923706055,24.639999389648438,17.92047691345215,77200
2020-05-26,25.059999465942383,25.059999465942383,24.75,24.8799991607666,18.09503173828125,81100
2020-05-27,25.239999771118164,25.239999771118164,24.799999237060547,25.100000381469727,18.255027770996094,89500
2020-05-28,25.18000030517578,25.18000030517578,24.84000015258789,24.93000030517578,18.131385803222656,71800
2020-05-29,24.90999984741211,25.219999313354492,24.760000228881836,25.139999389648438,18.284130096435547,54600
2020-06-01,25.239999771118164,25.450000762939453,25.020000457763672,25.3799991607666,18.45867347717285,86600
2020-06-02,25.479999542236328,25.520000457763672,25.309999465942383,25.450000762939453,18.509584426879883,53200
2020-06-03,25.68000030517578,25.920000076293945,25.56999969482422,25.920000076293945,18.851411819458008,59000
2020-06-04,25.899999618530273,25.989999771118164,25.75,25.969999313354492,18.887771606445312,37100
2020-06-05,26.25,26.25,25.84000015258789,25.950000762939453,18.87322998046875,83500
2020-06-08,26.209999084472656,26.329999923706055,25.979999542236328,26.299999237060547,19.127779006958008,63300
2020-06-09,25.899999618530273,26.200000762939453,25.899999618530273,26.09000015258789,18.975053787231445,52400
2020-06-10,25.989999771118164,26.06999969482422,25.760000228881836,25.8799991607666,18.82231903076172,58800
2020-06-11,25.329999923706055,25.329999923706055,24.209999084472656,24.309999465942383,17.68046760559082,117300
2020-06-12,24.719999313354492,25.110000610351562,24.610000610351562,24.8700008392334,18.087759017944336,55300
2020-06-15,24.25,24.8700008392334,23.690000534057617,24.719999313354492,17.97865867614746,111700
2020-06-16,25.299999237060547,25.739999771118164,24.760000228881836,25.299999237060547,18.40048599243164,124500
2020-06-17,25.420000076293945,25.65999984741211,25.329999923706055,25.65999984741211,18.662322998046875,47600
2020-06-18,25.600000381469727,25.729999542236328,25.450000762939453,25.65999984741211,18.662322998046875,24400
2020-06-19,25.760000228881836,25.790000915527344,25.530000686645508,25.649999618530273,18.65504264831543,43300
2020-06-22,25.5,25.709999084472656,24.899999618530273,25.020000457763672,18.30460548400879,91200
2020-06-23,25.049999237060547,25.09000015258789,24.889999389648438,25.020000457763672,18.30460548400879,132600
2020-06-24,24.799999237060547,24.860000610351562,24.229999542236328,24.809999465942383,18.150976181030273,73600
2020-06-25,24.799999237060547,24.799999237060547,24.290000915527344,24.510000228881836,17.93148422241211,54600
2020-06-26,24.610000610351562,24.610000610351562,24.139999389648438,24.18000030517578,17.6900634765625,77300
2020-06-29,24.200000762939453,24.3799991607666,23.950000762939453,24.3799991607666,17.836381912231445,56400
2020-06-30,24.5,24.600000381469727,24.329999923706055,24.329999923706055,17.7998046875,82900
2020-07-01,24.299999237060547,24.68000030517578,24.299999237060547,24.5,17.924177169799805,45900
2020-07-02,24.790000915527344,24.84000015258789,24.59000015258789,24.84000015258789,18.17291831970215,37500
2020-07-06,24.81999969482422,24.93000030517578,24.639999389648438,24.690000534057617,18.063175201416016,66300
2020-07-07,24.670000076293945,24.709999084472656,24.579999923706055,24.649999618530273,18.033916473388672,29900
2020-07-08,24.770000457763672,24.8799991607666,24.65999984741211,24.780000686645508,18.12902069091797,32400
2020-07-09,24.850000381469727,24.889999389648438,24.40999984741211,24.610000610351562,18.00465202331543,52800
2020-07-10,24.68000030517578,24.68000030517578,24.5,24.540000915527344,17.953439712524414,42700
2020-07-13,24.690000534057617,24.729999542236328,24.450000762939453,24.459999084472656,17.89490509033203,29700
2020-07-14,24.399999618530273,24.5,24.280000686645508,24.5,17.924177169799805,32700
2020-07-15,24.540000915527344,24.65999984741211,24.43000030517578,24.440000534057617,17.880281448364258,26600
2020-07-16,24.399999618530273,24.6299991607666,24.360000610351562,24.520000457763672,17.938800811767578,43000
2020-07-17,24.6200008392334,24.760000228881836,24.5,24.690000534057617,18.063175201416016,23900
2020-07-20,24.729999542236328,24.969999313354492,24.649999618530273,24.940000534057617,18.246082305908203,29800
2020-07-21,24.950000762939453,25.18000030517578,24.93000030517578,25.15999984741211,18.407033920288086,55700
2020-07-22,25.18000030517578,25.239999771118164,25.030000686645508,25.170000076293945,18.414344787597656,35600
2020-07-23,25.059999465942383,25.450000762939453,25.0,25.450000762939453,18.731571197509766,37300
2020-07-24,25.31999969482422,25.5,25.149999618530273,25.5,18.768369674682617,41300
2020-07-27,25.450000762939453,25.459999084472656,25.329999923706055,25.440000534057617,18.72420883178711,31800
2020-07-28,25.450000762939453,25.75,25.450000762939453,25.729999542236328,18.937646865844727,58200
2020-07-29,25.739999771118164,25.93000030517578,25.639999389648438,25.8700008392334,19.04069709777832,59200
2020-07-30,25.770000457763672,26.0,25.770000457763672,25.959999084472656,19.10693359375,49900
2020-07-31,26.0,26.34000015258789,25.889999389648438,26.34000015258789,19.386611938476562,61100
2020-08-03,26.34000015258789,26.56999969482422,26.34000015258789,26.469999313354492,19.4822998046875,58000
2020-08-04,26.549999237060547,26.59000015258789,26.260000228881836,26.280000686645508,19.342458724975586,34700
2020-08-05,26.299999237060547,26.420000076293945,26.229999542236328,26.40999984741211,19.438138961791992,28800
2020-08-06,26.469999313354492,26.670000076293945,26.360000610351562,26.610000610351562,19.585342407226562,36200
2020-08-07,26.600000381469727,26.8799991607666,26.579999923706055,26.8700008392334,19.77671241760254,32300
2020-08-10,26.979999542236328,26.979999542236328,26.700000762939453,26.790000915527344,19.71782684326172,67300
2020-08-11,26.959999084472656,26.959999084472656,26.700000762939453,26.770000457763672,19.703107833862305,60300
2020-08-12,26.920000076293945,26.950000762939453,26.799999237060547,26.799999237060547,19.725189208984375,29000
2020-08-13,26.700000762939453,26.940000534057617,26.389999389648438,26.459999084472656,19.474945068359375,61200
2020-08-14,26.489999771118164,26.489999771118164,26.239999771118164,26.239999771118164,19.31302261352539,45600
2020-08-17,26.100000381469727,26.34000015258789,26.0,26.260000228881836,19.327739715576172,118300
2020-08-18,26.200000762939453,26.360000610351562,26.1200008392334,26.290000915527344,19.349817276000977,45000
2020-08-19,26.25,26.3700008392334,26.200000762939453,26.200000762939453,19.283580780029297,45300
2020-08-20,26.290000915527344,26.68000030517578,26.1200008392334,26.68000030517578,19.636865615844727,39900
2020-08-21,26.690000534057617,26.790000915527344,26.59000015258789,26.68000030517578,19.759063720703125,46700
2020-08-24,26.510000228881836,26.540000915527344,26.209999084472656,26.260000228881836,19.44801139831543,96800
2020-08-25,26.25,26.450000762939453,26.219999313354492,26.43000030517578,19.57391357421875,27000
2020-08-26,26.489999771118164,26.600000381469727,26.399999618530273,26.59000015258789,19.69240951538086,27200
2020-08-27,26.75,26.850000381469727,26.6200008392334,26.81999969482422,19.862747192382812,40600
2020-08-28,26.90999984741211,27.0,26.690000534057617,26.940000534057617,19.951618194580078,42700
2020-08-31,26.760000228881836,26.920000076293945,26.43000030517578,26.510000228881836,19.63316535949707,73700
2020-09-01,26.489999771118164,26.860000610351562,26.489999771118164,26.690000534057617,19.76647186279297,54900
2020-09-02,26.690000534057617,26.950000762939453,26.639999389648438,26.93000030517578,19.9442138671875,78700
2020-09-03,26.780000686645508,26.93000030517578,26.579999923706055,26.610000610351562,19.707218170166016,50900
2020-09-04,26.579999923706055,26.760000228881836,26.270000457763672,26.579999923706055,19.684999465942383,55400
2020-09-08,26.479999542236328,26.479999542236328,26.100000381469727,26.1299991607666,19.35174560546875,69000
2020-09-09,26.34000015258789,26.600000381469727,26.299999237060547,26.600000381469727,19.69981575012207,42800
2020-09-10,26.5,26.610000610351562,26.5,26.600000381469727,19.69981575012207,26700
2020-09-11,26.59000015258789,26.75,26.559999465942383,26.559999465942383,19.670190811157227,28400
2020-09-14,26.600000381469727,26.709999084472656,26.579999923706055,26.600000381469727,19.69981575012207,31200
2020-09-15,26.729999542236328,26.90999984741211,26.56999969482422,26.889999389648438,19.91458511352539,30300
2020-09-16,26.969999313354492,27.639999389648438,26.860000610351562,27.600000381469727,20.440404891967773,244700
2020-09-17,27.25,27.440000534057617,27.25,27.34000015258789,20.24785804748535,96900
2020-09-18,27.5,27.510000228881836,27.209999084472656,27.25,20.18120002746582,38700
2020-09-21,27.200000762939453,27.31999969482422,27.0,27.139999389648438,20.099733352661133,137200
2020-09-22,27.0,27.239999771118164,27.0,27.239999771118164,20.297195434570312,58500
2020-09-23,27.3700008392334,27.469999313354492,27.110000610351562,27.200000762939453,20.267393112182617,100500
2020-09-24,27.0,27.020000457763672,26.510000228881836,26.6299991607666,19.842666625976562,157000
2020-09-25,26.549999237060547,26.68000030517578,26.3700008392334,26.559999465942383,19.790508270263672,143500
2020-09-28,26.90999984741211,27.020000457763672,26.799999237060547,26.940000534057617,20.073657989501953,118500
2020-09-29,27.0,27.200000762939453,26.950000762939453,27.200000762939453,20.267393112182617,93500
2020-09-30,27.299999237060547,27.469999313354492,27.239999771118164,27.299999237060547,20.341901779174805,91200
2020-10-01,27.5,27.530000686645508,27.280000686645508,27.510000228881836,20.498374938964844,76300
2020-10-02,27.100000381469727,27.530000686645508,26.959999084472656,27.469999313354492,20.46857452392578,78100
2020-10-05,27.469999313354492,27.8799991607666,27.469999313354492,27.84000015258789,20.74427032470703,61800
2020-10-06,27.860000610351562,27.8799991607666,27.600000381469727,27.65999984741211,20.610149383544922,82700
2020-10-07,27.65999984741211,27.799999237060547,27.610000610351562,27.770000457763672,20.69211769104004,35700
2020-10-08,27.760000228881836,27.940000534057617,27.760000228881836,27.829999923706055,20.736818313598633,87000
2020-10-09,27.8799991607666,27.950000762939453,27.770000457763672,27.829999923706055,20.736818313598633,89500
2020-10-12,27.8799991607666,27.90999984741211,27.799999237060547,27.829999923706055,20.736818313598633,40400
2020-10-13,27.780000686645508,27.950000762939453,27.75,27.770000457763672,20.69211769104004,42500
2020-10-14,27.850000381469727,27.979999542236328,27.690000534057617,27.799999237060547,20.714460372924805,51000
2020-10-15,27.709999084472656,27.889999389648438,27.59000015258789,27.889999389648438,20.781524658203125,48500
2020-10-16,27.780000686645508,27.84000015258789,27.700000762939453,27.719999313354492,20.65485954284668,36800
2020-10-19,27.75,27.81999969482422,27.520000457763672,27.540000915527344,20.52072525024414,54000
2020-10-20,27.56999969482422,27.799999237060547,27.56999969482422,27.739999771118164,20.66975975036621,39300
2020-10-21,27.670000076293945,27.809999465942383,27.520000457763672,27.59000015258789,20.55799102783203,27400
2020-10-22,27.469999313354492,27.690000534057617,27.190000534057617,27.59000015258789,20.681676864624023,90300
2020-10-23,27.549999237060547,27.559999465942383,27.40999984741211,27.489999771118164,20.606712341308594,35800
2020-10-26,27.40999984741211,27.530000686645508,27.079999923706055,27.100000381469727,20.314367294311523,47400
2020-10-27,27.139999389648438,27.200000762939453,26.989999771118164,27.0,20.23940086364746,52500
2020-10-28,26.84000015258789,26.899999618530273,26.700000762939453,26.780000686645508,20.074487686157227,66400
2020-10-29,26.709999084472656,26.940000534057617,26.700000762939453,26.799999237060547,20.08948516845703,45500
2020-10-30,26.829999923706055,26.8700008392334,26.440000534057617,26.549999237060547,19.902082443237305,77700
2020-11-02,26.780000686645508,26.829999923706055,26.610000610351562,26.670000076293945,19.99203872680664,74500
2020-11-03,26.709999084472656,26.889999389648438,26.709999084472656,26.860000610351562,20.13446807861328,51400
2020-11-04,26.829999923706055,27.290000915527344,26.829999923706055,27.229999542236328,20.411815643310547,45200
2020-11-05,27.420000076293945,27.700000762939453,27.299999237060547,27.700000762939453,20.764137268066406,54000
2020-11-06,27.610000610351562,27.770000457763672,27.600000381469727,27.719999313354492,20.77912712097168,30900
2020-11-09,27.959999084472656,29.260000228881836,27.799999237060547,27.8799991607666,20.899063110351562,103800
2020-11-10,27.90999984741211,27.90999984741211,27.81999969482422,27.90999984741211,20.921550750732422,48600
2020-11-11,27.940000534057617,28.0,27.8700008392334,28.0,20.989011764526367,66200
2020-11-12,27.940000534057617,28.0,27.780000686645508,28.0,20.989011764526367,44300
2020-11-13,28.0,28.0,27.950000762939453,28.0,20.989011764526367,67200
2020-11-16,28.0,28.0,27.860000610351562,28.0,20.989011764526367,65600
2020-11-17,27.989999771118164,28.299999237060547,27.950000762939453,28.260000228881836,21.183910369873047,72900
2020-11-18,28.270000457763672,28.469999313354492,28.139999389648438,28.280000686645508,21.198904037475586,48000
2020-11-19,28.1299991607666,28.15999984741211,27.959999084472656,27.969999313354492,21.089569091796875,44200
2020-11-20,27.969999313354492,28.100000381469727,27.969999313354492,28.049999237060547,21.149892807006836,27500
2020-11-23,28.09000015258789,28.170000076293945,27.989999771118164,28.049999237060547,21.149892807006836,54700
2020-11-24,28.100000381469727,28.100000381469727,27.90999984741211,28.020000457763672,21.127269744873047,57300
2020-11-25,28.020000457763672,28.149999618530273,27.940000534057617,28.079999923706055,21.17251205444336,28900
2020-11-27,28.049999237060547,28.18000030517578,28.0,28.18000030517578,21.247922897338867,24800
2020-11-30,28.200000762939453,28.389999389648438,28.149999618530273,28.18000030517578,21.247922897338867,65100
2020-12-01,28.360000610351562,28.3799991607666,28.200000762939453,28.280000686645508,21.323314666748047,41900
2020-12-02,28.209999084472656,28.489999771118164,28.209999084472656,28.389999389648438,21.406253814697266,48200
2020-12-03,28.299999237060547,28.5,28.299999237060547,28.40999984741211,21.42133140563965,40600
2020-12-04,28.5,28.780000686645508,28.43000030517578,28.780000686645508,21.700319290161133,34400
2020-12-07,28.670000076293945,28.780000686645508,28.299999237060547,28.780000686645508,21.700319290161133,60600
2020-12-08,28.610000610351562,28.649999618530273,28.34000015258789,28.389999389648438,21.406253814697266,63300
2020-12-09,28.450000762939453,28.549999237060547,28.389999389648438,28.489999771118164,21.48165512084961,57100
2020-12-10,28.510000228881836,28.510000228881836,28.309999465942383,28.450000762939453,21.45149803161621,47700
2020-12-11,28.440000534057617,28.90999984741211,28.440000534057617,28.899999618530273,21.79080581665039,46900
2020-12-14,28.959999084472656,29.020000457763672,28.760000228881836,28.850000381469727,21.753103256225586,64800
2020-12-15,28.979999542236328,29.040000915527344,28.850000381469727,29.040000915527344,21.896358489990234,47500
2020-12-16,29.09000015258789,29.260000228881836,28.969999313354492,29.139999389648438,21.971759796142578,68300
2020-12-17,29.25,29.360000610351562,29.059999465942383,29.270000457763672,22.06978416442871,43100
2020-12-18,29.5,29.5,29.25,29.5,22.243202209472656,80700
2020-12-21,29.450000762939453,29.520000457763672,29.299999237060547,29.489999771118164,22.235658645629883,65200
2020-12-22,29.450000762939453,29.459999084472656,29.290000915527344,29.389999389648438,22.28494644165039,42600
2020-12-23,29.40999984741211,29.530000686645508,29.299999237060547,29.3700008392334,22.269784927368164,40300
2020-12-24,29.43000030517578,29.469999313354492,29.299999237060547,29.350000381469727,22.25461769104004,10300
2020-12-28,29.299999237060547,29.299999237060547,28.84000015258789,28.959999084472656,21.958900451660156,77400
2020-12-29,28.940000534057617,29.079999923706055,28.920000076293945,28.959999084472656,21.958900451660156,37800
2020-12-30,28.950000762939453,29.059999465942383,28.899999618530273,28.950000762939453,21.95132064819336,37100
2020-12-31,29.1299991607666,29.25,29.0,29.059999465942383,22.034727096557617,33900
2021-01-04,29.06999969482422,29.06999969482422,28.489999771118164,28.6299991607666,21.708677291870117,63400
2021-01-05,28.469999313354492,28.850000381469727,28.389999389648438,28.719999313354492,21.776920318603516,71800
2021-01-06,28.65999984741211,28.760000228881836,28.450000762939453,28.520000457763672,21.62527084350586,34100
2021-01-07,28.43000030517578,28.559999465942383,28.18000030517578,28.25,21.420543670654297,63800
2021-01-08,28.25,28.43000030517578,28.09000015258789,28.100000381469727,21.306812286376953,64400
2021-01-11,28.100000381469727,28.100000381469727,27.790000915527344,27.850000381469727,21.117252349853516,103700
2021-01-12,27.799999237060547,28.100000381469727,27.18000030517578,27.510000228881836,20.859439849853516,151000
2021-01-13,27.420000076293945,28.059999465942383,27.399999618530273,28.010000228881836,21.238561630249023,48700
2021-01-14,28.1200008392334,28.270000457763672,28.020000457763672,28.190000534057617,21.375049591064453,38300
2021-01-15,28.1200008392334,28.489999771118164,28.1200008392334,28.260000228881836,21.428123474121094,73900
2021-01-19,28.479999542236328,28.90999984741211,28.40999984741211,28.899999618530273,21.913408279418945,69100
2021-01-20,28.799999237060547,29.309999465942383,28.780000686645508,29.299999237060547,22.216707229614258,41200
2021-01-21,29.18000030517578,29.350000381469727,28.969999313354492,29.15999984741211,22.23577880859375,38500
2021-01-22,29.149999618530273,29.309999465942383,29.020000457763672,29.110000610351562,22.19764518737793,39200
2021-01-25,29.100000381469727,29.110000610351562,28.329999923706055,28.6200008392334,21.823999404907227,75900
2021-01-26,28.670000076293945,28.770000457763672,28.399999618530273,28.540000915527344,21.76298713684082,62400
2021-01-27,28.43000030517578,28.670000076293945,28.329999923706055,28.360000610351562,21.625732421875,34500
2021-01-28,28.329999923706055,28.719999313354492,28.260000228881836,28.649999618530273,21.846874237060547,30200
2021-01-29,28.760000228881836,28.809999465942383,28.459999084472656,28.59000015258789,21.80112075805664,31600
2021-02-01,28.59000015258789,28.8700008392334,28.329999923706055,28.860000610351562,22.007007598876953,58800
2021-02-02,28.860000610351562,28.989999771118164,28.81999969482422,28.979999542236328,22.098508834838867,24400
2021-02-03,29.040000915527344,29.440000534057617,28.979999542236328,29.3799991607666,22.40353012084961,44900
2021-02-04,29.329999923706055,29.790000915527344,29.1299991607666,29.56999969482422,22.54840660095215,105700
2021-02-05,29.709999084472656,29.709999084472656,29.3700008392334,29.610000610351562,22.578916549682617,45200
2021-02-08,29.700000762939453,29.760000228881836,29.520000457763672,29.739999771118164,22.67803955078125,48800
2021-02-09,29.899999618530273,29.940000534057617,29.700000762939453,29.790000915527344,22.716167449951172,43800
2021-02-10,29.959999084472656,29.959999084472656,29.6299991607666,29.68000030517578,22.63229751586914,41400
2021-02-11,29.700000762939453,29.950000762939453,29.68000030517578,29.940000534057617,22.830554962158203,36700
2021-02-12,29.959999084472656,29.959999084472656,29.760000228881836,29.850000381469727,22.761924743652344,23800
2021-02-16,29.75,30.0,29.510000228881836,29.969999313354492,22.85342788696289,65600
2021-02-17,30.040000915527344,30.18000030517578,29.81999969482422,30.18000030517578,23.013561248779297,44700
2021-02-18,29.899999618530273,30.030000686645508,29.31999969482422,29.670000076293945,22.749040603637695,63900
2021-02-19,29.56999969482422,29.700000762939453,29.200000762939453,29.260000228881836,22.434677124023438,49600
2021-02-22,29.270000457763672,29.479999542236328,28.850000381469727,29.139999389648438,22.34266471862793,69400
2021-02-23,29.139999389648438,29.139999389648438,28.829999923706055,28.8799991607666,22.1433162689209,40500
2021-02-24,28.8700008392334,28.920000076293945,28.440000534057617,28.81999969482422,22.097312927246094,68000
2021-02-25,28.829999923706055,28.8799991607666,28.389999389648438,28.549999237060547,21.89029312133789,43400
2021-02-26,28.780000686645508,29.0,28.6200008392334,28.700000762939453,22.005308151245117,39000
2021-03-01,28.719999313354492,29.479999542236328,28.719999313354492,29.309999465942383,22.473011016845703,66900
2021-03-02,29.489999771118164,29.84000015258789,29.450000762939453,29.530000686645508,22.64169692993164,42700
2021-03-03,29.59000015258789,29.670000076293945,29.360000610351562,29.479999542236328,22.603364944458008,21500
2021-03-04,29.469999313354492,29.56999969482422,29.1299991607666,29.31999969482422,22.480684280395508,41400
2021-03-05,29.489999771118164,29.489999771118164,29.059999465942383,29.299999237060547,22.465349197387695,38200
2021-03-08,29.309999465942383,29.610000610351562,29.309999465942383,29.420000076293945,22.557353973388672,18700
2021-03-09,29.6200008392334,29.8799991607666,29.450000762939453,29.8799991607666,22.910049438476562,23900
2021-03-10,29.8799991607666,30.079999923706055,29.760000228881836,30.010000228881836,23.009727478027344,74500
2021-03-11,29.979999542236328,30.079999923706055,29.8799991607666,30.030000686645508,23.025066375732422,47200
2021-03-12,29.969999313354492,30.139999389648438,29.760000228881836,29.93000030517578,22.94839859008789,40900
2021-03-15,29.850000381469727,30.110000610351562,29.799999237060547,29.969999313354492,22.979063034057617,49500
2021-03-16,30.020000457763672,30.059999465942383,29.899999618530273,30.020000457763672,23.017393112182617,46900
2021-03-17,30.010000228881836,30.200000762939453,29.969999313354492,30.049999237060547,23.040393829345703,51300
2021-03-18,30.0,30.049999237060547,29.809999465942383,29.829999923706055,22.871713638305664,50600
2021-03-19,29.90999984741211,30.049999237060547,29.700000762939453,30.030000686645508,23.025066375732422,50600
2021-03-22,30.1200008392334,30.209999084472656,29.920000076293945,30.1299991607666,23.101736068725586,53200
2021-03-23,29.950000762939453,30.040000915527344,29.8799991607666,29.989999771118164,23.121009826660156,28200
2021-03-24,29.989999771118164,30.100000381469727,29.899999618530273,29.959999084472656,23.09788703918457,48800
2021-03-25,29.90999984741211,30.18000030517578,29.90999984741211,29.979999542236328,23.113300323486328,22900
2021-03-26,29.950000762939453,30.040000915527344,29.8700008392334,29.889999389648438,23.043916702270508,26400
2021-03-29,29.799999237060547,29.93000030517578,29.670000076293945,29.8700008392334,23.028507232666016,43400
2021-03-30,29.809999465942383,30.059999465942383,29.780000686645508,29.979999542236328,23.113300323486328,37800
2021-03-31,30.139999389648438,30.299999237060547,30.040000915527344,30.1200008392334,23.221233367919922,41800
2021-04-01,30.149999618530273,30.299999237060547,30.1200008392334,30.25,23.32146453857422,39800
2021-04-05,30.15999984741211,30.200000762939453,29.8700008392334,29.940000534057617,23.082468032836914,87600
2021-04-06,29.920000076293945,30.110000610351562,29.770000457763672,29.81999969482422,22.989948272705078,46200
2021-04-07,29.899999618530273,30.06999969482422,29.81999969482422,29.860000610351562,23.020788192749023,27200
2021-04-08,29.860000610351562,30.0,29.81999969482422,29.899999618530273,23.051626205444336,27700
2021-04-09,29.920000076293945,30.3799991607666,29.920000076293945,30.31999969482422,23.375429153442383,49500
2021-04-12,30.59000015258789,30.8700008392334,30.459999084472656,30.670000076293945,23.645267486572266,67800
2021-04-13,30.75,31.1200008392334,30.670000076293945,30.829999923706055,23.768617630004883,58800
2021-04-14,30.770000457763672,30.889999389648438,30.68000030517578,30.809999465942383,23.75319480895996,51000
2021-04-15,30.959999084472656,31.190000534057617,30.81999969482422,30.889999389648438,23.814870834350586,96900
2021-04-16,31.030000686645508,31.15999984741211,30.899999618530273,31.010000228881836,23.90738868713379,33600
2021-04-19,31.049999237060547,31.239999771118164,31.020000457763672,31.06999969482422,23.953643798828125,39600
2021-04-20,31.18000030517578,31.3700008392334,30.969999313354492,31.1200008392334,23.992189407348633,46800
2021-04-21,31.219999313354492,31.43000030517578,31.200000762939453,31.420000076293945,24.22348403930664,36600
2021-04-22,31.139999389648438,31.31999969482422,31.1299991607666,31.200000762939453,24.18085479736328,43300
2021-04-23,31.31999969482422,31.31999969482422,30.8799991607666,30.93000030517578,23.971595764160156,43900
2021-04-26,30.920000076293945,31.0,30.8700008392334,30.899999618530273,23.948345184326172,39000
2021-04-27,30.969999313354492,30.979999542236328,30.389999389648438,30.420000076293945,23.57632827758789,61400
2021-04-28,30.510000228881836,30.610000610351562,30.100000381469727,30.100000381469727,23.328325271606445,59600
2021-04-29,30.06999969482422,30.399999618530273,29.860000610351562,30.260000228881836,23.45232582092285,67600
2021-04-30,30.360000610351562,30.549999237060547,30.350000381469727,30.360000610351562,23.529830932617188,34600
2021-05-03,30.3799991607666,30.549999237060547,30.350000381469727,30.350000381469727,23.522079467773438,38400
2021-05-04,30.260000228881836,30.420000076293945,30.190000534057617,30.219999313354492,23.42133140563965,34500
2021-05-05,30.280000686645508,30.3700008392334,30.18000030517578,30.229999542236328,23.429075241088867,35600
2021-05-06,30.219999313354492,30.360000610351562,30.059999465942383,30.229999542236328,23.429075241088867,34400
2021-05-07,30.229999542236328,30.299999237060547,30.110000610351562,30.209999084472656,23.413572311401367,37000
2021-05-10,30.280000686645508,30.280000686645508,30.139999389648438,30.219999313354492,23.42133140563965,32800
2021-05-11,30.149999618530273,30.219999313354492,30.0,30.010000228881836,23.258573532104492,37800
2021-05-12,29.979999542236328,30.010000228881836,28.6200008392334,28.639999389648438,22.196779251098633,144200
2021-05-13,28.700000762939453,29.31999969482422,28.610000610351562,28.969999313354492,22.452547073364258,76200
2021-05-14,29.110000610351562,29.200000762939453,28.889999389648438,29.09000015258789,22.545547485351562,64300
2021-05-17,29.280000686645508,29.290000915527344,29.100000381469727,29.25,22.669553756713867,49900
2021-05-18,29.200000762939453,29.399999618530273,29.1200008392334,29.18000030517578,22.61530113220215,44200
2021-05-19,29.0,29.5,28.889999389648438,29.450000762939453,22.824554443359375,65100
2021-05-20,29.450000762939453,29.450000762939453,29.200000762939453,29.360000610351562,22.88067054748535,42800
2021-05-21,29.5,29.5,29.15999984741211,29.31999969482422,22.849498748779297,29300
2021-05-24,29.520000457763672,29.540000915527344,29.399999618530273,29.399999618530273,22.91183853149414,58400
2021-05-25,29.40999984741211,29.440000534057617,29.350000381469727,29.40999984741211,22.91963005065918,34100
2021-05-26,29.440000534057617,29.440000534057617,29.239999771118164,29.309999465942383,22.841697692871094,25900
2021-05-27,29.329999923706055,29.399999618530273,29.229999542236328,29.260000228881836,22.802736282348633,43300
2021-05-28,29.540000915527344,29.610000610351562,29.360000610351562,29.450000762939453,22.9508056640625,40300
2021-06-01,29.479999542236328,29.510000228881836,29.34000015258789,29.3700008392334,22.888463973999023,54400
2021-06-02,29.450000762939453,29.649999618530273,29.3700008392334,29.649999618530273,23.106666564941406,29100
2021-06-03,29.549999237060547,29.709999084472656,29.420000076293945,29.65999984741211,23.114459991455078,27200
2021-06-04,29.729999542236328,29.729999542236328,29.559999465942383,29.600000381469727,23.067703247070312,39100
2021-06-07,29.690000534057617,29.770000457763672,29.649999618530273,29.729999542236328,23.169015884399414,51100
2021-06-08,29.799999237060547,29.8799991607666,29.700000762939453,29.8799991607666,23.285905838012695,30100
2021-06-09,29.969999313354492,30.100000381469727,29.84000015258789,30.020000457763672,23.3950138092041,43100
2021-06-10,30.030000686645508,30.110000610351562,29.899999618530273,30.030000686645508,23.402812957763672,19300
2021-06-11,30.110000610351562,30.1299991607666,29.959999084472656,30.0,23.379426956176758,27400
2021-06-14,30.190000534057617,30.219999313354492,30.040000915527344,30.219999313354492,23.55087661743164,31000
2021-06-15,30.25,30.290000915527344,30.0,30.030000686645508,23.402812957763672,89300
2021-06-16,30.049999237060547,30.100000381469727,29.799999237060547,29.860000610351562,23.27032470703125,24600
2021-06-17,30.030000686645508,30.030000686645508,29.75,29.780000686645508,23.20798110961914,28000
2021-06-18,29.649999618530273,29.889999389648438,29.40999984741211,29.549999237060547,23.028736114501953,33800
2021-06-21,29.510000228881836,29.700000762939453,29.510000228881836,29.520000457763672,23.00536346435547,52200
2021-06-22,29.469999313354492,29.489999771118164,29.309999465942383,29.459999084472656,23.08528709411621,26100
2021-06-23,29.459999084472656,29.510000228881836,29.270000457763672,29.290000915527344,22.95207405090332,39600
2021-06-24,29.309999465942383,29.399999618530273,29.260000228881836,29.260000228881836,22.928560256958008,29100
2021-06-25,29.299999237060547,29.389999389648438,29.059999465942383,29.1299991607666,22.826696395874023,32500
2021-06-28,29.0,29.149999618530273,29.0,29.010000228881836,22.732656478881836,51800
2021-06-29,29.049999237060547,29.100000381469727,29.020000457763672,29.100000381469727,22.803184509277344,45400
2021-06-30,29.209999084472656,29.329999923706055,29.149999618530273,29.280000686645508,22.94423484802246,68000
2021-07-01,29.440000534057617,29.459999084472656,29.229999542236328,29.399999618530273,23.038267135620117,40100
2021-07-02,29.489999771118164,29.540000915527344,29.360000610351562,29.489999771118164,23.108793258666992,25400
2021-07-06,29.56999969482422,29.6299991607666,29.360000610351562,29.540000915527344,23.147974014282227,53000
2021-07-07,29.510000228881836,29.56999969482422,29.25,29.280000686645508,22.94423484802246,38200
2021-07-08,29.25,29.3799991607666,29.200000762939453,29.219999313354492,22.8972225189209,23100
2021-07-09,29.350000381469727,29.440000534057617,29.239999771118164,29.280000686645508,22.94423484802246,19100
2021-07-12,29.299999237060547,29.420000076293945,29.299999237060547,29.329999923706055,22.98341941833496,54800
2021-07-13,29.5,29.5,29.329999923706055,29.3799991607666,23.02259063720703,35200
2021-07-14,29.3700008392334,29.450000762939453,29.34000015258789,29.440000534057617,23.069618225097656,34700
2021-07-15,29.299999237060547,29.520000457763672,29.299999237060547,29.420000076293945,23.05394744873047,32100
2021-07-16,29.440000534057617,29.489999771118164,29.3799991607666,29.399999618530273,23.038267135620117,33700
2021-07-19,29.3799991607666,29.399999618530273,29.18000030517578,29.309999465942383,22.967741012573242,63900
2021-07-20,29.469999313354492,29.549999237060547,29.360000610351562,29.489999771118164,23.108793258666992,47900
2021-07-21,29.5,29.670000076293945,29.440000534057617,29.56999969482422,23.171485900878906,60300
2021-07-22,29.3700008392334,29.489999771118164,29.329999923706055,29.43000030517578,23.188819885253906,50900
2021-07-23,29.420000076293945,29.510000228881836,29.420000076293945,29.450000762939453,23.204580307006836,21700
2021-07-26,29.5,29.6200008392334,29.489999771118164,29.610000610351562,23.330642700195312,31500
2021-07-27,29.649999618530273,29.670000076293945,29.56999969482422,29.600000381469727,23.322769165039062,34600
2021-07-28,29.649999618530273,29.670000076293945,29.579999923706055,29.610000610351562,23.330642700195312,14300
2021-07-29,29.690000534057617,29.780000686645508,29.65999984741211,29.719999313354492,23.41731834411621,48500
2021-07-30,29.690000534057617,29.84000015258789,29.65999984741211,29.760000228881836,23.448827743530273,202000
2021-08-02,29.68000030517578,29.829999923706055,29.68000030517578,29.719999313354492,23.41731834411621,34100
2021-08-03,29.850000381469727,29.940000534057617,29.760000228881836,29.93000030517578,23.58278465270996,69800
2021-08-04,29.950000762939453,30.030000686645508,29.950000762939453,30.020000457763672,23.653696060180664,57900
2021-08-05,30.059999465942383,30.100000381469727,30.010000228881836,30.079999923706055,23.700977325439453,48800
2021-08-06,30.079999923706055,30.100000381469727,30.0,30.059999465942383,23.685213088989258,35600
2021-08-09,30.100000381469727,30.149999618530273,30.049999237060547,30.059999465942383,23.685213088989258,33200
2021-08-10,30.1299991607666,30.139999389648438,29.8700008392334,30.020000457763672,23.653696060180664,54700
2021-08-11,29.979999542236328,30.059999465942383,29.979999542236328,30.040000915527344,23.669462203979492,28400
2021-08-12,30.110000610351562,30.139999389648438,30.030000686645508,30.059999465942383,23.685213088989258,29700
2021-08-13,30.110000610351562,30.139999389648438,30.020000457763672,30.020000457763672,23.653696060180664,12000
2021-08-16,30.040000915527344,30.110000610351562,30.020000457763672,30.110000610351562,23.72461700439453,41800
2021-08-17,30.149999618530273,30.170000076293945,30.100000381469727,30.149999618530273,23.756126403808594,21900
2021-08-18,30.15999984741211,30.200000762939453,29.940000534057617,29.940000534057617,23.59066390991211,36400
2021-08-19,29.899999618530273,29.969999313354492,29.600000381469727,29.670000076293945,23.377920150756836,47400
2021-08-20,29.639999389648438,29.850000381469727,29.450000762939453,29.559999465942383,23.291250228881836,44000
2021-08-23,29.700000762939453,29.700000762939453,29.309999465942383,29.3700008392334,23.269067764282227,56800
2021-08-24,29.469999313354492,29.469999313354492,29.239999771118164,29.270000457763672,23.189838409423828,51700
2021-08-25,29.3799991607666,29.3799991607666,29.209999084472656,29.25,23.173992156982422,41900
2021-08-26,29.309999465942383,29.309999465942383,29.110000610351562,29.1299991607666,23.078922271728516,51500
2021-08-27,29.170000076293945,29.3700008392334,29.170000076293945,29.329999923706055,23.237380981445312,31100
2021-08-30,29.329999923706055,29.389999389648438,29.290000915527344,29.290000915527344,23.2056827545166,45000
2021-08-31,29.290000915527344,29.399999618530273,29.25,29.25,23.173992156982422,50900
2021-09-01,29.25,29.399999618530273,29.25,29.389999389648438,23.2849178314209,41900
2021-09-02,29.40999984741211,29.440000534057617,29.350000381469727,29.399999618530273,23.29283332824707,38400
2021-09-03,29.450000762939453,29.450000762939453,29.329999923706055,29.360000610351562,23.26114845275879,19900
2021-09-07,29.329999923706055,29.360000610351562,29.219999313354492,29.219999313354492,23.150230407714844,31500
2021-09-08,29.280000686645508,29.280000686645508,29.110000610351562,29.170000076293945,23.110612869262695,30300
2021-09-09,29.110000610351562,29.190000534057617,29.09000015258789,29.100000381469727,23.055150985717773,44300
2021-09-10,29.170000076293945,29.18000030517578,29.040000915527344,29.06999969482422,23.031383514404297,37900
2021-09-13,29.139999389648438,29.260000228881836,29.1299991607666,29.25,23.173992156982422,55800
2021-09-14,29.280000686645508,29.299999237060547,28.780000686645508,28.790000915527344,22.809547424316406,171400
2021-09-15,28.829999923706055,28.989999771118164,28.799999237060547,28.920000076293945,22.912538528442383,51000
2021-09-16,28.969999313354492,29.059999465942383,28.8799991607666,29.040000915527344,23.007612228393555,30600
2021-09-17,29.079999923706055,29.1299991607666,28.979999542236328,28.979999542236328,22.9600772857666,22000
2021-09-20,28.799999237060547,28.899999618530273,28.68000030517578,28.729999542236328,22.762014389038086,42400
2021-09-21,28.93000030517578,28.93000030517578,28.729999542236328,28.760000228881836,22.785778045654297,33900
2021-09-22,28.65999984741211,28.8700008392334,28.610000610351562,28.829999923706055,22.970630645751953,27300
2021-09-23,28.899999618530273,28.940000534057617,28.809999465942383,28.850000381469727,22.986560821533203,36100
2021-09-24,28.81999969482422,28.81999969482422,28.75,28.799999237060547,22.946725845336914,29600
2021-09-27,28.790000915527344,28.809999465942383,28.600000381469727,28.770000457763672,22.92281723022461,37800
2021-09-28,28.700000762939453,28.700000762939453,28.479999542236328,28.530000686645508,22.731605529785156,55300
2021-09-29,28.489999771118164,28.639999389648438,28.440000534057617,28.5,22.70770263671875,34700
2021-09-30,28.649999618530273,28.799999237060547,28.450000762939453,28.799999237060547,22.946725845336914,62600
2021-10-01,28.719999313354492,28.829999923706055,28.579999923706055,28.6200008392334,22.80331039428711,37200
2021-10-04,28.479999542236328,28.639999389648438,28.479999542236328,28.6200008392334,22.80331039428711,31700
2021-10-05,28.549999237060547,28.6299991607666,28.549999237060547,28.579999923706055,22.771440505981445,26300
2021-10-06,28.489999771118164,28.540000915527344,28.18000030517578,28.3799991607666,22.612085342407227,69800
2021-10-07,28.450000762939453,28.700000762939453,28.40999984741211,28.59000015258789,22.779407501220703,67900
2021-10-08,28.6299991607666,28.90999984741211,28.56999969482422,28.739999771118164,22.8989200592041,133400
2021-10-11,28.690000534057617,28.920000076293945,27.959999084472656,28.0,22.30931282043457,248700
2021-10-12,28.079999923706055,28.170000076293945,27.920000076293945,28.139999389648438,22.42086410522461,117300
2021-10-13,28.139999389648438,28.360000610351562,28.1200008392334,28.350000381469727,22.588184356689453,40800
2021-10-14,28.399999618530273,28.549999237060547,28.389999389648438,28.510000228881836,22.71566390991211,39800
2021-10-15,28.540000915527344,28.579999923706055,28.5,28.5,22.70770263671875,39300
2021-10-18,28.549999237060547,28.6299991607666,28.479999542236328,28.6200008392334,22.80331039428711,43100
2021-10-19,28.56999969482422,28.719999313354492,28.559999465942383,28.700000762939453,22.867042541503906,50500
2021-10-20,28.739999771118164,28.940000534057617,28.700000762939453,28.93000030517578,23.050308227539062,59600
2021-10-21,28.739999771118164,28.760000228881836,28.649999618530273,28.700000762939453,22.995819091796875,26500
2021-10-22,28.75,28.790000915527344,28.489999771118164,28.510000228881836,22.843584060668945,57100
2021-10-25,28.700000762939453,28.700000762939453,28.479999542236328,28.549999237060547,22.87563133239746,46600
2021-10-26,28.56999969482422,28.6299991607666,28.200000762939453,28.459999084472656,22.80351448059082,64100
2021-10-27,28.540000915527344,28.56999969482422,28.350000381469727,28.389999389648438,22.747432708740234,36700
2021-10-28,28.420000076293945,28.579999923706055,28.3799991607666,28.579999923706055,22.89967155456543,34800
2021-10-29,28.520000457763672,28.6299991607666,28.450000762939453,28.579999923706055,22.89967155456543,38700
2021-11-01,28.56999969482422,28.709999084472656,28.520000457763672,28.6299991607666,22.939727783203125,48500
2021-11-02,28.729999542236328,28.729999542236328,28.420000076293945,28.510000228881836,22.843584060668945,40600
2021-11-03,28.450000762939453,28.700000762939453,28.399999618530273,28.440000534057617,22.787498474121094,42000
2021-11-04,28.420000076293945,28.639999389648438,28.420000076293945,28.6200008392334,22.931720733642578,40200
2021-11-05,28.700000762939453,28.709999084472656,28.600000381469727,28.65999984741211,22.96377182006836,39800
2021-11-08,28.649999618530273,28.940000534057617,28.600000381469727,28.770000457763672,23.05190086364746,63100
2021-11-09,28.790000915527344,28.899999618530273,28.739999771118164,28.84000015258789,23.10799217224121,43000
2021-11-10,28.799999237060547,28.860000610351562,28.75,28.75,23.03587532043457,30600
2021-11-11,28.829999923706055,28.84000015258789,28.729999542236328,28.790000915527344,23.067928314208984,37300
2021-11-12,28.829999923706055,28.860000610351562,28.729999542236328,28.799999237060547,23.075942993164062,41200
2021-11-15,28.860000610351562,28.8700008392334,28.700000762939453,28.760000228881836,23.043893814086914,33100
2021-11-16,28.760000228881836,28.799999237060547,28.700000762939453,28.729999542236328,23.019861221313477,39600
2021-11-17,28.690000534057617,28.75,28.649999618530273,28.729999542236328,23.019861221313477,39800
2021-11-18,28.760000228881836,28.760000228881836,28.670000076293945,28.68000030517578,22.97979736328125,53200
2021-11-19,28.43000030517578,28.56999969482422,28.260000228881836,28.549999237060547,23.00558090209961,41000
2021-11-22,28.549999237060547,28.670000076293945,28.219999313354492,28.399999618530273,22.88471031188965,61500
2021-11-23,28.399999618530273,28.600000381469727,28.209999084472656,28.219999313354492,22.739667892456055,40500
2021-11-24,28.270000457763672,28.270000457763672,28.0,28.030000686645508,22.586566925048828,58200
2021-11-26,27.829999923706055,27.940000534057617,27.799999237060547,27.84000015258789,22.4334659576416,39800
2021-11-29,27.850000381469727,27.940000534057617,27.420000076293945,27.860000610351562,22.449573516845703,76900
2021-11-30,27.899999618530273,28.0,27.540000915527344,27.59000015258789,22.232011795043945,74600
2021-12-01,27.649999618530273,27.780000686645508,27.510000228881836,27.510000228881836,22.16754913330078,64400
2021-12-02,27.56999969482422,27.799999237060547,27.549999237060547,27.649999618530273,22.280359268188477,81100
2021-12-03,27.75,27.780000686645508,27.579999923706055,27.579999923706055,22.22395133972168,48000
2021-12-06,27.610000610351562,27.709999084472656,27.5,27.559999465942383,22.20783805847168,53500
2021-12-07,27.760000228881836,27.979999542236328,27.690000534057617,27.829999923706055,22.425403594970703,27100
2021-12-08,27.899999618530273,28.399999618530273,27.899999618530273,28.389999389648438,22.876651763916016,45300
2021-12-09,28.299999237060547,28.360000610351562,28.149999618530273,28.15999984741211,22.691314697265625,34000
2021-12-10,28.290000915527344,28.3700008392334,28.149999618530273,28.149999618530273,22.683259963989258,29000
2021-12-13,28.200000762939453,28.25,27.90999984741211,27.950000762939453,22.52210235595703,34800
2021-12-14,27.969999313354492,28.06999969482422,27.780000686645508,27.809999465942383,22.409290313720703,36100
2021-12-15,27.799999237060547,27.989999771118164,27.260000228881836,27.579999923706055,22.22395133972168,81000
2021-12-16,27.610000610351562,27.690000534057617,27.40999984741211,27.43000030517578,22.10308265686035,44700
2021-12-17,27.40999984741211,27.75,27.399999618530273,27.739999771118164,22.352886199951172,58000
2021-12-20,27.600000381469727,27.700000762939453,27.450000762939453,27.469999313354492,22.135311126708984,70300
2021-12-21,27.6200008392334,27.639999389648438,27.469999313354492,27.530000686645508,22.183666229248047,53000
2021-12-22,27.440000534057617,27.600000381469727,27.309999465942383,27.3700008392334,22.185287475585938,100800
2021-12-23,27.459999084472656,27.65999984741211,27.399999618530273,27.600000381469727,22.37171173095703,43700
2021-12-27,27.610000610351562,27.760000228881836,27.540000915527344,27.6200008392334,22.387929916381836,59000
2021-12-28,27.6299991607666,27.68000030517578,27.450000762939453,27.479999542236328,22.274452209472656,52300
2021-12-29,27.450000762939453,27.56999969482422,27.440000534057617,27.479999542236328,22.274452209472656,49100
2021-12-30,27.479999542236328,27.709999084472656,27.479999542236328,27.700000762939453,22.45277214050293,47300
2021-12-31,27.770000457763672,27.8700008392334,27.68000030517578,27.780000686645508,22.517620086669922,54500
2022-01-03,27.829999923706055,27.940000534057617,27.75,27.860000610351562,22.58246612548828,56400
2022-01-04,27.940000534057617,27.940000534057617,27.639999389648438,27.690000534057617,22.44466781616211,47300
2022-01-05,27.649999618530273,27.780000686645508,27.260000228881836,27.309999465942383,22.136655807495117,107100
2022-01-06,27.309999465942383,27.34000015258789,27.010000228881836,27.110000610351562,21.97454071044922,95100
2022-01-07,27.18000030517578,27.260000228881836,27.09000015258789,27.239999771118164,22.079910278320312,52100
2022-01-10,27.209999084472656,27.329999923706055,27.100000381469727,27.290000915527344,22.120441436767578,49100
2022-01-11,27.239999771118164,27.459999084472656,27.200000762939453,27.440000534057617,22.24202537536621,35900
2022-01-12,27.549999237060547,27.56999969482422,27.420000076293945,27.540000915527344,22.32308578491211,42700
2022-01-13,27.5,27.559999465942383,27.350000381469727,27.3700008392334,22.185287475585938,46800
2022-01-14,27.360000610351562,27.450000762939453,27.25,27.31999969482422,22.144756317138672,45500
2022-01-18,27.299999237060547,27.299999237060547,27.1200008392334,27.170000076293945,22.02317237854004,52900
2022-01-19,27.290000915527344,27.399999618530273,27.100000381469727,27.190000534057617,22.039379119873047,39400
2022-01-20,27.25,27.399999618530273,27.209999084472656,27.299999237060547,22.128541946411133,59500
2022-01-21,27.200000762939453,27.209999084472656,26.149999618530273,26.149999618530273,21.319780349731445,208200
2022-01-24,26.149999618530273,26.31999969482422,25.3700008392334,26.31999969482422,21.45838165283203,233100
2022-01-25,26.260000228881836,26.5,26.059999465942383,26.350000381469727,21.482830047607422,104900
2022-01-26,26.520000457763672,26.690000534057617,26.209999084472656,26.229999542236328,21.385005950927734,119300
2022-01-27,26.389999389648438,26.549999237060547,26.079999923706055,26.100000381469727,21.27901840209961,46500
2022-01-28,26.200000762939453,26.459999084472656,25.799999237060547,26.459999084472656,21.57251739501953,159500
2022-01-31,26.6200008392334,27.139999389648438,26.549999237060547,27.139999389648438,22.12691307067871,196700
2022-02-01,27.25,27.399999618530273,27.09000015258789,27.399999618530273,22.33888816833496,95500
2022-02-02,27.459999084472656,27.479999542236328,27.200000762939453,27.399999618530273,22.33888816833496,62700
2022-02-03,27.239999771118164,27.309999465942383,26.799999237060547,26.899999618530273,21.931243896484375,111600
2022-02-04,26.899999618530273,26.899999618530273,26.540000915527344,26.75,21.80895233154297,89900
2022-02-07,26.940000534057617,26.940000534057617,26.56999969482422,26.610000610351562,21.694808959960938,83500
2022-02-08,26.549999237060547,26.59000015258789,26.31999969482422,26.3700008392334,21.499141693115234,76900
2022-02-09,26.440000534057617,26.670000076293945,26.440000534057617,26.5,21.605131149291992,53900
2022-02-10,26.459999084472656,26.549999237060547,26.350000381469727,26.389999389648438,21.51544761657715,50600
2022-02-11,26.489999771118164,26.5,26.229999542236328,26.299999237060547,21.442075729370117,64900
2022-02-14,26.239999771118164,26.469999313354492,26.049999237060547,26.15999984741211,21.32793426513672,63800
2022-02-15,26.280000686645508,26.299999237060547,25.899999618530273,25.90999984741211,21.124109268188477,106200
2022-02-16,25.93000030517578,26.149999618530273,25.93000030517578,26.110000610351562,21.287172317504883,69500
2022-02-17,25.8700008392334,26.170000076293945,25.829999923706055,25.829999923706055,21.187095642089844,35400
2022-02-18,25.8700008392334,25.8700008392334,25.700000762939453,25.799999237060547,21.162487030029297,62600
2022-02-22,25.639999389648438,25.799999237060547,25.459999084472656,25.530000686645508,20.94101905822754,82500
2022-02-23,25.530000686645508,25.700000762939453,25.200000762939453,25.200000762939453,20.67034149169922,78800
2022-02-24,24.90999984741211,25.639999389648438,24.84000015258789,25.59000015258789,20.990236282348633,79500
2022-02-25,25.649999618530273,25.989999771118164,25.649999618530273,25.889999389648438,21.236310958862305,54300
2022-02-28,25.889999389648438,26.190000534057617,25.729999542236328,25.860000610351562,21.21170425415039,48000
2022-03-01,25.850000381469727,26.100000381469727,25.780000686645508,25.889999389648438,21.236310958862305,47200
2022-03-02,26.020000457763672,26.200000762939453,26.0,26.18000030517578,21.474184036254883,43700
2022-03-03,26.190000534057617,26.260000228881836,26.139999389648438,26.170000076293945,21.465986251831055,39200
2022-03-04,26.170000076293945,26.229999542236328,25.770000457763672,25.899999618530273,21.24451446533203,60300
2022-03-07,25.81999969482422,25.90999984741211,25.110000610351562,25.15999984741211,20.637527465820312,71300
2022-03-08,25.049999237060547,25.489999771118164,25.049999237060547,25.239999771118164,20.703149795532227,67200
2022-03-09,25.450000762939453,25.639999389648438,25.309999465942383,25.350000381469727,20.793378829956055,42200
2022-03-10,25.280000686645508,25.520000457763672,25.25,25.350000381469727,20.793378829956055,48000
2022-03-11,25.510000228881836,25.68000030517578,25.299999237060547,25.31999969482422,20.768768310546875,45200
2022-03-14,25.34000015258789,25.389999389648438,25.010000228881836,25.1299991607666,20.61292266845703,79200
2022-03-15,25.280000686645508,25.639999389648438,25.190000534057617,25.6200008392334,21.01483917236328,50000
2022-03-16,25.790000915527344,25.809999465942383,25.610000610351562,25.719999313354492,21.09686851501465,44000
2022-03-17,25.68000030517578,25.8799991607666,25.59000015258789,25.860000610351562,21.21170425415039,36600
2022-03-18,25.90999984741211,26.1200008392334,25.8799991607666,26.010000228881836,21.33473777770996,81700
2022-03-21,25.989999771118164,26.15999984741211,25.8799991607666,25.989999771118164,21.318340301513672,58100
2022-03-22,25.950000762939453,26.0,25.889999389648438,25.920000076293945,21.26091957092285,45100
2022-03-23,25.780000686645508,25.8799991607666,25.690000534057617,25.700000762939453,21.20975685119629,37900
2022-03-24,25.770000457763672,25.860000610351562,25.530000686645508,25.6200008392334,21.143726348876953,32800
2022-03-25,25.670000076293945,25.700000762939453,25.219999313354492,25.219999313354492,20.813613891601562,30600
2022-03-28,25.219999313354492,25.40999984741211,25.219999313354492,25.299999237060547,20.879640579223633,54100
2022-03-29,25.350000381469727,25.549999237060547,25.34000015258789,25.399999618530273,20.96216583251953,80500
2022-03-30,25.43000030517578,25.8799991607666,25.43000030517578,25.75,21.25101661682129,122000
2022-03-31,25.8700008392334,26.34000015258789,25.809999465942383,26.040000915527344,21.4903507232666,146000
2022-04-01,26.170000076293945,26.360000610351562,26.0,26.049999237060547,21.498600006103516,62800
2022-04-04,26.010000228881836,26.239999771118164,26.010000228881836,26.170000076293945,21.597637176513672,72900
2022-04-05,26.149999618530273,26.229999542236328,25.959999084472656,25.989999771118164,21.44908905029297,41400
2022-04-06,25.889999389648438,25.889999389648438,25.5,25.59000015258789,21.11897087097168,110500
2022-04-07,25.549999237060547,25.6200008392334,25.399999618530273,25.5,21.044702529907227,45300
2022-04-08,25.450000762939453,25.520000457763672,25.309999465942383,25.329999923706055,20.90439796447754,41000
2022-04-11,25.25,25.309999465942383,24.84000015258789,24.850000381469727,20.508264541625977,72000
2022-04-12,24.969999313354492,25.15999984741211,24.729999542236328,24.75,20.425735473632812,78700
2022-04-13,24.719999313354492,24.899999618530273,24.670000076293945,24.670000076293945,20.359712600708008,69800
2022-04-14,24.610000610351562,24.739999771118164,24.270000457763672,24.399999618530273,20.13688850402832,75100
2022-04-18,24.399999618530273,24.530000686645508,24.299999237060547,24.459999084472656,20.1864070892334,72800
2022-04-19,24.40999984741211,24.719999313354492,24.399999618530273,24.6299991607666,20.326698303222656,57100
2022-04-20,24.639999389648438,24.809999465942383,24.610000610351562,24.649999618530273,20.34320640563965,46500
2022-04-21,24.549999237060547,24.549999237060547,24.270000457763672,24.280000686645508,20.1671199798584,42100
2022-04-22,24.219999313354492,24.25,24.100000381469727,24.170000076293945,20.075754165649414,47900
2022-04-25,24.170000076293945,24.200000762939453,23.84000015258789,23.920000076293945,19.868099212646484,71300
2022-04-26,23.940000534057617,24.09000015258789,23.65999984741211,23.700000762939453,19.68536949157715,70600
2022-04-27,23.75,23.84000015258789,23.420000076293945,23.450000762939453,19.477718353271484,69900
2022-04-28,23.530000686645508,23.639999389648438,23.260000228881836,23.600000381469727,19.60230827331543,130200
2022-04-29,23.600000381469727,23.770000457763672,23.40999984741211,23.450000762939453,19.477718353271484,43200
2022-05-02,23.450000762939453,23.6299991607666,22.690000534057617,22.90999984741211,19.02918815612793,114400
2022-05-03,22.8799991607666,23.06999969482422,22.860000610351562,22.920000076293945,19.03749656677246,56100
2022-05-04,22.899999618530273,23.190000534057617,22.8700008392334,23.040000915527344,19.13716697692871,79500
2022-05-05,22.889999389648438,22.920000076293945,22.670000076293945,22.84000015258789,18.971046447753906,65200
2022-05-06,22.84000015258789,22.850000381469727,22.549999237060547,22.690000534057617,18.84645652770996,58600
2022-05-09,22.469999313354492,22.6200008392334,22.100000381469727,22.170000076293945,18.414539337158203,104100
2022-05-10,22.309999465942383,22.3799991607666,22.100000381469727,22.260000228881836,18.489290237426758,89500
2022-05-11,22.270000457763672,22.40999984741211,22.170000076293945,22.260000228881836,18.489290237426758,81500
2022-05-12,22.209999084472656,22.209999084472656,21.959999084472656,22.09000015258789,18.348087310791016,79100
2022-05-13,22.290000915527344,22.6299991607666,22.229999542236328,22.520000457763672,18.70525550842285,43300
2022-05-16,22.59000015258789,22.59000015258789,22.329999923706055,22.40999984741211,18.613887786865234,49800
2022-05-17,22.639999389648438,22.65999984741211,22.3799991607666,22.600000381469727,18.771703720092773,79500
2022-05-18,22.600000381469727,22.6299991607666,22.360000610351562,22.479999542236328,18.67202377319336,62300
2022-05-19,22.459999084472656,22.719999313354492,22.459999084472656,22.649999618530273,18.813230514526367,67600
2022-05-20,22.649999618530273,22.860000610351562,22.280000686645508,22.40999984741211,18.73880958557129,44600
2022-05-23,22.479999542236328,22.610000610351562,22.350000381469727,22.549999237060547,18.855876922607422,52600
2022-05-24,22.56999969482422,22.56999969482422,22.209999084472656,22.299999237060547,18.64682960510254,62900
2022-05-25,22.290000915527344,22.559999465942383,22.290000915527344,22.510000228881836,18.82242774963379,64700
2022-05-26,22.59000015258789,23.299999237060547,22.540000915527344,23.270000457763672,19.457927703857422,68400
2022-05-27,23.3700008392334,23.709999084472656,23.299999237060547,23.690000534057617,19.80912208557129,42200
2022-05-31,23.8700008392334,23.8799991607666,23.440000534057617,23.520000457763672,19.666967391967773,50100
2022-06-01,23.579999923706055,23.690000534057617,23.389999389648438,23.5,19.650245666503906,47300
2022-06-02,23.600000381469727,23.600000381469727,23.450000762939453,23.479999542236328,19.633525848388672,46100
2022-06-03,23.3700008392334,23.5,23.110000610351562,23.350000381469727,19.524822235107422,55100
2022-06-06,23.5,23.5,23.25,23.450000762939453,19.608442306518555,57400
2022-06-07,23.450000762939453,23.68000030517578,23.450000762939453,23.68000030517578,19.800756454467773,35800
2022-06-08,23.709999084472656,23.709999084472656,23.549999237060547,23.65999984741211,19.784032821655273,37700
2022-06-09,23.719999313354492,23.770000457763672,23.420000076293945,23.450000762939453,19.608442306518555,46100
2022-06-10,23.360000610351562,23.3799991607666,23.010000228881836,23.079999923706055,19.29905128479004,81200
2022-06-13,22.8799991607666,22.8799991607666,22.100000381469727,22.110000610351562,18.487960815429688,82400
2022-06-14,22.229999542236328,22.229999542236328,21.75,21.850000381469727,18.270549774169922,66700
2022-06-15,21.889999389648438,22.079999923706055,21.81999969482422,22.010000228881836,18.404333114624023,64100
2022-06-16,21.81999969482422,21.860000610351562,21.139999389648438,21.149999618530273,17.685222625732422,95200
2022-06-17,21.5,21.530000686645508,21.309999465942383,21.489999771118164,17.969532012939453,89000
2022-06-21,21.56999969482422,21.6200008392334,21.25,21.290000915527344,17.802291870117188,125100
2022-06-22,21.030000686645508,21.280000686645508,20.950000762939453,21.049999237060547,17.727333068847656,135500
2022-06-23,21.079999923706055,21.219999313354492,21.0,21.1200008392334,17.786285400390625,97100
2022-06-24,21.280000686645508,21.299999237060547,21.040000915527344,21.15999984741211,17.819971084594727,253300
2022-06-27,21.15999984741211,21.229999542236328,21.100000381469727,21.15999984741211,17.819971084594727,47200
2022-06-28,21.239999771118164,21.350000381469727,21.139999389648438,21.219999313354492,17.870502471923828,44400
2022-06-29,21.280000686645508,21.360000610351562,21.239999771118164,21.299999237060547,17.93787384033203,42200
2022-06-30,21.299999237060547,21.68000030517578,21.25,21.489999771118164,18.097890853881836,57100
2022-07-01,21.399999618530273,21.469999313354492,21.020000457763672,21.139999389648438,17.80313491821289,340400
2022-07-05,20.950000762939453,20.989999771118164,20.610000610351562,20.93000030517578,17.626279830932617,204500
2022-07-06,20.93000030517578,21.059999465942383,20.510000228881836,20.549999237060547,17.306255340576172,306700
2022-07-07,20.670000076293945,20.84000015258789,20.579999923706055,20.809999465942383,17.52521514892578,126400
2022-07-08,20.670000076293945,20.989999771118164,20.639999389648438,20.93000030517578,17.626279830932617,138200
2022-07-11,20.940000534057617,21.079999923706055,20.920000076293945,20.979999542236328,17.66838264465332,127300
2022-07-12,21.030000686645508,21.200000762939453,20.950000762939453,20.979999542236328,17.66838264465332,97200
2022-07-13,20.850000381469727,21.100000381469727,20.81999969482422,20.979999542236328,17.66838264465332,71300
2022-07-14,20.899999618530273,21.010000228881836,20.829999923706055,20.959999084472656,17.651540756225586,78500
2022-07-15,21.110000610351562,21.34000015258789,21.010000228881836,21.290000915527344,17.929454803466797,156800
2022-07-18,21.43000030517578,21.670000076293945,21.399999618530273,21.440000534057617,18.055776596069336,195100
2022-07-19,21.59000015258789,21.670000076293945,21.510000228881836,21.649999618530273,18.232629776000977,85100
2022-07-20,21.649999618530273,21.959999084472656,21.610000610351562,21.899999618530273,18.44316291809082,141400
2022-07-21,21.790000915527344,22.059999465942383,21.65999984741211,22.059999465942383,18.706892013549805,63400
2022-07-22,21.969999313354492,22.059999465942383,21.770000457763672,21.81999969482422,18.503379821777344,68200
2022-07-25,21.81999969482422,21.81999969482422,21.549999237060547,21.610000610351562,18.325298309326172,109600
2022-07-26,21.5,21.600000381469727,21.459999084472656,21.579999923706055,18.299856185913086,33200
2022-07-27,21.719999313354492,21.81999969482422,21.65999984741211,21.739999771118164,18.43553924560547,56200
2022-07-28,21.760000228881836,22.299999237060547,21.760000228881836,22.219999313354492,18.842573165893555,85800
2022-07-29,22.350000381469727,22.68000030517578,22.15999984741211,22.670000076293945,19.224180221557617,65700
2022-08-01,22.649999618530273,23.139999389648438,22.520000457763672,22.81999969482422,19.351377487182617,87300
2022-08-02,22.8700008392334,23.059999465942383,22.860000610351562,22.8799991607666,19.402254104614258,43200
2022-08-03,22.90999984741211,22.979999542236328,22.860000610351562,22.8700008392334,19.39377784729004,59500
2022-08-04,22.850000381469727,22.959999084472656,22.81999969482422,22.860000610351562,19.385299682617188,42500
2022-08-05,22.799999237060547,22.8799991607666,22.700000762939453,22.739999771118164,19.283538818359375,41100
2022-08-08,22.780000686645508,22.940000534057617,22.649999618530273,22.799999237060547,19.334415435791016,56700
2022-08-09,22.799999237060547,22.850000381469727,22.670000076293945,22.68000030517578,19.23265838623047,70600
2022-08-10,22.899999618530273,23.049999237060547,22.829999923706055,23.0,19.50402069091797,53000
2022-08-11,23.110000610351562,23.18000030517578,23.0,23.09000015258789,19.580333709716797,44500
2022-08-12,23.09000015258789,23.239999771118164,23.059999465942383,23.06999969482422,19.563379287719727,51000
2022-08-15,23.09000015258789,23.25,22.969999313354492,23.040000915527344,19.537939071655273,47900
2022-08-16,23.09000015258789,23.1299991607666,22.899999618530273,22.90999984741211,19.427696228027344,30300
2022-08-17,22.90999984741211,22.93000030517578,22.709999084472656,22.760000228881836,19.300493240356445,37300
2022-08-18,22.780000686645508,22.84000015258789,22.610000610351562,22.6299991607666,19.190258026123047,30100
2022-08-19,22.579999923706055,22.579999923706055,22.450000762939453,22.5,19.08001708984375,33100
2022-08-22,22.399999618530273,22.399999618530273,22.1299991607666,22.209999084472656,18.834096908569336,62300
2022-08-23,22.079999923706055,22.170000076293945,21.549999237060547,21.8700008392334,18.654966354370117,54400
2022-08-24,21.899999618530273,22.06999969482422,21.860000610351562,21.950000762939453,18.72321128845215,24500
2022-08-25,21.850000381469727,22.09000015258789,21.850000381469727,21.920000076293945,18.697616577148438,77500
2022-08-26,21.959999084472656,22.0,21.700000762939453,21.760000228881836,18.56113624572754,39800
2022-08-29,21.709999084472656,21.829999923706055,21.65999984741211,21.81999969482422,18.612319946289062,62800
2022-08-30,21.770000457763672,21.850000381469727,21.6299991607666,21.65999984741211,18.475841522216797,43100
2022-08-31,21.790000915527344,21.84000015258789,21.420000076293945,21.5,18.3393611907959,74800
2022-09-01,21.3799991607666,21.440000534057617,21.010000228881836,21.1200008392334,18.01522445678711,129800
2022-09-02,21.1200008392334,21.260000228881836,21.010000228881836,21.239999771118164,18.117584228515625,105200
2022-09-06,21.209999084472656,21.219999313354492,21.0,21.010000228881836,17.921388626098633,48100
2022-09-07,21.06999969482422,21.200000762939453,21.049999237060547,21.09000015258789,17.989635467529297,48700
2022-09-08,21.09000015258789,21.239999771118164,21.059999465942383,21.079999923706055,17.981098175048828,67300
2022-09-09,21.09000015258789,21.229999542236328,21.059999465942383,21.06999969482422,17.972572326660156,63800
2022-09-12,21.200000762939453,21.290000915527344,21.15999984741211,21.200000762939453,18.08346176147461,44400
2022-09-13,20.989999771118164,21.1299991607666,20.90999984741211,20.90999984741211,17.836097717285156,53000
2022-09-14,21.0,21.139999389648438,20.90999984741211,20.959999084472656,17.878742218017578,38700
2022-09-15,20.959999084472656,21.030000686645508,20.739999771118164,20.739999771118164,17.691083908081055,45500
2022-09-16,20.649999618530273,20.739999771118164,20.610000610351562,20.65999984741211,17.622848510742188,54000
2022-09-19,20.649999618530273,20.829999923706055,20.649999618530273,20.780000686645508,17.72520637512207,86400
2022-09-20,20.6299991607666,20.670000076293945,20.540000915527344,20.540000915527344,17.52048683166504,59800
2022-09-21,20.65999984741211,20.75,20.559999465942383,20.600000381469727,17.571666717529297,68400
2022-09-22,20.469999313354492,20.469999313354492,19.540000915527344,19.950000762939453,17.125293731689453,136000
2022-09-23,19.81999969482422,19.8799991607666,19.260000228881836,19.420000076293945,16.670337677001953,128300
2022-09-26,19.3700008392334,19.479999542236328,19.149999618530273,19.239999771118164,16.515817642211914,106100
2022-09-27,19.260000228881836,19.34000015258789,19.110000610351562,19.209999084472656,16.49007225036621,97700
2022-09-28,19.309999465942383,19.469999313354492,19.25,19.360000610351562,16.618831634521484,114600
2022-09-29,19.280000686645508,19.280000686645508,18.809999465942383,18.93000030517578,16.249717712402344,81500
2022-09-30,18.920000076293945,19.15999984741211,18.809999465942383,18.989999771118164,16.301219940185547,178000
2022-10-03,19.079999923706055,19.170000076293945,18.989999771118164,19.0,16.30980110168457,153700
2022-10-04,19.170000076293945,19.360000610351562,19.010000228881836,19.190000534057617,16.472902297973633,153800
2022-10-05,19.209999084472656,20.06999969482422,18.969999313354492,18.969999313354492,16.284048080444336,97100
2022-10-06,19.049999237060547,19.110000610351562,18.950000762939453,19.049999237060547,16.35272216796875,52400
2022-10-07,19.0,19.0,18.700000762939453,18.719999313354492,16.069446563720703,67400
2022-10-10,18.709999084472656,18.739999771118164,18.5,18.5,15.880597114562988,63600
2022-10-11,18.510000228881836,18.559999465942383,18.34000015258789,18.469999313354492,15.854846954345703,71700
2022-10-12,18.399999618530273,18.520000457763672,18.399999618530273,18.479999542236328,15.863426208496094,34600
2022-10-13,18.229999542236328,18.489999771118164,18.110000610351562,18.34000015258789,15.743249893188477,48700
2022-10-14,18.360000610351562,18.360000610351562,18.15999984741211,18.15999984741211,15.588737487792969,46000
2022-10-17,18.309999465942383,18.450000762939453,18.15999984741211,18.170000076293945,15.597322463989258,62900
2022-10-18,18.260000228881836,18.329999923706055,18.209999084472656,18.260000228881836,15.674577713012695,65000
2022-10-19,18.18000030517578,18.25,18.15999984741211,18.25,15.665992736816406,60000
2022-10-20,18.25,18.450000762939453,18.170000076293945,18.440000534057617,15.829092979431152,177100
2022-10-21,18.290000915527344,18.31999969482422,18.149999618530273,18.290000915527344,15.802310943603516,87300
2022-10-24,18.280000686645508,18.5,18.219999313354492,18.5,15.983745574951172,165800
2022-10-25,18.520000457763672,18.579999923706055,18.399999618530273,18.399999618530273,15.89734935760498,100200
2022-10-26,18.399999618530273,18.6299991607666,18.3700008392334,18.579999923706055,16.052867889404297,73700
2022-10-27,18.649999618530273,18.739999771118164,18.559999465942383,18.649999618530273,16.113344192504883,82300
2022-10-28,18.649999618530273,18.829999923706055,18.649999618530273,18.760000228881836,16.208383560180664,64700
2022-10-31,18.729999542236328,18.799999237060547,18.520000457763672,18.600000381469727,16.070144653320312,70400
2022-11-01,18.809999465942383,18.989999771118164,18.600000381469727,18.809999465942383,16.2515811920166,103400
2022-11-02,18.809999465942383,19.030000686645508,18.799999237060547,18.8799991607666,16.31205940246582,90600
2022-11-03,18.770000457763672,18.81999969482422,18.690000534057617,18.729999542236328,16.182464599609375,56300
2022-11-04,18.729999542236328,18.860000610351562,18.709999084472656,18.770000457763672,16.217025756835938,51000
2022-11-07,18.850000381469727,19.110000610351562,18.780000686645508,19.09000015258789,16.493497848510742,67700
2022-11-08,19.09000015258789,19.15999984741211,18.889999389648438,19.020000457763672,16.433021545410156,48900
2022-11-09,19.040000915527344,19.06999969482422,18.93000030517578,18.93000030517578,16.355262756347656,43000
2022-11-10,19.229999542236328,19.639999389648438,19.229999542236328,19.59000015258789,16.925495147705078,48800
2022-11-11,19.649999618530273,19.81999969482422,19.639999389648438,19.770000457763672,17.081008911132812,74400
2022-11-14,19.600000381469727,19.700000762939453,19.40999984741211,19.43000030517578,16.787256240844727,51300
2022-11-15,19.600000381469727,19.8799991607666,19.600000381469727,19.84000015258789,17.1414852142334,58100
2022-11-16,19.65999984741211,19.8700008392334,19.65999984741211,19.75,17.063730239868164,38800
2022-11-17,19.649999618530273,19.739999771118164,19.600000381469727,19.6200008392334,16.95140838623047,34400
2022-11-18,19.68000030517578,19.68000030517578,19.520000457763672,19.56999969482422,16.908205032348633,47600
2022-11-21,19.489999771118164,19.559999465942383,19.43000030517578,19.469999313354492,16.924728393554688,52400
2022-11-22,19.5,19.639999389648438,19.440000534057617,19.549999237060547,16.9942684173584,60700
2022-11-23,19.510000228881836,19.670000076293945,19.469999313354492,19.549999237060547,16.9942684173584,63600
2022-11-25,19.549999237060547,19.6299991607666,19.520000457763672,19.56999969482422,17.011648178100586,28100
2022-11-28,19.530000686645508,19.610000610351562,19.450000762939453,19.489999771118164,16.94211196899414,77500
2022-11-29,19.540000915527344,19.68000030517578,19.450000762939453,19.469999313354492,16.924728393554688,49000
2022-11-30,19.440000534057617,19.719999313354492,19.440000534057617,19.65999984741211,17.089887619018555,72400
2022-12-01,19.709999084472656,20.420000076293945,19.709999084472656,20.360000610351562,17.69837760925293,305300
2022-12-02,20.229999542236328,20.290000915527344,20.040000915527344,20.059999465942383,17.437597274780273,65300
2022-12-05,19.969999313354492,20.100000381469727,19.510000228881836,19.559999465942383,17.00296401977539,83100
2022-12-06,19.56999969482422,19.770000457763672,19.469999313354492,19.510000228881836,16.959501266479492,52300
2022-12-07,19.5,19.6299991607666,19.440000534057617,19.459999084472656,16.91603660583496,73900
2022-12-08,19.43000030517578,19.59000015258789,19.270000457763672,19.299999237060547,16.776952743530273,71400
2022-12-09,19.239999771118164,19.309999465942383,19.049999237060547,19.06999969482422,16.577016830444336,68500
2022-12-12,19.06999969482422,19.34000015258789,19.06999969482422,19.34000015258789,16.811721801757812,102700
2022-12-13,19.540000915527344,20.030000686645508,19.5,19.770000457763672,17.185508728027344,240700
2022-12-14,19.770000457763672,20.020000457763672,19.760000228881836,19.84000015258789,17.246355056762695,126400
2022-12-15,19.81999969482422,19.899999618530273,19.700000762939453,19.780000686645508,17.194204330444336,63500
2022-12-16,19.610000610351562,19.8799991607666,19.610000610351562,19.760000228881836,17.176816940307617,77900
2022-12-19,19.729999542236328,19.850000381469727,19.670000076293945,19.68000030517578,17.107276916503906,75200
2022-12-20,19.56999969482422,19.790000915527344,19.56999969482422,19.700000762939453,17.124664306640625,58300
2022-12-21,19.270000457763672,19.440000534057617,19.190000534057617,19.190000534057617,17.019123077392578,115400
2022-12-22,19.18000030517578,19.290000915527344,18.850000381469727,19.06999969482422,16.912696838378906,194700
2022-12-23,19.020000457763672,19.239999771118164,19.010000228881836,19.059999465942383,16.90382957458496,177800
2022-12-27,19.0,19.049999237060547,18.760000228881836,18.790000915527344,16.66437339782715,157800
2022-12-28,18.799999237060547,18.950000762939453,18.6200008392334,18.65999984741211,16.549076080322266,78400
2022-12-29,18.639999389648438,18.729999542236328,18.3799991607666,18.510000228881836,16.416044235229492,173000
2022-12-30,18.610000610351562,18.90999984741211,18.520000457763672,18.709999084472656,16.59342384338379,198000
2023-01-03,18.75,19.149999618530273,18.75,19.1200008392334,16.95703887939453,94100
2023-01-04,19.229999542236328,19.6200008392334,19.18000030517578,19.59000015258789,17.373872756958008,76500
2023-01-05,19.56999969482422,19.610000610351562,19.40999984741211,19.579999923706055,17.36499786376953,35300
2023-01-06,19.780000686645508,19.899999618530273,19.65999984741211,19.8700008392334,17.62220001220703,42800
2023-01-09,19.959999084472656,19.989999771118164,19.780000686645508,19.829999923706055,17.58672332763672,56100
2023-01-10,19.899999618530273,20.15999984741211,19.850000381469727,20.15999984741211,17.879390716552734,71900
2023-01-11,20.229999542236328,20.389999389648438,20.219999313354492,20.34000015258789,18.03902816772461,49400
2023-01-12,20.360000610351562,20.639999389648438,20.34000015258789,20.610000610351562,18.278480529785156,57800
2023-01-13,20.559999465942383,20.75,20.459999084472656,20.709999084472656,18.367168426513672,96800
2023-01-17,20.719999313354492,20.829999923706055,20.639999389648438,20.81999969482422,18.4647216796875,66800
2023-01-18,20.850000381469727,20.959999084472656,20.829999923706055,20.889999389648438,18.526809692382812,115700
2023-01-19,20.84000015258789,20.920000076293945,20.700000762939453,20.8799991607666,18.5179386138916,65800
2023-01-20,20.93000030517578,21.0,20.8799991607666,20.979999542236328,18.60662841796875,62800
2023-01-23,20.8799991607666,20.979999542236328,20.799999237060547,20.969999313354492,18.703845977783203,49400
2023-01-24,20.940000534057617,21.0,20.780000686645508,20.90999984741211,18.650333404541016,56900
2023-01-25,20.829999923706055,20.959999084472656,20.770000457763672,20.8700008392334,18.614656448364258,68600
2023-01-26,20.93000030517578,21.0,20.860000610351562,20.979999542236328,18.712770462036133,50700
2023-01-27,20.940000534057617,21.149999618530273,20.940000534057617,21.09000015258789,18.810880661010742,65700
2023-01-30,21.09000015258789,21.149999618530273,20.979999542236328,21.149999618530273,18.864395141601562,66200
2023-01-31,21.149999618530273,21.18000030517578,21.100000381469727,21.18000030517578,18.89115333557129,119800
2023-02-01,21.18000030517578,21.469999313354492,21.170000076293945,21.399999618530273,19.08738136291504,49200
2023-02-02,21.469999313354492,21.530000686645508,21.450000762939453,21.479999542236328,19.15873908996582,59300
2023-02-03,21.290000915527344,21.450000762939453,21.219999313354492,21.31999969482422,19.016021728515625,61700
2023-02-06,21.299999237060547,21.299999237060547,21.020000457763672,21.030000686645508,18.757368087768555,44200
2023-02-07,21.09000015258789,21.459999084472656,21.010000228881836,21.43000030517578,19.114139556884766,122000
2023-02-08,21.469999313354492,21.549999237060547,21.34000015258789,21.440000534057617,19.12306022644043,149900
2023-02-09,21.459999084472656,21.639999389648438,21.329999923706055,21.34000015258789,19.033864974975586,79000
2023-02-10,21.309999465942383,21.34000015258789,21.18000030517578,21.229999542236328,18.935749053955078,39800
2023-02-13,21.3700008392334,21.3700008392334,21.15999984741211,21.329999923706055,19.024946212768555,68000
2023-02-14,21.329999923706055,21.3799991607666,21.209999084472656,21.260000228881836,18.962509155273438,40600
2023-02-15,21.149999618530273,21.360000610351562,21.149999618530273,21.360000610351562,19.05170440673828,21100
2023-02-16,21.149999618530273,21.190000534057617,20.950000762939453,20.950000762939453,18.68600845336914,81000
2023-02-17,20.829999923706055,20.899999618530273,20.709999084472656,20.719999313354492,18.582870483398438,85300
2023-02-21,20.479999542236328,20.540000915527344,20.010000228881836,20.020000457763672,17.9550724029541,111600
2023-02-22,19.920000076293945,20.200000762939453,19.920000076293945,20.020000457763672,17.9550724029541,52600
2023-02-23,20.049999237060547,20.1299991607666,19.950000762939453,20.06999969482422,17.999914169311523,39900
2023-02-24,19.940000534057617,20.0,19.8700008392334,19.899999618530273,17.847448348999023,37000
2023-02-27,19.90999984741211,20.049999237060547,19.90999984741211,19.940000534057617,17.883319854736328,67400
2023-02-28,19.940000534057617,20.09000015258789,19.940000534057617,20.010000228881836,17.946102142333984,43100
2023-03-01,19.920000076293945,20.1299991607666,19.920000076293945,19.989999771118164,17.928163528442383,38400
2023-03-02,19.860000610351562,19.969999313354492,19.809999465942383,19.860000610351562,17.811573028564453,54900
2023-03-03,19.8799991607666,20.149999618530273,19.8799991607666,20.040000915527344,17.97300910949707,75300
2023-03-06,20.049999237060547,20.139999389648438,19.959999084472656,19.989999771118164,17.928163528442383,35200
2023-03-07,19.920000076293945,20.010000228881836,19.829999923706055,19.829999923706055,17.784671783447266,59200
2023-03-08,19.809999465942383,19.920000076293945,19.809999465942383,19.850000381469727,17.80260467529297,45700
2023-03-09,19.809999465942383,19.889999389648438,19.450000762939453,19.510000228881836,17.4976749420166,41400
2023-03-10,19.440000534057617,19.559999465942383,18.920000076293945,18.940000534057617,16.986465454101562,116000
2023-03-13,18.5,18.530000686645508,18.049999237060547,18.209999084472656,16.33176040649414,140600
2023-03-14,18.420000076293945,18.670000076293945,18.239999771118164,18.290000915527344,16.40350914001465,113400
2023-03-15,18.149999618530273,18.149999618530273,17.549999237060547,17.56999969482422,15.757771492004395,243300
2023-03-16,17.6299991607666,18.670000076293945,17.559999465942383,18.56999969482422,16.654626846313477,185000
2023-03-17,18.489999771118164,18.5,17.700000762939453,17.719999313354492,15.892297744750977,148600
2023-03-20,17.739999771118164,17.760000228881836,16.549999237060547,16.65999984741211,14.941631317138672,268700
2023-03-21,16.889999389648438,17.260000228881836,16.829999923706055,17.239999771118164,15.461809158325195,183200
2023-03-22,17.360000610351562,17.360000610351562,17.040000915527344,17.040000915527344,15.282440185546875,45000
2023-03-23,17.049999237060547,17.239999771118164,16.860000610351562,16.8799991607666,15.241806030273438,62100
2023-03-24,16.700000762939453,16.809999465942383,16.459999084472656,16.56999969482422,14.96188735961914,88300
2023-03-27,16.719999313354492,17.030000686645508,16.719999313354492,16.8700008392334,15.232779502868652,92000
2023-03-28,16.989999771118164,17.010000228881836,16.739999771118164,16.809999465942383,15.17859935760498,78200
2023-03-29,16.940000534057617,17.09000015258789,16.84000015258789,16.989999771118164,15.341133117675781,113800
2023-03-30,17.149999618530273,17.68000030517578,17.149999618530273,17.649999618530273,15.937080383300781,199200
2023-03-31,17.799999237060547,18.270000457763672,17.75,18.15999984741211,16.397579193115234,266000
2023-04-03,18.170000076293945,18.360000610351562,17.969999313354492,18.15999984741211,16.397579193115234,83800
2023-04-04,18.149999618530273,18.149999618530273,17.600000381469727,17.610000610351562,15.900958061218262,53400
2023-04-05,17.579999923706055,17.799999237060547,17.510000228881836,17.700000762939453,15.982223510742188,35100
2023-04-06,17.790000915527344,17.969999313354492,17.6200008392334,17.920000076293945,16.18087387084961,33800
2023-04-10,17.959999084472656,18.329999923706055,17.959999084472656,18.290000915527344,16.51496696472168,113700
2023-04-11,18.389999389648438,18.540000915527344,18.389999389648438,18.40999984741211,16.623319625854492,84400
2023-04-12,18.549999237060547,18.700000762939453,18.290000915527344,18.420000076293945,16.632347106933594,67700
2023-04-13,18.540000915527344,18.68000030517578,18.299999237060547,18.420000076293945,16.632347106933594,59500
2023-04-14,18.329999923706055,18.43000030517578,18.209999084472656,18.290000915527344,16.51496696472168,50100
2023-04-17,18.440000534057617,18.510000228881836,18.31999969482422,18.420000076293945,16.632347106933594,60600
2023-04-18,18.610000610351562,18.649999618530273,18.260000228881836,18.459999084472656,16.66846466064453,64000
2023-04-19,18.450000762939453,18.469999313354492,18.31999969482422,18.329999923706055,16.55108642578125,51700
2023-04-20,18.290000915527344,18.299999237060547,18.079999923706055,18.100000381469727,16.44659423828125,37900
2023-04-21,18.149999618530273,18.260000228881836,17.950000762939453,17.950000762939453,16.31028938293457,65900
2023-04-24,17.979999542236328,18.149999618530273,17.93000030517578,17.940000534057617,16.301206588745117,62500
2023-04-25,17.8799991607666,17.940000534057617,17.729999542236328,17.75,16.128562927246094,48900
2023-04-26,17.75,17.81999969482422,17.6299991607666,17.68000030517578,16.064952850341797,43300
2023-04-27,17.799999237060547,17.850000381469727,17.670000076293945,17.700000762939453,16.0831298828125,82800
2023-04-28,17.799999237060547,18.0,17.799999237060547,17.920000076293945,16.28303337097168,52100
2023-05-01,17.920000076293945,18.0,17.809999465942383,17.809999465942383,16.18307876586914,47800
2023-05-02,17.860000610351562,17.860000610351562,17.479999542236328,17.549999237060547,15.946829795837402,59200
2023-05-03,17.5,17.5,17.15999984741211,17.18000030517578,15.610628128051758,84000
2023-05-04,17.079999923706055,17.09000015258789,16.450000762939453,16.510000228881836,15.001830101013184,128700
2023-05-05,16.700000762939453,16.75,16.59000015258789,16.719999313354492,15.192649841308594,53300
2023-05-08,16.829999923706055,16.93000030517578,16.639999389648438,16.649999618530273,15.129045486450195,46800
2023-05-09,16.649999618530273,16.700000762939453,16.540000915527344,16.549999237060547,15.038178443908691,46600
2023-05-10,16.559999465942383,16.649999618530273,16.18000030517578,16.280000686645508,14.79284381866455,141400
2023-05-11,16.280000686645508,16.280000686645508,15.979999542236328,16.020000457763672,14.556595802307129,176700
2023-05-12,16.100000381469727,16.15999984741211,15.960000038146973,16.0,14.538419723510742,98800
2023-05-15,16.010000228881836,16.139999389648438,15.869999885559082,16.09000015258789,14.620199203491211,130100
2023-05-16,16.110000610351562,16.170000076293945,16.010000228881836,16.030000686645508,14.565680503845215,82200
2023-05-17,16.110000610351562,16.56999969482422,16.079999923706055,16.520000457763672,15.010923385620117,93100
2023-05-18,16.559999465942383,16.93000030517578,16.530000686645508,16.84000015258789,15.301689147949219,106200
2023-05-19,16.920000076293945,17.06999969482422,16.809999465942383,16.90999984741211,15.365294456481934,88600
2023-05-22,16.93000030517578,17.06999969482422,16.93000030517578,16.969999313354492,15.520773887634277,94300
2023-05-23,16.959999084472656,17.399999618530273,16.959999084472656,17.110000610351562,15.648821830749512,194000
2023-05-24,17.110000610351562,17.219999313354492,16.829999923706055,16.860000610351562,15.420171737670898,50800
2023-05-25,16.940000534057617,17.139999389648438,16.940000534057617,17.09000015258789,15.63052749633789,74900
2023-05-26,17.040000915527344,17.299999237060547,17.020000457763672,17.229999542236328,15.758573532104492,40600
2023-05-30,17.200000762939453,17.3700008392334,17.18000030517578,17.239999771118164,15.767719268798828,124700
2023-05-31,17.329999923706055,17.34000015258789,17.18000030517578,17.329999923706055,15.850029945373535,98900
2023-06-01,17.329999923706055,17.6299991607666,17.290000915527344,17.600000381469727,16.096975326538086,70000
2023-06-02,17.559999465942383,17.799999237060547,17.559999465942383,17.639999389648438,16.133556365966797,88600
2023-06-05,17.649999618530273,17.729999542236328,17.600000381469727,17.639999389648438,16.133556365966797,38100
2023-06-06,17.579999923706055,17.8799991607666,17.579999923706055,17.75,16.23416519165039,57100
2023-06-07,17.799999237060547,17.979999542236328,17.719999313354492,17.8700008392334,16.34391975402832,41100
2023-06-08,17.920000076293945,17.969999313354492,17.829999923706055,17.950000762939453,16.417081832885742,35500
2023-06-09,17.950000762939453,18.149999618530273,17.940000534057617,18.020000457763672,16.481109619140625,71300
2023-06-12,18.049999237060547,18.1299991607666,17.8799991607666,17.989999771118164,16.45366859436035,68900
2023-06-13,18.1200008392334,18.1200008392334,18.0,18.040000915527344,16.499401092529297,41400
2023-06-14,18.09000015258789,18.139999389648438,17.90999984741211,17.920000076293945,16.389646530151367,81700
2023-06-15,17.989999771118164,18.030000686645508,17.93000030517578,17.969999313354492,16.435373306274414,51000
2023-06-16,18.059999465942383,18.110000610351562,17.899999618530273,17.989999771118164,16.45366859436035,50800
2023-06-20,18.049999237060547,18.049999237060547,17.760000228881836,17.889999389648438,16.362205505371094,64000
2023-06-21,17.770000457763672,17.93000030517578,17.770000457763672,17.81999969482422,16.298187255859375,52400
2023-06-22,17.770000457763672,17.850000381469727,17.690000534057617,17.729999542236328,16.316591262817383,57500
2023-06-23,17.690000534057617,17.899999618530273,17.649999618530273,17.770000457763672,16.353403091430664,80100
2023-06-26,17.770000457763672,17.950000762939453,17.610000610351562,17.6299991607666,16.224563598632812,83400
2023-06-27,17.709999084472656,17.799999237060547,17.520000457763672,17.530000686645508,16.13253402709961,135700
2023-06-28,17.530000686645508,17.889999389648438,17.510000228881836,17.81999969482422,16.399417877197266,69400
2023-06-29,17.81999969482422,17.84000015258789,17.3700008392334,17.399999618530273,16.012897491455078,185400
2023-06-30,17.459999084472656,17.549999237060547,17.329999923706055,17.420000076293945,16.031301498413086,280400
2023-07-03,17.40999984741211,17.649999618530273,17.3799991607666,17.56999969482422,16.169347763061523,87400
2023-07-05,17.559999465942383,17.690000534057617,17.540000915527344,17.59000015258789,16.1877498626709,61400
2023-07-06,17.559999465942383,17.56999969482422,17.049999237060547,17.100000381469727,15.736815452575684,94000
2023-07-07,17.0,17.350000381469727,17.0,17.280000686645508,15.902466773986816,66600
2023-07-10,17.350000381469727,17.520000457763672,17.299999237060547,17.510000228881836,16.114131927490234,65300
2023-07-11,17.459999084472656,17.639999389648438,17.459999084472656,17.600000381469727,16.196956634521484,58300
2023-07-12,17.709999084472656,17.799999237060547,17.68000030517578,17.700000762939453,16.288986206054688,45600
2023-07-13,17.81999969482422,17.81999969482422,17.610000610351562,17.709999084472656,16.298185348510742,54600
2023-07-14,17.799999237060547,17.799999237060547,17.520000457763672,17.559999465942383,16.160144805908203,48200
2023-07-17,17.559999465942383,17.639999389648438,17.530000686645508,17.540000915527344,16.141738891601562,67400
2023-07-18,17.56999969482422,17.770000457763672,17.56999969482422,17.709999084472656,16.298185348510742,48500
2023-07-19,17.790000915527344,17.899999618530273,17.690000534057617,17.780000686645508,16.36260986328125,108000
2023-07-20,17.729999542236328,17.799999237060547,17.59000015258789,17.639999389648438,16.233766555786133,60500
2023-07-21,17.510000228881836,17.68000030517578,17.510000228881836,17.559999465942383,16.261550903320312,70600
2023-07-24,17.56999969482422,17.719999313354492,17.56999969482422,17.68000030517578,16.372676849365234,67000
2023-07-25,17.65999984741211,17.829999923706055,17.65999984741211,17.709999084472656,16.400455474853516,45400
2023-07-26,17.59000015258789,17.8799991607666,17.59000015258789,17.829999923706055,16.511581420898438,66300
2023-07-27,17.889999389648438,18.1299991607666,17.799999237060547,17.920000076293945,16.59493064880371,259900
2023-07-28,18.06999969482422,18.06999969482422,17.959999084472656,18.030000686645508,16.696794509887695,44200
2023-07-31,18.110000610351562,18.260000228881836,18.030000686645508,18.260000228881836,16.909788131713867,64400
2023-08-01,18.239999771118164,18.350000381469727,18.170000076293945,18.209999084472656,16.863481521606445,61400
2023-08-02,18.170000076293945,18.190000534057617,18.010000228881836,18.15999984741211,16.817182540893555,48100
2023-08-03,18.040000915527344,18.06999969482422,17.889999389648438,18.0,16.66901206970215,46700
2023-08-04,17.989999771118164,18.149999618530273,17.989999771118164,18.079999923706055,16.74309730529785,48400
2023-08-07,18.18000030517578,18.239999771118164,18.100000381469727,18.219999313354492,16.872743606567383,74000
2023-08-08,18.280000686645508,18.329999923706055,18.229999542236328,18.309999465942383,16.95608901977539,62500
2023-08-09,18.309999465942383,18.360000610351562,18.229999542236328,18.239999771118164,16.891267776489258,46700
2023-08-10,18.360000610351562,18.3700008392334,18.18000030517578,18.239999771118164,16.891267776489258,35000
2023-08-11,18.260000228881836,18.309999465942383,18.1200008392334,18.219999313354492,16.872743606567383,58000
2023-08-14,18.239999771118164,18.299999237060547,18.219999313354492,18.280000686645508,16.928308486938477,26500
2023-08-15,18.280000686645508,18.280000686645508,17.989999771118164,17.989999771118164,16.65974998474121,52100
2023-08-16,17.959999084472656,18.020000457763672,17.719999313354492,17.719999313354492,16.40971565246582,64000
2023-08-17,17.75,17.75,17.559999465942383,17.6200008392334,16.317115783691406,59100
2023-08-18,17.6299991607666,17.729999542236328,17.579999923706055,17.579999923706055,16.28006935119629,62900
2023-08-21,17.56999969482422,17.600000381469727,17.469999313354492,17.549999237060547,16.252288818359375,52400
2023-08-22,17.649999618530273,17.75,17.549999237060547,17.65999984741211,16.35415267944336,45600
2023-08-23,17.649999618530273,17.709999084472656,17.56999969482422,17.709999084472656,16.49761199951172,44100
2023-08-24,17.739999771118164,17.790000915527344,17.459999084472656,17.5,16.30198860168457,82400
2023-08-25,17.56999969482422,17.579999923706055,17.440000534057617,17.469999313354492,16.27404022216797,55400
2023-08-28,17.469999313354492,17.59000015258789,17.450000762939453,17.450000762939453,16.255409240722656,45100
2023-08-29,17.510000228881836,17.579999923706055,17.450000762939453,17.530000686645508,16.32993507385254,35700
2023-08-30,17.59000015258789,17.6200008392334,17.540000915527344,17.59000015258789,16.385828018188477,45400
2023-08-31,17.75,17.75,17.639999389648438,17.639999389648438,16.432401657104492,58800
2023-09-01,17.770000457763672,17.770000457763672,17.59000015258789,17.6200008392334,16.413776397705078,50300
2023-09-05,17.530000686645508,17.600000381469727,17.350000381469727,17.350000381469727,16.16225814819336,82400
2023-09-06,17.440000534057617,17.479999542236328,17.280000686645508,17.309999465942383,16.124996185302734,56800
2023-09-07,17.239999771118164,17.309999465942383,17.200000762939453,17.219999313354492,16.041152954101562,74700
2023-09-08,17.280000686645508,17.34000015258789,17.1299991607666,17.139999389648438,15.966632843017578,100500
2023-09-11,17.149999618530273,17.149999618530273,17.010000228881836,17.030000686645508,15.864166259765625,69800
2023-09-12,17.030000686645508,17.09000015258789,16.950000762939453,16.969999313354492,15.808269500732422,43200
2023-09-13,16.959999084472656,17.049999237060547,16.950000762939453,16.969999313354492,15.808269500732422,31500
2023-09-14,17.049999237060547,17.06999969482422,17.0,17.010000228881836,15.84553337097168,72000
2023-09-15,17.0,17.06999969482422,16.889999389648438,16.920000076293945,15.761693954467773,64700
2023-09-18,16.950000762939453,17.049999237060547,16.920000076293945,17.010000228881836,15.84553337097168,56500
2023-09-19,17.059999465942383,17.06999969482422,16.989999771118164,17.020000457763672,15.854846954345703,46300
2023-09-20,17.06999969482422,17.139999389648438,17.030000686645508,17.059999465942383,15.892106056213379,39200
2023-09-21,16.850000381469727,16.850000381469727,16.739999771118164,16.739999771118164,15.689661979675293,48800
2023-09-22,16.75,16.899999618530273,16.709999084472656,16.809999465942383,15.755266189575195,71200
2023-09-25,16.729999542236328,16.84000015258789,16.709999084472656,16.729999542236328,15.680288314819336,53900
2023-09-26,16.690000534057617,16.770000457763672,16.469999313354492,16.5,15.46471881866455,87400
2023-09-27,16.540000915527344,16.649999618530273,16.350000381469727,16.399999618530273,15.370994567871094,78800
2023-09-28,16.360000610351562,16.56999969482422,16.299999237060547,16.56999969482422,15.530327796936035,130800
2023-09-29,16.670000076293945,16.81999969482422,16.649999618530273,16.770000457763672,15.717780113220215,114700
2023-10-02,16.709999084472656,16.709999084472656,16.520000457763672,16.549999237060547,15.51158332824707,64400
2023-10-03,16.440000534057617,16.469999313354492,16.110000610351562,16.190000534057617,15.17417049407959,50400
2023-10-04,16.15999984741211,16.280000686645508,16.1299991607666,16.149999618530273,15.13668155670166,65200
2023-10-05,16.049999237060547,16.200000762939453,15.960000038146973,15.970000267028809,14.967975616455078,51900
2023-10-06,15.859999656677246,15.970000267028809,15.649999618530273,15.859999656677246,14.864876747131348,94700
2023-10-09,15.829999923706055,15.989999771118164,15.829999923706055,15.960000038146973,14.958600997924805,70200
2023-10-10,15.869999885559082,16.149999618530273,15.869999885559082,16.079999923706055,15.071073532104492,54300
2023-10-11,16.139999389648438,16.170000076293945,16.030000686645508,16.030000686645508,15.024211883544922,38800
2023-10-12,16.040000915527344,16.049999237060547,15.869999885559082,15.880000114440918,14.883621215820312,68700
2023-10-13,15.899999618530273,16.049999237060547,15.800000190734863,15.800000190734863,14.808642387390137,110600
2023-10-16,15.789999961853027,15.859999656677246,15.710000038146973,15.75,14.76177978515625,137200
2023-10-17,15.680000305175781,15.9399995803833,15.619999885559082,15.90999984741211,14.911738395690918,130300
2023-10-18,15.869999885559082,15.869999885559082,15.6899995803833,15.770000457763672,14.780524253845215,59500
2023-10-19,15.720000267028809,15.770000457763672,15.5,15.510000228881836,14.536837577819824,63000
2023-10-20,15.510000228881836,15.699999809265137,15.479999542236328,15.619999885559082,14.639934539794922,95300
2023-10-23,15.5,15.649999618530273,15.449999809265137,15.460000038146973,14.58709716796875,77700
2023-10-24,15.460000038146973,15.670000076293945,15.460000038146973,15.649999618530273,14.766368865966797,55900
2023-10-25,15.539999961853027,15.640000343322754,15.529999732971191,15.550000190734863,14.672016143798828,45600
2023-10-26,15.489999771118164,15.680000305175781,15.479999542236328,15.609999656677246,14.728626251220703,56200
2023-10-27,15.649999618530273,15.65999984741211,15.550000190734863,15.579999923706055,14.70032024383545,58800
2023-10-30,15.579999923706055,15.65999984741211,15.579999923706055,15.65999984741211,14.775803565979004,78500
2023-10-31,15.739999771118164,15.779999732971191,15.670000076293945,15.770000457763672,14.879594802856445,98500
2023-11-01,15.779999732971191,16.110000610351562,15.75,16.09000015258789,15.181526184082031,100500
2023-11-02,16.170000076293945,16.6200008392334,16.170000076293945,16.600000381469727,15.66273307800293,51800
2023-11-03,16.700000762939453,17.200000762939453,16.700000762939453,17.100000381469727,16.134496688842773,152300
2023-11-06,17.030000686645508,17.030000686645508,16.68000030517578,16.719999313354492,15.775957107543945,76400
2023-11-07,16.75,16.850000381469727,16.739999771118164,16.790000915527344,15.842002868652344,50700
2023-11-08,16.75,16.850000381469727,16.68000030517578,16.75,15.804264068603516,42600
2023-11-09,16.760000228881836,16.780000686645508,16.309999465942383,16.34000015258789,15.417409896850586,78700
2023-11-10,16.40999984741211,16.530000686645508,16.350000381469727,16.459999084472656,15.530632972717285,66900
2023-11-13,16.450000762939453,16.5,16.360000610351562,16.440000534057617,15.511764526367188,37600
2023-11-14,16.739999771118164,16.920000076293945,16.709999084472656,16.709999084472656,15.766518592834473,49200
2023-11-15,16.809999465942383,16.809999465942383,16.670000076293945,16.719999313354492,15.775957107543945,57700
2023-11-16,16.719999313354492,17.100000381469727,16.68000030517578,17.059999465942383,16.096757888793945,72900
2023-11-17,17.1200008392334,17.18000030517578,17.049999237060547,17.149999618530273,16.181676864624023,49900
2023-11-20,17.149999618530273,17.170000076293945,17.059999465942383,17.09000015258789,16.125062942504883,60000
2023-11-21,16.950000762939453,17.18000030517578,16.93000030517578,17.010000228881836,16.147850036621094,80300
2023-11-22,17.059999465942383,17.18000030517578,17.0,17.149999618530273,16.280752182006836,56300
2023-11-24,17.170000076293945,17.389999389648438,17.139999389648438,17.34000015258789,16.46112060546875,50300
2023-11-27,17.260000228881836,17.3700008392334,17.219999313354492,17.260000228881836,16.385175704956055,51100
2023-11-28,17.309999465942383,17.360000610351562,17.18000030517578,17.190000534057617,16.318723678588867,60600
2023-11-29,17.190000534057617,17.549999237060547,17.190000534057617,17.479999542236328,16.594024658203125,74700
2023-11-30,17.579999923706055,17.760000228881836,17.479999542236328,17.690000534057617,16.79338264465332,109500
2023-12-01,17.639999389648438,18.079999923706055,17.639999389648438,18.040000915527344,17.125642776489258,185900
2023-12-04,17.959999084472656,18.020000457763672,17.81999969482422,17.850000381469727,16.94527244567871,94000
2023-12-05,17.829999923706055,17.940000534057617,17.770000457763672,17.84000015258789,16.935779571533203,64800
2023-12-06,17.950000762939453,18.010000228881836,17.6299991607666,17.639999389648438,16.74591636657715,73900
2023-12-07,17.68000030517578,17.850000381469727,17.670000076293945,17.729999542236328,16.831356048583984,75200
2023-12-08,17.59000015258789,17.75,17.43000030517578,17.43000030517578,16.546560287475586,69400
2023-12-11,17.459999084472656,17.690000534057617,17.459999084472656,17.6299991607666,16.73642349243164,95200
2023-12-12,17.68000030517578,17.700000762939453,17.59000015258789,17.68000030517578,16.783891677856445,48200
2023-12-13,17.780000686645508,17.889999389648438,17.540000915527344,17.889999389648438,16.983245849609375,81000
2023-12-14,18.020000457763672,18.399999618530273,17.950000762939453,18.290000915527344,17.362972259521484,71600
2023-12-15,18.270000457763672,18.34000015258789,18.200000762939453,18.200000762939453,17.27753448486328,32400
2023-12-18,18.059999465942383,18.200000762939453,18.059999465942383,18.09000015258789,17.173110961914062,100500
2023-12-19,18.190000534057617,18.239999771118164,18.110000610351562,18.18000030517578,17.258548736572266,47200
2023-12-20,18.149999618530273,18.239999771118164,18.049999237060547,18.229999542236328,17.405580520629883,85300
2023-12-21,18.239999771118164,18.290000915527344,17.889999389648438,17.889999389648438,17.080957412719727,109400
2023-12-22,17.989999771118164,18.1299991607666,17.790000915527344,17.84000015258789,17.033218383789062,96900
2023-12-26,17.84000015258789,17.920000076293945,17.81999969482422,17.8700008392334,17.061861038208008,66300
2023-12-27,17.90999984741211,17.969999313354492,17.84000015258789,17.90999984741211,17.100051879882812,80500
2023-12-28,17.8700008392334,18.0,17.8700008392334,17.93000030517578,17.11914825439453,68000
2023-12-29,18.0,18.0,17.75,17.75,16.947288513183594,121700
2024-01-02,17.790000915527344,17.940000534057617,17.780000686645508,17.899999618530273,17.090503692626953,44600
2024-01-03,17.950000762939453,18.010000228881836,17.799999237060547,17.969999313354492,17.157339096069336,40400
2024-01-04,18.0,18.040000915527344,17.90999984741211,18.020000457763672,17.205081939697266,43700
2024-01-05,18.09000015258789,18.170000076293945,17.979999542236328,18.0,17.185983657836914,51200
2024-01-08,18.010000228881836,18.239999771118164,18.010000228881836,18.200000762939453,17.37693977355957,51400
2024-01-09,18.200000762939453,18.360000610351562,18.200000762939453,18.25,17.424678802490234,55100
2024-01-10,18.3799991607666,18.399999618530273,18.31999969482422,18.350000381469727,17.52015495300293,29300
2024-01-11,18.40999984741211,18.43000030517578,18.299999237060547,18.34000015258789,17.510608673095703,31800
2024-01-12,18.350000381469727,18.420000076293945,18.34000015258789,18.3799991607666,17.548797607421875,36300
2024-01-16,18.389999389648438,18.40999984741211,18.15999984741211,18.18000030517578,17.357845306396484,79200
2024-01-17,18.18000030517578,18.280000686645508,18.15999984741211,18.190000534057617,17.367393493652344,34600
2024-01-18,18.280000686645508,18.280000686645508,18.020000457763672,18.040000915527344,17.224172592163086,44100
2024-01-19,18.100000381469727,18.190000534057617,18.010000228881836,18.18000030517578,17.357845306396484,73400
2024-01-22,18.200000762939453,18.56999969482422,18.200000762939453,18.559999465942383,17.720657348632812,74900
2024-01-23,18.459999084472656,18.520000457763672,18.440000534057617,18.469999313354492,17.734098434448242,57600
2024-01-24,18.559999465942383,18.56999969482422,18.450000762939453,18.5,17.76290512084961,51500
2024-01-25,18.559999465942383,18.6299991607666,18.510000228881836,18.59000015258789,17.849321365356445,62200
2024-01-26,18.610000610351562,18.639999389648438,18.5,18.56999969482422,17.83011817932129,61600
2024-01-29,18.56999969482422,18.670000076293945,18.540000915527344,18.649999618530273,17.90692901611328,49300
2024-01-30,18.690000534057617,18.829999923706055,18.690000534057617,18.829999923706055,18.079757690429688,50300
2024-01-31,18.8799991607666,18.950000762939453,18.809999465942383,18.8799991607666,18.127765655517578,61300
2024-02-01,18.889999389648438,18.940000534057617,18.700000762939453,18.799999237060547,18.05095100402832,101400
2024-02-02,18.75,18.770000457763672,18.530000686645508,18.530000686645508,17.791709899902344,48100
2024-02-05,18.5,18.600000381469727,18.420000076293945,18.440000534057617,17.705293655395508,51600
2024-02-06,18.399999618530273,18.6299991607666,18.389999389648438,18.5,17.76290512084961,58000
2024-02-07,18.479999542236328,18.5,18.389999389648438,18.420000076293945,17.68609046936035,84700
2024-02-08,18.34000015258789,18.389999389648438,18.219999313354492,18.219999313354492,17.494060516357422,52000
2024-02-09,18.260000228881836,18.299999237060547,18.239999771118164,18.280000686645508,17.551673889160156,54500
2024-02-12,18.350000381469727,18.450000762939453,18.350000381469727,18.40999984741211,17.676488876342773,55100
2024-02-13,18.329999923706055,18.440000534057617,18.18000030517578,18.200000762939453,17.4748592376709,60400
2024-02-14,18.280000686645508,18.350000381469727,18.280000686645508,18.329999923706055,17.599681854248047,33200
2024-02-15,18.3799991607666,18.559999465942383,18.3799991607666,18.520000457763672,17.782108306884766,41800
2024-02-16,18.520000457763672,18.6200008392334,18.489999771118164,18.5,17.76290512084961,64300
2024-02-20,18.479999542236328,18.6200008392334,18.479999542236328,18.510000228881836,17.772506713867188,60900
2024-02-21,18.469999313354492,18.6299991607666,18.469999313354492,18.540000915527344,17.90578842163086,53400
2024-02-22,18.700000762939453,18.700000762939453,18.59000015258789,18.6200008392334,17.983049392700195,36100
2024-02-23,18.670000076293945,18.760000228881836,18.670000076293945,18.719999313354492,18.079627990722656,40200
2024-02-26,18.739999771118164,18.799999237060547,18.700000762939453,18.709999084472656,18.069969177246094,44100
2024-02-27,18.719999313354492,18.770000457763672,18.639999389648438,18.649999618530273,18.012022018432617,41900
2024-02-28,18.540000915527344,18.690000534057617,18.510000228881836,18.690000534057617,18.050655364990234,49600
2024-02-29,18.639999389648438,18.829999923706055,18.639999389648438,18.799999237060547,18.156892776489258,57100
2024-03-01,18.760000228881836,18.829999923706055,18.700000762939453,18.75,18.10860252380371,63400
2024-03-04,18.719999313354492,18.760000228881836,18.6299991607666,18.670000076293945,18.031339645385742,58800
2024-03-05,18.65999984741211,18.690000534057617,18.610000610351562,18.65999984741211,18.021682739257812,54000
2024-03-06,18.670000076293945,18.709999084472656,18.56999969482422,18.68000030517578,18.040998458862305,81400
2024-03-07,18.68000030517578,18.860000610351562,18.68000030517578,18.860000610351562,18.214839935302734,44900
2024-03-08,18.850000381469727,18.940000534057617,18.790000915527344,18.850000381469727,18.205181121826172,62600
2024-03-11,18.799999237060547,18.8700008392334,18.780000686645508,18.790000915527344,18.147235870361328,43400
2024-03-12,18.790000915527344,18.8700008392334,18.75,18.799999237060547,18.156892776489258,65700
2024-03-13,18.889999389648438,18.989999771118164,18.850000381469727,18.8700008392334,18.22449493408203,50700
2024-03-14,18.75,18.8799991607666,18.709999084472656,18.780000686645508,18.137577056884766,69300
2024-03-15,18.799999237060547,18.81999969482422,18.75,18.780000686645508,18.137577056884766,44600
2024-03-18,18.780000686645508,18.889999389648438,18.780000686645508,18.8799991607666,18.234155654907227,37400
2024-03-19,18.889999389648438,19.040000915527344,18.850000381469727,19.040000915527344,18.388687133789062,58500
2024-03-20,18.899999618530273,19.100000381469727,18.899999618530273,19.100000381469727,18.551860809326172,94100
2024-03-21,19.149999618530273,19.15999984741211,19.079999923706055,19.149999618530273,18.60042381286621,38900
2024-03-22,19.200000762939453,19.239999771118164,19.100000381469727,19.149999618530273,18.60042381286621,50200
2024-03-25,19.149999618530273,19.309999465942383,18.90999984741211,18.979999542236328,18.435304641723633,48100
2024-03-26,19.020000457763672,19.020000457763672,18.920000076293945,18.950000762939453,18.406164169311523,31900
2024-03-27,19.049999237060547,19.06999969482422,18.959999084472656,19.059999465942383,18.51300811767578,36700
2024-03-28,19.040000915527344,19.170000076293945,19.030000686645508,19.170000076293945,18.619850158691406,91800
2024-04-01,19.149999618530273,19.18000030517578,19.040000915527344,19.1200008392334,18.5712890625,76500
2024-04-02,19.049999237060547,19.059999465942383,18.969999313354492,19.030000686645508,18.483871459960938,27900
2024-04-03,18.979999542236328,19.059999465942383,18.780000686645508,18.93000030517578,18.38673973083496,73500
2024-04-04,19.040000915527344,19.049999237060547,18.829999923706055,18.84000015258789,18.29932403564453,31900
2024-04-05,18.850000381469727,18.860000610351562,18.719999313354492,18.739999771118164,18.202194213867188,41300
2024-04-08,18.719999313354492,18.790000915527344,18.719999313354492,18.739999771118164,18.202194213867188,17600
2024-04-09,18.780000686645508,18.860000610351562,18.75,18.770000457763672,18.23133087158203,35400
2024-04-10,18.68000030517578,18.690000534057617,18.459999084472656,18.559999465942383,18.02735710144043,47400
2024-04-11,18.559999465942383,18.559999465942383,18.329999923706055,18.43000030517578,17.901090621948242,44500
2024-04-12,18.399999618530273,18.40999984741211,18.239999771118164,18.280000686645508,17.755393981933594,33400
2024-04-15,18.329999923706055,18.329999923706055,17.850000381469727,17.860000610351562,17.347448348999023,68700
2024-04-16,17.84000015258789,18.030000686645508,17.780000686645508,17.979999542236328,17.46400260925293,57600
2024-04-17,18.010000228881836,18.110000610351562,18.010000228881836,18.06999969482422,17.551420211791992,30400
2024-04-18,18.079999923706055,18.1200008392334,18.0,18.010000228881836,17.49314308166504,35100
2024-04-19,17.979999542236328,18.100000381469727,17.93000030517578,17.940000534057617,17.425153732299805,39900
2024-04-22,17.860000610351562,18.040000915527344,17.860000610351562,18.0,17.589317321777344,64100
2024-04-23,17.950000762939453,18.239999771118164,17.950000762939453,18.200000762939453,17.78475570678711,30800
2024-04-24,18.190000534057617,18.239999771118164,18.09000015258789,18.15999984741211,17.74566650390625,38000
2024-04-25,18.040000915527344,18.040000915527344,17.90999984741211,17.950000762939453,17.54046058654785,47600
2024-04-26,18.0,18.139999389648438,18.0,18.06999969482422,17.6577205657959,28200
2024-04-29,18.059999465942383,18.149999618530273,18.059999465942383,18.149999618530273,17.73589515686035,26700
2024-04-30,18.149999618530273,18.190000534057617,18.030000686645508,18.049999237060547,17.63817596435547,48800
2024-05-01,18.139999389648438,18.290000915527344,18.09000015258789,18.280000686645508,17.862930297851562,58100
2024-05-02,18.280000686645508,18.3700008392334,18.219999313354492,18.280000686645508,17.862930297851562,48100
2024-05-03,18.43000030517578,18.579999923706055,18.389999389648438,18.579999923706055,18.156084060668945,71400
2024-05-06,18.649999618530273,18.799999237060547,18.610000610351562,18.790000915527344,18.361295700073242,57000
2024-05-07,18.81999969482422,18.860000610351562,18.709999084472656,18.719999313354492,18.292888641357422,82800
2024-05-08,18.709999084472656,18.790000915527344,18.6200008392334,18.670000076293945,18.24403190612793,61700
2024-05-09,18.639999389648438,18.739999771118164,18.59000015258789,18.719999313354492,18.292888641357422,53800
2024-05-10,18.729999542236328,18.729999542236328,18.540000915527344,18.600000381469727,18.175630569458008,44600
2024-05-13,18.700000762939453,18.75,18.600000381469727,18.639999389648438,18.2147159576416,56700
2024-05-14,18.670000076293945,18.709999084472656,18.649999618530273,18.65999984741211,18.23426055908203,31900
2024-05-15,18.709999084472656,18.84000015258789,18.700000762939453,18.81999969482422,18.390609741210938,51700
2024-05-16,18.760000228881836,18.84000015258789,18.729999542236328,18.829999923706055,18.400381088256836,52400
2024-05-17,18.84000015258789,18.90999984741211,18.829999923706055,18.860000610351562,18.429698944091797,41000
2024-05-20,18.889999389648438,18.93000030517578,18.850000381469727,18.8799991607666,18.44923973083496,39000
2024-05-21,18.90999984741211,18.940000534057617,18.860000610351562,18.889999389648438,18.459012985229492,53800
2024-05-22,18.760000228881836,18.850000381469727,18.760000228881836,18.780000686645508,18.45999526977539,35800
2024-05-23,18.780000686645508,18.81999969482422,18.549999237060547,18.549999237060547,18.23391342163086,51700
2024-05-24,18.639999389648438,18.739999771118164,18.59000015258789,18.68000030517578,18.361698150634766,31600
2024-05-28,18.649999618530273,18.690000534057617,18.5,18.520000457763672,18.204425811767578,57600
2024-05-29,18.479999542236328,18.479999542236328,18.260000228881836,18.34000015258789,18.02749252319336,54000
2024-05-30,18.350000381469727,18.459999084472656,18.299999237060547,18.459999084472656,18.14544677734375,59000
2024-05-31,18.479999542236328,18.68000030517578,18.479999542236328,18.65999984741211,18.342041015625,49600
2024-06-03,18.639999389648438,18.760000228881836,18.6299991607666,18.690000534057617,18.37152862548828,65300
2024-06-04,18.649999618530273,18.809999465942383,18.649999618530273,18.729999542236328,18.410846710205078,55800
2024-06-05,18.790000915527344,18.8799991607666,18.729999542236328,18.799999237060547,18.47965431213379,34700
2024-06-06,18.790000915527344,18.860000610351562,18.729999542236328,18.829999923706055,18.509143829345703,37100
2024-06-07,18.780000686645508,18.81999969482422,18.760000228881836,18.799999237060547,18.47965431213379,31500
2024-06-10,18.829999923706055,18.860000610351562,18.760000228881836,18.799999237060547,18.47965431213379,69800
2024-06-11,18.799999237060547,18.8799991607666,18.770000457763672,18.84000015258789,18.518972396850586,35200
2024-06-12,18.899999618530273,19.200000762939453,18.8700008392334,18.979999542236328,18.656587600708008,98900
2024-06-13,19.0,19.06999969482422,18.860000610351562,18.8799991607666,18.558290481567383,69400
2024-06-14,18.829999923706055,18.93000030517578,18.790000915527344,18.790000915527344,18.469825744628906,39200
2024-06-17,18.8700008392334,18.899999618530273,18.770000457763672,18.809999465942383,18.489484786987305,60600
2024-06-18,18.850000381469727,18.93000030517578,18.850000381469727,18.8799991607666,18.558290481567383,30500
2024-06-20,18.84000015258789,18.889999389648438,18.780000686645508,18.850000381469727,18.5288028717041,44000
2024-06-21,18.760000228881836,18.809999465942383,18.639999389648438,18.799999237060547,18.5891170501709,37600
2024-06-24,18.809999465942383,18.899999618530273,18.799999237060547,18.850000381469727,18.63855743408203,60400
2024-06-25,18.920000076293945,18.979999542236328,18.8799991607666,18.93000030517578,18.717660903930664,59800
2024-06-26,18.950000762939453,18.969999313354492,18.8799991607666,18.93000030517578,18.717660903930664,40600
2024-06-27,18.989999771118164,19.079999923706055,18.959999084472656,19.0,18.786874771118164,52400
2024-06-28,19.139999389648438,19.229999542236328,19.100000381469727,19.200000762939453,18.98463249206543,70200
2024-07-01,19.190000534057617,19.219999313354492,18.889999389648438,18.979999542236328,18.767099380493164,99700
2024-07-02,19.0,19.149999618530273,19.0,19.149999618530273,18.935190200805664,40700
2024-07-03,19.149999618530273,19.270000457763672,19.139999389648438,19.260000228881836,19.043956756591797,33400
2024-07-05,19.329999923706055,19.3799991607666,19.270000457763672,19.290000915527344,19.07362174987793,45500
2024-07-08,19.280000686645508,19.3799991607666,19.200000762939453,19.299999237060547,19.08350944519043,62600
2024-07-09,19.360000610351562,19.3799991607666,19.280000686645508,19.3700008392334,19.152725219726562,65500
2024-07-10,19.3799991607666,19.510000228881836,19.3700008392334,19.479999542236328,19.261489868164062,40000
2024-07-11,19.559999465942383,19.700000762939453,19.549999237060547,19.6299991607666,19.409805297851562,54500
2024-07-12,19.739999771118164,19.75,19.559999465942383,19.559999465942383,19.340591430664062,74200
2024-07-15,19.600000381469727,19.65999984741211,19.450000762939453,19.5,19.281265258789062,52200
2024-07-16,19.5,19.639999389648438,19.5,19.610000610351562,19.390031814575195,38500
2024-07-17,19.530000686645508,19.65999984741211,19.530000686645508,19.59000015258789,19.370256423950195,29500
2024-07-18,19.579999923706055,19.670000076293945,19.530000686645508,19.549999237060547,19.330703735351562,55900
2024-07-19,19.549999237060547,19.579999923706055,19.40999984741211,19.459999084472656,19.241714477539062,36100
2024-07-22,19.530000686645508,19.65999984741211,19.530000686645508,19.579999923706055,19.360366821289062,35600
2024-07-23,19.579999923706055,19.65999984741211,19.559999465942383,19.65999984741211,19.439470291137695,40200
2024-07-24,19.600000381469727,19.790000915527344,19.5,19.56999969482422,19.46035385131836,77900
2024-07-25,19.59000015258789,19.649999618530273,19.5,19.510000228881836,19.40069007873535,49600
2024-07-26,19.649999618530273,19.649999618530273,19.549999237060547,19.559999465942383,19.450408935546875,35500
2024-07-29,19.649999618530273,19.649999618530273,19.559999465942383,19.600000381469727,19.49018669128418,49400
2024-07-30,19.68000030517578,19.75,19.6200008392334,19.690000534057617,19.579681396484375,58200
2024-07-31,19.799999237060547,19.889999389648438,19.709999084472656,19.8700008392334,19.7586727142334,74800
2024-08-01,20.0,20.0,19.610000610351562,19.809999465942383,19.69900894165039,88500
2024-08-02,19.84000015258789,19.8799991607666,19.5,19.719999313354492,19.609512329101562,102900
2024-08-05,19.5,19.5,19.270000457763672,19.3799991607666,19.27141761779785,96000
2024-08-06,19.520000457763672,19.520000457763672,19.329999923706055,19.440000534057617,19.331083297729492,95300
2024-08-07,19.479999542236328,19.65999984741211,19.3700008392334,19.420000076293945,19.311193466186523,61500
2024-08-08,19.59000015258789,19.59000015258789,19.450000762939453,19.479999542236328,19.37085723876953,32000
2024-08-09,19.600000381469727,19.600000381469727,19.399999618530273,19.40999984741211,19.301250457763672,48600
2024-08-12,19.5,19.549999237060547,19.399999618530273,19.530000686645508,19.420578002929688,38000
2024-08-13,19.600000381469727,19.709999084472656,19.579999923706055,19.65999984741211,19.549848556518555,52100
2024-08-14,19.649999618530273,19.719999313354492,19.56999969482422,19.579999923706055,19.47029685974121,54300
2024-08-15,19.700000762939453,19.719999313354492,19.540000915527344,19.670000076293945,19.55979347229004,72600
2024-08-16,19.610000610351562,19.829999923706055,19.610000610351562,19.829999923706055,19.718896865844727,50000
2024-08-19,19.899999618530273,19.899999618530273,19.770000457763672,19.84000015258789,19.72884178161621,92800
2024-08-20,19.8799991607666,19.920000076293945,19.770000457763672,19.850000381469727,19.738784790039062,68800
2024-08-21,19.920000076293945,20.059999465942383,19.850000381469727,20.059999465942383,19.947607040405273,82300
2024-08-22,20.09000015258789,20.09000015258789,19.93000030517578,19.989999771118164,19.878000259399414,50500
2024-08-23,19.969999313354492,20.09000015258789,19.920000076293945,20.020000457763672,20.020000457763672,60700
2024-08-26,19.959999084472656,20.0,19.90999984741211,19.979999542236328,19.979999542236328,96500
2024-08-27,19.979999542236328,20.100000381469727,19.940000534057617,20.079999923706055,20.079999923706055,45000
2024-08-28,20.1299991607666,20.190000534057617,20.049999237060547,20.170000076293945,20.170000076293945,44600
2024-08-29,20.149999618530273,20.329999923706055,20.149999618530273,20.329999923706055,20.329999923706055,73800
2024-08-30,20.3799991607666,20.469999313354492,20.31999969482422,20.420000076293945,20.420000076293945,55400
2024-09-03,20.420000076293945,20.56999969482422,20.420000076293945,20.489999771118164,20.489999771118164,90600
2024-09-04,20.450000762939453,20.489999771118164,20.329999923706055,20.469999313354492,20.469999313354492,56600
2024-09-05,20.440000534057617,20.540000915527344,20.440000534057617,20.540000915527344,20.540000915527344,48100
2024-09-06,20.469999313354492,20.610000610351562,20.469999313354492,20.510000228881836,20.510000228881836,108700
