Date,Open,High,Low,Close,Adj Close,Volume
2003-11-20,15.0,15.350000381469727,15.0,15.25,3.9852523803710938,115000
2003-11-21,15.149999618530273,15.220000267028809,15.069999694824219,15.079999923706055,3.9408254623413086,41200
2003-11-24,15.09000015258789,15.09000015258789,14.949999809265137,15.029999732971191,3.927762031555176,148500
2003-11-25,15.069999694824219,15.069999694824219,14.989999771118164,15.0,3.9199211597442627,95800
2003-11-26,14.979999542236328,15.0,14.979999542236328,14.989999771118164,3.9173073768615723,48000
2003-11-28,15.0,15.0,14.949999809265137,14.949999809265137,3.9068541526794434,7600
2003-12-01,15.0,15.010000228881836,14.949999809265137,15.0,3.9199211597442627,84700
2003-12-02,15.100000381469727,15.300000190734863,15.050000190734863,15.149999618530273,3.9591176509857178,27700
2003-12-03,15.149999618530273,15.300000190734863,15.100000381469727,15.25,3.9852523803710938,50700
2003-12-04,15.199999809265137,15.25,15.09000015258789,15.25,3.9852523803710938,15200
2003-12-05,15.300000190734863,15.300000190734863,15.260000228881836,15.270000457763672,3.9904820919036865,23100
2003-12-08,15.369999885559082,15.390000343322754,15.270000457763672,15.329999923706055,4.006156921386719,33600
2003-12-09,15.329999923706055,15.399999618530273,15.0,15.100000381469727,3.946056365966797,25100
2003-12-10,15.130000114440918,15.350000381469727,15.130000114440918,15.300000190734863,3.998321294784546,20700
2003-12-11,15.199999809265137,15.300000190734863,15.050000190734863,15.300000190734863,3.998321294784546,29100
2003-12-12,15.300000190734863,15.300000190734863,15.149999618530273,15.25,3.9852523803710938,17100
2003-12-15,15.350000381469727,15.350000381469727,15.199999809265137,15.300000190734863,3.998321294784546,27400
2003-12-16,15.199999809265137,15.300000190734863,15.109999656677246,15.25,3.9852523803710938,14600
2003-12-17,15.25,15.25,15.0,15.0,3.9199211597442627,77900
2003-12-18,15.010000228881836,15.149999618530273,15.0,15.0,3.9199211597442627,141500
2003-12-19,15.039999961853027,15.050000190734863,15.010000228881836,15.010000228881836,3.9225363731384277,47100
2003-12-22,15.0,15.050000190734863,15.0,15.039999961853027,3.930375576019287,101900
2003-12-23,15.0600004196167,15.220000267028809,15.020000457763672,15.180000305175781,3.9669604301452637,29900
2003-12-24,15.079999923706055,15.079999923706055,15.0,15.039999961853027,3.930375576019287,52900
2003-12-26,15.039999961853027,15.050000190734863,15.0,15.0,3.9199211597442627,34300
2003-12-29,15.100000381469727,15.100000381469727,15.010000228881836,15.100000381469727,3.946056365966797,24400
2003-12-30,15.149999618530273,15.149999618530273,15.0,15.069999694824219,3.9382128715515137,27600
2003-12-31,15.050000190734863,15.300000190734863,15.0,15.25,3.9852523803710938,24700
2004-01-02,15.220000267028809,15.220000267028809,15.0,15.020000457763672,3.925149917602539,64900
2004-01-05,15.050000190734863,15.050000190734863,15.010000228881836,15.010000228881836,3.9225363731384277,20200
2004-01-06,15.010000228881836,15.100000381469727,15.0,15.039999961853027,3.930375576019287,51600
2004-01-07,15.050000190734863,15.079999923706055,15.0,15.079999923706055,3.9408254623413086,26400
2004-01-08,15.020000457763672,15.130000114440918,15.010000228881836,15.0600004196167,3.935600996017456,20900
2004-01-09,15.100000381469727,15.1899995803833,15.050000190734863,15.09000015258789,3.9434397220611572,67700
2004-01-12,15.100000381469727,15.25,15.100000381469727,15.25,3.9852523803710938,70900
2004-01-13,15.199999809265137,15.300000190734863,15.15999984741211,15.180000305175781,3.9669604301452637,115200
2004-01-14,15.1899995803833,15.229999542236328,15.109999656677246,15.109999656677246,3.9719555377960205,151900
2004-01-15,15.199999809265137,15.199999809265137,15.100000381469727,15.149999618530273,3.9824671745300293,57000
2004-01-16,15.15999984741211,15.239999771118164,15.149999618530273,15.199999809265137,3.995612859725952,58300
2004-01-20,15.220000267028809,15.279999732971191,15.100000381469727,15.210000038146973,3.998244047164917,57900
2004-01-21,15.239999771118164,15.25,15.09000015258789,15.229999542236328,4.003498077392578,87800
2004-01-22,15.229999542236328,15.25,15.140000343322754,15.15999984741211,3.9850974082946777,63000
2004-01-23,15.220000267028809,15.399999618530273,15.210000038146973,15.300000190734863,4.021902561187744,53800
2004-01-26,15.260000228881836,15.279999732971191,15.1899995803833,15.25,4.008756160736084,51400
2004-01-27,15.25,15.25,15.100000381469727,15.170000076293945,3.987725257873535,50600
2004-01-28,15.1899995803833,15.239999771118164,15.130000114440918,15.170000076293945,3.987725257873535,21200
2004-01-29,15.270000457763672,15.289999961853027,15.0600004196167,15.119999885559082,3.974581241607666,46500
2004-01-30,15.15999984741211,15.34000015258789,15.119999885559082,15.34000015258789,4.032415866851807,25800
2004-02-02,15.369999885559082,15.5,15.25,15.350000381469727,4.035040855407715,58100
2004-02-03,15.390000343322754,15.390000343322754,15.25,15.3100004196167,4.024527549743652,77600
2004-02-04,15.279999732971191,15.390000343322754,15.270000457763672,15.380000114440918,4.042932033538818,29300
2004-02-05,15.380000114440918,15.380000114440918,15.25,15.25,4.008756160736084,65600
2004-02-06,15.25,15.34000015258789,15.25,15.34000015258789,4.032415866851807,47400
2004-02-09,15.329999923706055,15.399999618530273,15.300000190734863,15.380000114440918,4.042932033538818,12100
2004-02-10,15.359999656677246,15.399999618530273,15.279999732971191,15.399999618530273,4.048189163208008,33400
2004-02-11,15.350000381469727,15.390000343322754,15.25,15.359999656677246,4.061142444610596,67600
2004-02-12,15.34000015258789,15.34000015258789,15.25,15.25,4.032059192657471,51900
2004-02-13,15.300000190734863,15.34000015258789,15.210000038146973,15.3100004196167,4.047919750213623,28900
2004-02-17,15.359999656677246,15.390000343322754,15.199999809265137,15.25,4.032059192657471,48700
2004-02-18,15.279999732971191,15.369999885559082,15.260000228881836,15.279999732971191,4.039991855621338,35500
2004-02-19,15.279999732971191,15.34000015258789,15.239999771118164,15.300000190734863,4.045279502868652,54600
2004-02-20,15.239999771118164,15.329999923706055,15.210000038146973,15.260000228881836,4.034703254699707,35300
2004-02-23,15.260000228881836,15.279999732971191,15.079999923706055,15.15999984741211,4.008261203765869,71200
2004-02-24,15.170000076293945,15.170000076293945,15.020000457763672,15.100000381469727,3.992398500442505,62600
2004-02-25,15.079999923706055,15.109999656677246,15.050000190734863,15.100000381469727,3.992398500442505,34200
2004-02-26,15.100000381469727,15.199999809265137,15.09000015258789,15.199999809265137,4.018840312957764,28700
2004-02-27,15.220000267028809,15.270000457763672,15.119999885559082,15.25,4.032059192657471,49400
2004-03-01,15.25,15.260000228881836,15.130000114440918,15.199999809265137,4.018840312957764,33600
2004-03-02,15.15999984741211,15.239999771118164,15.15999984741211,15.239999771118164,4.029413223266602,16400
2004-03-03,15.25,15.319999694824219,15.1899995803833,15.319999694824219,4.050565719604492,26700
2004-03-04,15.319999694824219,15.390000343322754,15.270000457763672,15.329999923706055,4.053208351135254,56400
2004-03-05,15.399999618530273,15.399999618530273,15.319999694824219,15.390000343322754,4.0690741539001465,43300
2004-03-08,15.5,15.600000381469727,15.399999618530273,15.399999618530273,4.071719646453857,52600
2004-03-09,15.520000457763672,15.550000190734863,15.420000076293945,15.430000305175781,4.079649925231934,45300
2004-03-10,15.430000305175781,15.550000190734863,15.390000343322754,15.449999809265137,4.084938049316406,67800
2004-03-11,15.449999809265137,15.529999732971191,15.449999809265137,15.529999732971191,4.129878044128418,35900
2004-03-12,15.479999542236328,15.600000381469727,15.460000038146973,15.59000015258789,4.145834922790527,42200
2004-03-15,15.59000015258789,15.59000015258789,15.479999542236328,15.59000015258789,4.145834922790527,56300
2004-03-16,15.600000381469727,15.619999885559082,15.479999542236328,15.569999694824219,4.1405181884765625,79800
2004-03-17,15.569999694824219,15.699999809265137,15.5600004196167,15.600000381469727,4.148494243621826,60000
2004-03-18,15.640000343322754,15.640000343322754,15.510000228881836,15.520000457763672,4.127219200134277,61200
2004-03-19,15.5600004196167,15.59000015258789,15.4399995803833,15.460000038146973,4.111264705657959,52600
2004-03-22,15.460000038146973,15.510000228881836,15.350000381469727,15.510000228881836,4.124561786651611,45800
2004-03-23,15.529999732971191,15.529999732971191,15.399999618530273,15.489999771118164,4.119240760803223,46900
2004-03-24,15.5,15.5,15.390000343322754,15.449999809265137,4.108606338500977,76900
2004-03-25,15.460000038146973,15.470000267028809,15.350000381469727,15.470000267028809,4.113921165466309,46300
2004-03-26,15.470000267028809,15.489999771118164,15.390000343322754,15.449999809265137,4.108606338500977,73800
2004-03-29,15.449999809265137,15.550000190734863,15.449999809265137,15.5,4.121901512145996,28900
2004-03-30,15.520000457763672,15.550000190734863,15.449999809265137,15.550000190734863,4.135200023651123,73600
2004-03-31,15.569999694824219,15.699999809265137,15.5,15.550000190734863,4.135200023651123,69900
2004-04-01,15.59000015258789,15.600000381469727,15.5,15.520000457763672,4.127219200134277,29000
2004-04-02,15.5,15.5,15.34000015258789,15.350000381469727,4.082013130187988,84100
2004-04-05,15.279999732971191,15.3100004196167,14.949999809265137,15.039999961853027,3.999575138092041,94800
2004-04-06,15.100000381469727,15.210000038146973,14.699999809265137,14.9399995803833,3.9729809761047363,87200
2004-04-07,15.039999961853027,15.050000190734863,14.949999809265137,15.050000190734863,4.002234935760498,48000
2004-04-08,15.050000190734863,15.0600004196167,14.899999618530273,15.0,3.9889376163482666,58600
2004-04-12,14.960000038146973,15.010000228881836,14.800000190734863,14.989999771118164,3.986279010772705,59500
2004-04-13,14.949999809265137,14.949999809265137,14.420000076293945,14.619999885559082,3.911104679107666,116600
2004-04-14,14.710000038146973,14.710000038146973,14.359999656677246,14.359999656677246,3.841552495956421,53400
2004-04-15,14.300000190734863,14.550000190734863,14.300000190734863,14.390000343322754,3.849573850631714,49500
2004-04-16,14.460000038146973,14.5,14.350000381469727,14.5,3.8790040016174316,35100
2004-04-19,14.449999809265137,14.739999771118164,14.449999809265137,14.699999809265137,3.932507276535034,59300
2004-04-20,14.699999809265137,14.699999809265137,14.350000381469727,14.399999618530273,3.8522512912750244,33100
2004-04-21,14.5,14.640000343322754,14.25,14.300000190734863,3.8254997730255127,42800
2004-04-22,14.399999618530273,14.399999618530273,14.119999885559082,14.279999732971191,3.8201510906219482,22000
2004-04-23,14.199999809265137,14.329999923706055,14.050000190734863,14.239999771118164,3.8094470500946045,58000
2004-04-26,14.1899995803833,14.399999618530273,13.800000190734863,13.979999542236328,3.739893674850464,82200
2004-04-27,14.079999923706055,14.1899995803833,13.609999656677246,13.609999656677246,3.640915632247925,92700
2004-04-28,13.6899995803833,13.800000190734863,13.600000381469727,13.75,3.6783645153045654,66800
2004-04-29,13.850000381469727,14.300000190734863,13.850000381469727,14.149999618530273,3.7853715419769287,46600
2004-04-30,14.25,14.449999809265137,14.100000381469727,14.100000381469727,3.77199649810791,37400
2004-05-03,14.25,14.399999618530273,13.90999984741211,14.130000114440918,3.7800233364105225,50200
2004-05-04,14.199999809265137,14.479999542236328,14.0,14.199999809265137,3.79874849319458,47600
2004-05-05,14.289999961853027,14.460000038146973,14.199999809265137,14.350000381469727,3.8388776779174805,38600
2004-05-06,14.350000381469727,14.5,14.100000381469727,14.279999732971191,3.8201510906219482,62500
2004-05-07,14.289999961853027,14.5,13.75,14.25,3.812124729156494,51300
2004-05-10,14.300000190734863,14.5,13.600000381469727,13.850000381469727,3.7051172256469727,62700
2004-05-11,13.979999542236328,14.180000305175781,13.670000076293945,13.829999923706055,3.699765205383301,58000
2004-05-12,13.800000190734863,13.850000381469727,13.510000228881836,13.680000305175781,3.6833407878875732,43500
2004-05-13,13.600000381469727,13.640000343322754,13.510000228881836,13.59000015258789,3.659111499786377,26000
2004-05-14,13.600000381469727,13.739999771118164,13.569999694824219,13.649999618530273,3.6752614974975586,29000
2004-05-17,13.720000267028809,13.949999809265137,13.609999656677246,13.869999885559082,3.734499216079712,35800
2004-05-18,13.800000190734863,14.0,13.789999961853027,13.930000305175781,3.7506561279296875,29300
2004-05-19,13.9399995803833,13.989999771118164,12.800000190734863,13.699999809265137,3.6887271404266357,28200
2004-05-20,13.699999809265137,13.789999961853027,13.609999656677246,13.609999656677246,3.664496421813965,39200
2004-05-21,13.600000381469727,13.850000381469727,13.350000381469727,13.649999618530273,3.6752614974975586,47100
2004-05-24,13.600000381469727,13.800000190734863,13.569999694824219,13.65999984741211,3.6779561042785645,28100
2004-05-25,13.630000114440918,13.800000190734863,13.4399995803833,13.600000381469727,3.6618030071258545,63500
2004-05-26,13.550000190734863,13.640000343322754,13.399999618530273,13.510000228881836,3.637570858001709,72500
2004-05-27,13.479999542236328,13.619999885559082,13.4399995803833,13.600000381469727,3.6618030071258545,31100
2004-05-28,13.649999618530273,13.84000015258789,13.649999618530273,13.84000015258789,3.726423501968384,28700
2004-06-01,13.9399995803833,13.949999809265137,13.770000457763672,13.800000190734863,3.7156524658203125,19000
2004-06-02,13.869999885559082,13.9399995803833,13.84000015258789,13.890000343322754,3.73988676071167,27500
2004-06-03,13.859999656677246,14.149999618530273,13.859999656677246,14.149999618530273,3.8098907470703125,53000
2004-06-04,14.109999656677246,14.350000381469727,14.109999656677246,14.220000267028809,3.8287367820739746,12000
2004-06-07,14.229999542236328,14.350000381469727,14.199999809265137,14.350000381469727,3.863741636276245,30800
2004-06-08,14.260000228881836,14.479999542236328,14.229999542236328,14.34000015258789,3.8610479831695557,34700
2004-06-09,14.369999885559082,14.449999809265137,14.289999961853027,14.289999961853027,3.847586154937744,42200
2004-06-10,14.239999771118164,14.300000190734863,13.9399995803833,14.069999694824219,3.788349151611328,37800
2004-06-14,13.880000114440918,13.979999542236328,13.59000015258789,13.75,3.725757122039795,27900
2004-06-15,13.779999732971191,14.0,13.729999542236328,13.789999961853027,3.7365968227386475,42300
2004-06-16,13.800000190734863,13.979999542236328,13.649999618530273,13.699999809265137,3.7122080326080322,17000
2004-06-17,13.75,13.800000190734863,13.470000267028809,13.539999961853027,3.668858289718628,64600
2004-06-18,13.640000343322754,13.979999542236328,13.619999885559082,13.75,3.725757122039795,18400
2004-06-21,13.859999656677246,13.90999984741211,13.579999923706055,13.649999618530273,3.698657274246216,30300
2004-06-22,13.649999618530273,13.890000343322754,13.489999771118164,13.579999923706055,3.679694890975952,30700
2004-06-23,13.600000381469727,13.619999885559082,13.3100004196167,13.350000381469727,3.6173722743988037,75700
2004-06-24,13.4399995803833,13.489999771118164,13.34000015258789,13.380000114440918,3.625501871109009,31100
2004-06-25,13.369999885559082,13.489999771118164,13.359999656677246,13.449999809265137,3.644465923309326,43200
2004-06-28,13.460000038146973,13.569999694824219,13.399999618530273,13.569999694824219,3.676983594894409,61700
2004-06-29,13.520000457763672,13.75,13.40999984741211,13.75,3.725757122039795,13000
2004-06-30,13.84000015258789,14.350000381469727,13.670000076293945,14.350000381469727,3.888336658477783,37500
2004-07-01,14.329999923706055,14.380000114440918,13.899999618530273,14.289999961853027,3.872081995010376,29700
2004-07-02,14.25,14.34000015258789,14.199999809265137,14.300000190734863,3.874786615371704,17700
2004-07-06,14.300000190734863,14.300000190734863,14.050000190734863,14.0600004196167,3.8097572326660156,12000
2004-07-07,14.140000343322754,14.260000228881836,13.949999809265137,14.0600004196167,3.8097572326660156,24900
2004-07-08,14.149999618530273,14.220000267028809,14.149999618530273,14.199999809265137,3.8476901054382324,21500
2004-07-09,14.149999618530273,14.270000457763672,14.149999618530273,14.199999809265137,3.8476901054382324,21000
2004-07-12,14.270000457763672,14.319999694824219,14.149999618530273,14.319999694824219,3.880206823348999,25600
2004-07-13,14.289999961853027,14.380000114440918,14.25,14.319999694824219,3.9044721126556396,64200
2004-07-14,14.390000343322754,14.4399995803833,14.289999961853027,14.350000381469727,3.9126534461975098,24600
2004-07-15,14.399999618530273,14.520000457763672,14.229999542236328,14.489999771118164,3.9508256912231445,34800
2004-07-16,14.449999809265137,14.510000228881836,14.40999984741211,14.510000228881836,3.9562809467315674,8900
2004-07-19,14.569999694824219,14.75,14.550000190734863,14.550000190734863,3.9671847820281982,37200
2004-07-20,14.529999732971191,14.800000190734863,14.5,14.569999694824219,3.9726383686065674,37700
2004-07-21,14.550000190734863,14.550000190734863,14.199999809265137,14.220000267028809,3.8772053718566895,29600
2004-07-22,14.25,14.25,13.970000267028809,14.029999732971191,3.8254032135009766,48000
2004-07-23,14.079999923706055,14.210000038146973,14.020000457763672,14.140000343322754,3.8553974628448486,22200
2004-07-26,14.149999618530273,14.289999961853027,14.100000381469727,14.289999961853027,3.8962960243225098,29200
2004-07-27,14.289999961853027,14.699999809265137,14.199999809265137,14.329999923706055,3.907198190689087,50800
2004-07-28,14.359999656677246,14.550000190734863,14.289999961853027,14.5,3.9535529613494873,25300
2004-07-29,14.5,14.5,14.300000190734863,14.399999618530273,3.926286220550537,28900
2004-07-30,14.550000190734863,14.600000381469727,14.510000228881836,14.529999732971191,3.961730480194092,22300
2004-08-02,14.5600004196167,14.699999809265137,14.350000381469727,14.350000381469727,3.9126534461975098,26300
2004-08-03,14.399999618530273,14.4399995803833,14.350000381469727,14.430000305175781,3.93446683883667,28300
2004-08-04,14.399999618530273,14.470000267028809,14.34000015258789,14.470000267028809,3.94537353515625,19000
2004-08-05,14.420000076293945,14.569999694824219,14.40999984741211,14.539999961853027,3.9644575119018555,16100
2004-08-06,14.59000015258789,14.59000015258789,14.460000038146973,14.460000038146973,3.942645311355591,17400
2004-08-09,14.539999961853027,14.59000015258789,14.40999984741211,14.489999771118164,3.9508256912231445,32100
2004-08-10,14.5,14.5600004196167,14.399999618530273,14.550000190734863,3.9671847820281982,38200
2004-08-11,14.539999961853027,14.550000190734863,14.380000114440918,14.510000228881836,3.9806289672851562,8900
2004-08-12,14.489999771118164,14.680000305175781,14.479999542236328,14.680000305175781,4.0272626876831055,36000
2004-08-13,14.630000114440918,14.75,14.600000381469727,14.75,4.046468734741211,32800
2004-08-16,14.75,14.84000015258789,14.649999618530273,14.760000228881836,4.049213409423828,39400
2004-08-17,14.800000190734863,14.84000015258789,14.600000381469727,14.609999656677246,4.008059978485107,35200
2004-08-18,14.600000381469727,14.699999809265137,14.470000267028809,14.630000114440918,4.013547420501709,42400
2004-08-19,14.529999732971191,14.609999656677246,14.529999732971191,14.600000381469727,4.0053181648254395,15100
2004-08-20,14.609999656677246,14.609999656677246,14.399999618530273,14.539999961853027,3.9888570308685303,43000
2004-08-23,14.510000228881836,14.550000190734863,14.449999809265137,14.510000228881836,3.9806289672851562,30400
2004-08-24,14.449999809265137,14.520000457763672,14.399999618530273,14.460000038146973,3.9669108390808105,26900
2004-08-25,14.460000038146973,14.600000381469727,14.460000038146973,14.600000381469727,4.0053181648254395,18400
2004-08-26,14.609999656677246,14.649999618530273,14.5,14.609999656677246,4.008059978485107,33900
2004-08-27,14.649999618530273,14.65999984741211,14.600000381469727,14.640000343322754,4.01629114151001,17900
2004-08-30,14.640000343322754,14.75,14.609999656677246,14.720000267028809,4.038235187530518,63500
2004-08-31,14.649999618530273,14.850000381469727,14.640000343322754,14.710000038146973,4.035496711730957,37300
2004-09-01,14.8100004196167,14.899999618530273,14.739999771118164,14.789999961853027,4.0574421882629395,37600
2004-09-02,14.800000190734863,14.979999542236328,14.6899995803833,14.760000228881836,4.049213409423828,17900
2004-09-03,14.789999961853027,14.850000381469727,14.699999809265137,14.710000038146973,4.035496711730957,30900
2004-09-07,14.8100004196167,14.899999618530273,14.789999961853027,14.899999618530273,4.08762264251709,30100
2004-09-08,14.899999618530273,14.979999542236328,14.829999923706055,14.949999809265137,4.101334571838379,60800
2004-09-09,14.949999809265137,14.979999542236328,14.640000343322754,14.75,4.046468734741211,78700
2004-09-10,14.75,14.920000076293945,14.729999542236328,14.819999694824219,4.065675258636475,44100
2004-09-13,14.670000076293945,14.770000457763672,14.630000114440918,14.649999618530273,4.043317794799805,36400
2004-09-14,14.600000381469727,14.720000267028809,14.600000381469727,14.630000114440918,4.0377960205078125,49200
2004-09-15,14.670000076293945,14.6899995803833,14.569999694824219,14.649999618530273,4.043317794799805,46400
2004-09-16,14.630000114440918,14.789999961853027,14.619999885559082,14.699999809265137,4.057115077972412,48000
2004-09-17,14.75,14.779999732971191,14.630000114440918,14.710000038146973,4.059875965118408,35300
2004-09-20,14.670000076293945,14.770000457763672,14.670000076293945,14.710000038146973,4.059875965118408,52400
2004-09-21,14.75,14.8100004196167,14.680000305175781,14.739999771118164,4.068157196044922,57900
2004-09-22,14.75,14.770000457763672,14.670000076293945,14.770000457763672,4.076436996459961,76100
2004-09-23,14.75,14.800000190734863,14.699999809265137,14.800000190734863,4.084716320037842,35900
2004-09-24,14.760000228881836,14.880000114440918,14.760000228881836,14.880000114440918,4.106794834136963,32700
2004-09-27,14.800000190734863,14.949999809265137,14.800000190734863,14.859999656677246,4.101278781890869,35800
2004-09-28,14.890000343322754,14.989999771118164,14.850000381469727,14.90999984741211,4.115075588226318,63500
2004-09-29,14.90999984741211,14.979999542236328,14.800000190734863,14.920000076293945,4.117834091186523,40300
2004-09-30,15.0,15.0,14.75,14.789999961853027,4.081955432891846,27000
2004-10-01,14.789999961853027,14.970000267028809,14.789999961853027,14.869999885559082,4.104036331176758,56800
2004-10-04,14.899999618530273,14.989999771118164,14.800000190734863,14.899999618530273,4.112317085266113,30100
2004-10-05,14.880000114440918,14.989999771118164,14.819999694824219,14.899999618530273,4.112317085266113,33900
2004-10-06,14.949999809265137,14.970000267028809,14.84000015258789,14.850000381469727,4.098514080047607,28900
2004-10-07,14.899999618530273,15.0,14.850000381469727,14.890000343322754,4.109553813934326,35200
2004-10-08,14.899999618530273,15.0,14.899999618530273,14.989999771118164,4.137154579162598,41200
2004-10-11,15.0,15.020000457763672,14.920000076293945,14.979999542236328,4.13439416885376,21600
2004-10-12,14.989999771118164,15.020000457763672,14.9399995803833,15.0,4.139915943145752,18200
2004-10-13,14.930000305175781,15.0,14.920000076293945,14.930000305175781,4.145193099975586,17500
2004-10-14,15.0,15.029999732971191,14.899999618530273,14.970000267028809,4.1562957763671875,23600
2004-10-15,15.0,15.010000228881836,14.899999618530273,15.0,4.164625644683838,10600
2004-10-18,15.010000228881836,15.010000228881836,14.90999984741211,14.90999984741211,4.1396379470825195,13500
2004-10-19,14.90999984741211,15.039999961853027,14.899999618530273,15.0,4.164625644683838,63700
2004-10-20,15.0,15.010000228881836,14.850000381469727,14.989999771118164,4.161848068237305,45100
2004-10-21,14.989999771118164,15.010000228881836,14.90999984741211,15.0,4.164625644683838,18500
2004-10-22,14.9399995803833,15.050000190734863,14.899999618530273,14.979999542236328,4.159071922302246,28200
2004-10-25,14.989999771118164,15.010000228881836,14.920000076293945,14.949999809265137,4.150744438171387,28900
2004-10-26,14.949999809265137,15.050000190734863,14.920000076293945,14.949999809265137,4.150744438171387,52100
2004-10-27,14.850000381469727,15.0,14.75,15.0,4.164625644683838,57200
2004-10-28,14.949999809265137,15.0,14.859999656677246,14.979999542236328,4.159071922302246,25100
2004-10-29,15.010000228881836,15.050000190734863,14.899999618530273,15.039999961853027,4.175727844238281,24200
2004-11-01,15.050000190734863,15.0600004196167,14.960000038146973,15.050000190734863,4.178506851196289,19400
2004-11-02,15.100000381469727,15.15999984741211,15.010000228881836,15.15999984741211,4.209049224853516,66700
2004-11-03,15.039999961853027,15.149999618530273,15.020000457763672,15.050000190734863,4.178506851196289,25100
2004-11-04,15.180000305175781,15.210000038146973,15.050000190734863,15.079999923706055,4.186836242675781,26700
2004-11-05,14.989999771118164,15.140000343322754,14.760000228881836,14.859999656677246,4.125757217407227,69000
2004-11-08,14.949999809265137,14.949999809265137,14.800000190734863,14.800000190734863,4.109094619750977,50200
2004-11-09,14.699999809265137,15.0,14.670000076293945,14.729999542236328,4.089662075042725,49600
2004-11-10,14.649999618530273,14.770000457763672,14.579999923706055,14.770000457763672,4.125691890716553,34100
2004-11-11,14.65999984741211,14.770000457763672,14.619999885559082,14.770000457763672,4.125691890716553,19400
2004-11-12,14.800000190734863,15.0,14.800000190734863,14.979999542236328,4.184356212615967,13700
2004-11-15,14.989999771118164,15.0,14.90999984741211,15.0,4.18994140625,42000
2004-11-16,14.90999984741211,15.029999732971191,14.899999618530273,14.949999809265137,4.175975799560547,69300
2004-11-17,14.850000381469727,15.029999732971191,14.850000381469727,14.930000305175781,4.1703877449035645,35800
2004-11-18,14.920000076293945,15.029999732971191,14.90999984741211,15.020000457763672,4.195528507232666,40700
2004-11-19,14.920000076293945,15.020000457763672,14.869999885559082,14.890000343322754,4.159214019775391,20500
2004-11-22,14.989999771118164,14.989999771118164,14.84000015258789,14.930000305175781,4.1703877449035645,40400
2004-11-23,14.979999542236328,14.979999542236328,14.800000190734863,14.880000114440918,4.156423091888428,27900
2004-11-24,14.869999885559082,14.90999984741211,14.8100004196167,14.90999984741211,4.164801597595215,35900
2004-11-26,14.9399995803833,14.970000267028809,14.880000114440918,14.880000114440918,4.156423091888428,15500
2004-11-29,14.880000114440918,15.0,14.880000114440918,15.0,4.18994140625,36600
2004-11-30,15.029999732971191,15.100000381469727,14.850000381469727,15.09000015258789,4.215081214904785,63300
2004-12-01,15.079999923706055,15.130000114440918,15.0,15.0,4.18994140625,31000
2004-12-02,15.09000015258789,15.09000015258789,14.850000381469727,15.0,4.18994140625,31000
2004-12-03,15.010000228881836,15.130000114440918,14.960000038146973,15.020000457763672,4.195528507232666,38400
2004-12-06,15.050000190734863,15.09000015258789,14.930000305175781,15.0600004196167,4.206700325012207,20400
2004-12-07,15.079999923706055,15.149999618530273,14.949999809265137,15.0,4.18994140625,33700
2004-12-08,15.069999694824219,15.069999694824219,14.949999809265137,15.0,4.18994140625,14500
2004-12-09,15.0,15.020000457763672,14.970000267028809,14.979999542236328,4.184356212615967,33900
2004-12-10,14.979999542236328,15.0,14.930000305175781,15.0,4.18994140625,15200
2004-12-13,14.739999771118164,14.989999771118164,14.720000267028809,14.850000381469727,4.190221786499023,37700
2004-12-14,14.949999809265137,14.960000038146973,14.75,14.819999694824219,4.181757926940918,42400
2004-12-15,14.90999984741211,14.960000038146973,14.75,14.920000076293945,4.209975719451904,49000
2004-12-16,14.850000381469727,15.0,14.84000015258789,14.949999809265137,4.218438625335693,31500
2004-12-17,14.970000267028809,14.970000267028809,14.850000381469727,14.920000076293945,4.209975719451904,23900
2004-12-20,14.960000038146973,15.0,14.90999984741211,15.0,4.232546806335449,25100
2004-12-21,15.010000228881836,15.010000228881836,14.920000076293945,14.949999809265137,4.218438625335693,25700
2004-12-22,14.979999542236328,15.020000457763672,14.960000038146973,15.0,4.232546806335449,28200
2004-12-23,15.020000457763672,15.020000457763672,14.960000038146973,15.010000228881836,4.235372066497803,29900
2004-12-27,15.0,15.020000457763672,14.949999809265137,15.020000457763672,4.2381911277771,15500
2004-12-28,15.020000457763672,15.020000457763672,15.0,15.010000228881836,4.235372066497803,28700
2004-12-29,15.020000457763672,15.020000457763672,14.979999542236328,15.020000457763672,4.2381911277771,28000
2004-12-30,15.119999885559082,15.1899995803833,15.029999732971191,15.149999618530273,4.274876117706299,28700
2004-12-31,15.149999618530273,15.180000305175781,15.029999732971191,15.180000305175781,4.28333854675293,31900
2005-01-03,15.100000381469727,15.170000076293945,15.069999694824219,15.100000381469727,4.2607645988464355,34000
2005-01-04,15.149999618530273,15.149999618530273,14.899999618530273,15.010000228881836,4.235372066497803,34500
2005-01-05,15.050000190734863,15.079999923706055,14.930000305175781,15.079999923706055,4.255122661590576,46000
2005-01-06,15.09000015258789,15.100000381469727,15.010000228881836,15.010000228881836,4.235372066497803,19100
2005-01-07,15.029999732971191,15.140000343322754,15.029999732971191,15.140000343322754,4.272055149078369,26000
2005-01-10,15.170000076293945,15.180000305175781,15.100000381469727,15.109999656677246,4.263588905334473,22900
2005-01-11,15.170000076293945,15.170000076293945,14.890000343322754,15.0,4.232546806335449,56500
2005-01-12,14.970000267028809,15.0,14.90999984741211,14.949999809265137,4.243618965148926,22800
2005-01-13,15.050000190734863,15.050000190734863,14.890000343322754,14.979999542236328,4.252136707305908,48600
2005-01-14,14.949999809265137,15.100000381469727,14.899999618530273,15.100000381469727,4.286196231842041,25300
2005-01-18,15.149999618530273,15.149999618530273,14.979999542236328,14.979999542236328,4.252136707305908,23900
2005-01-19,15.050000190734863,15.149999618530273,14.90999984741211,14.9399995803833,4.240780830383301,66100
2005-01-20,14.899999618530273,15.010000228881836,14.890000343322754,14.899999618530273,4.229427814483643,27300
2005-01-21,14.949999809265137,15.0,14.899999618530273,14.920000076293945,4.235101699829102,29600
2005-01-24,14.989999771118164,15.0,14.899999618530273,14.960000038146973,4.246459007263184,27200
2005-01-25,14.970000267028809,15.029999732971191,14.899999618530273,14.90999984741211,4.232266426086426,37400
2005-01-26,14.989999771118164,14.989999771118164,14.84000015258789,14.869999885559082,4.220911026000977,61100
2005-01-27,14.920000076293945,15.0,14.829999923706055,14.949999809265137,4.243618965148926,35300
2005-01-28,14.949999809265137,15.029999732971191,14.930000305175781,15.0,4.2578125,15500
2005-01-31,15.100000381469727,15.149999618530273,14.9399995803833,14.949999809265137,4.243618965148926,58700
2005-02-01,15.0,15.0,14.9399995803833,15.0,4.2578125,28100
2005-02-02,15.079999923706055,15.119999885559082,14.989999771118164,15.09000015258789,4.283358573913574,35200
2005-02-03,15.09000015258789,15.140000343322754,15.0,15.119999885559082,4.291871547698975,27200
2005-02-04,15.140000343322754,15.270000457763672,15.130000114440918,15.199999809265137,4.314582347869873,43400
2005-02-07,15.130000114440918,15.319999694824219,15.079999923706055,15.300000190734863,4.3429670333862305,40200
2005-02-08,15.279999732971191,15.470000267028809,15.279999732971191,15.420000076293945,4.377028465270996,28700
2005-02-09,15.420000076293945,15.449999809265137,15.300000190734863,15.34000015258789,4.354321479797363,54200
2005-02-10,15.380000114440918,15.449999809265137,15.289999961853027,15.399999618530273,4.371354103088379,48100
2005-02-11,15.399999618530273,15.399999618530273,15.1899995803833,15.199999809265137,4.339663028717041,36500
2005-02-14,15.300000190734863,15.390000343322754,15.199999809265137,15.300000190734863,4.368215560913086,29600
2005-02-15,15.390000343322754,15.390000343322754,15.239999771118164,15.270000457763672,4.359647750854492,46700
2005-02-16,15.239999771118164,15.350000381469727,15.180000305175781,15.25,4.353937149047852,63200
2005-02-17,15.3100004196167,15.3100004196167,15.140000343322754,15.180000305175781,4.333953380584717,35400
2005-02-18,15.25,15.25,15.069999694824219,15.229999542236328,4.348224639892578,47900
2005-02-22,15.170000076293945,15.239999771118164,15.079999923706055,15.199999809265137,4.339663028717041,38800
2005-02-23,15.199999809265137,15.260000228881836,15.079999923706055,15.100000381469727,4.311110496520996,51900
2005-02-24,15.25,15.25,15.109999656677246,15.25,4.353937149047852,49700
2005-02-25,15.25,15.380000114440918,15.100000381469727,15.359999656677246,4.385340213775635,39800
2005-02-28,15.430000305175781,15.430000305175781,15.270000457763672,15.300000190734863,4.368215560913086,32900
2005-03-01,15.369999885559082,15.369999885559082,15.220000267028809,15.25,4.353937149047852,48500
2005-03-02,15.300000190734863,15.300000190734863,15.1899995803833,15.25,4.353937149047852,34100
2005-03-03,15.239999771118164,15.350000381469727,15.239999771118164,15.319999694824219,4.373920917510986,34900
2005-03-04,15.399999618530273,15.430000305175781,15.300000190734863,15.329999923706055,4.376776218414307,29200
2005-03-07,15.3100004196167,15.420000076293945,15.3100004196167,15.34000015258789,4.379632472991943,39300
2005-03-08,15.350000381469727,15.350000381469727,15.270000457763672,15.300000190734863,4.368215560913086,36800
2005-03-09,15.300000190734863,15.300000190734863,15.100000381469727,15.210000038146973,4.342514991760254,69200
2005-03-10,15.210000038146973,15.279999732971191,15.15999984741211,15.199999809265137,4.339663028717041,31000
2005-03-11,15.069999694824219,15.170000076293945,15.010000228881836,15.109999656677246,4.339373588562012,27400
2005-03-14,15.149999618530273,15.149999618530273,14.920000076293945,14.970000267028809,4.299169540405273,59800
2005-03-15,14.989999771118164,15.079999923706055,14.989999771118164,15.039999961853027,4.319272518157959,43500
2005-03-16,15.0,15.180000305175781,14.90999984741211,14.90999984741211,4.2819366455078125,29000
2005-03-17,14.9399995803833,15.109999656677246,14.9399995803833,15.0,4.307784557342529,18900
2005-03-18,15.0,15.09000015258789,14.9399995803833,15.079999923706055,4.330761432647705,19000
2005-03-21,15.100000381469727,15.1899995803833,14.890000343322754,14.899999618530273,4.2790632247924805,23000
2005-03-22,14.850000381469727,14.930000305175781,14.850000381469727,14.850000381469727,4.264707565307617,50300
2005-03-23,14.84000015258789,14.84000015258789,14.6899995803833,14.699999809265137,4.2216291427612305,43500
2005-03-24,14.670000076293945,14.84000015258789,14.649999618530273,14.819999694824219,4.25609016418457,26900
2005-03-28,14.899999618530273,15.039999961853027,14.6899995803833,14.75,4.235987186431885,29600
2005-03-29,14.800000190734863,15.0,14.619999885559082,14.779999732971191,4.244602203369141,50100
2005-03-30,14.779999732971191,14.880000114440918,14.699999809265137,14.789999961853027,4.2474751472473145,49800
2005-03-31,14.800000190734863,15.09000015258789,14.800000190734863,14.920000076293945,4.284811019897461,57900
2005-04-01,14.920000076293945,15.09000015258789,14.920000076293945,14.930000305175781,4.287679195404053,26500
2005-04-04,14.90999984741211,15.109999656677246,14.90999984741211,15.010000228881836,4.31065559387207,30300
2005-04-05,14.979999542236328,15.079999923706055,14.979999542236328,14.989999771118164,4.304915428161621,14600
2005-04-06,15.0,15.109999656677246,14.90999984741211,15.100000381469727,4.3365044593811035,28400
2005-04-07,15.039999961853027,15.130000114440918,15.039999961853027,15.0600004196167,4.325018405914307,24900
2005-04-08,15.09000015258789,15.100000381469727,15.010000228881836,15.029999732971191,4.316399574279785,20400
2005-04-11,14.920000076293945,15.029999732971191,14.920000076293945,15.0,4.307784557342529,26800
2005-04-12,14.930000305175781,15.050000190734863,14.920000076293945,15.050000190734863,4.322144508361816,19800
2005-04-13,15.050000190734863,15.050000190734863,14.9399995803833,14.949999809265137,4.318964958190918,20000
2005-04-14,15.0,15.050000190734863,14.930000305175781,14.930000305175781,4.313187122344971,41700
2005-04-15,14.930000305175781,15.010000228881836,14.90999984741211,15.0,4.333410739898682,16000
2005-04-18,15.039999961853027,15.039999961853027,14.9399995803833,15.020000457763672,4.339190483093262,22200
2005-04-19,15.020000457763672,15.100000381469727,14.960000038146973,15.0,4.333410739898682,29000
2005-04-20,15.0,15.09000015258789,15.0,15.069999694824219,4.353634357452393,21300
2005-04-21,15.0,15.239999771118164,14.989999771118164,15.15999984741211,4.379633903503418,59900
2005-04-22,15.149999618530273,15.350000381469727,15.0,15.119999885559082,4.36807918548584,127300
2005-04-25,15.149999618530273,15.149999618530273,15.029999732971191,15.039999961853027,4.344966411590576,44800
2005-04-26,15.039999961853027,15.220000267028809,15.039999961853027,15.140000343322754,4.373857498168945,26900
2005-04-27,15.0600004196167,15.3100004196167,15.0600004196167,15.149999618530273,4.376746654510498,19700
2005-04-28,15.350000381469727,15.399999618530273,15.130000114440918,15.229999542236328,4.399855613708496,37600
2005-04-29,15.350000381469727,15.430000305175781,15.260000228881836,15.430000305175781,4.457634449005127,46700
2005-05-02,15.4399995803833,15.4399995803833,15.25,15.260000228881836,4.4085259437561035,62500
2005-05-03,15.220000267028809,15.369999885559082,15.1899995803833,15.369999885559082,4.440305709838867,28200
2005-05-04,15.270000457763672,15.449999809265137,15.270000457763672,15.390000343322754,4.446079730987549,54300
2005-05-05,15.449999809265137,15.479999542236328,15.279999732971191,15.470000267028809,4.469192981719971,39200
2005-05-06,15.279999732971191,15.5,15.279999732971191,15.470000267028809,4.469192981719971,58300
2005-05-09,15.449999809265137,15.699999809265137,15.4399995803833,15.630000114440918,4.515417575836182,38900
2005-05-10,15.680000305175781,15.680000305175781,15.479999542236328,15.619999885559082,4.512524604797363,69900
2005-05-11,15.630000114440918,15.670000076293945,15.4399995803833,15.4399995803833,4.486083984375,79500
2005-05-12,15.489999771118164,15.5,15.399999618530273,15.479999542236328,4.497705936431885,28400
2005-05-13,15.479999542236328,15.5,15.390000343322754,15.4399995803833,4.486083984375,36100
2005-05-16,15.479999542236328,15.479999542236328,15.359999656677246,15.4399995803833,4.486083984375,39000
2005-05-17,15.359999656677246,15.4399995803833,15.300000190734863,15.3100004196167,4.448312282562256,69700
2005-05-18,15.350000381469727,15.600000381469727,15.34000015258789,15.399999618530273,4.47446346282959,22100
2005-05-19,15.399999618530273,15.430000305175781,15.300000190734863,15.359999656677246,4.462841987609863,43900
2005-05-20,15.399999618530273,15.399999618530273,15.300000190734863,15.350000381469727,4.459934234619141,22900
2005-05-23,15.449999809265137,15.489999771118164,15.329999923706055,15.470000267028809,4.494804859161377,67200
2005-05-24,15.460000038146973,15.460000038146973,15.300000190734863,15.329999923706055,4.454122543334961,45100
2005-05-25,15.390000343322754,15.390000343322754,15.260000228881836,15.319999694824219,4.451221942901611,49800
2005-05-26,15.319999694824219,15.399999618530273,15.300000190734863,15.399999618530273,4.47446346282959,27900
2005-05-27,15.399999618530273,15.4399995803833,15.369999885559082,15.390000343322754,4.471558570861816,12000
2005-05-31,15.59000015258789,15.59000015258789,15.420000076293945,15.420000076293945,4.4802751541137695,21500
2005-06-01,15.399999618530273,15.5600004196167,15.399999618530273,15.460000038146973,4.491893291473389,33000
2005-06-02,15.510000228881836,15.5600004196167,15.430000305175781,15.5600004196167,4.520950794219971,36300
2005-06-03,15.5600004196167,15.609999656677246,15.510000228881836,15.550000190734863,4.5180439949035645,40800
2005-06-06,15.579999923706055,15.630000114440918,15.520000457763672,15.619999885559082,4.538383960723877,23700
2005-06-07,15.670000076293945,15.779999732971191,15.640000343322754,15.640000343322754,4.544192790985107,46300
2005-06-08,15.699999809265137,15.699999809265137,15.600000381469727,15.600000381469727,4.532571315765381,37000
2005-06-09,15.630000114440918,15.699999809265137,15.520000457763672,15.609999656677246,4.5354766845703125,53000
2005-06-10,15.630000114440918,15.640000343322754,15.569999694824219,15.630000114440918,4.541290760040283,35200
2005-06-13,15.600000381469727,15.600000381469727,15.470000267028809,15.489999771118164,4.5263872146606445,40300
2005-06-14,15.479999542236328,15.600000381469727,15.479999542236328,15.600000381469727,4.558528423309326,50100
2005-06-15,15.649999618530273,15.649999618530273,15.600000381469727,15.630000114440918,4.567297458648682,48100
2005-06-16,15.649999618530273,15.6899995803833,15.609999656677246,15.640000343322754,4.570217132568359,32400
2005-06-17,15.699999809265137,15.699999809265137,15.579999923706055,15.649999618530273,4.573143005371094,33600
2005-06-20,15.649999618530273,15.680000305175781,15.600000381469727,15.670000076293945,4.57898473739624,21200
2005-06-21,15.6899995803833,15.6899995803833,15.470000267028809,15.59000015258789,4.555607318878174,84300
2005-06-22,15.619999885559082,15.680000305175781,15.619999885559082,15.640000343322754,4.570217132568359,34900
2005-06-23,15.649999618530273,15.710000038146973,15.609999656677246,15.680000305175781,4.581908702850342,27200
2005-06-24,15.710000038146973,15.770000457763672,15.630000114440918,15.670000076293945,4.57898473739624,61200
2005-06-27,15.75,15.760000228881836,15.600000381469727,15.729999542236328,4.596517562866211,49800
2005-06-28,15.75,15.760000228881836,15.649999618530273,15.729999542236328,4.596517562866211,33600
2005-06-29,15.739999771118164,15.800000190734863,15.65999984741211,15.75,4.6023640632629395,35400
2005-06-30,15.819999694824219,15.829999923706055,15.670000076293945,15.670000076293945,4.57898473739624,42700
2005-07-01,15.699999809265137,15.800000190734863,15.6899995803833,15.75,4.6023640632629395,32000
2005-07-05,15.779999732971191,15.84000015258789,15.75,15.84000015258789,4.628663539886475,52300
2005-07-06,15.850000381469727,15.890000343322754,15.779999732971191,15.84000015258789,4.628663539886475,47300
2005-07-07,16.200000762939453,16.200000762939453,15.869999885559082,15.9399995803833,4.6578826904296875,67500
2005-07-08,16.040000915527344,16.059999465942383,15.899999618530273,16.0,4.675418376922607,29800
2005-07-11,16.059999465942383,16.229999542236328,15.960000038146973,15.970000267028809,4.666650772094727,34700
2005-07-12,16.0,16.200000762939453,15.949999809265137,16.0,4.675418376922607,64000
2005-07-13,15.989999771118164,16.010000228881836,15.899999618530273,15.970000267028809,4.692753314971924,42700
2005-07-14,15.979999542236328,16.010000228881836,15.90999984741211,15.90999984741211,4.675119400024414,35800
2005-07-15,15.930000305175781,16.010000228881836,15.619999885559082,15.630000114440918,4.592845439910889,157600
2005-07-18,15.630000114440918,15.680000305175781,15.40999984741211,15.420000076293945,4.5311360359191895,212900
2005-07-19,15.489999771118164,15.510000228881836,15.40999984741211,15.449999809265137,4.539947986602783,152600
2005-07-20,15.40999984741211,15.5600004196167,15.40999984741211,15.470000267028809,4.545829772949219,128000
2005-07-21,15.449999809265137,15.529999732971191,15.449999809265137,15.5,4.5546441078186035,55900
2005-07-22,15.449999809265137,15.520000457763672,15.449999809265137,15.510000228881836,4.557582378387451,95500
2005-07-25,15.539999961853027,15.539999961853027,15.460000038146973,15.5,4.5546441078186035,35800
2005-07-26,15.5,15.800000190734863,15.5,15.800000190734863,4.642800331115723,105900
2005-07-27,15.789999961853027,15.789999961853027,15.640000343322754,15.6899995803833,4.610476016998291,36200
2005-07-28,15.699999809265137,15.8100004196167,15.6899995803833,15.789999961853027,4.639859676361084,42800
2005-07-29,15.890000343322754,15.899999618530273,15.710000038146973,15.770000457763672,4.633979797363281,53900
2005-08-01,15.789999961853027,15.800000190734863,15.710000038146973,15.800000190734863,4.642800331115723,45300
2005-08-02,15.850000381469727,15.890000343322754,15.800000190734863,15.890000343322754,4.669244766235352,28200
2005-08-03,15.890000343322754,15.890000343322754,15.760000228881836,15.8100004196167,4.645739555358887,84400
2005-08-04,15.779999732971191,15.880000114440918,15.779999732971191,15.859999656677246,4.660426139831543,31000
2005-08-05,15.850000381469727,15.899999618530273,15.699999809265137,15.84000015258789,4.6545538902282715,70900
2005-08-08,15.84000015258789,15.869999885559082,15.75,15.75,4.628107070922852,52100
2005-08-09,15.770000457763672,15.899999618530273,15.75,15.800000190734863,4.642800331115723,30000
2005-08-10,15.899999618530273,15.899999618530273,15.760000228881836,15.800000190734863,4.642800331115723,61300
2005-08-11,15.800000190734863,15.800000190734863,15.65999984741211,15.680000305175781,4.633637428283691,72400
2005-08-12,15.75,15.819999694824219,15.6899995803833,15.739999771118164,4.651370048522949,27600
2005-08-15,15.800000190734863,15.859999656677246,15.75,15.779999732971191,4.663189888000488,27400
2005-08-16,15.75,15.829999923706055,15.75,15.779999732971191,4.663189888000488,78400
2005-08-17,15.850000381469727,15.850000381469727,15.6899995803833,15.75,4.654325485229492,65000
2005-08-18,15.760000228881836,15.789999961853027,15.699999809265137,15.729999542236328,4.648414134979248,40900
2005-08-19,15.789999961853027,15.84000015258789,15.699999809265137,15.699999809265137,4.639546871185303,65600
2005-08-22,15.720000267028809,15.770000457763672,15.699999809265137,15.729999542236328,4.648414134979248,51500
2005-08-23,15.720000267028809,15.84000015258789,15.699999809265137,15.84000015258789,4.680919170379639,44000
2005-08-24,15.850000381469727,15.869999885559082,15.779999732971191,15.850000381469727,4.683874607086182,32100
2005-08-25,15.880000114440918,15.880000114440918,15.770000457763672,15.770000457763672,4.660231590270996,30400
2005-08-26,15.800000190734863,15.829999923706055,15.760000228881836,15.789999961853027,4.666145324707031,30300
2005-08-29,15.779999732971191,15.920000076293945,15.779999732971191,15.8100004196167,4.672055244445801,52500
2005-08-30,15.800000190734863,15.90999984741211,15.760000228881836,15.800000190734863,4.669100761413574,109500
2005-08-31,15.890000343322754,15.960000038146973,15.800000190734863,15.960000038146973,4.716382026672363,74800
2005-09-01,15.949999809265137,16.049999237060547,15.869999885559082,16.010000228881836,4.73115348815918,47800
2005-09-02,16.010000228881836,16.049999237060547,15.949999809265137,16.040000915527344,4.7400221824646,29500
2005-09-06,16.0,16.100000381469727,15.90999984741211,16.030000686645508,4.737070083618164,83300
2005-09-07,16.079999923706055,16.15999984741211,16.010000228881836,16.020000457763672,4.734114170074463,63400
2005-09-08,16.059999465942383,16.079999923706055,16.010000228881836,16.06999969482422,4.748888969421387,46500
2005-09-09,16.049999237060547,16.18000030517578,16.010000228881836,16.18000030517578,4.781393527984619,63700
2005-09-12,16.219999313354492,16.290000915527344,16.149999618530273,16.290000915527344,4.81389856338501,77800
2005-09-13,16.18000030517578,16.200000762939453,16.09000015258789,16.139999389648438,4.795775413513184,60300
2005-09-14,16.209999084472656,16.299999237060547,16.049999237060547,16.049999237060547,4.769030570983887,47200
2005-09-15,16.06999969482422,16.260000228881836,16.040000915527344,16.049999237060547,4.769030570983887,76000
2005-09-16,16.020000457763672,16.020000457763672,15.819999694824219,15.979999542236328,4.748232364654541,84200
2005-09-19,16.0,16.020000457763672,15.9399995803833,15.949999809265137,4.739318370819092,43200
2005-09-20,16.0,16.030000686645508,15.920000076293945,15.920000076293945,4.730403900146484,36500
2005-09-21,15.920000076293945,16.0,15.90999984741211,15.979999542236328,4.748232364654541,28900
2005-09-22,16.049999237060547,16.049999237060547,15.859999656677246,15.949999809265137,4.739318370819092,43300
2005-09-23,15.970000267028809,15.970000267028809,15.819999694824219,15.920000076293945,4.730403900146484,29800
2005-09-26,15.90999984741211,15.920000076293945,15.800000190734863,15.869999885559082,4.715550422668457,52000
2005-09-27,15.869999885559082,15.899999618530273,15.779999732971191,15.800000190734863,4.6947479248046875,42100
2005-09-28,15.760000228881836,15.920000076293945,15.760000228881836,15.920000076293945,4.730403900146484,28000
2005-09-29,15.920000076293945,15.949999809265137,15.859999656677246,15.869999885559082,4.715550422668457,14900
2005-09-30,15.970000267028809,16.049999237060547,15.90999984741211,16.0,4.754177570343018,37100
2005-10-03,16.1200008392334,16.190000534057617,16.0,16.049999237060547,4.769030570983887,21000
2005-10-04,16.010000228881836,16.149999618530273,16.0,16.020000457763672,4.760122776031494,11200
2005-10-05,16.200000762939453,16.200000762939453,15.970000267028809,15.979999542236328,4.748232364654541,61500
2005-10-06,16.049999237060547,16.049999237060547,15.949999809265137,16.049999237060547,4.769030570983887,20000
2005-10-07,16.1200008392334,16.1200008392334,15.949999809265137,16.0,4.754177570343018,19100
2005-10-10,16.010000228881836,16.09000015258789,16.010000228881836,16.09000015258789,4.780916213989258,21400
2005-10-11,16.049999237060547,16.18000030517578,16.0,16.18000030517578,4.807663440704346,49300
2005-10-12,16.079999923706055,16.079999923706055,15.989999771118164,16.0,4.7804718017578125,50000
2005-10-13,16.049999237060547,16.049999237060547,15.779999732971191,15.779999732971191,4.7147417068481445,30700
2005-10-14,15.850000381469727,15.890000343322754,15.710000038146973,15.729999542236328,4.699800491333008,24900
2005-10-17,15.779999732971191,15.779999732971191,15.699999809265137,15.699999809265137,4.6908369064331055,20100
2005-10-18,15.699999809265137,15.779999732971191,15.65999984741211,15.680000305175781,4.6848626136779785,28500
2005-10-19,15.65999984741211,15.6899995803833,15.609999656677246,15.65999984741211,4.678886890411377,23700
2005-10-20,15.609999656677246,15.739999771118164,15.609999656677246,15.649999618530273,4.675897121429443,33700
2005-10-21,15.619999885559082,15.850000381469727,15.619999885559082,15.850000381469727,4.73565149307251,23800
2005-10-24,15.75,15.899999618530273,15.739999771118164,15.8100004196167,4.723704814910889,23600
2005-10-25,15.850000381469727,15.960000038146973,15.850000381469727,15.859999656677246,4.738641738891602,43800
2005-10-26,15.859999656677246,16.0,15.8100004196167,15.880000114440918,4.7446184158325195,20400
2005-10-27,16.0,16.020000457763672,15.880000114440918,16.0,4.7804718017578125,16700
2005-10-28,16.399999618530273,16.399999618530273,15.970000267028809,16.020000457763672,4.786449432373047,77200
2005-10-31,16.149999618530273,16.299999237060547,15.989999771118164,15.989999771118164,4.77748441696167,50800
2005-11-01,16.049999237060547,16.079999923706055,16.0,16.06999969482422,4.801386833190918,9700
2005-11-02,16.06999969482422,16.09000015258789,16.020000457763672,16.020000457763672,4.786449432373047,17900
2005-11-03,16.049999237060547,16.1299991607666,16.010000228881836,16.030000686645508,4.789435386657715,37600
2005-11-04,16.100000381469727,16.1200008392334,16.040000915527344,16.040000915527344,4.792421817779541,27600
2005-11-07,16.1299991607666,16.139999389648438,16.0,16.030000686645508,4.789435386657715,41300
2005-11-08,16.030000686645508,16.030000686645508,16.010000228881836,16.020000457763672,4.786449432373047,40700
2005-11-09,16.399999618530273,16.399999618530273,15.989999771118164,16.049999237060547,4.795409679412842,83900
2005-11-10,16.049999237060547,16.079999923706055,15.819999694824219,15.90999984741211,4.780085563659668,42400
2005-11-11,15.829999923706055,15.920000076293945,15.8100004196167,15.8100004196167,4.750044822692871,21100
2005-11-14,15.8100004196167,15.90999984741211,15.75,15.819999694824219,4.753045558929443,11700
2005-11-15,15.8100004196167,15.829999923706055,15.6899995803833,15.739999771118164,4.729011535644531,36600
2005-11-16,15.75,15.899999618530273,15.600000381469727,15.760000228881836,4.73502254486084,26200
2005-11-17,15.800000190734863,15.949999809265137,15.789999961853027,15.800000190734863,4.747039318084717,36700
2005-11-18,15.800000190734863,16.0,15.75,16.0,4.807129383087158,47600
2005-11-21,15.800000190734863,15.979999542236328,15.760000228881836,15.920000076293945,4.7830915451049805,47400
2005-11-22,15.979999542236328,16.0,15.8100004196167,15.979999542236328,4.801119327545166,32000
2005-11-23,16.09000015258789,16.09000015258789,15.90999984741211,15.930000305175781,4.786097526550293,41300
2005-11-25,16.049999237060547,16.049999237060547,15.90999984741211,15.930000305175781,4.786097526550293,6000
2005-11-28,16.020000457763672,16.09000015258789,15.9399995803833,16.0,4.807129383087158,22600
2005-11-29,16.0,16.110000610351562,15.9399995803833,15.9399995803833,4.789102554321289,26000
2005-11-30,16.100000381469727,16.1200008392334,15.880000114440918,15.90999984741211,4.780085563659668,71100
2005-12-01,16.0,16.0,15.90999984741211,15.960000038146973,4.795110702514648,29900
2005-12-02,15.970000267028809,16.06999969482422,15.949999809265137,16.0,4.807129383087158,17700
2005-12-05,16.0,16.030000686645508,15.899999618530273,15.899999618530273,4.7770843505859375,36100
2005-12-06,16.020000457763672,16.020000457763672,15.84000015258789,15.850000381469727,4.762062072753906,34600
2005-12-07,15.850000381469727,15.90999984741211,15.84000015258789,15.899999618530273,4.7770843505859375,39100
2005-12-08,15.90999984741211,15.90999984741211,15.75,15.789999961853027,4.744034290313721,74000
2005-12-09,15.850000381469727,15.850000381469727,15.5,15.680000305175781,4.7109880447387695,103500
2005-12-12,15.680000305175781,15.739999771118164,15.380000114440918,15.520000457763672,4.662912845611572,99900
2005-12-13,15.40999984741211,15.550000190734863,15.40999984741211,15.529999732971191,4.692826271057129,81500
2005-12-14,15.529999732971191,15.609999656677246,15.510000228881836,15.600000381469727,4.713985443115234,61700
2005-12-15,15.609999656677246,15.850000381469727,15.600000381469727,15.649999618530273,4.729087829589844,90100
2005-12-16,15.640000343322754,15.710000038146973,15.619999885559082,15.640000343322754,4.726068019866943,27700
2005-12-19,15.75,15.75,15.579999923706055,15.699999809265137,4.744198322296143,75500
2005-12-20,15.699999809265137,15.729999542236328,15.579999923706055,15.720000267028809,4.750244617462158,20300
2005-12-21,15.65999984741211,15.739999771118164,15.65999984741211,15.720000267028809,4.750244617462158,25200
2005-12-22,15.699999809265137,15.90999984741211,15.699999809265137,15.800000190734863,4.774416923522949,33000
2005-12-23,15.899999618530273,15.989999771118164,15.800000190734863,15.800000190734863,4.774416923522949,22200
2005-12-27,15.949999809265137,16.0,15.880000114440918,15.979999542236328,4.828810691833496,40400
2005-12-28,16.079999923706055,16.079999923706055,15.899999618530273,16.040000915527344,4.846940517425537,67900
2005-12-29,16.1200008392334,16.200000762939453,16.0,16.1200008392334,4.8711113929748535,47500
2005-12-30,16.200000762939453,16.209999084472656,16.059999465942383,16.100000381469727,4.865069389343262,63600
2006-01-03,16.200000762939453,16.200000762939453,16.010000228881836,16.110000610351562,4.868095397949219,30300
2006-01-04,16.139999389648438,16.229999542236328,16.110000610351562,16.190000534057617,4.892266273498535,36100
2006-01-05,16.09000015258789,16.200000762939453,16.09000015258789,16.200000762939453,4.895290374755859,24800
2006-01-06,16.209999084472656,16.34000015258789,16.1299991607666,16.229999542236328,4.904354572296143,44500
2006-01-09,16.389999389648438,16.389999389648438,16.15999984741211,16.229999542236328,4.904354572296143,26000
2006-01-10,16.25,16.3799991607666,16.239999771118164,16.350000381469727,4.940614700317383,31800
2006-01-11,16.31999969482422,16.31999969482422,16.149999618530273,16.290000915527344,4.949424743652344,34000
2006-01-12,16.290000915527344,16.309999465942383,16.100000381469727,16.18000030517578,4.916004180908203,41600
2006-01-13,16.100000381469727,16.280000686645508,16.06999969482422,16.1200008392334,4.8977789878845215,23800
2006-01-17,16.280000686645508,16.299999237060547,16.1299991607666,16.290000915527344,4.949424743652344,40400
2006-01-18,16.079999923706055,16.299999237060547,16.06999969482422,16.290000915527344,4.949424743652344,46300
2006-01-19,16.229999542236328,16.3799991607666,16.229999542236328,16.299999237060547,4.952466011047363,15700
2006-01-20,16.31999969482422,16.5,16.18000030517578,16.440000534057617,4.99500036239624,35800
2006-01-23,16.360000610351562,16.479999542236328,16.229999542236328,16.43000030517578,4.991966247558594,19600
2006-01-24,16.3700008392334,16.59000015258789,16.350000381469727,16.3799991607666,4.976771831512451,49800
2006-01-25,16.260000228881836,16.450000762939453,16.25,16.260000228881836,4.940310478210449,82700
2006-01-26,16.270000457763672,16.389999389648438,16.260000228881836,16.290000915527344,4.949424743652344,42300
2006-01-27,16.450000762939453,16.450000762939453,16.280000686645508,16.399999618530273,4.982847213745117,18600
2006-01-30,16.479999542236328,16.520000457763672,16.34000015258789,16.479999542236328,5.0071563720703125,33300
2006-01-31,16.600000381469727,16.6200008392334,16.40999984741211,16.559999465942383,5.031460762023926,33600
2006-02-01,16.459999084472656,16.600000381469727,16.459999084472656,16.59000015258789,5.040576934814453,37100
2006-02-02,16.649999618530273,16.75,16.549999237060547,16.739999771118164,5.0861496925354,39700
2006-02-03,16.649999618530273,16.760000228881836,16.579999923706055,16.690000534057617,5.0709614753723145,52800
2006-02-06,16.65999984741211,16.700000762939453,16.59000015258789,16.600000381469727,5.04361629486084,18300
2006-02-07,16.610000610351562,16.729999542236328,16.600000381469727,16.6200008392334,5.049691677093506,38500
2006-02-08,16.639999389648438,16.670000076293945,16.510000228881836,16.6299991607666,5.052732467651367,47500
2006-02-09,16.6299991607666,16.690000534057617,16.56999969482422,16.6200008392334,5.049691677093506,29700
2006-02-10,16.709999084472656,16.719999313354492,16.549999237060547,16.709999084472656,5.0770368576049805,26200
2006-02-13,16.549999237060547,16.700000762939453,16.530000686645508,16.670000076293945,5.092003345489502,51300
2006-02-14,16.639999389648438,16.639999389648438,16.510000228881836,16.510000228881836,5.043131351470947,33700
2006-02-15,16.549999237060547,16.649999618530273,16.5,16.5,5.040073871612549,50900
2006-02-16,16.5,16.6200008392334,16.43000030517578,16.43000030517578,5.01869535446167,44600
2006-02-17,16.549999237060547,16.549999237060547,16.43000030517578,16.469999313354492,5.030915260314941,23400
2006-02-21,16.389999389648438,16.489999771118164,16.3799991607666,16.420000076293945,5.015639305114746,46200
2006-02-22,16.489999771118164,16.520000457763672,16.420000076293945,16.420000076293945,5.015639305114746,44200
2006-02-23,16.420000076293945,16.450000762939453,16.3799991607666,16.399999618530273,5.0095319747924805,67400
2006-02-24,16.420000076293945,16.450000762939453,16.3700008392334,16.389999389648438,5.006478309631348,31800
2006-02-27,16.440000534057617,16.450000762939453,16.389999389648438,16.450000762939453,5.02480411529541,28000
2006-02-28,16.450000762939453,16.450000762939453,16.399999618530273,16.450000762939453,5.02480411529541,29100
2006-03-01,16.579999923706055,16.579999923706055,16.399999618530273,16.5,5.040073871612549,37700
2006-03-02,17.149999618530273,17.149999618530273,16.59000015258789,16.75,5.116438388824463,121300
2006-03-03,16.520000457763672,16.690000534057617,16.520000457763672,16.649999618530273,5.085893154144287,32700
2006-03-06,16.530000686645508,16.6200008392334,16.399999618530273,16.469999313354492,5.030915260314941,50100
2006-03-07,16.489999771118164,16.6200008392334,16.3700008392334,16.59000015258789,5.067566871643066,57800
2006-03-08,16.5,16.6299991607666,16.40999984741211,16.510000228881836,5.043131351470947,38900
2006-03-09,16.510000228881836,16.700000762939453,16.510000228881836,16.520000457763672,5.046186447143555,31000
2006-03-10,16.510000228881836,16.68000030517578,16.510000228881836,16.649999618530273,5.085893154144287,43300
2006-03-13,16.510000228881836,16.8799991607666,16.489999771118164,16.8799991607666,5.1838603019714355,55000
2006-03-14,16.739999771118164,16.899999618530273,16.6200008392334,16.649999618530273,5.113223552703857,48700
2006-03-15,16.600000381469727,16.709999084472656,16.559999465942383,16.639999389648438,5.110157489776611,45200
2006-03-16,16.65999984741211,16.690000534057617,16.610000610351562,16.649999618530273,5.113223552703857,51400
2006-03-17,16.739999771118164,16.739999771118164,16.56999969482422,16.709999084472656,5.131653785705566,30700
2006-03-20,16.6200008392334,16.799999237060547,16.610000610351562,16.799999237060547,5.159295082092285,52600
2006-03-21,16.969999313354492,16.969999313354492,16.68000030517578,16.920000076293945,5.1961445808410645,49400
2006-03-22,16.700000762939453,17.3799991607666,16.700000762939453,17.079999923706055,5.245282173156738,73400
2006-03-23,17.010000228881836,17.09000015258789,16.989999771118164,17.079999923706055,5.245282173156738,50800
2006-03-24,17.0,17.079999923706055,16.959999084472656,16.979999542236328,5.214571952819824,35000
2006-03-27,16.90999984741211,16.969999313354492,16.84000015258789,16.959999084472656,5.208426475524902,27800
2006-03-28,16.899999618530273,16.950000762939453,16.760000228881836,16.920000076293945,5.1961445808410645,41500
2006-03-29,16.969999313354492,16.969999313354492,16.780000686645508,16.850000381469727,5.174644947052002,34000
2006-03-30,16.969999313354492,16.979999542236328,16.81999969482422,16.979999542236328,5.214571952819824,36000
2006-03-31,16.979999542236328,16.979999542236328,16.780000686645508,16.940000534057617,5.202285289764404,28500
2006-04-03,16.860000610351562,17.0,16.860000610351562,17.0,5.220711708068848,14600
2006-04-04,17.0,17.0,16.760000228881836,16.950000762939453,5.205358982086182,47300
2006-04-05,16.780000686645508,16.860000610351562,16.780000686645508,16.790000915527344,5.156223773956299,26900
2006-04-06,16.860000610351562,16.860000610351562,16.649999618530273,16.739999771118164,5.140867233276367,32100
2006-04-07,16.709999084472656,16.829999923706055,16.639999389648438,16.780000686645508,5.153148651123047,14000
2006-04-10,16.809999465942383,16.809999465942383,16.670000076293945,16.75,5.143937110900879,25500
2006-04-11,16.799999237060547,16.799999237060547,16.549999237060547,16.639999389648438,5.137453556060791,29500
2006-04-12,16.639999389648438,16.649999618530273,16.459999084472656,16.649999618530273,5.140538692474365,43100
2006-04-13,16.649999618530273,16.649999618530273,16.549999237060547,16.6200008392334,5.131278038024902,23300
2006-04-17,16.6200008392334,16.649999618530273,16.3700008392334,16.510000228881836,5.097317218780518,44200
2006-04-18,16.399999618530273,16.59000015258789,16.389999389648438,16.59000015258789,5.122015476226807,29800
2006-04-19,16.940000534057617,17.020000457763672,16.34000015258789,16.530000686645508,5.103491306304932,59300
2006-04-20,16.3799991607666,16.5,16.350000381469727,16.479999542236328,5.088054180145264,54600
2006-04-21,16.399999618530273,16.489999771118164,16.3799991607666,16.450000762939453,5.078793048858643,9400
2006-04-24,16.670000076293945,16.670000076293945,16.450000762939453,16.65999984741211,5.143631458282471,31400
2006-04-25,16.729999542236328,16.729999542236328,16.5,16.729999542236328,5.1652398109436035,22600
2006-04-26,16.739999771118164,16.93000030517578,16.540000915527344,16.920000076293945,5.223903656005859,35600
2006-04-27,16.809999465942383,16.950000762939453,16.610000610351562,16.940000534057617,5.230074405670166,28100
2006-04-28,17.040000915527344,17.040000915527344,16.690000534057617,16.860000610351562,5.205381870269775,24000
2006-05-01,16.920000076293945,17.040000915527344,16.889999389648438,16.920000076293945,5.223903656005859,42400
2006-05-02,16.989999771118164,17.049999237060547,16.920000076293945,17.049999237060547,5.26403284072876,20700
2006-05-03,17.049999237060547,17.09000015258789,16.899999618530273,16.920000076293945,5.223903656005859,42600
2006-05-04,17.040000915527344,17.049999237060547,16.889999389648438,16.920000076293945,5.223903656005859,55200
2006-05-05,17.030000686645508,17.040000915527344,16.899999618530273,17.040000915527344,5.260951042175293,9500
2006-05-08,16.920000076293945,17.059999465942383,16.920000076293945,17.059999465942383,5.267126560211182,19400
2006-05-09,17.049999237060547,17.25,17.049999237060547,17.149999618530273,5.2949113845825195,21200
2006-05-10,17.059999465942383,17.229999542236328,17.030000686645508,17.15999984741211,5.297998905181885,20800
2006-05-11,17.020000457763672,17.020000457763672,16.940000534057617,16.979999542236328,5.2697577476501465,35100
2006-05-12,16.920000076293945,17.0,16.829999923706055,16.889999389648438,5.241826057434082,36400
2006-05-15,16.889999389648438,16.889999389648438,16.81999969482422,16.81999969482422,5.220099449157715,31800
2006-05-16,16.889999389648438,17.020000457763672,16.860000610351562,17.0,5.275966167449951,43500
2006-05-17,16.969999313354492,17.079999923706055,16.959999084472656,16.969999313354492,5.266653537750244,25900
2006-05-18,17.020000457763672,17.100000381469727,16.959999084472656,17.09000015258789,5.303893566131592,30400
2006-05-19,17.010000228881836,17.1200008392334,17.010000228881836,17.030000686645508,5.285272121429443,21200
2006-05-22,17.020000457763672,17.1299991607666,16.959999084472656,17.0,5.275966167449951,31500
2006-05-23,16.989999771118164,17.299999237060547,16.969999313354492,16.969999313354492,5.266653537750244,26200
2006-05-24,17.200000762939453,17.299999237060547,16.959999084472656,17.100000381469727,5.307000637054443,41900
2006-05-25,17.030000686645508,17.149999618530273,17.010000228881836,17.049999237060547,5.291476726531982,31500
2006-05-26,17.030000686645508,17.190000534057617,17.030000686645508,17.1299991607666,5.316307067871094,22400
2006-05-30,17.020000457763672,17.139999389648438,17.010000228881836,17.040000915527344,5.28837776184082,22900
2006-05-31,17.030000686645508,17.149999618530273,17.020000457763672,17.1200008392334,5.313206672668457,82500
2006-06-01,17.200000762939453,17.200000762939453,17.020000457763672,17.190000534057617,5.33493185043335,40600
2006-06-02,17.239999771118164,17.25,17.110000610351562,17.25,5.353552341461182,23300
2006-06-05,17.100000381469727,17.25,17.100000381469727,17.190000534057617,5.33493185043335,52100
2006-06-06,17.149999618530273,17.25,17.010000228881836,17.010000228881836,5.279063701629639,31200
2006-06-07,17.040000915527344,17.25,17.0,17.040000915527344,5.28837776184082,32300
2006-06-08,17.040000915527344,17.209999084472656,16.959999084472656,16.969999313354492,5.266653537750244,34600
2006-06-09,16.940000534057617,17.1200008392334,16.940000534057617,17.1200008392334,5.313206672668457,22500
2006-06-12,17.010000228881836,17.170000076293945,16.959999084472656,16.959999084472656,5.263549327850342,25200
2006-06-13,17.0,17.049999237060547,16.81999969482422,16.81999969482422,5.246397018432617,34600
2006-06-14,16.81999969482422,16.920000076293945,16.760000228881836,16.760000228881836,5.227683067321777,36300
2006-06-15,16.790000915527344,16.979999542236328,16.770000457763672,16.8799991607666,5.265107154846191,24300
2006-06-16,16.780000686645508,16.889999389648438,16.780000686645508,16.8799991607666,5.265107154846191,31300
2006-06-19,16.989999771118164,16.989999771118164,16.760000228881836,16.760000228881836,5.227683067321777,34200
2006-06-20,16.799999237060547,16.959999084472656,16.5,16.600000381469727,5.177774429321289,125600
2006-06-21,16.600000381469727,16.68000030517578,16.600000381469727,16.639999389648438,5.190251350402832,23000
2006-06-22,16.6299991607666,16.6299991607666,16.450000762939453,16.530000686645508,5.155937194824219,32600
2006-06-23,16.579999923706055,16.59000015258789,16.440000534057617,16.440000534057617,5.127869606018066,26900
2006-06-26,16.450000762939453,16.520000457763672,16.299999237060547,16.3700008392334,5.1060333251953125,32100
2006-06-27,16.399999618530273,16.440000534057617,15.869999885559082,16.329999923706055,5.093560695648193,34500
2006-06-28,16.280000686645508,16.299999237060547,16.219999313354492,16.280000686645508,5.0779619216918945,14100
2006-06-29,16.31999969482422,16.3700008392334,16.25,16.299999237060547,5.084197998046875,27800
2006-06-30,16.389999389648438,16.399999618530273,16.290000915527344,16.360000610351562,5.102912425994873,22300
2006-07-03,16.43000030517578,16.510000228881836,16.350000381469727,16.510000228881836,5.1497039794921875,17800
2006-07-05,16.690000534057617,16.690000534057617,16.510000228881836,16.610000610351562,5.180890083312988,28700
2006-07-06,16.690000534057617,16.700000762939453,16.489999771118164,16.489999771118164,5.143465518951416,28200
2006-07-07,16.549999237060547,16.68000030517578,16.549999237060547,16.579999923706055,5.171539783477783,15700
2006-07-10,16.559999465942383,16.639999389648438,16.43000030517578,16.549999237060547,5.162176609039307,16600
2006-07-11,16.549999237060547,16.56999969482422,16.469999313354492,16.489999771118164,5.143465518951416,40200
2006-07-12,16.34000015258789,16.469999313354492,16.34000015258789,16.34000015258789,5.123080730438232,44500
2006-07-13,16.350000381469727,16.459999084472656,16.350000381469727,16.399999618530273,5.1418938636779785,23500
2006-07-14,16.360000610351562,16.59000015258789,16.360000610351562,16.5,5.173247337341309,38300
2006-07-17,16.5,16.670000076293945,16.459999084472656,16.530000686645508,5.182650566101074,25700
2006-07-18,16.5,16.670000076293945,16.329999923706055,16.530000686645508,5.182650566101074,54500
2006-07-19,16.40999984741211,16.610000610351562,16.40999984741211,16.459999084472656,5.16070556640625,16700
2006-07-20,16.40999984741211,16.479999542236328,16.399999618530273,16.440000534057617,5.15443754196167,9300
2006-07-21,16.559999465942383,16.600000381469727,16.440000534057617,16.540000915527344,5.185790061950684,35300
2006-07-24,16.59000015258789,16.700000762939453,16.510000228881836,16.649999618530273,5.220276832580566,50100
2006-07-25,16.65999984741211,16.75,16.559999465942383,16.75,5.251632213592529,29700
2006-07-26,16.700000762939453,16.739999771118164,16.579999923706055,16.68000030517578,5.229684352874756,69700
2006-07-27,16.649999618530273,16.889999389648438,16.649999618530273,16.700000762939453,5.235958099365234,43500
2006-07-28,16.649999618530273,16.770000457763672,16.649999618530273,16.75,5.251632213592529,35100
2006-07-31,16.889999389648438,16.889999389648438,16.700000762939453,16.729999542236328,5.245362281799316,48700
2006-08-01,16.8799991607666,16.889999389648438,16.75,16.790000915527344,5.264172554016113,33100
2006-08-02,16.950000762939453,16.989999771118164,16.809999465942383,16.989999771118164,5.326878547668457,39200
2006-08-03,16.989999771118164,16.989999771118164,16.799999237060547,16.989999771118164,5.326878547668457,29800
2006-08-04,16.989999771118164,17.040000915527344,16.950000762939453,17.040000915527344,5.342556953430176,20000
2006-08-07,17.0,17.079999923706055,16.950000762939453,17.06999969482422,5.351963520050049,25200
2006-08-08,17.030000686645508,17.299999237060547,16.920000076293945,17.1200008392334,5.3676371574401855,64500
2006-08-09,17.25,17.25,17.010000228881836,17.110000610351562,5.364502429962158,24900
2006-08-10,17.1200008392334,17.209999084472656,17.030000686645508,17.139999389648438,5.373910427093506,21400
2006-08-11,17.030000686645508,17.100000381469727,16.950000762939453,17.030000686645508,5.366030216217041,29600
2006-08-14,17.040000915527344,17.049999237060547,16.93000030517578,17.040000915527344,5.36918306350708,33900
2006-08-15,17.049999237060547,17.049999237060547,16.920000076293945,17.010000228881836,5.3597259521484375,57400
2006-08-16,17.040000915527344,17.079999923706055,16.959999084472656,16.969999313354492,5.347126007080078,34100
2006-08-17,17.09000015258789,17.09000015258789,16.969999313354492,17.079999923706055,5.381783962249756,35200
2006-08-18,17.09000015258789,17.149999618530273,16.979999542236328,17.06999969482422,5.378636360168457,26200
2006-08-21,17.09000015258789,17.100000381469727,16.989999771118164,17.09000015258789,5.3849358558654785,23500
2006-08-22,17.190000534057617,17.190000534057617,17.100000381469727,17.190000534057617,5.416444778442383,22900
2006-08-23,17.049999237060547,17.15999984741211,17.010000228881836,17.09000015258789,5.3849358558654785,34900
2006-08-24,17.15999984741211,17.170000076293945,17.010000228881836,17.079999923706055,5.381783962249756,32800
2006-08-25,17.1200008392334,17.15999984741211,17.040000915527344,17.09000015258789,5.3849358558654785,26700
2006-08-28,17.100000381469727,17.15999984741211,17.030000686645508,17.110000610351562,5.391239166259766,52700
2006-08-29,17.139999389648438,17.149999618530273,17.049999237060547,17.139999389648438,5.400691986083984,27400
2006-08-30,17.149999618530273,17.15999984741211,17.049999237060547,17.049999237060547,5.372334957122803,35100
2006-08-31,17.049999237060547,17.100000381469727,17.040000915527344,17.09000015258789,5.3849358558654785,38700
2006-09-01,17.100000381469727,17.170000076293945,17.030000686645508,17.1299991607666,5.397539138793945,52900
2006-09-05,17.059999465942383,17.139999389648438,17.010000228881836,17.100000381469727,5.388087272644043,26600
2006-09-06,17.100000381469727,17.170000076293945,17.0,17.010000228881836,5.3597259521484375,71100
2006-09-07,17.010000228881836,17.010000228881836,16.850000381469727,16.860000610351562,5.312463760375977,46900
2006-09-08,16.850000381469727,17.040000915527344,16.809999465942383,16.81999969482422,5.299863338470459,42800
2006-09-11,16.809999465942383,16.899999618530273,16.809999465942383,16.809999465942383,5.296708106994629,17100
2006-09-12,16.84000015258789,16.940000534057617,16.809999465942383,16.93000030517578,5.3345208168029785,38100
2006-09-13,16.889999389648438,17.059999465942383,16.65999984741211,16.790000915527344,5.316157341003418,51700
2006-09-14,16.829999923706055,16.8700008392334,16.719999313354492,16.719999313354492,5.293994426727295,23200
2006-09-15,16.719999313354492,16.760000228881836,16.610000610351562,16.670000076293945,5.278165340423584,62800
2006-09-18,16.729999542236328,16.729999542236328,16.56999969482422,16.600000381469727,5.255997657775879,67700
2006-09-19,16.600000381469727,16.68000030517578,16.530000686645508,16.6299991607666,5.265499591827393,62600
2006-09-20,16.559999465942383,16.68000030517578,16.549999237060547,16.600000381469727,5.255997657775879,36500
2006-09-21,16.709999084472656,16.709999084472656,16.6200008392334,16.690000534057617,5.284490585327148,39400
2006-09-22,16.690000534057617,16.799999237060547,16.68000030517578,16.729999542236328,5.297160625457764,42600
2006-09-25,16.780000686645508,16.780000686645508,16.700000762939453,16.780000686645508,5.312992095947266,40600
2006-09-26,16.860000610351562,16.860000610351562,16.65999984741211,16.760000228881836,5.306660175323486,26900
2006-09-27,16.799999237060547,16.979999542236328,16.739999771118164,16.920000076293945,5.357319355010986,98600
2006-09-28,16.989999771118164,16.989999771118164,16.809999465942383,16.8799991607666,5.34465217590332,45300
2006-09-29,16.81999969482422,16.979999542236328,16.809999465942383,16.829999923706055,5.328824996948242,47300
2006-10-02,16.969999313354492,16.989999771118164,16.950000762939453,16.989999771118164,5.379481792449951,38600
2006-10-03,16.969999313354492,17.0,16.899999618530273,16.93000030517578,5.3604841232299805,30300
2006-10-04,16.93000030517578,17.06999969482422,16.920000076293945,17.06999969482422,5.404815673828125,34300
2006-10-05,16.979999542236328,17.049999237060547,16.979999542236328,17.010000228881836,5.385814189910889,16300
2006-10-06,17.040000915527344,17.079999923706055,17.0,17.079999923706055,5.407977104187012,34700
2006-10-09,17.100000381469727,17.1200008392334,17.06999969482422,17.1200008392334,5.420642375946045,13300
2006-10-10,17.149999618530273,17.170000076293945,17.100000381469727,17.149999618530273,5.430143356323242,28500
2006-10-11,17.190000534057617,17.190000534057617,17.100000381469727,17.100000381469727,5.440323829650879,20800
2006-10-12,17.190000534057617,17.190000534057617,17.100000381469727,17.170000076293945,5.462593078613281,28900
2006-10-13,17.239999771118164,17.239999771118164,16.950000762939453,17.0,5.408509254455566,58000
2006-10-16,17.0,17.149999618530273,16.920000076293945,17.100000381469727,5.440323829650879,23100
2006-10-17,17.0,17.15999984741211,17.0,17.139999389648438,5.453048229217529,34600
2006-10-18,17.020000457763672,17.1299991607666,16.979999542236328,17.1200008392334,5.446691513061523,18100
2006-10-19,17.020000457763672,17.229999542236328,17.020000457763672,17.229999542236328,5.48168420791626,40400
2006-10-20,17.170000076293945,17.239999771118164,17.1200008392334,17.190000534057617,5.468953609466553,17700
2006-10-23,17.110000610351562,17.25,17.110000610351562,17.25,5.4880475997924805,20000
2006-10-24,17.1200008392334,17.229999542236328,17.100000381469727,17.15999984741211,5.45941162109375,34000
2006-10-25,17.1200008392334,17.229999542236328,17.1200008392334,17.200000762939453,5.472136974334717,20600
2006-10-26,17.200000762939453,17.200000762939453,17.18000030517578,17.200000762939453,5.472136974334717,10200
2006-10-27,17.200000762939453,17.209999084472656,17.170000076293945,17.200000762939453,5.472136974334717,23700
2006-10-30,17.219999313354492,17.219999313354492,17.139999389648438,17.139999389648438,5.453048229217529,14700
2006-10-31,17.219999313354492,17.25,17.170000076293945,17.25,5.4880475997924805,20600
2006-11-01,17.299999237060547,17.399999618530273,17.219999313354492,17.229999542236328,5.48168420791626,31800
2006-11-02,17.3799991607666,17.3799991607666,17.15999984741211,17.209999084472656,5.475319862365723,19700
2006-11-03,17.360000610351562,17.360000610351562,17.09000015258789,17.149999618530273,5.456232070922852,33900
2006-11-06,17.399999618530273,17.399999618530273,17.170000076293945,17.260000228881836,5.491226673126221,20000
2006-11-07,17.200000762939453,17.299999237060547,17.110000610351562,17.170000076293945,5.462593078613281,24800
2006-11-08,17.110000610351562,17.280000686645508,17.110000610351562,17.209999084472656,5.475319862365723,25600
2006-11-09,17.25,17.31999969482422,17.200000762939453,17.25,5.4880475997924805,14100
2006-11-10,17.209999084472656,17.31999969482422,17.209999084472656,17.25,5.4880475997924805,21000
2006-11-13,17.239999771118164,17.25,17.110000610351562,17.1200008392334,5.472706317901611,35600
2006-11-14,17.209999084472656,17.209999084472656,17.06999969482422,17.18000030517578,5.49188232421875,31800
2006-11-15,17.06999969482422,17.200000762939453,17.059999465942383,17.18000030517578,5.49188232421875,19700
2006-11-16,17.209999084472656,17.209999084472656,17.110000610351562,17.149999618530273,5.4822916984558105,26600
2006-11-17,17.1299991607666,17.200000762939453,17.100000381469727,17.100000381469727,5.466308116912842,20600
2006-11-20,17.200000762939453,17.200000762939453,17.06999969482422,17.06999969482422,5.456716537475586,34300
2006-11-21,17.170000076293945,17.190000534057617,17.059999465942383,17.079999923706055,5.459916114807129,15100
2006-11-22,17.059999465942383,17.200000762939453,17.049999237060547,17.100000381469727,5.466308116912842,34000
2006-11-24,17.100000381469727,17.200000762939453,17.100000381469727,17.190000534057617,5.49507474899292,12500
2006-11-27,17.190000534057617,17.190000534057617,17.030000686645508,17.06999969482422,5.456716537475586,55600
2006-11-28,17.1200008392334,17.15999984741211,17.040000915527344,17.049999237060547,5.450324058532715,38300
2006-11-29,17.020000457763672,17.1299991607666,16.93000030517578,16.93000030517578,5.411962032318115,54700
2006-11-30,17.15999984741211,17.170000076293945,16.920000076293945,17.0,5.434340953826904,66700
2006-12-01,17.0,17.059999465942383,16.920000076293945,16.93000030517578,5.411962032318115,56400
2006-12-04,17.100000381469727,17.110000610351562,16.920000076293945,16.959999084472656,5.4215545654296875,54400
2006-12-05,17.030000686645508,17.270000457763672,17.030000686645508,17.219999313354492,5.504667282104492,48800
2006-12-06,17.399999618530273,17.479999542236328,17.209999084472656,17.280000686645508,5.523843765258789,29200
2006-12-07,17.43000030517578,17.450000762939453,17.25,17.31999969482422,5.536635398864746,21600
2006-12-08,17.260000228881836,17.299999237060547,17.260000228881836,17.299999237060547,5.530241966247559,18700
2006-12-11,17.299999237060547,17.299999237060547,17.25,17.299999237060547,5.530241966247559,34300
2006-12-12,17.329999923706055,17.420000076293945,17.299999237060547,17.40999984741211,5.565406322479248,28900
2006-12-13,17.350000381469727,17.5,17.270000457763672,17.309999465942383,5.560909748077393,17100
2006-12-14,17.290000915527344,17.309999465942383,17.15999984741211,17.15999984741211,5.512716770172119,49100
2006-12-15,17.40999984741211,17.40999984741211,17.200000762939453,17.299999237060547,5.557693004608154,21300
2006-12-18,17.399999618530273,17.399999618530273,17.200000762939453,17.290000915527344,5.554483890533447,28700
2006-12-19,17.200000762939453,17.3799991607666,17.200000762939453,17.3799991607666,5.583392143249512,15400
2006-12-20,17.3799991607666,17.5,17.260000228881836,17.450000762939453,5.605883598327637,33700
2006-12-21,17.360000610351562,17.639999389648438,17.360000610351562,17.639999389648438,5.666918754577637,20600
2006-12-22,17.760000228881836,17.780000686645508,17.600000381469727,17.709999084472656,5.6894097328186035,22100
2006-12-26,17.700000762939453,17.75,17.649999618530273,17.75,5.702259063720703,19300
2006-12-27,17.84000015258789,17.850000381469727,17.770000457763672,17.770000457763672,5.708682537078857,11900
2006-12-28,18.020000457763672,18.149999618530273,17.610000610351562,17.780000686645508,5.7118964195251465,21200
2006-12-29,18.020000457763672,18.020000457763672,17.700000762939453,17.709999084472656,5.6894097328186035,37200
2007-01-03,17.649999618530273,17.770000457763672,17.309999465942383,17.389999389648438,5.586610794067383,48700
2007-01-04,17.360000610351562,17.600000381469727,17.209999084472656,17.59000015258789,5.650857448577881,50300
2007-01-05,17.59000015258789,17.59000015258789,17.440000534057617,17.489999771118164,5.6187334060668945,50200
2007-01-08,17.530000686645508,17.559999465942383,17.3700008392334,17.5,5.621945381164551,43400
2007-01-09,17.450000762939453,17.700000762939453,17.389999389648438,17.700000762939453,5.686195373535156,35100
2007-01-10,17.690000534057617,17.690000534057617,17.399999618530273,17.559999465942383,5.667479991912842,33100
2007-01-11,17.360000610351562,17.690000534057617,17.360000610351562,17.579999923706055,5.673929214477539,58400
2007-01-12,17.479999542236328,17.540000915527344,17.479999542236328,17.489999771118164,5.6448845863342285,27900
2007-01-16,17.68000030517578,17.68000030517578,17.450000762939453,17.530000686645508,5.6577935218811035,27500
2007-01-17,17.59000015258789,17.59000015258789,17.489999771118164,17.5,5.648112773895264,25000
2007-01-18,17.440000534057617,17.559999465942383,17.440000534057617,17.530000686645508,5.6577935218811035,32900
2007-01-19,17.459999084472656,17.700000762939453,17.459999084472656,17.510000228881836,5.65133810043335,42400
2007-01-22,17.520000457763672,17.6200008392334,17.479999542236328,17.600000381469727,5.680388450622559,15600
2007-01-23,17.700000762939453,17.700000762939453,17.479999542236328,17.6200008392334,5.686839580535889,26800
2007-01-24,17.639999389648438,17.639999389648438,17.530000686645508,17.600000381469727,5.680388450622559,29600
2007-01-25,17.510000228881836,17.670000076293945,17.5,17.510000228881836,5.65133810043335,33500
2007-01-26,17.510000228881836,17.639999389648438,17.479999542236328,17.639999389648438,5.693296432495117,26000
2007-01-29,17.59000015258789,17.729999542236328,17.549999237060547,17.559999465942383,5.667479991912842,53500
2007-01-30,17.610000610351562,17.649999618530273,17.530000686645508,17.549999237060547,5.664249897003174,37300
2007-01-31,17.639999389648438,17.639999389648438,17.510000228881836,17.530000686645508,5.6577935218811035,25500
2007-02-01,17.530000686645508,17.59000015258789,17.479999542236328,17.479999542236328,5.641654968261719,67600
2007-02-02,17.5,17.6200008392334,17.489999771118164,17.549999237060547,5.664249897003174,25900
2007-02-05,17.5,17.600000381469727,17.469999313354492,17.520000457763672,5.654568195343018,30800
2007-02-06,17.549999237060547,17.75,17.450000762939453,17.6299991607666,5.69006872177124,34200
2007-02-07,17.649999618530273,17.690000534057617,17.5,17.649999618530273,5.696527004241943,34900
2007-02-08,17.579999923706055,17.719999313354492,17.549999237060547,17.549999237060547,5.664249897003174,18800
2007-02-09,17.600000381469727,17.700000762939453,17.489999771118164,17.6200008392334,5.686839580535889,48500
2007-02-12,17.6200008392334,17.850000381469727,17.530000686645508,17.68000030517578,5.706205368041992,38600
2007-02-13,17.600000381469727,17.799999237060547,17.520000457763672,17.670000076293945,5.72955322265625,27300
2007-02-14,17.639999389648438,17.65999984741211,17.549999237060547,17.579999923706055,5.700368404388428,42900
2007-02-15,17.600000381469727,17.649999618530273,17.56999969482422,17.579999923706055,5.700368404388428,17100
2007-02-16,17.579999923706055,17.81999969482422,17.579999923706055,17.700000762939453,5.739280700683594,33100
2007-02-20,17.600000381469727,17.700000762939453,17.56999969482422,17.579999923706055,5.700368404388428,47600
2007-02-21,17.510000228881836,17.68000030517578,17.5,17.600000381469727,5.706856727600098,32500
2007-02-22,17.690000534057617,17.690000534057617,17.489999771118164,17.610000610351562,5.71009635925293,30700
2007-02-23,17.690000534057617,17.700000762939453,17.56999969482422,17.65999984741211,5.726307392120361,9900
2007-02-26,17.68000030517578,17.75,17.6299991607666,17.75,5.755496025085449,33700
2007-02-27,17.75,18.0,17.56999969482422,17.780000686645508,5.76522159576416,30300
2007-02-28,17.940000534057617,17.940000534057617,17.790000915527344,17.860000610351562,5.791163921356201,32800
2007-03-01,17.959999084472656,17.959999084472656,17.799999237060547,17.81999969482422,5.778191566467285,17000
2007-03-02,17.850000381469727,17.950000762939453,17.600000381469727,17.889999389648438,5.80088996887207,25900
2007-03-05,17.889999389648438,17.889999389648438,17.65999984741211,17.790000915527344,5.768463611602783,25600
2007-03-06,17.770000457763672,18.0,17.770000457763672,17.889999389648438,5.80088996887207,22600
2007-03-07,17.899999618530273,18.0,17.799999237060547,17.829999923706055,5.781433582305908,20000
2007-03-08,17.850000381469727,17.899999618530273,17.829999923706055,17.829999923706055,5.781433582305908,12700
2007-03-09,17.889999389648438,17.979999542236328,17.809999465942383,17.81999969482422,5.778191566467285,40000
2007-03-12,17.829999923706055,18.200000762939453,17.6299991607666,17.90999984741211,5.807371616363525,45900
2007-03-13,17.790000915527344,17.8799991607666,17.68000030517578,17.75,5.78196382522583,34000
2007-03-14,17.75,17.81999969482422,17.709999084472656,17.81999969482422,5.804766654968262,27800
2007-03-15,17.979999542236328,17.979999542236328,17.649999618530273,17.709999084472656,5.768936634063721,25200
2007-03-16,17.760000228881836,17.760000228881836,17.65999984741211,17.719999313354492,5.772193431854248,12800
2007-03-19,17.709999084472656,17.809999465942383,17.649999618530273,17.809999465942383,5.801512718200684,39500
2007-03-20,17.670000076293945,17.739999771118164,17.639999389648438,17.649999618530273,5.749391078948975,15500
2007-03-21,17.670000076293945,17.719999313354492,17.639999389648438,17.649999618530273,5.749391078948975,14200
2007-03-22,17.639999389648438,17.709999084472656,17.600000381469727,17.690000534057617,5.762425422668457,32000
2007-03-23,17.639999389648438,17.700000762939453,17.639999389648438,17.68000030517578,5.759165287017822,17800
2007-03-26,17.690000534057617,17.729999542236328,17.6299991607666,17.729999542236328,5.77545166015625,24600
2007-03-27,17.649999618530273,17.709999084472656,17.549999237060547,17.639999389648438,5.746135234832764,36500
2007-03-28,17.649999618530273,17.700000762939453,17.600000381469727,17.690000534057617,5.762425422668457,22600
2007-03-29,17.6200008392334,17.719999313354492,17.6200008392334,17.719999313354492,5.772193431854248,22400
2007-03-30,17.719999313354492,17.770000457763672,17.65999984741211,17.75,5.78196382522583,29200
2007-04-02,17.770000457763672,17.809999465942383,17.75,17.75,5.78196382522583,23400
2007-04-03,17.760000228881836,18.0,17.700000762939453,17.739999771118164,5.778709411621094,36500
2007-04-04,17.84000015258789,18.020000457763672,17.690000534057617,17.690000534057617,5.762425422668457,55400
2007-04-05,17.649999618530273,17.850000381469727,17.649999618530273,17.670000076293945,5.755905628204346,27300
2007-04-09,17.68000030517578,17.809999465942383,17.670000076293945,17.809999465942383,5.801512718200684,49300
2007-04-10,17.639999389648438,17.950000762939453,17.639999389648438,17.899999618530273,5.830826282501221,61300
2007-04-11,17.670000076293945,17.899999618530273,17.670000076293945,17.790000915527344,5.8216657638549805,62600
2007-04-12,18.100000381469727,18.100000381469727,17.799999237060547,17.920000076293945,5.8642048835754395,33100
2007-04-13,18.079999923706055,18.149999618530273,17.860000610351562,18.049999237060547,5.906745910644531,45800
2007-04-16,17.989999771118164,18.020000457763672,17.899999618530273,17.90999984741211,5.860939025878906,29900
2007-04-17,17.940000534057617,17.989999771118164,17.84000015258789,17.90999984741211,5.860939025878906,27800
2007-04-18,17.90999984741211,17.969999313354492,17.899999618530273,17.899999618530273,5.857662200927734,12000
2007-04-19,18.010000228881836,18.020000457763672,17.940000534057617,17.969999313354492,5.8805670738220215,18200
2007-04-20,17.979999542236328,18.149999618530273,17.950000762939453,18.059999465942383,5.9100213050842285,19600
2007-04-23,18.139999389648438,18.15999984741211,18.040000915527344,18.100000381469727,5.923115253448486,22100
2007-04-24,18.139999389648438,18.280000686645508,18.09000015258789,18.209999084472656,5.959108829498291,24100
2007-04-25,18.209999084472656,18.209999084472656,18.079999923706055,18.1200008392334,5.929656028747559,44700
2007-04-26,18.1200008392334,18.219999313354492,18.100000381469727,18.139999389648438,5.936198711395264,22800
2007-04-27,18.1299991607666,18.639999389648438,18.1299991607666,18.200000762939453,5.955831527709961,36600
2007-04-30,18.389999389648438,18.389999389648438,18.15999984741211,18.170000076293945,5.946018218994141,49500
2007-05-01,18.290000915527344,18.299999237060547,18.010000228881836,18.030000686645508,5.900204658508301,70000
2007-05-02,18.0,18.149999618530273,17.969999313354492,18.0,5.89038610458374,60500
2007-05-03,18.100000381469727,18.139999389648438,18.0,18.100000381469727,5.923115253448486,22800
2007-05-04,18.110000610351562,18.170000076293945,18.079999923706055,18.110000610351562,5.926382541656494,35000
2007-05-07,18.100000381469727,18.219999313354492,18.059999465942383,18.219999313354492,5.962379455566406,27800
2007-05-08,18.200000762939453,18.229999542236328,18.100000381469727,18.1299991607666,5.93292760848999,24700
2007-05-09,18.110000610351562,18.139999389648438,18.049999237060547,18.1299991607666,5.93292760848999,32700
2007-05-10,18.06999969482422,18.200000762939453,18.059999465942383,18.139999389648438,5.936198711395264,29800
2007-05-11,17.889999389648438,18.15999984741211,17.889999389648438,18.15999984741211,5.969729900360107,36800
2007-05-14,18.280000686645508,18.299999237060547,18.0,18.149999618530273,5.96644401550293,34400
2007-05-15,18.200000762939453,18.200000762939453,18.059999465942383,18.059999465942383,5.936857223510742,9900
2007-05-16,18.170000076293945,18.360000610351562,17.950000762939453,17.950000762939453,5.90070104598999,49500
2007-05-17,17.950000762939453,18.09000015258789,17.950000762939453,17.950000762939453,5.90070104598999,32700
2007-05-18,18.1200008392334,18.1200008392334,17.81999969482422,17.81999969482422,5.857966423034668,53200
2007-05-21,17.899999618530273,17.899999618530273,17.760000228881836,17.809999465942383,5.85467529296875,42800
2007-05-22,17.760000228881836,17.860000610351562,17.75,17.790000915527344,5.848099708557129,26200
2007-05-23,17.979999542236328,17.979999542236328,17.719999313354492,17.75,5.834949016571045,45000
2007-05-24,17.709999084472656,17.739999771118164,17.56999969482422,17.670000076293945,5.808648586273193,35000
2007-05-25,17.649999618530273,17.760000228881836,17.56999969482422,17.690000534057617,5.815232753753662,41700
2007-05-29,17.719999313354492,17.770000457763672,17.65999984741211,17.670000076293945,5.808648586273193,20000
2007-05-30,17.739999771118164,17.739999771118164,17.649999618530273,17.729999542236328,5.828380584716797,32100
2007-05-31,17.770000457763672,17.770000457763672,17.549999237060547,17.729999542236328,5.828380584716797,19500
2007-06-01,17.68000030517578,17.899999618530273,17.59000015258789,17.600000381469727,5.78563928604126,29600
2007-06-04,17.600000381469727,17.600000381469727,17.510000228881836,17.530000686645508,5.762631893157959,32000
2007-06-05,17.540000915527344,17.540000915527344,17.059999465942383,17.209999084472656,5.657437801361084,84800
2007-06-06,17.209999084472656,17.209999084472656,17.030000686645508,17.110000610351562,5.62456750869751,61600
2007-06-07,17.100000381469727,17.110000610351562,16.450000762939453,16.75,5.506224632263184,136400
2007-06-08,16.600000381469727,16.690000534057617,16.270000457763672,16.649999618530273,5.473348140716553,51400
2007-06-11,16.649999618530273,16.65999984741211,16.360000610351562,16.559999465942383,5.443761348724365,59000
2007-06-12,16.540000915527344,16.540000915527344,16.299999237060547,16.399999618530273,5.391164302825928,74200
2007-06-13,16.299999237060547,16.389999389648438,16.209999084472656,16.280000686645508,5.3786139488220215,71100
2007-06-14,16.3799991607666,16.3799991607666,16.299999237060547,16.299999237060547,5.385219097137451,27000
2007-06-15,16.43000030517578,16.440000534057617,16.299999237060547,16.440000534057617,5.431474685668945,45500
2007-06-18,16.600000381469727,16.68000030517578,16.440000534057617,16.68000030517578,5.5107645988464355,61100
2007-06-19,16.68000030517578,17.0,16.600000381469727,16.860000610351562,5.57023286819458,67400
2007-06-20,16.790000915527344,16.950000762939453,16.770000457763672,16.90999984741211,5.586753845214844,24600
2007-06-21,16.920000076293945,16.959999084472656,16.770000457763672,16.920000076293945,5.590053081512451,31600
2007-06-22,16.920000076293945,16.950000762939453,16.84000015258789,16.899999618530273,5.583450794219971,24200
2007-06-25,16.8700008392334,16.959999084472656,16.8700008392334,16.950000762939453,5.5999674797058105,18900
2007-06-26,16.920000076293945,17.09000015258789,16.860000610351562,17.09000015258789,5.646219730377197,42800
2007-06-27,16.950000762939453,17.0,16.90999984741211,16.950000762939453,5.5999674797058105,48600
2007-06-28,16.979999542236328,17.049999237060547,16.979999542236328,17.0,5.616485118865967,12000
2007-06-29,17.06999969482422,17.09000015258789,16.979999542236328,17.059999465942383,5.6363067626953125,51700
2007-07-02,17.040000915527344,17.049999237060547,16.989999771118164,17.020000457763672,5.623093605041504,44500
2007-07-03,17.040000915527344,17.079999923706055,17.020000457763672,17.020000457763672,5.623093605041504,18400
2007-07-05,17.09000015258789,17.09000015258789,16.989999771118164,16.989999771118164,5.613178253173828,20800
2007-07-06,17.020000457763672,17.020000457763672,16.969999313354492,16.989999771118164,5.613178253173828,8600
2007-07-09,17.0,17.209999084472656,16.950000762939453,17.0,5.616485118865967,25000
2007-07-10,17.0,17.1200008392334,16.969999313354492,17.010000228881836,5.619791030883789,31800
2007-07-11,16.920000076293945,16.950000762939453,16.860000610351562,16.93000030517578,5.620456218719482,19700
2007-07-12,16.989999771118164,17.1200008392334,16.739999771118164,16.739999771118164,5.557379722595215,39800
2007-07-13,17.09000015258789,17.09000015258789,16.59000015258789,16.739999771118164,5.557379722595215,45400
2007-07-16,16.540000915527344,16.68000030517578,16.5,16.5,5.477701663970947,39500
2007-07-17,16.5,16.59000015258789,16.389999389648438,16.399999618530273,5.444504261016846,44200
2007-07-18,16.420000076293945,16.489999771118164,16.299999237060547,16.299999237060547,5.411304950714111,50900
2007-07-19,16.219999313354492,16.329999923706055,16.209999084472656,16.209999084472656,5.381424427032471,38800
2007-07-20,16.329999923706055,16.450000762939453,16.200000762939453,16.309999465942383,5.414626121520996,26500
2007-07-23,16.270000457763672,16.350000381469727,16.229999542236328,16.229999542236328,5.38806676864624,27800
2007-07-24,16.280000686645508,16.299999237060547,16.020000457763672,16.030000686645508,5.321671009063721,57400
2007-07-25,16.049999237060547,16.15999984741211,16.049999237060547,16.100000381469727,5.344910144805908,39300
2007-07-26,16.100000381469727,16.100000381469727,15.65999984741211,15.90999984741211,5.281833648681641,70700
2007-07-27,15.850000381469727,16.149999618530273,15.800000190734863,16.149999618530273,5.361505508422852,59400
2007-07-30,16.06999969482422,16.18000030517578,16.049999237060547,16.149999618530273,5.361505508422852,29200
2007-07-31,16.200000762939453,16.270000457763672,16.100000381469727,16.270000457763672,5.401346683502197,30200
2007-08-01,16.459999084472656,16.93000030517578,16.209999084472656,16.290000915527344,5.407987594604492,28700
2007-08-02,16.270000457763672,16.3799991607666,16.170000076293945,16.190000534057617,5.374788284301758,38000
2007-08-03,16.18000030517578,16.25,16.149999618530273,16.200000762939453,5.378110408782959,22200
2007-08-06,16.059999465942383,16.270000457763672,16.0,16.0,5.311713218688965,36800
2007-08-07,16.0,16.1200008392334,16.0,16.1200008392334,5.351551532745361,31900
2007-08-08,16.1200008392334,16.299999237060547,16.059999465942383,16.1200008392334,5.351551532745361,44800
2007-08-09,16.18000030517578,16.399999618530273,16.18000030517578,16.299999237060547,5.411304950714111,13300
2007-08-10,16.389999389648438,16.389999389648438,16.25,16.290000915527344,5.407987594604492,28800
2007-08-13,16.459999084472656,16.719999313354492,16.200000762939453,16.43000030517578,5.482059478759766,33700
2007-08-14,16.350000381469727,16.579999923706055,16.139999389648438,16.139999389648438,5.385295391082764,23400
2007-08-15,16.399999618530273,16.399999618530273,15.75,15.760000228881836,5.258508682250977,59200
2007-08-16,15.600000381469727,15.600000381469727,14.460000038146973,15.119999885559082,5.044961929321289,137000
2007-08-17,15.050000190734863,15.75,14.899999618530273,15.329999923706055,5.115031719207764,113600
2007-08-20,15.300000190734863,15.329999923706055,15.100000381469727,15.180000305175781,5.06498384475708,39800
2007-08-21,15.180000305175781,15.229999542236328,15.050000190734863,15.140000343322754,5.051634788513184,92800
2007-08-22,15.180000305175781,15.90999984741211,15.140000343322754,15.649999618530273,5.221805572509766,86400
2007-08-23,15.649999618530273,18.969999313354492,15.649999618530273,16.479999542236328,5.498742580413818,118500
2007-08-24,16.479999542236328,16.479999542236328,15.970000267028809,16.010000228881836,5.341920375823975,37500
2007-08-27,16.020000457763672,16.43000030517578,16.020000457763672,16.299999237060547,5.438684940338135,70600
2007-08-28,16.299999237060547,16.420000076293945,16.149999618530273,16.209999084472656,5.408651351928711,31800
2007-08-29,16.229999542236328,16.450000762939453,16.229999542236328,16.450000762939453,5.488732814788818,23500
2007-08-30,16.469999313354492,16.5,16.40999984741211,16.5,5.505415916442871,16400
2007-08-31,16.5,16.520000457763672,16.459999084472656,16.5,5.505415916442871,31200
2007-09-04,16.549999237060547,16.600000381469727,16.459999084472656,16.600000381469727,5.538780212402344,33100
2007-09-05,16.299999237060547,16.700000762939453,16.299999237060547,16.700000762939453,5.572149753570557,35800
2007-09-06,16.600000381469727,16.920000076293945,16.510000228881836,16.81999969482422,5.612184047698975,23100
2007-09-07,16.850000381469727,16.950000762939453,16.739999771118164,16.809999465942383,5.608849048614502,47500
2007-09-10,16.709999084472656,17.09000015258789,16.709999084472656,17.030000686645508,5.682254314422607,20300
2007-09-11,17.06999969482422,17.06999969482422,16.780000686645508,16.850000381469727,5.622198104858398,44300
2007-09-12,16.760000228881836,16.850000381469727,16.75,16.829999923706055,5.642980098724365,16800
2007-09-13,16.8799991607666,16.8799991607666,16.6299991607666,16.6299991607666,5.575924873352051,22900
2007-09-14,16.559999465942383,16.559999465942383,16.440000534057617,16.450000762939453,5.515575885772705,25800
2007-09-17,16.559999465942383,16.579999923706055,16.350000381469727,16.579999923706055,5.559162139892578,30300
2007-09-18,16.549999237060547,16.690000534057617,16.479999542236328,16.649999618530273,5.582633972167969,12700
2007-09-19,16.6299991607666,16.6299991607666,16.399999618530273,16.40999984741211,5.502163410186768,25000
2007-09-20,16.350000381469727,16.5,16.350000381469727,16.450000762939453,5.515575885772705,15200
2007-09-21,16.450000762939453,16.479999542236328,15.760000228881836,16.209999084472656,5.4351019859313965,57200
2007-09-24,16.209999084472656,16.219999313354492,16.030000686645508,16.1299991607666,5.408281326293945,42500
2007-09-25,16.100000381469727,16.1200008392334,15.899999618530273,16.049999237060547,5.381458282470703,52400
2007-09-26,16.100000381469727,16.170000076293945,16.040000915527344,16.049999237060547,5.381458282470703,21600
2007-09-27,16.020000457763672,16.260000228881836,16.010000228881836,16.059999465942383,5.384812355041504,16600
2007-09-28,16.190000534057617,16.200000762939453,16.1200008392334,16.170000076293945,5.421690464019775,41000
2007-10-01,16.219999313354492,16.219999313354492,16.100000381469727,16.170000076293945,5.421690464019775,16900
2007-10-02,16.200000762939453,16.209999084472656,16.049999237060547,16.079999923706055,5.391517162322998,24200
2007-10-03,16.059999465942383,16.200000762939453,16.059999465942383,16.09000015258789,5.394870281219482,33900
2007-10-04,16.1299991607666,16.149999618530273,16.049999237060547,16.079999923706055,5.391517162322998,57500
2007-10-05,16.110000610351562,16.110000610351562,16.020000457763672,16.06999969482422,5.388162612915039,57700
2007-10-08,16.049999237060547,16.059999465942383,16.0,16.010000228881836,5.368043422698975,23300
2007-10-09,16.049999237060547,16.100000381469727,16.0,16.09000015258789,5.394870281219482,15500
2007-10-10,16.059999465942383,16.200000762939453,15.989999771118164,16.139999389648438,5.411633014678955,31500
2007-10-11,16.3799991607666,16.420000076293945,16.0,16.030000686645508,5.402196884155273,47700
2007-10-12,16.020000457763672,16.149999618530273,16.020000457763672,16.110000610351562,5.429161071777344,66700
2007-10-15,16.100000381469727,16.190000534057617,16.0,16.149999618530273,5.442636013031006,33100
2007-10-16,16.110000610351562,16.149999618530273,16.0,16.049999237060547,5.408936500549316,16700
2007-10-17,16.079999923706055,16.299999237060547,15.970000267028809,16.010000228881836,5.395456314086914,18600
2007-10-18,16.100000381469727,16.139999389648438,15.960000038146973,16.139999389648438,5.439266204833984,15000
2007-10-19,16.0,16.139999389648438,15.949999809265137,16.0,5.392086029052734,25800
2007-10-22,16.010000228881836,16.219999313354492,16.0,16.010000228881836,5.395456314086914,23100
2007-10-23,16.049999237060547,16.290000915527344,15.960000038146973,16.1299991607666,5.435897350311279,33000
2007-10-24,16.049999237060547,16.299999237060547,15.930000305175781,16.049999237060547,5.408936500549316,30600
2007-10-25,16.049999237060547,16.059999465942383,15.84000015258789,15.859999656677246,5.344905376434326,23200
2007-10-26,15.84000015258789,16.0,15.8100004196167,15.850000381469727,5.341535568237305,17600
2007-10-29,16.040000915527344,16.049999237060547,15.899999618530273,15.949999809265137,5.375235080718994,29700
2007-10-30,15.9399995803833,16.059999465942383,15.800000190734863,15.859999656677246,5.344905376434326,26800
2007-10-31,16.020000457763672,16.020000457763672,15.800000190734863,15.819999694824219,5.331427574157715,13100
2007-11-01,15.880000114440918,16.0,15.819999694824219,15.899999618530273,5.3583855628967285,23500
2007-11-02,15.899999618530273,16.030000686645508,15.869999885559082,15.869999885559082,5.348274230957031,20000
2007-11-05,15.859999656677246,16.059999465942383,15.859999656677246,15.890000343322754,5.355016231536865,24400
2007-11-06,15.979999542236328,16.049999237060547,15.859999656677246,16.020000457763672,5.398828983306885,53700
2007-11-07,15.949999809265137,16.059999465942383,15.869999885559082,15.869999885559082,5.348274230957031,29500
2007-11-08,16.0,16.010000228881836,15.75,15.869999885559082,5.348274230957031,33500
2007-11-09,15.869999885559082,16.030000686645508,15.609999656677246,15.6899995803833,5.2876129150390625,29100
2007-11-12,15.6899995803833,15.859999656677246,15.609999656677246,15.619999885559082,5.26402473449707,26000
2007-11-13,15.720000267028809,15.75,15.520000457763672,15.649999618530273,5.3019700050354,23400
2007-11-14,15.649999618530273,15.960000038146973,15.649999618530273,15.65999984741211,5.305356979370117,16600
2007-11-15,15.9399995803833,15.9399995803833,15.5,15.539999961853027,5.264699935913086,35100
2007-11-16,15.510000228881836,15.75,15.5,15.510000228881836,5.2545366287231445,25700
2007-11-19,15.199999809265137,15.569999694824219,15.199999809265137,15.270000457763672,5.173231601715088,62000
2007-11-20,15.770000457763672,15.770000457763672,15.270000457763672,15.4399995803833,5.230825901031494,50200
2007-11-21,15.470000267028809,15.470000267028809,14.9399995803833,15.199999809265137,5.149518013000488,33600
2007-11-23,15.119999885559082,15.3100004196167,15.119999885559082,15.3100004196167,5.186779975891113,6800
2007-11-26,15.199999809265137,15.569999694824219,15.1899995803833,15.300000190734863,5.1833953857421875,34400
2007-11-27,15.300000190734863,15.350000381469727,15.010000228881836,15.199999809265137,5.149518013000488,48000
2007-11-28,15.319999694824219,15.350000381469727,15.289999961853027,15.350000381469727,5.2003326416015625,35900
2007-11-29,15.350000381469727,15.390000343322754,15.149999618530273,15.239999771118164,5.163064002990723,86700
2007-11-30,15.479999542236328,15.479999542236328,14.949999809265137,14.979999542236328,5.074981689453125,56000
2007-12-03,15.470000267028809,15.470000267028809,14.989999771118164,15.0,5.081756114959717,83800
2007-12-04,14.899999618530273,15.300000190734863,14.899999618530273,15.300000190734863,5.1833953857421875,53500
2007-12-05,15.289999961853027,15.569999694824219,15.270000457763672,15.380000114440918,5.2104973793029785,35400
2007-12-06,15.380000114440918,15.5600004196167,15.350000381469727,15.399999618530273,5.217271327972412,55800
2007-12-07,15.40999984741211,15.420000076293945,15.350000381469727,15.380000114440918,5.2104973793029785,45300
2007-12-10,15.600000381469727,15.75,15.319999694824219,15.449999809265137,5.23421049118042,66900
2007-12-11,15.550000190734863,15.550000190734863,15.399999618530273,15.5,5.251149654388428,42100
2007-12-12,15.529999732971191,15.529999732971191,15.300000190734863,15.369999885559082,5.266571044921875,70900
2007-12-13,15.270000457763672,15.300000190734863,15.010000228881836,15.069999694824219,5.163772106170654,33500
2007-12-14,15.25,15.25,14.960000038146973,15.0,5.1397881507873535,68300
2007-12-17,14.8100004196167,15.09000015258789,14.8100004196167,14.869999885559082,5.095242500305176,73000
2007-12-18,14.890000343322754,15.0,14.729999542236328,14.75,5.0541276931762695,93800
2007-12-19,14.970000267028809,14.970000267028809,14.710000038146973,14.710000038146973,5.040421009063721,91000
2007-12-20,14.65999984741211,14.65999984741211,14.0,14.529999732971191,4.978742599487305,217900
2007-12-21,14.420000076293945,14.65999984741211,14.1899995803833,14.34000015258789,4.913637638092041,193000
2007-12-24,14.34000015258789,14.529999732971191,14.180000305175781,14.270000457763672,4.889654159545898,89600
2007-12-26,14.520000457763672,14.520000457763672,14.079999923706055,14.199999809265137,4.865668773651123,141800
2007-12-27,14.020000457763672,14.680000305175781,14.020000457763672,14.119999885559082,4.838254451751709,205100
2007-12-28,14.100000381469727,14.569999694824219,14.100000381469727,14.569999694824219,4.992448806762695,225700
2007-12-31,14.989999771118164,14.989999771118164,14.34000015258789,14.979999542236328,5.1329345703125,208700
2008-01-02,14.6899995803833,15.25,14.6899995803833,15.15999984741211,5.194612979888916,47000
2008-01-03,15.300000190734863,15.449999809265137,15.170000076293945,15.399999618530273,5.276848793029785,52100
2008-01-04,15.5,15.550000190734863,15.430000305175781,15.520000457763672,5.317965507507324,42000
2008-01-07,15.479999542236328,15.84000015258789,15.479999542236328,15.699999809265137,5.379643440246582,52200
2008-01-08,15.850000381469727,15.850000381469727,15.710000038146973,15.789999961853027,5.410483360290527,31300
2008-01-09,15.779999732971191,15.829999923706055,15.739999771118164,15.819999694824219,5.420764923095703,43300
2008-01-10,15.800000190734863,15.899999618530273,15.800000190734863,15.899999618530273,5.448176383972168,32400
2008-01-11,15.970000267028809,15.979999542236328,15.75,15.979999542236328,5.503973960876465,16000
2008-01-14,15.760000228881836,16.239999771118164,15.760000228881836,15.970000267028809,5.50053071975708,39700
2008-01-15,16.209999084472656,16.209999084472656,15.970000267028809,16.040000915527344,5.524641990661621,63700
2008-01-16,16.100000381469727,16.200000762939453,15.850000381469727,15.850000381469727,5.459194660186768,82300
2008-01-17,15.819999694824219,15.979999542236328,15.619999885559082,15.630000114440918,5.383419990539551,67400
2008-01-18,15.75,15.899999618530273,15.399999618530273,15.539999961853027,5.352424621582031,52200
2008-01-22,15.0600004196167,15.619999885559082,15.0600004196167,15.619999885559082,5.379978179931641,58300
2008-01-23,15.630000114440918,16.09000015258789,15.550000190734863,16.06999969482422,5.534972190856934,41400
2008-01-24,16.100000381469727,16.1299991607666,16.0,16.079999923706055,5.538419246673584,29900
2008-01-25,16.260000228881836,16.260000228881836,15.779999732971191,15.8100004196167,5.4454216957092285,20200
2008-01-28,15.779999732971191,15.920000076293945,15.6899995803833,15.920000076293945,5.483306884765625,29000
2008-01-29,16.0,16.020000457763672,15.8100004196167,15.84000015258789,5.455751419067383,49500
2008-01-30,16.030000686645508,16.030000686645508,15.8100004196167,15.880000114440918,5.469532489776611,25400
2008-01-31,15.800000190734863,15.989999771118164,15.800000190734863,15.890000343322754,5.472979545593262,33700
2008-02-01,16.0,16.1200008392334,15.859999656677246,15.970000267028809,5.50053071975708,32200
2008-02-04,15.930000305175781,16.0,15.90999984741211,15.960000038146973,5.497082233428955,10600
2008-02-05,16.0,16.049999237060547,15.869999885559082,15.90999984741211,5.479863166809082,29100
2008-02-06,16.040000915527344,16.040000915527344,15.869999885559082,15.90999984741211,5.479863166809082,25600
2008-02-07,16.040000915527344,16.049999237060547,15.75,15.920000076293945,5.483306884765625,43300
2008-02-08,15.789999961853027,16.049999237060547,15.789999961853027,16.030000686645508,5.521194934844971,35200
2008-02-11,16.100000381469727,16.149999618530273,15.949999809265137,15.979999542236328,5.503973960876465,64500
2008-02-12,16.139999389648438,16.190000534057617,16.010000228881836,16.1200008392334,5.552190780639648,71800
2008-02-13,16.079999923706055,16.1200008392334,15.6899995803833,15.699999809265137,5.435179233551025,71200
2008-02-14,15.680000305175781,15.75,14.960000038146973,15.010000228881836,5.1963090896606445,115200
2008-02-15,15.220000267028809,15.220000267028809,14.75,15.010000228881836,5.1963090896606445,143000
2008-02-19,15.079999923706055,15.430000305175781,15.079999923706055,15.430000305175781,5.341709613800049,45300
2008-02-20,15.170000076293945,15.420000076293945,15.15999984741211,15.170000076293945,5.251701354980469,77100
2008-02-21,15.170000076293945,15.25,14.989999771118164,15.170000076293945,5.251701354980469,64800
2008-02-22,14.949999809265137,15.109999656677246,14.9399995803833,14.949999809265137,5.175539493560791,67800
2008-02-25,15.039999961853027,15.279999732971191,15.0,15.25,5.279394626617432,54900
2008-02-26,15.420000076293945,15.420000076293945,15.270000457763672,15.329999923706055,5.307088851928711,21600
2008-02-27,15.329999923706055,15.420000076293945,15.119999885559082,15.1899995803833,5.258626461029053,26900
2008-02-28,15.069999694824219,15.180000305175781,14.970000267028809,14.989999771118164,5.189387798309326,35200
2008-02-29,15.140000343322754,15.140000343322754,14.65999984741211,14.920000076293945,5.165153980255127,65200
2008-03-03,14.979999542236328,15.15999984741211,14.920000076293945,15.149999618530273,5.244777202606201,57400
2008-03-04,15.15999984741211,15.279999732971191,15.010000228881836,15.210000038146973,5.265549182891846,31100
2008-03-05,15.40999984741211,15.520000457763672,15.300000190734863,15.520000457763672,5.372867107391357,41700
2008-03-06,15.239999771118164,15.470000267028809,14.9399995803833,15.279999732971191,5.289781093597412,79700
2008-03-07,15.319999694824219,15.34000015258789,15.25,15.260000228881836,5.2828569412231445,21900
2008-03-10,15.289999961853027,15.289999961853027,15.180000305175781,15.229999542236328,5.272469997406006,21000
2008-03-11,15.289999961853027,15.489999771118164,15.1899995803833,15.350000381469727,5.314014434814453,47900
2008-03-12,15.399999618530273,15.399999618530273,15.0600004196167,15.0600004196167,5.241621017456055,17700
2008-03-13,15.069999694824219,15.140000343322754,14.979999542236328,14.989999771118164,5.217257022857666,17800
2008-03-14,15.029999732971191,15.170000076293945,14.920000076293945,15.029999732971191,5.231180667877197,25000
2008-03-17,14.899999618530273,14.899999618530273,14.5600004196167,14.600000381469727,5.081521034240723,57100
2008-03-18,14.699999809265137,14.84000015258789,14.699999809265137,14.729999542236328,5.126765251159668,35300
2008-03-19,14.869999885559082,14.880000114440918,14.579999923706055,14.670000076293945,5.105879306793213,33000
2008-03-20,14.609999656677246,14.8100004196167,14.59000015258789,14.75,5.133724689483643,39000
2008-03-24,14.819999694824219,15.050000190734863,14.800000190734863,15.050000190734863,5.238139629364014,49700
2008-03-25,15.100000381469727,15.210000038146973,14.930000305175781,15.210000038146973,5.293829441070557,34200
2008-03-26,15.039999961853027,15.350000381469727,15.039999961853027,15.350000381469727,5.342553615570068,32500
2008-03-27,15.460000038146973,15.460000038146973,15.199999809265137,15.300000190734863,5.3251495361328125,60900
2008-03-28,15.220000267028809,15.319999694824219,15.199999809265137,15.210000038146973,5.293829441070557,17100
2008-03-31,15.329999923706055,15.390000343322754,15.069999694824219,15.270000457763672,5.314711093902588,53700
2008-04-01,15.350000381469727,15.350000381469727,15.140000343322754,15.319999694824219,5.3321146965026855,24000
2008-04-02,15.25,15.369999885559082,15.210000038146973,15.210000038146973,5.293829441070557,50600
2008-04-03,15.180000305175781,15.40999984741211,15.180000305175781,15.270000457763672,5.314711093902588,34200
2008-04-04,15.350000381469727,15.4399995803833,15.239999771118164,15.239999771118164,5.304267406463623,22100
2008-04-07,15.220000267028809,15.460000038146973,15.220000267028809,15.359999656677246,5.346035003662109,27900
2008-04-08,15.359999656677246,15.4399995803833,15.199999809265137,15.229999542236328,5.300790786743164,27200
2008-04-09,15.359999656677246,15.359999656677246,15.25,15.25,5.307751655578613,18300
2008-04-10,15.220000267028809,15.350000381469727,15.220000267028809,15.350000381469727,5.342553615570068,40200
2008-04-11,15.319999694824219,15.4399995803833,15.220000267028809,15.220000267028809,5.32575798034668,37700
2008-04-14,15.220000267028809,15.350000381469727,15.220000267028809,15.289999961853027,5.350250720977783,30800
2008-04-15,15.289999961853027,15.3100004196167,15.180000305175781,15.180000305175781,5.311758518218994,14100
2008-04-16,15.149999618530273,15.350000381469727,15.149999618530273,15.220000267028809,5.32575798034668,25400
2008-04-17,15.350000381469727,15.399999618530273,15.260000228881836,15.380000114440918,5.381746292114258,17900
2008-04-18,15.449999809265137,15.449999809265137,15.329999923706055,15.399999618530273,5.3887457847595215,31900
2008-04-21,15.430000305175781,15.5,15.399999618530273,15.5,5.423737049102783,26800
2008-04-22,15.5,15.5,15.34000015258789,15.399999618530273,5.3887457847595215,26200
2008-04-23,15.489999771118164,15.489999771118164,15.369999885559082,15.380000114440918,5.381746292114258,26000
2008-04-24,15.430000305175781,15.4399995803833,15.3100004196167,15.3100004196167,5.35725212097168,30100
2008-04-25,15.350000381469727,15.390000343322754,15.3100004196167,15.3100004196167,5.35725212097168,35400
2008-04-28,15.460000038146973,15.470000267028809,15.289999961853027,15.319999694824219,5.360750675201416,55900
2008-04-29,15.350000381469727,15.479999542236328,15.350000381469727,15.359999656677246,5.374745845794678,30700
2008-04-30,15.489999771118164,15.5,15.350000381469727,15.5,5.423737049102783,27600
2008-05-01,15.390000343322754,15.59000015258789,15.390000343322754,15.5,5.423737049102783,30900
2008-05-02,15.5,15.5,15.40999984741211,15.4399995803833,5.402738094329834,33900
2008-05-05,15.5,15.680000305175781,15.380000114440918,15.470000267028809,5.413240432739258,28300
2008-05-06,15.40999984741211,15.489999771118164,15.399999618530273,15.420000076293945,5.395739555358887,34700
2008-05-07,15.319999694824219,15.489999771118164,15.319999694824219,15.390000343322754,5.385247230529785,31800
2008-05-08,15.390000343322754,15.479999542236328,15.359999656677246,15.359999656677246,5.374745845794678,33800
2008-05-09,15.529999732971191,15.529999732971191,15.329999923706055,15.380000114440918,5.381746292114258,24900
2008-05-12,15.479999542236328,15.479999542236328,15.390000343322754,15.470000267028809,5.413240432739258,25900
2008-05-13,15.470000267028809,15.470000267028809,15.399999618530273,15.399999618530273,5.417457580566406,16500
2008-05-14,15.399999618530273,15.5,15.380000114440918,15.489999771118164,5.449118614196777,16000
2008-05-15,15.5,15.5,15.350000381469727,15.489999771118164,5.449118614196777,21200
2008-05-16,15.449999809265137,15.539999961853027,15.449999809265137,15.539999961853027,5.466710567474365,7000
2008-05-19,15.40999984741211,15.600000381469727,15.40999984741211,15.600000381469727,5.4878129959106445,17100
2008-05-20,15.600000381469727,15.600000381469727,15.359999656677246,15.399999618530273,5.417457580566406,56700
2008-05-21,15.350000381469727,15.5,15.329999923706055,15.449999809265137,5.435049057006836,22700
2008-05-22,15.550000190734863,15.579999923706055,15.399999618530273,15.5,5.452639579772949,24300
2008-05-23,15.5,16.0,15.430000305175781,15.539999961853027,5.466710567474365,26200
2008-05-27,15.460000038146973,15.569999694824219,15.4399995803833,15.4399995803833,5.431532382965088,26800
2008-05-28,15.640000343322754,15.640000343322754,15.430000305175781,15.529999732971191,5.463189125061035,25600
2008-05-29,15.569999694824219,15.569999694824219,15.369999885559082,15.449999809265137,5.435049057006836,35700
2008-05-30,15.5600004196167,15.5600004196167,15.399999618530273,15.5600004196167,5.4737443923950195,17600
2008-06-02,15.640000343322754,15.699999809265137,15.40999984741211,15.40999984741211,5.420979022979736,18100
2008-06-03,15.380000114440918,15.510000228881836,15.380000114440918,15.40999984741211,5.420979022979736,26300
2008-06-04,15.40999984741211,15.479999542236328,15.350000381469727,15.350000381469727,5.3998703956604,43400
2008-06-05,15.520000457763672,15.59000015258789,15.420000076293945,15.479999542236328,5.4456024169921875,55300
2008-06-06,15.649999618530273,15.649999618530273,15.40999984741211,15.40999984741211,5.420979022979736,16200
2008-06-09,15.520000457763672,15.539999961853027,15.460000038146973,15.529999732971191,5.463189125061035,12600
2008-06-10,15.550000190734863,15.550000190734863,15.449999809265137,15.529999732971191,5.463189125061035,33900
2008-06-11,15.510000228881836,15.510000228881836,15.239999771118164,15.40999984741211,5.449756622314453,33100
2008-06-12,15.479999542236328,15.489999771118164,15.229999542236328,15.239999771118164,5.389633655548096,36000
2008-06-13,15.180000305175781,15.3100004196167,15.15999984741211,15.239999771118164,5.389633655548096,19000
2008-06-16,15.229999542236328,15.350000381469727,15.220000267028809,15.329999923706055,5.4214630126953125,27300
2008-06-17,15.25,15.300000190734863,15.09000015258789,15.199999809265137,5.375485420227051,41600
2008-06-18,15.149999618530273,15.220000267028809,15.0,15.0600004196167,5.3259782791137695,41200
2008-06-19,15.0,15.119999885559082,14.859999656677246,14.970000267028809,5.294148921966553,43200
2008-06-20,14.960000038146973,14.960000038146973,14.760000228881836,14.850000381469727,5.251707077026367,44800
2008-06-23,14.779999732971191,14.899999618530273,14.710000038146973,14.770000457763672,5.223415851593018,27500
2008-06-24,14.579999923706055,14.949999809265137,14.579999923706055,14.949999809265137,5.287075519561768,67500
2008-06-25,14.949999809265137,14.949999809265137,14.899999618530273,14.949999809265137,5.287075519561768,22100
2008-06-26,15.09000015258789,15.770000457763672,14.880000114440918,15.0,5.3047566413879395,110000
2008-06-27,15.069999694824219,15.5,15.0600004196167,15.149999618530273,5.357804298400879,26400
2008-06-30,15.149999618530273,15.270000457763672,15.100000381469727,15.140000343322754,5.354265213012695,24400
2008-07-01,15.279999732971191,15.40999984741211,15.0600004196167,15.279999732971191,5.403779029846191,29800
2008-07-02,15.279999732971191,15.300000190734863,15.119999885559082,15.239999771118164,5.389633655548096,21200
2008-07-03,15.329999923706055,15.5,15.170000076293945,15.170000076293945,5.364874839782715,12200
2008-07-07,15.170000076293945,15.479999542236328,15.170000076293945,15.300000190734863,5.410852432250977,25700
2008-07-08,15.300000190734863,15.380000114440918,15.300000190734863,15.300000190734863,5.410852432250977,56100
2008-07-09,15.59000015258789,15.59000015258789,15.300000190734863,15.489999771118164,5.478046894073486,15800
2008-07-10,15.5,15.510000228881836,15.300000190734863,15.430000305175781,5.4568257331848145,64500
2008-07-11,15.300000190734863,15.350000381469727,15.15999984741211,15.15999984741211,5.389984607696533,17400
2008-07-14,15.010000228881836,15.270000457763672,15.010000228881836,15.029999732971191,5.343761444091797,24400
2008-07-15,14.949999809265137,14.949999809265137,14.569999694824219,14.75,5.244211196899414,84300
2008-07-16,14.5600004196167,14.789999961853027,14.520000457763672,14.789999961853027,5.258434772491455,46300
2008-07-17,14.800000190734863,14.829999923706055,14.699999809265137,14.729999542236328,5.237103462219238,26400
2008-07-18,14.850000381469727,14.850000381469727,14.649999618530273,14.729999542236328,5.237103462219238,9500
2008-07-21,14.670000076293945,14.789999961853027,14.630000114440918,14.789999961853027,5.258434772491455,24800
2008-07-22,14.84000015258789,14.899999618530273,14.6899995803833,14.770000457763672,5.251324653625488,27800
2008-07-23,14.859999656677246,14.920000076293945,14.710000038146973,14.710000038146973,5.229991436004639,20000
2008-07-24,14.720000267028809,14.899999618530273,14.670000076293945,14.859999656677246,5.283320903778076,24200
2008-07-25,14.75,14.970000267028809,14.729999542236328,14.859999656677246,5.283320903778076,21800
2008-07-28,15.34000015258789,15.34000015258789,14.75,14.930000305175781,5.308207988739014,24500
2008-07-29,15.0,15.149999618530273,14.930000305175781,15.149999618530273,5.386429309844971,22400
2008-07-30,15.149999618530273,15.15999984741211,15.010000228881836,15.149999618530273,5.386429309844971,14400
2008-07-31,15.199999809265137,15.220000267028809,14.890000343322754,15.050000190734863,5.350871562957764,32000
2008-08-01,15.15999984741211,15.220000267028809,14.779999732971191,14.9399995803833,5.311764240264893,30100
2008-08-04,14.989999771118164,15.0,14.819999694824219,14.979999542236328,5.325987339019775,25300
2008-08-05,14.850000381469727,15.020000457763672,14.850000381469727,14.890000343322754,5.2939887046813965,13900
2008-08-06,14.829999923706055,14.989999771118164,14.739999771118164,14.739999771118164,5.24066162109375,31800
2008-08-07,15.149999618530273,15.149999618530273,14.6899995803833,14.760000228881836,5.247768878936768,17100
2008-08-08,14.880000114440918,14.880000114440918,14.399999618530273,14.739999771118164,5.24066162109375,66800
2008-08-11,14.75,14.75,14.600000381469727,14.729999542236328,5.237103462219238,23000
2008-08-12,14.75,14.75,14.619999885559082,14.65999984741211,5.212215900421143,22300
2008-08-13,14.649999618530273,14.649999618530273,14.510000228881836,14.520000457763672,5.191481113433838,31200
2008-08-14,14.479999542236328,14.479999542236328,14.25,14.4399995803833,5.16287088394165,54900
2008-08-15,14.399999618530273,14.470000267028809,14.3100004196167,14.3100004196167,5.116393566131592,21000
2008-08-18,14.350000381469727,14.539999961853027,14.300000190734863,14.449999809265137,5.1664509773254395,37800
2008-08-19,14.59000015258789,14.75,14.369999885559082,14.470000267028809,5.173599720001221,38700
2008-08-20,14.739999771118164,14.819999694824219,14.390000343322754,14.779999732971191,5.2844343185424805,26300
2008-08-21,14.800000190734863,14.800000190734863,14.359999656677246,14.359999656677246,5.13427209854126,28900
2008-08-22,14.260000228881836,14.520000457763672,14.260000228881836,14.420000076293945,5.1557207107543945,17400
2008-08-25,14.569999694824219,14.649999618530273,14.399999618530273,14.40999984741211,5.1521477699279785,32200
2008-08-26,14.289999961853027,14.75,14.289999961853027,14.5600004196167,5.205779075622559,42800
2008-08-27,14.619999885559082,14.699999809265137,14.420000076293945,14.569999694824219,5.209353446960449,32400
2008-08-28,14.680000305175781,14.680000305175781,14.15999984741211,14.380000114440918,5.141420841217041,44400
2008-08-29,14.510000228881836,14.510000228881836,14.329999923706055,14.470000267028809,5.173599720001221,17600
2008-09-02,14.520000457763672,14.579999923706055,14.420000076293945,14.420000076293945,5.1557207107543945,11200
2008-09-03,14.520000457763672,14.579999923706055,14.399999618530273,14.539999961853027,5.19862699508667,23900
2008-09-04,14.680000305175781,14.680000305175781,14.399999618530273,14.5,5.184329032897949,23300
2008-09-05,14.5,14.619999885559082,14.449999809265137,14.5,5.184329032897949,15300
2008-09-08,14.600000381469727,14.600000381469727,14.399999618530273,14.489999771118164,5.180751323699951,30300
2008-09-09,14.600000381469727,14.600000381469727,14.300000190734863,14.420000076293945,5.1557207107543945,46600
2008-09-10,14.420000076293945,14.479999542236328,14.420000076293945,14.420000076293945,5.1557207107543945,19900
2008-09-11,14.449999809265137,14.59000015258789,14.329999923706055,14.329999923706055,5.153566360473633,33000
2008-09-12,14.59000015258789,14.59000015258789,14.329999923706055,14.399999618530273,5.178738594055176,24300
2008-09-15,14.260000228881836,14.470000267028809,14.09000015258789,14.100000381469727,5.070849895477295,60100
2008-09-16,14.029999732971191,14.25,13.319999694824219,14.25,5.124791622161865,159000
2008-09-17,13.5600004196167,14.25,13.300000190734863,13.520000457763672,4.862260818481445,138300
2008-09-18,13.859999656677246,13.859999656677246,12.5,12.989999771118164,4.671655654907227,120600
2008-09-19,13.390000343322754,14.170000076293945,13.390000343322754,14.170000076293945,5.096024513244629,91200
2008-09-22,14.010000228881836,14.220000267028809,13.010000228881836,13.210000038146973,4.75077486038208,62100
2008-09-23,13.020000457763672,13.3100004196167,12.899999618530273,12.920000076293945,4.646478176116943,59100
2008-09-24,13.489999771118164,13.5,12.649999618530273,12.800000190734863,4.603322505950928,42500
2008-09-25,12.75,12.760000228881836,12.600000381469727,12.600000381469727,4.5313944816589355,92200
2008-09-26,12.649999618530273,12.670000076293945,12.510000228881836,12.649999618530273,4.549377918243408,52200
2008-09-29,12.739999771118164,12.739999771118164,10.789999961853027,11.770000457763672,4.2329020500183105,120400
2008-09-30,12.5,12.5,11.5,12.5,4.495434284210205,51300
2008-10-01,12.3100004196167,12.6899995803833,11.390000343322754,11.829999923706055,4.254477500915527,44700
2008-10-02,11.800000190734863,11.920000076293945,11.649999618530273,11.75,4.225707054138184,26200
2008-10-03,11.800000190734863,12.0,11.600000381469727,11.850000381469727,4.26167106628418,60200
2008-10-06,11.729999542236328,11.75,10.109999656677246,10.779999732971191,3.876863479614258,128000
2008-10-07,10.600000381469727,10.949999809265137,9.65999984741211,9.899999618530273,3.560382604598999,105500
2008-10-08,9.579999923706055,9.869999885559082,8.0,8.800000190734863,3.1647861003875732,219400
2008-10-09,8.279999732971191,9.229999542236328,7.5,7.599999904632568,2.733222007751465,210900
2008-10-10,6.900000095367432,7.050000190734863,6.010000228881836,7.039999961853027,2.560124397277832,218100
2008-10-13,7.5,9.5,7.5,9.34000015258789,3.396528720855713,177500
2008-10-14,10.100000381469727,10.5,9.75,10.369999885559082,3.77109432220459,122200
2008-10-15,11.100000381469727,11.100000381469727,9.020000457763672,9.770000457763672,3.5528998374938965,99500
2008-10-16,9.539999961853027,9.800000190734863,9.199999809265137,9.75,3.5456273555755615,99800
2008-10-17,9.699999809265137,10.119999885559082,9.5,9.920000076293945,3.607447862625122,70600
2008-10-20,9.920000076293945,10.619999885559082,9.920000076293945,10.569999694824219,3.8438212871551514,120400
2008-10-21,10.460000038146973,10.619999885559082,10.270000457763672,10.529999732971191,3.829275131225586,28800
2008-10-22,10.449999809265137,10.619999885559082,10.109999656677246,10.449999809265137,3.800184726715088,28200
2008-10-23,10.369999885559082,11.649999618530273,9.960000038146973,10.6899995803833,3.887460947036743,76100
2008-10-24,10.119999885559082,10.6899995803833,10.119999885559082,10.670000076293945,3.8801896572113037,15900
2008-10-27,10.600000381469727,10.930000305175781,10.399999618530273,10.430000305175781,3.792910575866699,42400
2008-10-28,10.59000015258789,12.25,10.529999732971191,11.449999809265137,4.163838863372803,75900
2008-10-29,11.460000038146973,11.729999542236328,10.90999984741211,11.069999694824219,4.025650978088379,56900
2008-10-30,11.119999885559082,11.319999694824219,10.8100004196167,10.819999694824219,3.9347360134124756,35700
2008-10-31,11.180000305175781,11.180000305175781,10.710000038146973,11.020000457763672,4.00747013092041,33000
2008-11-03,11.020000457763672,11.880000114440918,10.460000038146973,10.90999984741211,3.9674673080444336,35800
2008-11-04,10.960000038146973,11.079999923706055,10.75,11.020000457763672,4.00747013092041,61200
2008-11-05,11.0,11.40999984741211,11.0,11.260000228881836,4.0947442054748535,45500
2008-11-06,11.34000015258789,11.34000015258789,11.069999694824219,11.180000305175781,4.065650939941406,47900
2008-11-07,11.170000076293945,11.289999961853027,11.119999885559082,11.25,4.091109275817871,37200
2008-11-10,11.979999542236328,11.979999542236328,11.149999618530273,11.229999542236328,4.083834171295166,27700
2008-11-11,11.229999542236328,11.350000381469727,11.130000114440918,11.180000305175781,4.065650939941406,39200
2008-11-12,10.930000305175781,11.199999809265137,10.350000381469727,10.350000381469727,3.79231333732605,59600
2008-11-13,10.100000381469727,10.270000457763672,9.539999961853027,10.15999984741211,3.7226974964141846,106800
2008-11-14,9.920000076293945,10.270000457763672,9.75,9.970000267028809,3.6530792713165283,48500
2008-11-17,9.739999771118164,9.869999885559082,9.510000228881836,9.510000228881836,3.4845311641693115,56900
2008-11-18,9.199999809265137,9.670000076293945,9.039999961853027,9.600000381469727,3.5175070762634277,41100
2008-11-19,9.239999771118164,11.180000305175781,9.239999771118164,9.5,3.480867862701416,35800
2008-11-20,9.170000076293945,9.699999809265137,9.170000076293945,9.300000190734863,3.4075818061828613,50200
2008-11-21,9.199999809265137,9.420000076293945,8.050000190734863,8.170000076293945,2.9935460090637207,150100
2008-11-24,8.0600004196167,8.720000267028809,8.0600004196167,8.710000038146973,3.1914052963256836,79900
2008-11-25,8.989999771118164,9.020000457763672,8.449999809265137,8.65999984741211,3.173084259033203,47200
2008-11-26,8.630000114440918,9.0,8.430000305175781,8.949999809265137,3.279343366622925,43600
2008-11-28,9.3100004196167,9.369999885559082,8.890000343322754,9.270000457763672,3.3965935707092285,22700
2008-12-01,10.010000228881836,10.010000228881836,8.75,8.779999732971191,3.217052459716797,55700
2008-12-02,8.75,8.75,8.399999618530273,8.5,3.1144585609436035,62600
2008-12-03,8.260000228881836,8.699999809265137,8.25,8.399999618530273,3.07781982421875,25400
2008-12-04,8.270000457763672,8.539999961853027,8.0,8.15999984741211,2.989881753921509,56100
2008-12-05,8.15999984741211,8.289999961853027,8.0,8.140000343322754,2.9825539588928223,30700
2008-12-08,8.239999771118164,8.529999732971191,8.239999771118164,8.430000305175781,3.0888075828552246,49900
2008-12-09,8.399999618530273,8.600000381469727,8.329999923706055,8.520000457763672,3.1217875480651855,56400
2008-12-10,8.5,8.649999618530273,8.239999771118164,8.25,3.022857427597046,60500
2008-12-11,7.480000019073486,8.119999885559082,7.369999885559082,7.699999809265137,2.8640332221984863,78000
2008-12-12,7.380000114440918,7.5,7.260000228881836,7.369999885559082,2.741290330886841,54400
2008-12-15,7.309999942779541,7.5,6.650000095367432,6.699999809265137,2.492082118988037,97400
2008-12-16,6.659999847412109,6.829999923706055,6.610000133514404,6.659999847412109,2.4772026538848877,93800
2008-12-17,6.659999847412109,7.369999885559082,6.659999847412109,7.300000190734863,2.715254068374634,115500
2008-12-18,7.699999809265137,8.1899995803833,7.239999771118164,8.100000381469727,3.01281476020813,119500
2008-12-19,7.980000019073486,8.40999984741211,7.599999904632568,7.829999923706055,2.912388801574707,113300
2008-12-22,7.699999809265137,8.25,7.699999809265137,7.989999771118164,2.97189998626709,66700
2008-12-23,8.0,8.0,7.849999904632568,7.940000057220459,2.9533026218414307,48400
2008-12-24,7.900000095367432,8.0,7.800000190734863,7.809999942779541,2.904949903488159,32400
2008-12-26,7.650000095367432,8.600000381469727,7.650000095367432,8.170000076293945,3.0388526916503906,60100
2008-12-29,7.849999904632568,8.350000381469727,7.849999904632568,8.079999923706055,3.005375385284424,41500
2008-12-30,8.380000114440918,8.399999618530273,8.050000190734863,8.399999618530273,3.1244008541107178,95100
2008-12-31,8.479999542236328,9.279999732971191,7.769999980926514,9.050000190734863,3.3661699295043945,173900
2009-01-02,8.819999694824219,9.149999618530273,8.819999694824219,9.149999618530273,3.4033634662628174,36500
2009-01-05,9.149999618530273,9.489999771118164,9.149999618530273,9.479999542236328,3.526109457015991,69900
2009-01-06,9.489999771118164,9.630000114440918,9.449999809265137,9.529999732971191,3.544708251953125,55100
2009-01-07,10.289999961853027,10.289999961853027,9.210000038146973,9.350000381469727,3.477755546569824,78600
2009-01-08,9.100000381469727,9.899999618530273,9.100000381469727,9.729999542236328,3.6191000938415527,70500
2009-01-09,9.65999984741211,10.520000457763672,9.65999984741211,10.34000015258789,3.845989465713501,69600
2009-01-12,10.260000228881836,10.430000305175781,10.119999885559082,10.140000343322754,3.771599054336548,94400
2009-01-13,10.0,10.220000267028809,10.0,10.010000228881836,3.7543447017669678,23900
2009-01-14,10.0,10.109999656677246,9.149999618530273,9.430000305175781,3.5368125438690186,91200
2009-01-15,9.350000381469727,9.720000267028809,9.109999656677246,9.600000381469727,3.6005711555480957,66100
2009-01-16,9.979999542236328,10.289999961853027,9.5,9.949999809265137,3.7318382263183594,30700
2009-01-20,9.710000038146973,10.25,9.520000457763672,10.100000381469727,3.7881007194519043,38000
2009-01-21,10.020000457763672,10.390000343322754,9.850000381469727,10.279999732971191,3.85561466217041,55900
2009-01-22,10.449999809265137,10.489999771118164,10.199999809265137,10.229999542236328,3.836857795715332,39000
2009-01-23,10.210000038146973,10.680000305175781,10.210000038146973,10.569999694824219,3.9643802642822266,43100
2009-01-26,10.550000190734863,10.739999771118164,10.199999809265137,10.539999961853027,3.9531264305114746,34200
2009-01-27,10.649999618530273,10.649999618530273,10.220000267028809,10.329999923706055,3.87436580657959,39300
2009-01-28,10.579999923706055,10.579999923706055,10.3100004196167,10.5600004196167,3.960629940032959,25300
2009-01-29,10.859999656677246,10.859999656677246,10.369999885559082,10.539999961853027,3.9531264305114746,17200
2009-01-30,10.34000015258789,10.479999542236328,10.319999694824219,10.4399995803833,3.9156227111816406,24400
2009-02-02,10.3100004196167,10.550000190734863,10.170000076293945,10.170000076293945,3.8143579959869385,51900
2009-02-03,10.199999809265137,10.550000190734863,10.100000381469727,10.300000190734863,3.8631134033203125,44900
2009-02-04,10.199999809265137,10.350000381469727,10.149999618530273,10.15999984741211,3.8106043338775635,24300
2009-02-05,10.170000076293945,10.399999618530273,10.15999984741211,10.34000015258789,3.8781166076660156,24600
2009-02-06,10.350000381469727,10.520000457763672,10.319999694824219,10.359999656677246,3.8856189250946045,19800
2009-02-09,10.5,10.6899995803833,10.399999618530273,10.649999618530273,3.994380235671997,44300
2009-02-10,10.899999618530273,10.899999618530273,10.5,10.630000114440918,3.9868831634521484,39100
2009-02-11,10.5,10.850000381469727,10.5,10.630000114440918,4.018638610839844,29300
2009-02-12,10.5600004196167,10.5600004196167,10.279999732971191,10.5,3.969491720199585,14200
2009-02-13,10.5,10.5,10.119999885559082,10.149999618530273,3.8371739387512207,43100
2009-02-17,10.229999542236328,10.25,10.010000228881836,10.010000228881836,3.7842488288879395,36700
2009-02-18,10.119999885559082,10.149999618530273,10.0,10.0,3.780467987060547,38100
2009-02-19,10.0,10.300000190734863,10.0,10.0,3.780467987060547,26300
2009-02-20,9.970000267028809,10.039999961853027,9.90999984741211,10.039999961853027,3.795588254928589,26300
2009-02-23,9.949999809265137,10.0,9.279999732971191,9.300000190734863,3.5158376693725586,63900
2009-02-24,9.300000190734863,9.420000076293945,9.010000228881836,9.420000076293945,3.5612008571624756,47700
2009-02-25,9.970000267028809,10.380000114440918,9.199999809265137,10.380000114440918,3.924129009246826,61700
2009-02-26,10.300000190734863,10.5,10.260000228881836,10.260000228881836,3.8787620067596436,45600
2009-02-27,10.199999809265137,10.210000038146973,10.0,10.1899995803833,3.85229754447937,24900
2009-03-02,10.0600004196167,10.40999984741211,9.420000076293945,9.420000076293945,3.5612008571624756,55500
2009-03-03,9.3100004196167,9.729999542236328,9.130000114440918,9.300000190734863,3.5158376693725586,40700
2009-03-04,9.300000190734863,9.720000267028809,9.279999732971191,9.670000076293945,3.655715227127075,27800
2009-03-05,9.770000457763672,9.899999618530273,9.020000457763672,9.210000038146973,3.481809377670288,56300
2009-03-06,9.25,9.34000015258789,8.859999656677246,8.859999656677246,3.3494937419891357,31700
2009-03-09,8.800000190734863,9.199999809265137,8.510000228881836,8.800000190734863,3.326810121536255,35800
2009-03-10,8.899999618530273,9.670000076293945,8.899999618530273,9.350000381469727,3.534738540649414,38300
2009-03-11,9.40999984741211,9.779999732971191,9.300000190734863,9.710000038146973,3.704113483428955,21100
2009-03-12,9.680000305175781,9.760000228881836,9.5,9.65999984741211,3.685040235519409,21600
2009-03-13,9.5,9.859999656677246,9.3100004196167,9.460000038146973,3.6087443828582764,32300
2009-03-16,9.649999618530273,9.699999809265137,9.5,9.640000343322754,3.6774113178253174,25700
2009-03-17,9.649999618530273,9.65999984741211,9.420000076293945,9.5600004196167,3.646888017654419,20100
2009-03-18,9.729999542236328,9.979999542236328,9.699999809265137,9.859999656677246,3.761335849761963,19300
2009-03-19,9.90999984741211,10.199999809265137,9.600000381469727,10.010000228881836,3.8185577392578125,51600
2009-03-20,9.899999618530273,10.09000015258789,9.899999618530273,9.90999984741211,3.780406951904297,31100
2009-03-23,9.069999694824219,10.050000190734863,9.069999694824219,9.899999618530273,3.776592969894409,25000
2009-03-24,10.039999961853027,10.039999961853027,9.579999923706055,9.600000381469727,3.6621508598327637,31900
2009-03-25,9.979999542236328,10.050000190734863,9.600000381469727,10.050000190734863,3.8338115215301514,26700
2009-03-26,9.850000381469727,10.180000305175781,9.850000381469727,10.069999694824219,3.8414437770843506,30100
2009-03-27,10.289999961853027,10.300000190734863,10.0600004196167,10.300000190734863,3.9291810989379883,29500
2009-03-30,10.300000190734863,10.300000190734863,9.850000381469727,10.039999961853027,3.829998731613159,39000
2009-03-31,10.199999809265137,10.199999809265137,10.0600004196167,10.199999809265137,3.8910343647003174,9500
2009-04-01,10.539999961853027,10.569999694824219,10.119999885559082,10.180000305175781,3.8834033012390137,44800
2009-04-02,10.270000457763672,10.279999732971191,9.819999694824219,10.119999885559082,3.8605153560638428,31000
2009-04-03,10.25,10.470000267028809,10.170000076293945,10.369999885559082,3.9558842182159424,32600
2009-04-06,10.470000267028809,10.470000267028809,10.359999656677246,10.430000305175781,3.9787750244140625,29200
2009-04-07,10.329999923706055,10.449999809265137,10.329999923706055,10.359999656677246,3.9520699977874756,16800
2009-04-08,10.380000114440918,10.4399995803833,10.260000228881836,10.380000114440918,3.959702491760254,37500
2009-04-09,10.380000114440918,10.380000114440918,9.90999984741211,10.130000114440918,3.8643295764923096,45000
2009-04-13,9.9399995803833,10.050000190734863,9.75,9.899999618530273,3.808170795440674,32000
2009-04-14,9.850000381469727,10.180000305175781,9.850000381469727,10.029999732971191,3.8581767082214355,26200
2009-04-15,10.029999732971191,10.1899995803833,9.770000457763672,10.1899995803833,3.91972279548645,55200
2009-04-16,10.289999961853027,10.289999961853027,9.40999984741211,9.699999809265137,3.7312350273132324,80500
2009-04-17,9.880000114440918,9.979999542236328,9.699999809265137,9.699999809265137,3.7312350273132324,61300
2009-04-20,9.710000038146973,9.949999809265137,9.699999809265137,9.920000076293945,3.815864324569702,25400
2009-04-21,9.989999771118164,9.989999771118164,9.880000114440918,9.949999809265137,3.8274028301239014,20200
2009-04-22,9.829999923706055,10.0,9.75,9.989999771118164,3.842790126800537,44000
2009-04-23,9.989999771118164,10.0,9.949999809265137,9.970000267028809,3.835096597671509,28400
2009-04-24,10.0,10.100000381469727,9.989999771118164,10.100000381469727,3.885103464126587,30300
2009-04-27,10.119999885559082,10.119999885559082,10.010000228881836,10.039999961853027,3.862022876739502,24400
2009-04-28,10.029999732971191,10.529999732971191,10.029999732971191,10.279999732971191,3.954343557357788,43200
2009-04-29,10.289999961853027,10.329999923706055,10.15999984741211,10.199999809265137,3.923569917678833,27700
2009-04-30,10.229999542236328,10.390000343322754,10.170000076293945,10.220000267028809,3.931262493133545,19900
2009-05-01,10.279999732971191,10.5,10.279999732971191,10.489999771118164,4.035121917724609,38100
2009-05-04,10.479999542236328,10.5,10.40999984741211,10.470000267028809,4.027430534362793,51500
2009-05-05,10.460000038146973,10.5,10.399999618530273,10.5,4.038970947265625,30600
2009-05-06,10.5,10.5,10.3100004196167,10.4399995803833,4.015890121459961,25400
2009-05-07,10.539999961853027,10.550000190734863,10.399999618530273,10.4399995803833,4.015890121459961,57400
2009-05-08,10.8100004196167,10.8100004196167,10.420000076293945,10.619999885559082,4.085127830505371,33000
2009-05-11,10.6899995803833,10.699999809265137,10.520000457763672,10.569999694824219,4.065891742706299,46400
2009-05-12,10.680000305175781,10.770000457763672,10.579999923706055,10.609999656677246,4.081282615661621,55900
2009-05-13,10.569999694824219,10.569999694824219,10.270000457763672,10.289999961853027,3.9897758960723877,55900
2009-05-14,10.289999961853027,10.350000381469727,10.270000457763672,10.34000015258789,4.009162425994873,53300
2009-05-15,10.399999618530273,10.550000190734863,10.25,10.40999984741211,4.036306381225586,20800
2009-05-18,10.569999694824219,10.569999694824219,10.40999984741211,10.430000305175781,4.044059753417969,29800
2009-05-19,10.550000190734863,10.680000305175781,10.319999694824219,10.319999694824219,4.001408576965332,50800
2009-05-20,10.539999961853027,10.699999809265137,10.329999923706055,10.539999961853027,4.086711883544922,30200
2009-05-21,10.670000076293945,10.680000305175781,10.460000038146973,10.550000190734863,4.090588092803955,33100
2009-05-22,10.579999923706055,10.680000305175781,10.569999694824219,10.59000015258789,4.10609769821167,48300
2009-05-26,10.770000457763672,10.770000457763672,10.550000190734863,10.579999923706055,4.102217197418213,43400
2009-05-27,11.069999694824219,11.069999694824219,10.550000190734863,10.640000343322754,4.12548303604126,52700
2009-05-28,10.670000076293945,11.069999694824219,10.5600004196167,10.9399995803833,4.241802215576172,187800
2009-05-29,10.960000038146973,10.979999542236328,10.800000190734863,10.920000076293945,4.234050750732422,35100
2009-06-01,11.449999809265137,11.449999809265137,10.859999656677246,11.029999732971191,4.276697158813477,36300
2009-06-02,11.029999732971191,11.319999694824219,10.989999771118164,11.140000343322754,4.319350242614746,36000
2009-06-03,11.130000114440918,11.350000381469727,11.100000381469727,11.180000305175781,4.334858417510986,37200
2009-06-04,11.149999618530273,11.229999542236328,11.140000343322754,11.180000305175781,4.334858417510986,24700
2009-06-05,11.399999618530273,15.149999618530273,11.15999984741211,11.4399995803833,4.435670375823975,127100
2009-06-08,11.329999923706055,11.710000038146973,11.319999694824219,11.329999923706055,4.393021106719971,61600
2009-06-09,11.420000076293945,11.470000267028809,11.300000190734863,11.470000267028809,4.447301864624023,46700
2009-06-10,11.449999809265137,11.529999732971191,11.300000190734863,11.4399995803833,4.435670375823975,36700
2009-06-11,11.4399995803833,11.460000038146973,11.300000190734863,11.369999885559082,4.4411396980285645,57100
2009-06-12,11.170000076293945,11.359999656677246,10.8100004196167,10.850000381469727,4.238028526306152,86000
2009-06-15,10.850000381469727,10.850000381469727,10.34000015258789,10.5,4.101315498352051,286200
2009-06-16,11.350000381469727,11.350000381469727,10.600000381469727,10.729999542236328,4.1911540031433105,26700
2009-06-17,10.789999961853027,10.8100004196167,10.619999885559082,10.619999885559082,4.148187160491943,31400
2009-06-18,10.600000381469727,10.720000267028809,10.5,10.529999732971191,4.113034248352051,32000
2009-06-19,10.680000305175781,10.680000305175781,10.5,10.510000228881836,4.105222225189209,33300
2009-06-22,10.5,10.600000381469727,10.25,10.279999732971191,4.015383720397949,27300
2009-06-23,10.350000381469727,10.359999656677246,10.100000381469727,10.119999885559082,3.952885866165161,46600
2009-06-24,10.109999656677246,10.279999732971191,10.100000381469727,10.170000076293945,3.972416639328003,44300
2009-06-25,10.350000381469727,10.430000305175781,10.199999809265137,10.300000190734863,4.023195266723633,25300
2009-06-26,10.449999809265137,10.550000190734863,10.25,10.350000381469727,4.042725563049316,66000
2009-06-29,10.569999694824219,10.569999694824219,10.369999885559082,10.399999618530273,4.062256336212158,19600
2009-06-30,10.380000114440918,10.75,10.380000114440918,10.579999923706055,4.132559776306152,55800
2009-07-01,10.680000305175781,10.880000114440918,10.609999656677246,10.619999885559082,4.148187160491943,44800
2009-07-02,10.649999618530273,10.75,10.5,10.520000457763672,4.109127521514893,57700
2009-07-06,10.619999885559082,10.680000305175781,10.479999542236328,10.59000015258789,4.136469841003418,49200
2009-07-07,10.539999961853027,10.680000305175781,10.539999961853027,10.59000015258789,4.136469841003418,25800
2009-07-08,10.600000381469727,10.680000305175781,10.5600004196167,10.600000381469727,4.140374660491943,112400
2009-07-09,10.600000381469727,10.680000305175781,10.569999694824219,10.569999694824219,4.128653526306152,51900
2009-07-10,10.600000381469727,10.6899995803833,10.5600004196167,10.630000114440918,4.152095317840576,42200
2009-07-13,10.640000343322754,10.640000343322754,10.520000457763672,10.520000457763672,4.141855716705322,55100
2009-07-14,10.5,10.630000114440918,10.5,10.520000457763672,4.141855716705322,41600
2009-07-15,10.550000190734863,10.649999618530273,10.550000190734863,10.569999694824219,4.161540508270264,27100
2009-07-16,10.5600004196167,10.699999809265137,10.5600004196167,10.600000381469727,4.17335319519043,41400
2009-07-17,10.550000190734863,10.680000305175781,10.550000190734863,10.59000015258789,4.169417858123779,48500
2009-07-20,10.770000457763672,10.770000457763672,10.569999694824219,10.649999618530273,4.193039417266846,41100
2009-07-21,10.6899995803833,10.729999542236328,10.600000381469727,10.649999618530273,4.193039417266846,55700
2009-07-22,10.770000457763672,10.800000190734863,10.640000343322754,10.699999809265137,4.212725639343262,75400
2009-07-23,10.65999984741211,11.1899995803833,10.65999984741211,10.949999809265137,4.311155319213867,90200
2009-07-24,10.84000015258789,10.989999771118164,10.829999923706055,10.850000381469727,4.2717814445495605,56300
2009-07-27,10.949999809265137,11.180000305175781,10.880000114440918,11.170000076293945,4.397770881652832,51700
2009-07-28,11.430000305175781,11.430000305175781,11.140000343322754,11.350000381469727,4.468640327453613,60500
2009-07-29,11.390000343322754,11.579999923706055,11.289999961853027,11.289999961853027,4.445016384124756,102000
2009-07-30,11.34000015258789,11.479999542236328,11.300000190734863,11.3100004196167,4.452890872955322,54100
2009-07-31,11.3100004196167,11.430000305175781,11.260000228881836,11.390000343322754,4.4843854904174805,66200
2009-08-03,11.399999618530273,11.739999771118164,11.170000076293945,11.279999732971191,4.441077709197998,129300
2009-08-04,11.300000190734863,11.5,11.229999542236328,11.229999542236328,4.421392917633057,70000
2009-08-05,11.300000190734863,11.359999656677246,10.84000015258789,10.930000305175781,4.303280830383301,159000
2009-08-06,10.920000076293945,11.100000381469727,10.90999984741211,10.949999809265137,4.311155319213867,85000
2009-08-07,11.09000015258789,11.130000114440918,10.960000038146973,11.010000228881836,4.334774017333984,40900
2009-08-10,11.15999984741211,11.260000228881836,11.020000457763672,11.100000381469727,4.370208263397217,62500
2009-08-11,11.40999984741211,11.40999984741211,11.109999656677246,11.109999656677246,4.374148845672607,79500
2009-08-12,11.109999656677246,11.289999961853027,10.960000038146973,11.0,4.363833427429199,80700
2009-08-13,10.899999618530273,11.25,10.779999732971191,10.890000343322754,4.320196151733398,124100
2009-08-14,10.9399995803833,11.0,10.890000343322754,10.960000038146973,4.347962856292725,35500
2009-08-17,10.960000038146973,11.039999961853027,10.90999984741211,10.90999984741211,4.328130722045898,85100
2009-08-18,10.970000267028809,11.010000228881836,10.899999618530273,10.949999809265137,4.343997478485107,32600
2009-08-19,10.90999984741211,11.010000228881836,10.880000114440918,10.9399995803833,4.340028285980225,51500
2009-08-20,10.920000076293945,11.039999961853027,10.90999984741211,11.039999961853027,4.379701137542725,67800
2009-08-21,11.170000076293945,11.25,11.020000457763672,11.039999961853027,4.379701137542725,149100
2009-08-24,11.029999732971191,11.329999923706055,11.029999732971191,11.1899995803833,4.439206123352051,60300
2009-08-25,11.079999923706055,11.220000267028809,11.050000190734863,11.140000343322754,4.419373512268066,55500
2009-08-26,11.170000076293945,11.199999809265137,11.100000381469727,11.140000343322754,4.419373512268066,59700
2009-08-27,11.1899995803833,11.239999771118164,11.130000114440918,11.170000076293945,4.431273937225342,47200
2009-08-28,11.25,11.300000190734863,11.15999984741211,11.199999809265137,4.443175315856934,86900
2009-08-31,11.289999961853027,11.300000190734863,11.15999984741211,11.279999732971191,4.474915981292725,86800
2009-09-01,11.300000190734863,11.550000190734863,11.239999771118164,11.329999923706055,4.494746208190918,121000
2009-09-02,11.430000305175781,11.449999809265137,11.319999694824219,11.40999984741211,4.526483535766602,101900
2009-09-03,11.460000038146973,11.579999923706055,11.430000305175781,11.529999732971191,4.5740885734558105,130700
2009-09-04,11.5600004196167,11.619999885559082,11.529999732971191,11.5600004196167,4.585988998413086,108400
2009-09-08,11.619999885559082,11.789999961853027,11.59000015258789,11.789999961853027,4.677234649658203,91200
2009-09-09,11.75,11.979999542236328,11.75,11.899999618530273,4.720869064331055,128100
2009-09-10,12.020000457763672,12.199999809265137,11.949999809265137,12.1899995803833,4.83591890335083,102700
2009-09-11,12.199999809265137,12.239999771118164,12.029999732971191,12.100000381469727,4.833524227142334,67500
2009-09-14,12.25,12.3100004196167,12.029999732971191,12.079999923706055,4.82553243637085,119100
2009-09-15,12.100000381469727,12.100000381469727,12.079999923706055,12.100000381469727,4.833524227142334,73400
2009-09-16,12.180000305175781,12.350000381469727,12.09000015258789,12.3100004196167,4.917411804199219,156300
2009-09-17,12.3100004196167,12.4399995803833,12.25,12.430000305175781,4.965345859527588,76600
2009-09-18,12.399999618530273,12.5,12.3100004196167,12.479999542236328,4.985318660736084,51400
2009-09-21,12.449999809265137,12.869999885559082,12.449999809265137,12.609999656677246,5.037252426147461,97800
2009-09-22,12.640000343322754,12.9399995803833,12.619999885559082,12.800000190734863,5.113146781921387,73200
2009-09-23,12.800000190734863,12.949999809265137,12.739999771118164,12.949999809265137,5.173069953918457,33900
2009-09-24,12.5,12.890000343322754,12.050000190734863,12.619999885559082,5.041243076324463,285100
2009-09-25,12.619999885559082,12.819999694824219,12.59000015258789,12.75,5.093176364898682,70900
2009-09-28,12.930000305175781,13.050000190734863,12.829999923706055,13.0,5.193039417266846,68900
2009-09-29,13.0,13.010000228881836,12.890000343322754,12.90999984741211,5.157089710235596,59600
2009-09-30,12.920000076293945,12.960000038146973,12.90999984741211,12.949999809265137,5.173069953918457,37000
2009-10-01,13.010000228881836,13.050000190734863,12.899999618530273,12.960000038146973,5.17706298828125,58400
2009-10-02,12.9399995803833,13.0,12.859999656677246,12.989999771118164,5.189049243927002,37500
2009-10-05,13.0,13.029999732971191,12.850000381469727,13.029999732971191,5.2050275802612305,64600
2009-10-06,13.0,13.079999923706055,12.960000038146973,13.039999961853027,5.209016799926758,93500
2009-10-07,12.989999771118164,13.130000114440918,12.989999771118164,13.069999694824219,5.22100305557251,59700
2009-10-08,13.1899995803833,13.1899995803833,13.069999694824219,13.09000015258789,5.228994369506836,51200
2009-10-09,13.149999618530273,13.15999984741211,12.850000381469727,12.869999885559082,5.141107559204102,82100
2009-10-12,12.850000381469727,12.859999656677246,12.300000190734863,12.390000343322754,4.949366092681885,148700
2009-10-13,12.289999961853027,12.460000038146973,12.289999961853027,12.420000076293945,4.995218753814697,57200
2009-10-14,12.369999885559082,12.539999961853027,12.109999656677246,12.130000114440918,4.878582954406738,156200
2009-10-15,12.15999984741211,12.170000076293945,11.710000038146973,11.890000343322754,4.782055854797363,180100
2009-10-16,11.75,12.34000015258789,11.75,12.300000190734863,4.946957111358643,108400
2009-10-19,12.25,12.579999923706055,12.25,12.569999694824219,5.055544853210449,63800
2009-10-20,12.5,12.640000343322754,12.399999618530273,12.619999885559082,5.075657844543457,59000
2009-10-21,12.569999694824219,12.640000343322754,12.550000190734863,12.600000381469727,5.067610740661621,37200
2009-10-22,12.600000381469727,12.779999732971191,12.579999923706055,12.729999542236328,5.119894981384277,56200
2009-10-23,12.65999984741211,12.850000381469727,12.65999984741211,12.710000038146973,5.111853122711182,36200
2009-10-26,12.770000457763672,12.770000457763672,12.5,12.5600004196167,5.051524639129639,74500
2009-10-27,12.5600004196167,12.600000381469727,12.5,12.510000228881836,5.031416416168213,37600
2009-10-28,12.539999961853027,12.539999961853027,12.050000190734863,12.050000190734863,4.846408367156982,65200
2009-10-29,12.0,12.0,11.880000114440918,12.0,4.826297760009766,74400
2009-10-30,11.899999618530273,12.010000228881836,11.760000228881836,11.920000076293945,4.794122695922852,77000
2009-11-02,11.979999542236328,11.979999542236328,11.779999732971191,11.789999961853027,4.7418365478515625,61100
2009-11-03,11.850000381469727,11.890000343322754,11.529999732971191,11.770000457763672,4.733795166015625,100800
2009-11-04,11.770000457763672,12.0,11.720000267028809,12.0,4.826297760009766,72600
2009-11-05,11.979999542236328,12.289999961853027,11.979999542236328,12.270000457763672,4.934891223907471,36300
2009-11-06,12.149999618530273,12.369999885559082,12.119999885559082,12.319999694824219,4.95499849319458,29400
2009-11-09,12.359999656677246,12.619999885559082,12.329999923706055,12.390000343322754,4.983151435852051,71700
2009-11-10,12.34000015258789,12.380000114440918,12.130000114440918,12.130000114440918,4.911883354187012,44100
2009-11-11,12.220000267028809,12.229999542236328,11.979999542236328,12.010000228881836,4.863291263580322,60300
2009-11-12,12.010000228881836,12.010000228881836,11.90999984741211,11.970000267028809,4.847092628479004,31700
2009-11-13,12.0,12.0,11.720000267028809,11.869999885559082,4.806597709655762,82800
2009-11-16,11.920000076293945,11.949999809265137,11.710000038146973,11.710000038146973,4.741810321807861,76500
2009-11-17,11.819999694824219,11.829999923706055,11.59000015258789,11.819999694824219,4.786351680755615,76700
2009-11-18,11.84000015258789,11.9399995803833,11.760000228881836,11.920000076293945,4.826847553253174,60100
2009-11-19,11.930000305175781,11.930000305175781,11.800000190734863,11.869999885559082,4.806597709655762,47900
2009-11-20,11.800000190734863,11.819999694824219,11.680000305175781,11.75,4.758008003234863,65900
2009-11-23,11.829999923706055,11.869999885559082,11.649999618530273,11.84000015258789,4.79445219039917,58200
2009-11-24,11.890000343322754,11.899999618530273,11.760000228881836,11.850000381469727,4.798498153686523,38300
2009-11-25,11.899999618530273,11.979999542236328,11.850000381469727,11.979999542236328,4.851144313812256,62000
2009-11-27,11.850000381469727,12.140000343322754,11.850000381469727,12.079999923706055,4.891638278961182,25400
2009-11-30,12.079999923706055,12.229999542236328,12.050000190734863,12.229999542236328,4.952380657196045,58200
2009-12-01,12.220000267028809,12.380000114440918,12.220000267028809,12.260000228881836,4.964526176452637,46400
2009-12-02,12.25,12.319999694824219,12.170000076293945,12.319999694824219,4.988821029663086,42100
2009-12-03,12.25,12.420000076293945,12.199999809265137,12.390000343322754,5.017166614532471,63600
2009-12-04,12.40999984741211,12.4399995803833,12.270000457763672,12.420000076293945,5.0293169021606445,54100
2009-12-07,12.479999542236328,12.479999542236328,12.25,12.270000457763672,4.968574523925781,65500
2009-12-08,12.300000190734863,12.479999542236328,12.300000190734863,12.430000305175781,5.033367156982422,75800
2009-12-09,12.460000038146973,12.579999923706055,12.449999809265137,12.5,5.061711311340332,46400
2009-12-10,12.539999961853027,12.600000381469727,12.449999809265137,12.569999694824219,5.090054512023926,57100
2009-12-11,12.550000190734863,12.550000190734863,12.390000343322754,12.510000228881836,5.101476192474365,35900
2009-12-14,12.5,12.59000015258789,12.479999542236328,12.5,5.097397327423096,70500
2009-12-15,12.5,12.539999961853027,12.270000457763672,12.289999961853027,5.011762619018555,57800
2009-12-16,12.300000190734863,12.470000267028809,12.300000190734863,12.40999984741211,5.060693740844727,34100
2009-12-17,12.289999961853027,12.399999618530273,12.170000076293945,12.279999732971191,5.007678031921387,74000
2009-12-18,12.270000457763672,12.300000190734863,11.90999984741211,12.140000343322754,4.950589179992676,70400
2009-12-21,12.199999809265137,12.199999809265137,12.010000228881836,12.050000190734863,4.913887977600098,94400
2009-12-22,12.079999923706055,12.1899995803833,12.010000228881836,12.1899995803833,4.970979690551758,56700
2009-12-23,12.130000114440918,12.289999961853027,12.130000114440918,12.289999961853027,5.011762619018555,32000
2009-12-24,12.289999961853027,12.380000114440918,12.25,12.300000190734863,5.015838146209717,61800
2009-12-28,12.359999656677246,12.550000190734863,12.300000190734863,12.5,5.097397327423096,64100
2009-12-29,12.550000190734863,12.59000015258789,12.289999961853027,12.399999618530273,5.05661678314209,105900
2009-12-30,12.329999923706055,12.539999961853027,12.319999694824219,12.539999961853027,5.113706588745117,21700
2009-12-31,12.569999694824219,12.600000381469727,12.470000267028809,12.600000381469727,5.138175010681152,51400
2010-01-04,12.59000015258789,12.600000381469727,12.5,12.510000228881836,5.101476192474365,39400
2010-01-05,12.579999923706055,12.600000381469727,12.510000228881836,12.600000381469727,5.138175010681152,28000
2010-01-06,12.550000190734863,12.720000267028809,12.539999961853027,12.720000267028809,5.187109470367432,88000
2010-01-07,12.65999984741211,12.75,12.649999618530273,12.729999542236328,5.191186428070068,35500
2010-01-08,12.680000305175781,12.819999694824219,12.680000305175781,12.819999694824219,5.227887153625488,28100
2010-01-11,12.760000228881836,12.850000381469727,12.729999542236328,12.779999732971191,5.211575508117676,79800
2010-01-12,12.710000038146973,12.800000190734863,12.649999618530273,12.710000038146973,5.183032512664795,43100
2010-01-13,12.619999885559082,12.710000038146973,12.550000190734863,12.600000381469727,5.172356605529785,36200
2010-01-14,12.539999961853027,12.65999984741211,12.539999961853027,12.609999656677246,5.1764678955078125,23700
2010-01-15,12.609999656677246,12.720000267028809,12.579999923706055,12.6899995803833,5.2093048095703125,36100
2010-01-19,12.65999984741211,12.739999771118164,12.649999618530273,12.739999771118164,5.229829788208008,51900
2010-01-20,12.579999923706055,12.75,12.579999923706055,12.720000267028809,5.221618175506592,36100
2010-01-21,12.739999771118164,12.760000228881836,12.649999618530273,12.65999984741211,5.196991443634033,22400
2010-01-22,12.640000343322754,12.6899995803833,12.489999771118164,12.5,5.131308078765869,72900
2010-01-25,12.5600004196167,12.630000114440918,12.380000114440918,12.430000305175781,5.102574825286865,92500
2010-01-26,12.460000038146973,12.539999961853027,12.430000305175781,12.510000228881836,5.1354146003723145,29000
2010-01-27,12.550000190734863,12.59000015258789,12.489999771118164,12.510000228881836,5.1354146003723145,29200
2010-01-28,12.5,12.550000190734863,12.40999984741211,12.520000457763672,5.139522075653076,18900
2010-01-29,12.529999732971191,12.550000190734863,12.4399995803833,12.550000190734863,5.151833534240723,31300
2010-02-01,12.579999923706055,12.720000267028809,12.579999923706055,12.680000305175781,5.205198764801025,49700
2010-02-02,12.680000305175781,12.800000190734863,12.680000305175781,12.800000190734863,5.254456996917725,72800
2010-02-03,12.770000457763672,12.829999923706055,12.720000267028809,12.800000190734863,5.254456996917725,33800
2010-02-04,12.800000190734863,12.84000015258789,12.539999961853027,12.619999885559082,5.180568695068359,54400
2010-02-05,12.640000343322754,12.640000343322754,12.420000076293945,12.5,5.131308078765869,58200
2010-02-08,12.460000038146973,12.65999984741211,12.449999809265137,12.630000114440918,5.1846747398376465,43700
2010-02-09,12.609999656677246,12.720000267028809,12.609999656677246,12.65999984741211,5.196991443634033,42300
2010-02-10,12.579999923706055,12.630000114440918,12.5,12.5,5.165582656860352,20700
2010-02-11,12.5,12.550000190734863,12.4399995803833,12.460000038146973,5.149052143096924,32000
2010-02-12,12.430000305175781,12.4399995803833,12.3100004196167,12.3100004196167,5.087067127227783,61300
2010-02-16,12.359999656677246,12.40999984741211,12.279999732971191,12.399999618530273,5.124258995056152,68600
2010-02-17,12.380000114440918,12.479999542236328,12.3100004196167,12.350000381469727,5.103597640991211,31200
2010-02-18,12.289999961853027,12.329999923706055,12.199999809265137,12.3100004196167,5.087067127227783,64500
2010-02-19,12.25,12.399999618530273,12.199999809265137,12.25,5.062272548675537,65100
2010-02-22,12.239999771118164,12.329999923706055,12.010000228881836,12.109999656677246,5.00441837310791,77800
2010-02-23,12.140000343322754,12.34000015258789,12.100000381469727,12.25,5.062272548675537,48700
2010-02-24,12.300000190734863,12.449999809265137,12.239999771118164,12.390000343322754,5.120125770568848,44100
2010-02-25,12.3100004196167,12.449999809265137,12.25,12.3100004196167,5.087067127227783,22600
2010-02-26,12.359999656677246,12.4399995803833,12.239999771118164,12.4399995803833,5.140789031982422,40900
2010-03-01,12.460000038146973,12.550000190734863,12.4399995803833,12.520000457763672,5.1738481521606445,51700
2010-03-02,12.539999961853027,12.539999961853027,12.399999618530273,12.420000076293945,5.1325201988220215,56200
2010-03-03,12.430000305175781,12.5,12.399999618530273,12.40999984741211,5.128391742706299,53200
2010-03-04,12.430000305175781,12.539999961853027,12.40999984741211,12.479999542236328,5.157318115234375,59900
2010-03-05,12.489999771118164,12.569999694824219,12.4399995803833,12.550000190734863,5.186245918273926,58700
2010-03-08,12.510000228881836,12.619999885559082,12.510000228881836,12.619999885559082,5.215170860290527,34000
2010-03-09,12.579999923706055,12.640000343322754,12.579999923706055,12.619999885559082,5.215170860290527,33300
2010-03-10,12.630000114440918,12.699999809265137,12.550000190734863,12.699999809265137,5.248230934143066,34200
2010-03-11,12.600000381469727,12.619999885559082,12.510000228881836,12.579999923706055,5.2332539558410645,42900
2010-03-12,12.619999885559082,12.619999885559082,12.529999732971191,12.529999732971191,5.212457180023193,41200
2010-03-15,12.569999694824219,12.649999618530273,12.539999961853027,12.600000381469727,5.241574287414551,24100
2010-03-16,12.5600004196167,12.649999618530273,12.539999961853027,12.630000114440918,5.254059314727783,42200
2010-03-17,12.640000343322754,12.649999618530273,12.600000381469727,12.630000114440918,5.254059314727783,38200
2010-03-18,12.649999618530273,12.699999809265137,12.630000114440918,12.699999809265137,5.283178329467773,26200
2010-03-19,12.699999809265137,12.779999732971191,12.670000076293945,12.699999809265137,5.283178329467773,46600
2010-03-22,12.739999771118164,12.890000343322754,12.670000076293945,12.850000381469727,5.345573425292969,48000
2010-03-23,12.850000381469727,12.949999809265137,12.850000381469727,12.880000114440918,5.358056545257568,21100
2010-03-24,12.899999618530273,12.9399995803833,12.869999885559082,12.930000305175781,5.378856658935547,18200
2010-03-25,12.930000305175781,12.9399995803833,12.800000190734863,12.800000190734863,5.324774265289307,61000
2010-03-26,12.890000343322754,12.899999618530273,12.800000190734863,12.8100004196167,5.328938961029053,39000
2010-03-29,12.84000015258789,12.850000381469727,12.800000190734863,12.8100004196167,5.328938961029053,22100
2010-03-30,12.789999961853027,12.850000381469727,12.760000228881836,12.850000381469727,5.345573425292969,42500
2010-03-31,12.850000381469727,12.890000343322754,12.800000190734863,12.890000343322754,5.3622145652771,30600
2010-04-01,12.9399995803833,12.970000267028809,12.899999618530273,12.9399995803833,5.383013725280762,46800
2010-04-05,12.979999542236328,13.069999694824219,12.930000305175781,13.020000457763672,5.416293144226074,67100
2010-04-06,13.039999961853027,13.100000381469727,12.949999809265137,13.0600004196167,5.432938575744629,45300
2010-04-07,13.069999694824219,13.149999618530273,13.029999732971191,13.09000015258789,5.445417404174805,35600
2010-04-08,13.279999732971191,13.279999732971191,13.15999984741211,13.1899995803833,5.487015724182129,65500
2010-04-09,13.15999984741211,13.180000305175781,13.140000343322754,13.149999618530273,5.470375061035156,19900
2010-04-12,13.15999984741211,13.220000267028809,13.15999984741211,13.210000038146973,5.495335102081299,43900
2010-04-13,13.149999618530273,13.199999809265137,13.0600004196167,13.149999618530273,5.5053815841674805,42700
2010-04-14,13.170000076293945,13.1899995803833,13.09000015258789,13.149999618530273,5.5053815841674805,35900
2010-04-15,13.119999885559082,13.199999809265137,13.119999885559082,13.130000114440918,5.497006893157959,31200
2010-04-16,13.149999618530273,13.180000305175781,13.0600004196167,13.09000015258789,5.480263710021973,43000
2010-04-19,13.079999923706055,13.220000267028809,13.0600004196167,13.140000343322754,5.501197338104248,19000
2010-04-20,13.119999885559082,13.15999984741211,13.109999656677246,13.140000343322754,5.501197338104248,49200
2010-04-21,13.0,13.109999656677246,12.989999771118164,13.069999694824219,5.471891403198242,164200
2010-04-22,13.069999694824219,13.130000114440918,13.0600004196167,13.130000114440918,5.497006893157959,32400
2010-04-23,13.09000015258789,13.1899995803833,13.09000015258789,13.1899995803833,5.522130966186523,42100
2010-04-26,13.25,13.300000190734863,13.130000114440918,13.130000114440918,5.497006893157959,69100
2010-04-27,13.170000076293945,13.210000038146973,13.130000114440918,13.149999618530273,5.5053815841674805,40600
2010-04-28,13.180000305175781,13.289999961853027,13.149999618530273,13.239999771118164,5.543065547943115,31400
2010-04-29,13.289999961853027,13.289999961853027,13.1899995803833,13.1899995803833,5.522130966186523,17700
2010-04-30,13.1899995803833,13.1899995803833,13.100000381469727,13.180000305175781,5.517941474914551,16400
2010-05-03,13.220000267028809,13.270000457763672,13.130000114440918,13.270000457763672,5.555622577667236,40700
2010-05-04,13.270000457763672,13.350000381469727,13.220000267028809,13.319999694824219,5.576553821563721,19900
2010-05-05,13.289999961853027,13.380000114440918,13.100000381469727,13.199999809265137,5.526314735412598,67400
2010-05-06,13.170000076293945,13.199999809265137,9.119999885559082,12.300000190734863,5.1495232582092285,459000
2010-05-07,12.1899995803833,12.670000076293945,12.1899995803833,12.5,5.233250617980957,146500
2010-05-10,12.760000228881836,12.949999809265137,12.619999885559082,12.890000343322754,5.396529674530029,63200
2010-05-11,12.880000114440918,13.0600004196167,12.880000114440918,13.010000228881836,5.4467692375183105,71500
2010-05-12,12.90999984741211,13.039999961853027,12.90999984741211,12.920000076293945,5.444242477416992,47900
2010-05-13,12.899999618530273,12.960000038146973,12.899999618530273,12.930000305175781,5.448453903198242,30600
2010-05-14,12.920000076293945,12.930000305175781,12.75,12.850000381469727,5.41474723815918,58400
2010-05-17,12.8100004196167,12.829999923706055,12.649999618530273,12.75,5.372603893280029,47700
2010-05-18,12.770000457763672,12.779999732971191,12.65999984741211,12.699999809265137,5.351539611816406,35500
2010-05-19,12.649999618530273,12.699999809265137,12.59000015258789,12.609999656677246,5.3136138916015625,72300
2010-05-20,12.529999732971191,12.729999542236328,12.3100004196167,12.3100004196167,5.187196254730225,151300
2010-05-21,12.220000267028809,12.3100004196167,12.050000190734863,12.279999732971191,5.174554347991943,89700
2010-05-24,12.260000228881836,12.350000381469727,12.239999771118164,12.300000190734863,5.182986736297607,46800
2010-05-25,12.25,12.279999732971191,12.119999885559082,12.149999618530273,5.119779109954834,73100
2010-05-26,12.220000267028809,12.359999656677246,12.220000267028809,12.3100004196167,5.187196254730225,47500
2010-05-27,12.329999923706055,12.479999542236328,12.279999732971191,12.350000381469727,5.20405387878418,40500
2010-05-28,12.479999542236328,12.529999732971191,12.399999618530273,12.529999732971191,5.279903888702393,31700
2010-06-01,12.479999542236328,12.789999961853027,12.479999542236328,12.619999885559082,5.317825794219971,84500
2010-06-02,12.680000305175781,12.680000305175781,12.579999923706055,12.630000114440918,5.322042465209961,34000
2010-06-03,12.630000114440918,12.699999809265137,12.579999923706055,12.609999656677246,5.3136138916015625,32400
2010-06-04,12.569999694824219,12.699999809265137,12.5600004196167,12.649999618530273,5.330468654632568,49400
2010-06-07,12.699999809265137,12.699999809265137,12.600000381469727,12.65999984741211,5.334680557250977,32600
2010-06-08,12.670000076293945,12.760000228881836,12.65999984741211,12.699999809265137,5.351539611816406,35500
2010-06-09,12.6899995803833,12.800000190734863,12.65999984741211,12.6899995803833,5.347323894500732,43200
2010-06-10,12.729999542236328,12.850000381469727,12.6899995803833,12.819999694824219,5.402102470397949,33700
2010-06-11,12.630000114440918,12.789999961853027,12.630000114440918,12.710000038146973,5.391071796417236,14400
2010-06-14,12.779999732971191,12.779999732971191,12.59000015258789,12.609999656677246,5.348660469055176,27000
2010-06-15,12.630000114440918,12.739999771118164,12.600000381469727,12.649999618530273,5.365625858306885,38200
2010-06-16,12.600000381469727,12.649999618530273,12.5,12.520000457763672,5.310484886169434,46700
2010-06-17,12.529999732971191,12.649999618530273,12.40999984741211,12.640000343322754,5.36138391494751,46100
2010-06-18,12.609999656677246,12.739999771118164,12.609999656677246,12.739999771118164,5.403799057006836,38300
2010-06-21,12.770000457763672,13.039999961853027,12.770000457763672,12.859999656677246,5.4546966552734375,66700
2010-06-22,12.859999656677246,12.859999656677246,12.710000038146973,12.789999961853027,5.425009727478027,41000
2010-06-23,12.789999961853027,12.789999961853027,12.739999771118164,12.789999961853027,5.425009727478027,28100
2010-06-24,12.75,12.859999656677246,12.680000305175781,12.779999732971191,5.420767307281494,41900
2010-06-25,12.779999732971191,12.890000343322754,12.739999771118164,12.819999694824219,5.437734127044678,24500
2010-06-28,12.819999694824219,12.9399995803833,12.8100004196167,12.930000305175781,5.484391689300537,51000
2010-06-29,12.899999618530273,12.90999984741211,12.75,12.850000381469727,5.450460910797119,54400
2010-06-30,12.829999923706055,12.869999885559082,12.75,12.800000190734863,5.429249286651611,36300
2010-07-01,12.850000381469727,12.899999618530273,12.739999771118164,12.850000381469727,5.450460910797119,52700
2010-07-02,12.880000114440918,13.109999656677246,12.829999923706055,12.960000038146973,5.497113227844238,27500
2010-07-06,13.079999923706055,13.079999923706055,12.850000381469727,12.890000343322754,5.467421531677246,48100
2010-07-07,12.920000076293945,13.100000381469727,12.890000343322754,12.989999771118164,5.509840965270996,40700
2010-07-08,13.020000457763672,13.020000457763672,12.970000267028809,12.989999771118164,5.509840965270996,29400
2010-07-09,12.949999809265137,13.100000381469727,12.949999809265137,13.100000381469727,5.556496620178223,52400
2010-07-12,13.079999923706055,13.140000343322754,13.0,13.140000343322754,5.573464393615723,71900
2010-07-13,13.069999694824219,13.100000381469727,12.989999771118164,12.989999771118164,5.545290470123291,54200
2010-07-14,12.989999771118164,13.0,12.90999984741211,12.970000267028809,5.5367536544799805,28500
2010-07-15,12.9399995803833,12.989999771118164,12.9399995803833,12.9399995803833,5.523945331573486,22200
2010-07-16,12.979999542236328,12.979999542236328,12.899999618530273,12.899999618530273,5.506869316101074,40100
2010-07-19,12.899999618530273,12.960000038146973,12.899999618530273,12.899999618530273,5.506869316101074,21600
2010-07-20,12.899999618530273,12.960000038146973,12.869999885559082,12.949999809265137,5.528212070465088,29900
2010-07-21,12.949999809265137,13.069999694824219,12.90999984741211,13.029999732971191,5.562362194061279,46000
2010-07-22,13.020000457763672,13.100000381469727,12.949999809265137,13.0600004196167,5.5751729011535645,65400
2010-07-23,12.84000015258789,13.069999694824219,12.84000015258789,13.0600004196167,5.5751729011535645,70500
2010-07-26,13.109999656677246,13.109999656677246,12.949999809265137,13.039999961853027,5.5666351318359375,88200
2010-07-27,13.020000457763672,13.09000015258789,12.960000038146973,13.029999732971191,5.562362194061279,53900
2010-07-28,13.069999694824219,13.100000381469727,12.989999771118164,13.069999694824219,5.579440116882324,21700
2010-07-29,13.069999694824219,13.069999694824219,13.0,13.0,5.549557209014893,20300
2010-07-30,13.0,13.119999885559082,12.989999771118164,13.0600004196167,5.5751729011535645,31200
2010-08-02,13.119999885559082,13.140000343322754,13.029999732971191,13.140000343322754,5.609323978424072,55000
2010-08-03,13.130000114440918,13.199999809265137,13.100000381469727,13.170000076293945,5.622130393981934,38100
2010-08-04,13.220000267028809,13.279999732971191,13.149999618530273,13.229999542236328,5.64774227142334,120900
2010-08-05,13.210000038146973,13.289999961853027,13.149999618530273,13.149999618530273,5.6135945320129395,44400
2010-08-06,13.149999618530273,13.279999732971191,13.149999618530273,13.210000038146973,5.63920783996582,65900
2010-08-09,13.239999771118164,13.300000190734863,13.180000305175781,13.300000190734863,5.677628040313721,47100
2010-08-10,13.319999694824219,13.390000343322754,13.239999771118164,13.34000015258789,5.694701671600342,53300
2010-08-11,13.239999771118164,13.239999771118164,13.130000114440918,13.15999984741211,5.653460502624512,32500
2010-08-12,13.180000305175781,13.260000228881836,13.0600004196167,13.079999923706055,5.619089126586914,44300
2010-08-13,13.0600004196167,13.3100004196167,13.0600004196167,13.3100004196167,5.717901229858398,45700
2010-08-16,13.359999656677246,13.359999656677246,13.270000457763672,13.34000015258789,5.730788707733154,36100
2010-08-17,13.420000076293945,13.489999771118164,13.25,13.399999618530273,5.756563186645508,91000
2010-08-18,13.369999885559082,13.399999618530273,13.3100004196167,13.359999656677246,5.739375591278076,35700
2010-08-19,13.319999694824219,13.420000076293945,13.270000457763672,13.3100004196167,5.717901229858398,47600
2010-08-20,13.350000381469727,13.350000381469727,13.25,13.34000015258789,5.730788707733154,26900
2010-08-23,13.380000114440918,13.380000114440918,13.289999961853027,13.289999961853027,5.709305763244629,41300
2010-08-24,13.3100004196167,13.3100004196167,13.210000038146973,13.220000267028809,5.679235935211182,24800
2010-08-25,13.210000038146973,13.329999923706055,13.210000038146973,13.220000267028809,5.679235935211182,41000
2010-08-26,13.210000038146973,13.3100004196167,13.119999885559082,13.260000228881836,5.696418762207031,29900
2010-08-27,13.329999923706055,13.4399995803833,13.25,13.399999618530273,5.756563186645508,42400
2010-08-30,13.380000114440918,13.510000228881836,13.300000190734863,13.369999885559082,5.74367618560791,34000
2010-08-31,13.399999618530273,13.4399995803833,13.350000381469727,13.4399995803833,5.773748397827148,21100
2010-09-01,13.5,13.529999732971191,13.369999885559082,13.420000076293945,5.765156269073486,37900
2010-09-02,13.479999542236328,13.520000457763672,13.390000343322754,13.489999771118164,5.795224189758301,40700
2010-09-03,13.449999809265137,13.479999542236328,13.3100004196167,13.390000343322754,5.752267360687256,77300
2010-09-07,13.420000076293945,13.4399995803833,13.34000015258789,13.359999656677246,5.739375591278076,31400
2010-09-08,13.399999618530273,13.470000267028809,13.359999656677246,13.399999618530273,5.756563186645508,38200
2010-09-09,13.470000267028809,13.600000381469727,13.430000305175781,13.5,5.799522876739502,42000
2010-09-10,13.5,13.550000190734863,13.5,13.539999961853027,5.816707134246826,40700
2010-09-13,13.539999961853027,13.5600004196167,13.399999618530273,13.399999618530273,5.792496681213379,58200
2010-09-14,13.430000305175781,13.430000305175781,13.329999923706055,13.329999923706055,5.76224422454834,16300
2010-09-15,13.329999923706055,13.329999923706055,13.010000228881836,13.119999885559082,5.671458721160889,89600
2010-09-16,13.119999885559082,13.140000343322754,12.699999809265137,13.010000228881836,5.623909950256348,142100
2010-09-17,13.010000228881836,13.170000076293945,12.930000305175781,13.149999618530273,5.6844329833984375,54200
2010-09-20,13.210000038146973,13.210000038146973,13.050000190734863,13.109999656677246,5.667139530181885,40300
2010-09-21,13.100000381469727,13.260000228881836,13.079999923706055,13.210000038146973,5.7103657722473145,33600
2010-09-22,13.210000038146973,13.229999542236328,13.130000114440918,13.130000114440918,5.675782680511475,27400
2010-09-23,13.130000114440918,13.210000038146973,13.109999656677246,13.109999656677246,5.667139530181885,24200
2010-09-24,13.119999885559082,13.149999618530273,13.109999656677246,13.109999656677246,5.667139530181885,36900
2010-09-27,13.100000381469727,13.270000457763672,13.100000381469727,13.210000038146973,5.7103657722473145,43300
2010-09-28,13.170000076293945,13.25,13.109999656677246,13.119999885559082,5.671458721160889,44900
2010-09-29,13.149999618530273,13.15999984741211,13.109999656677246,13.149999618530273,5.6844329833984375,26000
2010-09-30,13.15999984741211,13.15999984741211,13.069999694824219,13.100000381469727,5.662816047668457,40800
2010-10-01,13.149999618530273,13.149999618530273,13.050000190734863,13.119999885559082,5.671458721160889,57600
2010-10-04,13.069999694824219,13.100000381469727,13.010000228881836,13.079999923706055,5.654168128967285,63000
2010-10-05,13.079999923706055,13.100000381469727,13.029999732971191,13.09000015258789,5.6584930419921875,26200
2010-10-06,13.079999923706055,13.079999923706055,13.020000457763672,13.069999694824219,5.649843215942383,29300
2010-10-07,13.029999732971191,13.109999656677246,13.029999732971191,13.109999656677246,5.667139530181885,51000
2010-10-08,13.109999656677246,13.109999656677246,13.029999732971191,13.100000381469727,5.662816047668457,28200
2010-10-11,13.109999656677246,13.1899995803833,13.069999694824219,13.149999618530273,5.6844329833984375,36500
2010-10-12,13.1899995803833,13.199999809265137,13.100000381469727,13.130000114440918,5.675782680511475,84200
2010-10-13,13.020000457763672,13.0600004196167,12.970000267028809,12.979999542236328,5.647068023681641,84800
2010-10-14,12.970000267028809,13.079999923706055,12.90999984741211,12.989999771118164,5.651421546936035,59600
2010-10-15,12.970000267028809,13.039999961853027,12.920000076293945,12.920000076293945,5.620967864990234,44200
2010-10-18,12.899999618530273,12.949999809265137,12.8100004196167,12.899999618530273,5.612264633178711,81600
2010-10-19,12.899999618530273,12.9399995803833,12.819999694824219,12.819999694824219,5.577459812164307,42200
2010-10-20,12.819999694824219,12.859999656677246,12.800000190734863,12.800000190734863,5.568759918212891,39000
2010-10-21,12.859999656677246,12.890000343322754,12.800000190734863,12.859999656677246,5.594863414764404,34300
2010-10-22,12.829999923706055,12.989999771118164,12.800000190734863,12.890000343322754,5.607914447784424,39700
2010-10-25,12.899999618530273,12.960000038146973,12.829999923706055,12.869999885559082,5.599213123321533,41200
2010-10-26,12.859999656677246,12.890000343322754,12.8100004196167,12.880000114440918,5.6035661697387695,50000
2010-10-27,12.90999984741211,12.979999542236328,12.869999885559082,12.90999984741211,5.616616249084473,42500
2010-10-28,12.90999984741211,12.930000305175781,12.869999885559082,12.880000114440918,5.6035661697387695,21500
2010-10-29,12.869999885559082,12.949999809265137,12.869999885559082,12.949999809265137,5.634017467498779,19100
2010-11-01,13.0,13.029999732971191,12.869999885559082,12.880000114440918,5.6035661697387695,55200
2010-11-02,12.979999542236328,13.039999961853027,12.90999984741211,12.989999771118164,5.651421546936035,51300
2010-11-03,12.960000038146973,13.100000381469727,12.949999809265137,13.050000190734863,5.677522659301758,32600
2010-11-04,13.130000114440918,13.180000305175781,13.0,13.180000305175781,5.734084129333496,61600
2010-11-05,13.149999618530273,13.15999984741211,13.050000190734863,13.050000190734863,5.677522659301758,49700
2010-11-08,13.079999923706055,13.079999923706055,12.9399995803833,12.9399995803833,5.629668235778809,67900
2010-11-09,13.0,13.010000228881836,12.779999732971191,12.989999771118164,5.651421546936035,97000
2010-11-10,12.90999984741211,12.90999984741211,12.3100004196167,12.600000381469727,5.517428398132324,193800
2010-11-11,12.550000190734863,12.550000190734863,12.039999961853027,12.180000305175781,5.333508491516113,233800
2010-11-12,12.149999618530273,12.430000305175781,12.119999885559082,12.229999542236328,5.355404853820801,68200
2010-11-15,12.210000038146973,12.279999732971191,11.720000267028809,11.800000190734863,5.167114734649658,210600
2010-11-16,11.729999542236328,11.779999732971191,11.039999961853027,11.729999542236328,5.13646125793457,472300
2010-11-17,11.75,12.0,11.699999809265137,12.0,5.254689693450928,161800
2010-11-18,11.989999771118164,12.0,11.680000305175781,11.779999732971191,5.158353805541992,113000
2010-11-19,12.369999885559082,12.369999885559082,11.40999984741211,11.84000015258789,5.184628963470459,317900
2010-11-22,11.75,12.34000015258789,11.75,12.34000015258789,5.403573989868164,136500
2010-11-23,12.300000190734863,12.390000343322754,12.199999809265137,12.300000190734863,5.386057376861572,79900
2010-11-24,12.270000457763672,12.399999618530273,12.140000343322754,12.15999984741211,5.324751853942871,93300
2010-11-26,12.149999618530273,12.279999732971191,12.119999885559082,12.239999771118164,5.359785556793213,17100
2010-11-29,12.289999961853027,12.300000190734863,11.960000038146973,12.130000114440918,5.311614513397217,71300
2010-11-30,12.050000190734863,12.220000267028809,12.0,12.100000381469727,5.298481464385986,93200
2010-12-01,12.149999618530273,12.25,12.09000015258789,12.149999618530273,5.320374965667725,79900
2010-12-02,12.100000381469727,12.140000343322754,11.930000305175781,11.970000267028809,5.2415547370910645,108200
2010-12-03,11.9399995803833,12.300000190734863,11.8100004196167,12.0,5.254689693450928,84700
2010-12-06,11.960000038146973,12.0,11.770000457763672,11.850000381469727,5.189007759094238,95100
2010-12-07,11.649999618530273,11.8100004196167,11.510000228881836,11.680000305175781,5.114567279815674,208100
2010-12-08,11.649999618530273,11.65999984741211,11.5,11.529999732971191,5.0488810539245605,199700
2010-12-09,11.600000381469727,11.600000381469727,11.510000228881836,11.529999732971191,5.0488810539245605,138400
2010-12-10,11.550000190734863,11.550000190734863,11.260000228881836,11.380000114440918,4.9832000732421875,180300
2010-12-13,11.270000457763672,11.329999923706055,11.0,11.0,4.852617263793945,236400
2010-12-14,11.079999923706055,11.100000381469727,10.850000381469727,10.970000267028809,4.839385509490967,191800
2010-12-15,10.970000267028809,11.149999618530273,10.949999809265137,11.130000114440918,4.909966468811035,146800
2010-12-16,11.180000305175781,11.699999809265137,11.149999618530273,11.699999809265137,5.161418914794922,107200
2010-12-17,11.760000228881836,11.970000267028809,11.6899995803833,11.850000381469727,5.227592468261719,93200
2010-12-20,11.90999984741211,11.90999984741211,11.170000076293945,11.220000267028809,4.949671745300293,224900
2010-12-21,11.149999618530273,11.300000190734863,11.100000381469727,11.270000457763672,4.971725940704346,154100
2010-12-22,11.199999809265137,11.380000114440918,11.199999809265137,11.289999961853027,4.980552673339844,81600
2010-12-23,11.25,11.289999961853027,11.109999656677246,11.119999885559082,4.905555725097656,98900
2010-12-27,11.149999618530273,11.239999771118164,11.109999656677246,11.239999771118164,4.958494186401367,65700
2010-12-28,11.180000305175781,11.300000190734863,11.119999885559082,11.130000114440918,4.909966468811035,110900
2010-12-29,11.1899995803833,11.220000267028809,11.0,11.149999618530273,4.918790340423584,158400
2010-12-30,11.220000267028809,11.239999771118164,11.09000015258789,11.239999771118164,4.958494186401367,105100
2010-12-31,11.289999961853027,11.449999809265137,11.100000381469727,11.449999809265137,5.051135063171387,106700
2011-01-03,11.420000076293945,11.550000190734863,11.1899995803833,11.380000114440918,5.020255088806152,68200
2011-01-04,11.319999694824219,11.489999771118164,11.279999732971191,11.460000038146973,5.055549144744873,74700
2011-01-05,11.460000038146973,11.5,11.359999656677246,11.420000076293945,5.037902355194092,45400
2011-01-06,11.5,11.520000457763672,11.399999618530273,11.399999618530273,5.029078006744385,73400
2011-01-07,11.399999618530273,11.489999771118164,11.380000114440918,11.390000343322754,5.0246686935424805,71100
2011-01-10,11.399999618530273,11.430000305175781,11.350000381469727,11.359999656677246,5.0114336013793945,62200
2011-01-11,11.350000381469727,11.359999656677246,11.25,11.270000457763672,4.971725940704346,76300
2011-01-12,11.229999542236328,11.229999542236328,11.029999732971191,11.050000190734863,4.911282539367676,115700
2011-01-13,11.050000190734863,11.09000015258789,10.8100004196167,10.880000114440918,4.835724830627441,204100
2011-01-14,10.850000381469727,10.850000381469727,10.430000305175781,10.729999542236328,4.769055366516113,377700
2011-01-18,10.75,10.970000267028809,10.59000015258789,10.930000305175781,4.857947826385498,128800
2011-01-19,10.930000305175781,11.0,10.680000305175781,10.819999694824219,4.809058666229248,79100
2011-01-20,10.829999923706055,11.050000190734863,10.760000228881836,11.020000457763672,4.897947311401367,82400
2011-01-21,11.079999923706055,11.180000305175781,11.0,11.09000015258789,4.929061412811279,119100
2011-01-24,11.15999984741211,11.329999923706055,11.0600004196167,11.300000190734863,5.022395610809326,107400
2011-01-25,11.229999542236328,11.380000114440918,11.1899995803833,11.3100004196167,5.026839256286621,66900
2011-01-26,11.359999656677246,11.40999984741211,11.270000457763672,11.359999656677246,5.0490641593933105,122200
2011-01-27,11.399999618530273,11.399999618530273,11.220000267028809,11.260000228881836,5.0046210289001465,66100
2011-01-28,11.210000038146973,11.289999961853027,11.149999618530273,11.210000038146973,4.982396125793457,75000
2011-01-31,11.170000076293945,11.210000038146973,11.140000343322754,11.199999809265137,4.977950096130371,60200
2011-02-01,11.210000038146973,11.319999694824219,11.180000305175781,11.3100004196167,5.026839256286621,59800
2011-02-02,11.369999885559082,11.430000305175781,11.300000190734863,11.420000076293945,5.075733184814453,66600
2011-02-03,11.359999656677246,11.449999809265137,11.350000381469727,11.40999984741211,5.071288108825684,74200
2011-02-04,11.390000343322754,11.449999809265137,11.300000190734863,11.34000015258789,5.040177822113037,59100
2011-02-07,11.329999923706055,11.550000190734863,11.300000190734863,11.510000228881836,5.115732192993164,115900
2011-02-08,11.5600004196167,11.569999694824219,11.460000038146973,11.520000457763672,5.12017822265625,67700
2011-02-09,11.5,11.600000381469727,11.460000038146973,11.5600004196167,5.1379570960998535,77700
2011-02-10,11.5600004196167,11.670000076293945,11.510000228881836,11.59000015258789,5.151289939880371,57700
2011-02-11,11.579999923706055,11.579999923706055,11.449999809265137,11.460000038146973,5.130697727203369,59300
2011-02-14,11.449999809265137,11.489999771118164,11.359999656677246,11.4399995803833,5.121743202209473,97800
2011-02-15,11.449999809265137,11.449999809265137,11.359999656677246,11.420000076293945,5.112789154052734,51300
2011-02-16,11.390000343322754,11.460000038146973,11.369999885559082,11.390000343322754,5.099358558654785,44600
2011-02-17,11.329999923706055,11.600000381469727,11.319999694824219,11.460000038146973,5.130697727203369,95700
2011-02-18,11.449999809265137,11.600000381469727,11.449999809265137,11.470000267028809,5.135175704956055,42500
2011-02-22,11.449999809265137,11.449999809265137,11.300000190734863,11.300000190734863,5.0590620040893555,67300
2011-02-23,11.300000190734863,11.470000267028809,11.300000190734863,11.390000343322754,5.099358558654785,72100
2011-02-24,11.350000381469727,11.449999809265137,11.329999923706055,11.390000343322754,5.099358558654785,47200
2011-02-25,11.359999656677246,11.460000038146973,11.359999656677246,11.430000305175781,5.1172637939453125,31200
2011-02-28,11.430000305175781,11.609999656677246,11.430000305175781,11.609999656677246,5.197852611541748,59200
2011-03-01,11.600000381469727,11.6899995803833,11.569999694824219,11.59000015258789,5.188898086547852,64100
2011-03-02,11.529999732971191,11.6899995803833,11.5,11.609999656677246,5.197852611541748,66300
2011-03-03,11.640000343322754,11.770000457763672,11.619999885559082,11.619999885559082,5.202328681945801,89100
2011-03-04,11.619999885559082,11.720000267028809,11.600000381469727,11.65999984741211,5.220237731933594,117300
2011-03-07,11.710000038146973,11.710000038146973,11.619999885559082,11.670000076293945,5.224715232849121,58100
2011-03-08,11.649999618530273,11.739999771118164,11.649999618530273,11.680000305175781,5.229191303253174,115400
2011-03-09,11.6899995803833,11.779999732971191,11.649999618530273,11.720000267028809,5.247097969055176,52700
2011-03-10,11.720000267028809,11.75,11.520000457763672,11.619999885559082,5.202328681945801,115900
2011-03-11,11.529999732971191,11.609999656677246,11.489999771118164,11.510000228881836,5.190603733062744,34700
2011-03-14,11.510000228881836,11.710000038146973,11.510000228881836,11.569999694824219,5.217663764953613,37200
2011-03-15,11.5,11.729999542236328,11.420000076293945,11.609999656677246,5.235700607299805,49800
2011-03-16,11.630000114440918,11.739999771118164,11.550000190734863,11.59000015258789,5.226681232452393,72200
2011-03-17,11.680000305175781,11.710000038146973,11.479999542236328,11.600000381469727,5.231191635131836,87700
2011-03-18,11.600000381469727,11.649999618530273,11.550000190734863,11.5600004196167,5.21315336227417,56900
2011-03-21,11.5600004196167,11.640000343322754,11.5600004196167,11.630000114440918,5.244721412658691,42600
2011-03-22,11.600000381469727,11.640000343322754,11.539999961853027,11.569999694824219,5.217663764953613,32100
2011-03-23,11.569999694824219,11.640000343322754,11.550000190734863,11.609999656677246,5.235700607299805,39500
2011-03-24,11.649999618530273,11.649999618530273,11.550000190734863,11.609999656677246,5.235700607299805,50600
2011-03-25,11.569999694824219,11.630000114440918,11.550000190734863,11.609999656677246,5.235700607299805,23700
2011-03-28,11.65999984741211,11.75,11.619999885559082,11.649999618530273,5.253739833831787,142200
2011-03-29,11.6899995803833,11.739999771118164,11.619999885559082,11.710000038146973,5.280797004699707,49800
2011-03-30,11.75,11.760000228881836,11.649999618530273,11.6899995803833,5.271779537200928,80700
2011-03-31,11.670000076293945,11.739999771118164,11.670000076293945,11.729999542236328,5.2898149490356445,43900
2011-04-01,11.75,11.920000076293945,11.699999809265137,11.829999923706055,5.334911823272705,68600
2011-04-04,11.829999923706055,11.989999771118164,11.800000190734863,11.8100004196167,5.325896739959717,71200
2011-04-05,11.800000190734863,11.880000114440918,11.800000190734863,11.829999923706055,5.334911823272705,60600
2011-04-06,11.819999694824219,11.84000015258789,11.779999732971191,11.779999732971191,5.31236457824707,64000
2011-04-07,11.779999732971191,11.8100004196167,11.75,11.770000457763672,5.30785608291626,45400
2011-04-08,11.789999961853027,11.829999923706055,11.75,11.75,5.298837184906006,50500
2011-04-11,11.770000457763672,11.789999961853027,11.680000305175781,11.680000305175781,5.267269134521484,53700
2011-04-12,11.670000076293945,11.800000190734863,11.670000076293945,11.770000457763672,5.30785608291626,89700
2011-04-13,11.649999618530273,11.699999809265137,11.640000343322754,11.6899995803833,5.3096723556518555,59600
2011-04-14,11.680000305175781,11.680000305175781,11.520000457763672,11.5600004196167,5.25062370300293,106600
2011-04-15,11.539999961853027,11.699999809265137,11.520000457763672,11.680000305175781,5.305128574371338,43600
2011-04-18,11.649999618530273,11.84000015258789,11.640000343322754,11.6899995803833,5.3096723556518555,60600
2011-04-19,11.649999618530273,11.729999542236328,11.609999656677246,11.6899995803833,5.3096723556518555,25100
2011-04-20,11.779999732971191,11.779999732971191,11.640000343322754,11.770000457763672,5.346009731292725,54600
2011-04-21,11.739999771118164,11.800000190734863,11.65999984741211,11.770000457763672,5.346009731292725,26100
2011-04-25,11.770000457763672,11.770000457763672,11.699999809265137,11.770000457763672,5.346009731292725,31600
2011-04-26,11.720000267028809,11.75,11.6899995803833,11.6899995803833,5.3096723556518555,49300
2011-04-27,11.739999771118164,11.819999694824219,11.710000038146973,11.710000038146973,5.318756580352783,50100
2011-04-28,11.739999771118164,11.739999771118164,11.670000076293945,11.699999809265137,5.314210891723633,39600
2011-04-29,11.739999771118164,11.770000457763672,11.710000038146973,11.770000457763672,5.346009731292725,19000
2011-05-02,11.800000190734863,11.930000305175781,11.789999961853027,11.859999656677246,5.386886119842529,81000
2011-05-03,11.869999885559082,11.920000076293945,11.8100004196167,11.899999618530273,5.405053615570068,38300
2011-05-04,11.920000076293945,12.0,11.899999618530273,12.0,5.450475215911865,36000
2011-05-05,11.960000038146973,12.289999961853027,11.960000038146973,12.229999542236328,5.554943561553955,126200
2011-05-06,12.289999961853027,12.34000015258789,12.0600004196167,12.239999771118164,5.559486389160156,58600
2011-05-09,12.279999732971191,12.350000381469727,12.239999771118164,12.289999961853027,5.582194805145264,40600
2011-05-10,12.350000381469727,12.350000381469727,12.170000076293945,12.239999771118164,5.559486389160156,48800
2011-05-11,12.199999809265137,12.199999809265137,12.069999694824219,12.079999923706055,5.524726867675781,25900
2011-05-12,12.050000190734863,12.170000076293945,12.029999732971191,12.130000114440918,5.547593593597412,36700
2011-05-13,12.109999656677246,12.260000228881836,12.109999656677246,12.199999809265137,5.57960844039917,25100
2011-05-16,12.15999984741211,12.180000305175781,12.079999923706055,12.119999885559082,5.543018817901611,21000
2011-05-17,12.079999923706055,12.15999984741211,12.079999923706055,12.149999618530273,5.55674409866333,31900
2011-05-18,12.149999618530273,12.199999809265137,12.100000381469727,12.1899995803833,5.57503604888916,41000
2011-05-19,12.15999984741211,12.210000038146973,12.149999618530273,12.210000038146973,5.584183692932129,43200
2011-05-20,12.210000038146973,12.229999542236328,12.1899995803833,12.210000038146973,5.584183692932129,40400
2011-05-23,12.210000038146973,12.3100004196167,12.1899995803833,12.300000190734863,5.625341892242432,27100
2011-05-24,12.34000015258789,12.430000305175781,12.3100004196167,12.359999656677246,5.652782917022705,43000
2011-05-25,12.350000381469727,12.350000381469727,12.25,12.329999923706055,5.639066696166992,38300
2011-05-26,12.34000015258789,12.479999542236328,12.300000190734863,12.479999542236328,5.70766019821167,54500
2011-05-27,12.479999542236328,12.569999694824219,12.399999618530273,12.5600004196167,5.744255542755127,57600
2011-05-31,12.569999694824219,12.609999656677246,12.470000267028809,12.520000457763672,5.725958347320557,38000
2011-06-01,12.550000190734863,12.550000190734863,12.449999809265137,12.460000038146973,5.698520183563232,36900
2011-06-02,12.4399995803833,12.4399995803833,12.140000343322754,12.390000343322754,5.666502475738525,167600
2011-06-03,12.399999618530273,12.40999984741211,12.289999961853027,12.329999923706055,5.639066696166992,42700
2011-06-06,12.319999694824219,12.350000381469727,12.119999885559082,12.140000343322754,5.55217170715332,102000
2011-06-07,12.109999656677246,12.180000305175781,12.010000228881836,12.010000228881836,5.49271297454834,99800
2011-06-08,12.050000190734863,12.050000190734863,11.819999694824219,11.819999694824219,5.405817985534668,160500
2011-06-09,11.779999732971191,11.800000190734863,11.649999618530273,11.710000038146973,5.355510234832764,137100
2011-06-10,11.75,11.75,11.600000381469727,11.670000076293945,5.337217807769775,73800
2011-06-13,11.59000015258789,11.65999984741211,11.5,11.65999984741211,5.368523120880127,85200
2011-06-14,11.640000343322754,11.720000267028809,11.59000015258789,11.600000381469727,5.3408989906311035,63400
2011-06-15,11.569999694824219,11.6899995803833,11.529999732971191,11.539999961853027,5.3132758140563965,71100
2011-06-16,11.489999771118164,11.529999732971191,11.4399995803833,11.449999809265137,5.271835803985596,89800
2011-06-17,11.529999732971191,11.609999656677246,11.470000267028809,11.510000228881836,5.299460411071777,31900
2011-06-20,11.5,11.600000381469727,11.5,11.5,5.294858455657959,38800
2011-06-21,11.510000228881836,11.600000381469727,11.5,11.550000190734863,5.317877769470215,34000
2011-06-22,11.510000228881836,11.59000015258789,11.510000228881836,11.579999923706055,5.331691741943359,29200
2011-06-23,11.579999923706055,11.640000343322754,11.539999961853027,11.640000343322754,5.359314918518066,41000
2011-06-24,11.609999656677246,11.729999542236328,11.600000381469727,11.649999618530273,5.363921642303467,34000
2011-06-27,11.6899995803833,11.729999542236328,11.65999984741211,11.680000305175781,5.377734661102295,43700
2011-06-28,11.729999542236328,11.850000381469727,11.6899995803833,11.8100004196167,5.437589645385742,79200
2011-06-29,11.829999923706055,11.899999618530273,11.829999923706055,11.850000381469727,5.456004619598389,29400
2011-06-30,11.84000015258789,11.930000305175781,11.829999923706055,11.880000114440918,5.469818592071533,31200
2011-07-01,11.859999656677246,11.9399995803833,11.859999656677246,11.90999984741211,5.48362922668457,20800
2011-07-05,11.920000076293945,11.949999809265137,11.84000015258789,11.850000381469727,5.456004619598389,72700
2011-07-06,11.850000381469727,11.90999984741211,11.819999694824219,11.899999618530273,5.479025363922119,38300
2011-07-07,11.880000114440918,11.90999984741211,11.859999656677246,11.869999885559082,5.465217113494873,36700
2011-07-08,11.880000114440918,11.9399995803833,11.880000114440918,11.890000343322754,5.474421977996826,69700
2011-07-11,11.899999618530273,11.949999809265137,11.880000114440918,11.880000114440918,5.469818592071533,64600
2011-07-12,11.880000114440918,11.899999618530273,11.75,11.800000190734863,5.4329833984375,111800
2011-07-13,11.699999809265137,11.779999732971191,11.6899995803833,11.699999809265137,5.422784328460693,85000
2011-07-14,11.699999809265137,11.770000457763672,11.5600004196167,11.579999923706055,5.36716890335083,75500
2011-07-15,11.579999923706055,11.710000038146973,11.5,11.520000457763672,5.339358806610107,106800
2011-07-18,11.5,11.569999694824219,11.369999885559082,11.40999984741211,5.288376331329346,198600
2011-07-19,11.40999984741211,11.470000267028809,11.34000015258789,11.34000015258789,5.2559332847595215,131600
2011-07-20,11.359999656677246,11.479999542236328,11.359999656677246,11.369999885559082,5.269838333129883,62200
2011-07-21,11.430000305175781,11.5600004196167,11.399999618530273,11.420000076293945,5.293008327484131,55900
2011-07-22,11.430000305175781,11.630000114440918,11.430000305175781,11.630000114440918,5.390343189239502,56400
2011-07-25,11.59000015258789,11.630000114440918,11.420000076293945,11.539999961853027,5.34862756729126,92000
2011-07-26,11.510000228881836,11.5600004196167,11.449999809265137,11.479999542236328,5.320817947387695,45300
2011-07-27,11.460000038146973,11.510000228881836,11.25,11.329999923706055,5.251297473907471,154900
2011-07-28,11.260000228881836,11.470000267028809,11.119999885559082,11.300000190734863,5.237390995025635,92900
2011-07-29,11.239999771118164,11.380000114440918,11.149999618530273,11.300000190734863,5.237390995025635,62900
2011-08-01,11.460000038146973,11.59000015258789,11.399999618530273,11.4399995803833,5.30228328704834,123200
2011-08-02,11.399999618530273,11.640000343322754,11.399999618530273,11.510000228881836,5.334724426269531,90500
2011-08-03,11.520000457763672,11.640000343322754,11.520000457763672,11.630000114440918,5.390343189239502,57200
2011-08-04,11.609999656677246,11.619999885559082,11.350000381469727,11.369999885559082,5.269838333129883,137800
2011-08-05,11.350000381469727,11.479999542236328,11.09000015258789,11.430000305175781,5.29764461517334,180000
2011-08-08,11.149999618530273,11.199999809265137,10.800000190734863,10.960000038146973,5.07980489730835,190300
2011-08-09,10.960000038146973,11.350000381469727,10.819999694824219,11.149999618530273,5.1678690910339355,139600
2011-08-10,11.15999984741211,11.430000305175781,11.15999984741211,11.350000381469727,5.260568618774414,176000
2011-08-11,11.369999885559082,11.369999885559082,11.119999885559082,11.140000343322754,5.198963165283203,104100
2011-08-12,11.119999885559082,11.329999923706055,11.119999885559082,11.289999961853027,5.26896333694458,54800
2011-08-15,11.329999923706055,11.449999809265137,11.319999694824219,11.420000076293945,5.329639911651611,60400
2011-08-16,11.420000076293945,11.449999809265137,11.380000114440918,11.449999809265137,5.3436384201049805,51200
2011-08-17,11.4399995803833,11.5,11.399999618530273,11.430000305175781,5.33430290222168,50900
2011-08-18,11.359999656677246,11.390000343322754,11.229999542236328,11.229999542236328,5.240966320037842,51100
2011-08-19,11.170000076293945,11.380000114440918,11.170000076293945,11.359999656677246,5.301637172698975,60500
2011-08-22,11.369999885559082,11.420000076293945,11.260000228881836,11.34000015258789,5.292301177978516,56400
2011-08-23,11.329999923706055,11.449999809265137,11.319999694824219,11.420000076293945,5.329639911651611,16300
2011-08-24,11.4399995803833,11.4399995803833,11.359999656677246,11.399999618530273,5.320301532745361,29600
2011-08-25,11.40999984741211,11.40999984741211,11.350000381469727,11.399999618530273,5.320301532745361,22300
2011-08-26,11.329999923706055,11.460000038146973,11.329999923706055,11.399999618530273,5.320301532745361,75200
2011-08-29,11.460000038146973,11.489999771118164,11.430000305175781,11.489999771118164,5.362306118011475,41200
2011-08-30,11.399999618530273,11.5,11.399999618530273,11.420000076293945,5.329639911651611,88800
2011-08-31,11.430000305175781,11.600000381469727,11.430000305175781,11.600000381469727,5.413644790649414,48900
2011-09-01,11.59000015258789,11.640000343322754,11.510000228881836,11.5600004196167,5.394969940185547,62100
2011-09-02,11.520000457763672,11.520000457763672,11.359999656677246,11.420000076293945,5.329639911651611,146000
2011-09-06,11.359999656677246,11.369999885559082,11.260000228881836,11.289999961853027,5.26896333694458,102700
2011-09-07,11.289999961853027,11.369999885559082,11.279999732971191,11.319999694824219,5.282968044281006,38400
2011-09-08,11.319999694824219,11.369999885559082,11.3100004196167,11.319999694824219,5.282968044281006,37500
2011-09-09,11.3100004196167,11.369999885559082,11.3100004196167,11.350000381469727,5.296968460083008,54400
2011-09-12,11.300000190734863,11.4399995803833,11.300000190734863,11.430000305175781,5.33430290222168,40700
2011-09-13,11.399999618530273,11.399999618530273,11.329999923706055,11.369999885559082,5.340408802032471,46600
2011-09-14,11.350000381469727,11.380000114440918,11.289999961853027,11.34000015258789,5.326319694519043,96000
2011-09-15,11.34000015258789,11.34000015258789,11.300000190734863,11.300000190734863,5.307531356811523,44900
2011-09-16,11.329999923706055,11.369999885559082,11.25,11.359999656677246,5.335714817047119,69000
2011-09-19,11.329999923706055,11.430000305175781,11.300000190734863,11.380000114440918,5.3451080322265625,47800
2011-09-20,11.40999984741211,11.40999984741211,11.319999694824219,11.34000015258789,5.326319694519043,45400
2011-09-21,11.380000114440918,11.399999618530273,11.319999694824219,11.380000114440918,5.3451080322265625,52400
2011-09-22,11.350000381469727,11.430000305175781,11.350000381469727,11.430000305175781,5.368590354919434,44500
2011-09-23,11.449999809265137,11.479999542236328,11.350000381469727,11.470000267028809,5.387381553649902,61700
2011-09-26,11.4399995803833,11.5,11.399999618530273,11.489999771118164,5.396773815155029,18300
2011-09-27,11.5,11.520000457763672,11.470000267028809,11.470000267028809,5.387381553649902,71300
2011-09-28,11.529999732971191,11.529999732971191,11.460000038146973,11.460000038146973,5.3826823234558105,62000
2011-09-29,11.520000457763672,11.529999732971191,11.489999771118164,11.489999771118164,5.396773815155029,65800
2011-09-30,11.510000228881836,11.569999694824219,11.5,11.569999694824219,5.434349060058594,68300
2011-10-03,11.569999694824219,11.569999694824219,11.510000228881836,11.520000457763672,5.410861968994141,107000
2011-10-04,11.550000190734863,11.5600004196167,11.350000381469727,11.359999656677246,5.335714817047119,132500
2011-10-05,11.420000076293945,11.470000267028809,11.399999618530273,11.430000305175781,5.368590354919434,51300
2011-10-06,11.460000038146973,11.470000267028809,11.399999618530273,11.449999809265137,5.377985000610352,50400
2011-10-07,11.4399995803833,11.470000267028809,11.399999618530273,11.399999618530273,5.354499340057373,50200
2011-10-10,11.4399995803833,11.460000038146973,11.399999618530273,11.40999984741211,5.359198093414307,77200
2011-10-11,11.4399995803833,11.479999542236328,11.40999984741211,11.460000038146973,5.3826823234558105,45000
2011-10-12,11.449999809265137,11.460000038146973,11.369999885559082,11.449999809265137,5.41246223449707,89900
2011-10-13,11.449999809265137,11.449999809265137,11.319999694824219,11.449999809265137,5.41246223449707,51700
2011-10-14,11.430000305175781,11.449999809265137,11.380000114440918,11.4399995803833,5.407735824584961,76700
2011-10-17,11.470000267028809,11.479999542236328,11.359999656677246,11.40999984741211,5.393556118011475,42900
2011-10-18,11.430000305175781,11.449999809265137,11.350000381469727,11.430000305175781,5.403011322021484,86700
2011-10-19,11.380000114440918,11.489999771118164,11.380000114440918,11.479999542236328,5.426642894744873,37400
2011-10-20,11.510000228881836,11.550000190734863,11.489999771118164,11.539999961853027,5.4550065994262695,37200
2011-10-21,11.539999961853027,11.539999961853027,11.5,11.539999961853027,5.4550065994262695,33100
2011-10-24,11.5,11.550000190734863,11.489999771118164,11.550000190734863,5.45973539352417,63500
2011-10-25,11.550000190734863,11.600000381469727,11.489999771118164,11.600000381469727,5.483370304107666,39300
2011-10-26,11.619999885559082,11.710000038146973,11.600000381469727,11.699999809265137,5.530639171600342,89600
2011-10-27,11.75,11.770000457763672,11.699999809265137,11.75,5.554275035858154,54100
2011-10-28,11.760000228881836,11.760000228881836,11.6899995803833,11.739999771118164,5.54954719543457,51600
2011-10-31,11.760000228881836,11.779999732971191,11.729999542236328,11.75,5.554275035858154,64200
2011-11-01,11.699999809265137,11.779999732971191,11.640000343322754,11.649999618530273,5.507005214691162,93500
2011-11-02,11.65999984741211,11.720000267028809,11.529999732971191,11.579999923706055,5.473913669586182,89900
2011-11-03,11.550000190734863,11.65999984741211,11.550000190734863,11.59000015258789,5.478644371032715,64900
2011-11-04,11.59000015258789,11.6899995803833,11.59000015258789,11.619999885559082,5.492820739746094,54500
2011-11-07,11.600000381469727,11.6899995803833,11.600000381469727,11.630000114440918,5.497550010681152,69300
2011-11-08,11.649999618530273,11.770000457763672,11.649999618530273,11.770000457763672,5.563729763031006,61500
2011-11-09,11.760000228881836,11.9399995803833,11.680000305175781,11.9399995803833,5.6440887451171875,83100
2011-11-10,11.880000114440918,11.880000114440918,11.680000305175781,11.720000267028809,5.574172019958496,58900
2011-11-11,11.770000457763672,11.84000015258789,11.680000305175781,11.800000190734863,5.61221981048584,47800
2011-11-14,11.819999694824219,11.880000114440918,11.720000267028809,11.859999656677246,5.640757083892822,47400
2011-11-15,11.859999656677246,11.859999656677246,11.729999542236328,11.859999656677246,5.640757083892822,58100
2011-11-16,11.859999656677246,11.880000114440918,11.770000457763672,11.84000015258789,5.631245136260986,74000
2011-11-17,11.880000114440918,11.880000114440918,11.800000190734863,11.8100004196167,5.616976737976074,59200
2011-11-18,11.84000015258789,11.84000015258789,11.800000190734863,11.829999923706055,5.626491546630859,51100
2011-11-21,11.829999923706055,11.949999809265137,11.779999732971191,11.930000305175781,5.674051761627197,83800
2011-11-22,11.960000038146973,12.119999885559082,11.920000076293945,12.09000015258789,5.75015115737915,113300
2011-11-23,12.050000190734863,12.149999618530273,12.020000457763672,12.100000381469727,5.754904747009277,41300
2011-11-25,12.109999656677246,12.119999885559082,12.039999961853027,12.079999923706055,5.745391845703125,25800
2011-11-28,12.180000305175781,12.1899995803833,12.09000015258789,12.109999656677246,5.75966215133667,92800
2011-11-29,12.180000305175781,12.180000305175781,12.029999732971191,12.0600004196167,5.735878944396973,60600
2011-11-30,12.109999656677246,12.170000076293945,12.010000228881836,12.09000015258789,5.75015115737915,90400
2011-12-01,12.140000343322754,12.15999984741211,12.09000015258789,12.109999656677246,5.75966215133667,105300
2011-12-02,12.170000076293945,12.220000267028809,12.109999656677246,12.220000267028809,5.811978340148926,71900
2011-12-05,12.210000038146973,12.260000228881836,12.130000114440918,12.170000076293945,5.788197994232178,56600
2011-12-06,12.220000267028809,12.289999961853027,12.100000381469727,12.100000381469727,5.754904747009277,98500
2011-12-07,12.109999656677246,12.359999656677246,12.109999656677246,12.260000228881836,5.831004619598389,92700
2011-12-08,12.279999732971191,12.350000381469727,12.210000038146973,12.25,5.826247215270996,57000
2011-12-09,12.260000228881836,12.34000015258789,12.199999809265137,12.260000228881836,5.831004619598389,31500
2011-12-12,12.260000228881836,12.34000015258789,12.25,12.319999694824219,5.859539031982422,43800
2011-12-13,12.25,12.270000457763672,12.170000076293945,12.170000076293945,5.8336567878723145,60200
2011-12-14,12.130000114440918,12.180000305175781,12.050000190734863,12.100000381469727,5.800099849700928,71800
2011-12-15,12.119999885559082,12.140000343322754,12.050000190734863,12.0600004196167,5.780925750732422,51500
2011-12-16,12.100000381469727,12.109999656677246,12.050000190734863,12.09000015258789,5.79530668258667,22200
2011-12-19,12.09000015258789,12.170000076293945,12.039999961853027,12.100000381469727,5.800099849700928,51400
2011-12-20,12.119999885559082,12.1899995803833,12.050000190734863,12.069999694824219,5.785721778869629,56100
2011-12-21,12.09000015258789,12.170000076293945,12.039999961853027,12.0600004196167,5.780925750732422,35400
2011-12-22,12.100000381469727,12.199999809265137,12.09000015258789,12.170000076293945,5.8336567878723145,59600
2011-12-23,12.149999618530273,12.199999809265137,12.09000015258789,12.15999984741211,5.828859806060791,66100
2011-12-27,12.140000343322754,12.210000038146973,12.119999885559082,12.15999984741211,5.828859806060791,73300
2011-12-28,12.170000076293945,12.199999809265137,12.109999656677246,12.130000114440918,5.814480304718018,74200
2011-12-29,12.119999885559082,12.199999809265137,12.100000381469727,12.149999618530273,5.824068546295166,60300
2011-12-30,12.1899995803833,12.199999809265137,12.109999656677246,12.109999656677246,5.804893970489502,66300
2012-01-03,12.170000076293945,12.180000305175781,12.050000190734863,12.119999885559082,5.809685230255127,83800
2012-01-04,12.149999618530273,12.199999809265137,12.149999618530273,12.1899995803833,5.843242645263672,47800
2012-01-05,12.1899995803833,12.25,12.1899995803833,12.210000038146973,5.852829456329346,52100
2012-01-06,12.210000038146973,12.289999961853027,12.210000038146973,12.289999961853027,5.891177177429199,47600
2012-01-09,12.319999694824219,12.430000305175781,12.300000190734863,12.399999618530273,5.943904876708984,76800
2012-01-10,12.4399995803833,12.4399995803833,12.350000381469727,12.369999885559082,5.929523468017578,56300
2012-01-11,12.279999732971191,12.390000343322754,12.270000457763672,12.3100004196167,5.935796737670898,51000
2012-01-12,12.350000381469727,12.460000038146973,12.3100004196167,12.380000114440918,5.969548225402832,85400
2012-01-13,12.399999618530273,12.5600004196167,12.369999885559082,12.5600004196167,6.056341648101807,36900
2012-01-17,12.600000381469727,12.640000343322754,12.420000076293945,12.449999809265137,6.003300189971924,81600
2012-01-18,12.489999771118164,12.510000228881836,12.289999961853027,12.390000343322754,5.974372863769531,82300
2012-01-19,12.430000305175781,12.479999542236328,12.369999885559082,12.399999618530273,5.979191303253174,50000
2012-01-20,12.399999618530273,12.470000267028809,12.399999618530273,12.430000305175781,5.993657112121582,78700
2012-01-23,12.489999771118164,12.640000343322754,12.430000305175781,12.539999961853027,6.04669713973999,99700
2012-01-24,12.579999923706055,12.640000343322754,12.539999961853027,12.630000114440918,6.090093612670898,84800
2012-01-25,12.649999618530273,12.75,12.539999961853027,12.75,6.147960662841797,52800
2012-01-26,12.8100004196167,12.850000381469727,12.609999656677246,12.699999809265137,6.1238484382629395,126800
2012-01-27,12.739999771118164,13.100000381469727,12.739999771118164,12.930000305175781,6.23475456237793,139000
2012-01-30,12.979999542236328,13.149999618530273,12.9399995803833,13.0,6.2685065269470215,87900
2012-01-31,13.0600004196167,13.09000015258789,12.970000267028809,12.989999771118164,6.263681411743164,87300
2012-02-01,13.050000190734863,13.149999618530273,13.020000457763672,13.020000457763672,6.278149604797363,95400
2012-02-02,13.020000457763672,13.180000305175781,13.020000457763672,13.050000190734863,6.29261589050293,88700
2012-02-03,13.09000015258789,13.09000015258789,12.989999771118164,13.010000228881836,6.273330211639404,65800
2012-02-06,13.050000190734863,13.050000190734863,12.770000457763672,12.920000076293945,6.229931831359863,120300
2012-02-07,12.850000381469727,12.989999771118164,12.850000381469727,12.989999771118164,6.263681411743164,42100
2012-02-08,12.960000038146973,13.050000190734863,12.949999809265137,13.010000228881836,6.273330211639404,90200
2012-02-09,13.039999961853027,13.039999961853027,12.90999984741211,12.90999984741211,6.225105285644531,70000
2012-02-10,12.920000076293945,12.970000267028809,12.8100004196167,12.859999656677246,6.200999736785889,89200
2012-02-13,12.850000381469727,12.899999618530273,12.779999732971191,12.899999618530273,6.255797386169434,71800
2012-02-14,12.90999984741211,12.90999984741211,12.729999542236328,12.819999694824219,6.21700382232666,71400
2012-02-15,12.829999923706055,12.829999923706055,12.609999656677246,12.640000343322754,6.129713535308838,102200
2012-02-16,12.609999656677246,12.699999809265137,12.449999809265137,12.449999809265137,6.03757381439209,65300
2012-02-17,12.449999809265137,12.5,12.260000228881836,12.460000038146973,6.042425155639648,126100
2012-02-21,12.5,12.729999542236328,12.5,12.729999542236328,6.173357963562012,85200
2012-02-22,12.789999961853027,12.800000190734863,12.640000343322754,12.789999961853027,6.202455043792725,79800
2012-02-23,12.829999923706055,12.84000015258789,12.760000228881836,12.819999694824219,6.21700382232666,60100
2012-02-24,12.819999694824219,12.880000114440918,12.760000228881836,12.880000114440918,6.246098518371582,93800
2012-02-27,12.90999984741211,12.90999984741211,12.760000228881836,12.869999885559082,6.241252899169922,104000
2012-02-28,12.899999618530273,12.899999618530273,12.800000190734863,12.859999656677246,6.236401081085205,45800
2012-02-29,12.970000267028809,12.970000267028809,12.850000381469727,12.899999618530273,6.255797386169434,18800
2012-03-01,12.9399995803833,12.949999809265137,12.819999694824219,12.890000343322754,6.250946044921875,27700
2012-03-02,12.890000343322754,12.930000305175781,12.859999656677246,12.90999984741211,6.260645389556885,31500
2012-03-05,12.930000305175781,12.949999809265137,12.859999656677246,12.920000076293945,6.26549768447876,40400
2012-03-06,12.890000343322754,12.930000305175781,12.789999961853027,12.800000190734863,6.207306861877441,55700
2012-03-07,12.850000381469727,12.90999984741211,12.8100004196167,12.90999984741211,6.260645389556885,18700
2012-03-08,12.9399995803833,12.9399995803833,12.859999656677246,12.859999656677246,6.236401081085205,47100
2012-03-09,12.899999618530273,12.9399995803833,12.899999618530273,12.9399995803833,6.275195598602295,46600
2012-03-12,12.899999618530273,12.979999542236328,12.899999618530273,12.9399995803833,6.275195598602295,49100
2012-03-13,12.90999984741211,12.960000038146973,12.869999885559082,12.880000114440918,6.281534671783447,68600
2012-03-14,12.880000114440918,12.880000114440918,12.670000076293945,12.699999809265137,6.193752765655518,55300
2012-03-15,12.680000305175781,12.680000305175781,12.220000267028809,12.329999923706055,6.013303279876709,198300
2012-03-16,12.279999732971191,12.319999694824219,11.979999542236328,12.170000076293945,5.935272216796875,253000
2012-03-19,12.079999923706055,12.479999542236328,11.979999542236328,12.420000076293945,6.057196140289307,101800
2012-03-20,12.449999809265137,12.550000190734863,12.399999618530273,12.449999809265137,6.071826457977295,62000
2012-03-21,12.529999732971191,12.569999694824219,12.479999542236328,12.5,6.096209526062012,44700
2012-03-22,12.529999732971191,12.579999923706055,12.520000457763672,12.569999694824219,6.1303486824035645,52400
2012-03-23,12.579999923706055,12.680000305175781,12.579999923706055,12.640000343322754,6.164489269256592,50900
2012-03-26,12.6899995803833,12.75,12.640000343322754,12.699999809265137,6.193752765655518,142300
2012-03-27,12.720000267028809,12.800000190734863,12.59000015258789,12.789999961853027,6.237642765045166,96000
2012-03-28,12.829999923706055,12.9399995803833,12.8100004196167,12.90999984741211,6.296165466308594,119400
2012-03-29,12.930000305175781,12.9399995803833,12.8100004196167,12.8100004196167,6.2473978996276855,49700
2012-03-30,12.779999732971191,12.90999984741211,12.779999732971191,12.890000343322754,6.286412239074707,42700
2012-04-02,12.960000038146973,12.970000267028809,12.880000114440918,12.960000038146973,6.32055139541626,49800
2012-04-03,12.960000038146973,13.0,12.850000381469727,12.9399995803833,6.310797691345215,61900
2012-04-04,12.970000267028809,12.970000267028809,12.869999885559082,12.899999618530273,6.291287899017334,52100
2012-04-05,12.9399995803833,13.0,12.920000076293945,13.0,6.340059280395508,51700
2012-04-09,12.949999809265137,13.0,12.90999984741211,12.970000267028809,6.3254289627075195,86400
2012-04-10,12.9399995803833,13.020000457763672,12.899999618530273,13.020000457763672,6.349814414978027,72200
2012-04-11,12.970000267028809,13.020000457763672,12.920000076293945,12.930000305175781,6.341475963592529,54800
2012-04-12,12.890000343322754,12.989999771118164,12.890000343322754,12.989999771118164,6.3709001541137695,59400
2012-04-13,12.960000038146973,13.020000457763672,12.920000076293945,12.930000305175781,6.341475963592529,43400
2012-04-16,12.979999542236328,13.010000228881836,12.9399995803833,12.979999542236328,6.3659987449646,32600
2012-04-17,13.010000228881836,13.010000228881836,12.930000305175781,12.970000267028809,6.361093997955322,32800
2012-04-18,12.979999542236328,13.050000190734863,12.979999542236328,13.039999961853027,6.3954243659973145,40200
2012-04-19,13.039999961853027,13.0600004196167,13.010000228881836,13.0600004196167,6.405235767364502,41100
2012-04-20,13.010000228881836,13.0600004196167,12.989999771118164,13.039999961853027,6.3954243659973145,36800
2012-04-23,13.0,13.100000381469727,13.0,13.100000381469727,6.424853801727295,49800
2012-04-24,13.109999656677246,13.119999885559082,13.050000190734863,13.119999885559082,6.434656620025635,60600
2012-04-25,13.1899995803833,13.1899995803833,12.960000038146973,12.989999771118164,6.3709001541137695,90500
2012-04-26,13.039999961853027,13.149999618530273,13.0,13.149999618530273,6.449377059936523,49500
2012-04-27,13.149999618530273,13.170000076293945,13.0600004196167,13.149999618530273,6.449377059936523,40300
2012-04-30,13.149999618530273,13.149999618530273,13.010000228881836,13.09000015258789,6.419950008392334,46400
2012-05-01,13.15999984741211,13.319999694824219,13.149999618530273,13.220000267028809,6.48370885848999,77000
2012-05-02,13.220000267028809,13.319999694824219,13.149999618530273,13.319999694824219,6.532749652862549,70500
2012-05-03,13.430000305175781,13.430000305175781,13.25,13.279999732971191,6.513130187988281,66300
2012-05-04,13.319999694824219,13.350000381469727,13.279999732971191,13.279999732971191,6.513130187988281,53900
2012-05-07,13.300000190734863,13.399999618530273,13.279999732971191,13.34000015258789,6.5425591468811035,48400
2012-05-08,13.390000343322754,13.4399995803833,13.3100004196167,13.380000114440918,6.5621771812438965,64500
2012-05-09,13.390000343322754,13.4399995803833,13.359999656677246,13.359999656677246,6.552370548248291,38700
2012-05-10,13.420000076293945,13.489999771118164,13.359999656677246,13.460000038146973,6.60141134262085,62200
2012-05-11,13.380000114440918,13.479999542236328,13.25,13.350000381469727,6.5831685066223145,37800
2012-05-14,13.350000381469727,13.350000381469727,13.229999542236328,13.289999961853027,6.553581714630127,48700
2012-05-15,13.25,13.380000114440918,13.220000267028809,13.229999542236328,6.523994445800781,46300
2012-05-16,13.289999961853027,13.300000190734863,13.229999542236328,13.279999732971191,6.548650741577148,61400
2012-05-17,13.3100004196167,13.34000015258789,13.220000267028809,13.239999771118164,6.528922080993652,46900
2012-05-18,13.300000190734863,13.300000190734863,13.220000267028809,13.239999771118164,6.528922080993652,42000
2012-05-21,13.220000267028809,13.350000381469727,13.220000267028809,13.289999961853027,6.553581714630127,48300
2012-05-22,13.25,13.319999694824219,13.25,13.3100004196167,6.563443660736084,25200
2012-05-23,13.329999923706055,13.399999618530273,13.3100004196167,13.399999618530273,6.607823848724365,30300
2012-05-24,13.430000305175781,13.460000038146973,13.390000343322754,13.460000038146973,6.637410640716553,38500
2012-05-25,13.5,13.550000190734863,13.4399995803833,13.470000267028809,6.642344951629639,28600
2012-05-29,13.529999732971191,13.5600004196167,13.40999984741211,13.430000305175781,6.622618198394775,33200
2012-05-30,13.449999809265137,13.449999809265137,13.399999618530273,13.399999618530273,6.607823848724365,33500
2012-05-31,13.4399995803833,13.510000228881836,13.420000076293945,13.470000267028809,6.642344951629639,21800
2012-06-01,13.420000076293945,13.5,13.390000343322754,13.489999771118164,6.652204513549805,47100
2012-06-04,13.489999771118164,13.539999961853027,13.460000038146973,13.460000038146973,6.637410640716553,53500
2012-06-05,13.460000038146973,13.550000190734863,13.460000038146973,13.550000190734863,6.681793689727783,45700
2012-06-06,13.550000190734863,13.550000190734863,13.420000076293945,13.430000305175781,6.622618198394775,61500
2012-06-07,13.479999542236328,13.479999542236328,13.359999656677246,13.359999656677246,6.588099479675293,51500
2012-06-08,13.399999618530273,13.5,13.399999618530273,13.40999984741211,6.6127519607543945,51200
2012-06-11,13.430000305175781,13.510000228881836,13.399999618530273,13.399999618530273,6.607823848724365,77200
2012-06-12,13.430000305175781,13.4399995803833,13.359999656677246,13.4399995803833,6.627551078796387,32900
2012-06-13,13.329999923706055,13.380000114440918,13.279999732971191,13.289999961853027,6.589372634887695,54100
2012-06-14,13.260000228881836,13.300000190734863,13.039999961853027,13.109999656677246,6.500123023986816,74200
2012-06-15,13.069999694824219,13.119999885559082,12.960000038146973,13.0,6.445583820343018,118800
2012-06-18,13.09000015258789,13.130000114440918,13.020000457763672,13.100000381469727,6.4951629638671875,68200
2012-06-19,13.180000305175781,13.180000305175781,13.100000381469727,13.119999885559082,6.505082607269287,31400
2012-06-20,13.09000015258789,13.199999809265137,13.09000015258789,13.1899995803833,6.539788246154785,23600
2012-06-21,13.229999542236328,13.260000228881836,13.1899995803833,13.229999542236328,6.5596232414245605,53400
2012-06-22,13.229999542236328,13.25,13.199999809265137,13.220000267028809,6.554661750793457,50200
2012-06-25,13.180000305175781,13.380000114440918,13.180000305175781,13.350000381469727,6.6191205978393555,91000
2012-06-26,13.300000190734863,13.350000381469727,13.260000228881836,13.300000190734863,6.594328880310059,32600
2012-06-27,13.300000190734863,13.369999885559082,13.270000457763672,13.329999923706055,6.609202861785889,47500
2012-06-28,13.3100004196167,13.359999656677246,13.279999732971191,13.34000015258789,6.614160537719727,23700
2012-06-29,13.359999656677246,13.359999656677246,13.239999771118164,13.359999656677246,6.624077320098877,47400
2012-07-02,13.399999618530273,13.5,13.350000381469727,13.489999771118164,6.688533782958984,54200
2012-07-03,13.460000038146973,13.510000228881836,13.40999984741211,13.510000228881836,6.698451042175293,54700
2012-07-05,13.510000228881836,13.520000457763672,13.420000076293945,13.520000457763672,6.7034077644348145,76400
2012-07-06,13.449999809265137,13.529999732971191,13.430000305175781,13.520000457763672,6.7034077644348145,79400
2012-07-09,13.5,13.529999732971191,13.369999885559082,13.510000228881836,6.698451042175293,77900
2012-07-10,13.479999542236328,13.550000190734863,13.4399995803833,13.550000190734863,6.718283176422119,83400
2012-07-11,13.489999771118164,13.539999961853027,13.390000343322754,13.390000343322754,6.674912452697754,45300
2012-07-12,13.359999656677246,13.479999542236328,13.329999923706055,13.40999984741211,6.684882640838623,83300
2012-07-13,13.399999618530273,13.489999771118164,13.390000343322754,13.470000267028809,6.714792728424072,41400
2012-07-16,13.4399995803833,13.539999961853027,13.390000343322754,13.510000228881836,6.7347331047058105,59000
2012-07-17,13.550000190734863,13.5600004196167,13.5,13.5600004196167,6.759659767150879,93300
2012-07-18,13.5600004196167,13.6899995803833,13.5600004196167,13.649999618530273,6.804522514343262,76400
2012-07-19,13.649999618530273,13.649999618530273,13.569999694824219,13.600000381469727,6.779600143432617,67200
2012-07-20,13.640000343322754,13.670000076293945,13.579999923706055,13.600000381469727,6.779600143432617,117300
2012-07-23,13.640000343322754,13.75,13.609999656677246,13.729999542236328,6.8444037437438965,68200
2012-07-24,13.770000457763672,13.850000381469727,13.760000228881836,13.850000381469727,6.904220104217529,71500
2012-07-25,13.850000381469727,13.859999656677246,13.779999732971191,13.84000015258789,6.899240016937256,89900
2012-07-26,13.880000114440918,13.9399995803833,13.819999694824219,13.899999618530273,6.929145336151123,102400
2012-07-27,13.949999809265137,13.989999771118164,13.859999656677246,13.930000305175781,6.944106578826904,104300
2012-07-30,13.960000038146973,13.989999771118164,13.869999885559082,13.9399995803833,6.949086666107178,47900
2012-07-31,14.0,14.050000190734863,13.949999809265137,14.039999961853027,6.99893856048584,56800
2012-08-01,14.100000381469727,14.100000381469727,13.880000114440918,13.960000038146973,6.959056854248047,112500
2012-08-02,13.960000038146973,14.020000457763672,13.880000114440918,13.9399995803833,6.949086666107178,72800
2012-08-03,14.010000228881836,14.050000190734863,13.9399995803833,13.949999809265137,6.954075813293457,63300
2012-08-06,13.949999809265137,14.050000190734863,13.949999809265137,14.039999961853027,6.99893856048584,64300
2012-08-07,14.109999656677246,14.109999656677246,13.869999885559082,13.869999885559082,6.9141926765441895,61500
2012-08-08,13.989999771118164,14.0,13.800000190734863,13.84000015258789,6.899240016937256,70500
2012-08-09,14.010000228881836,14.010000228881836,13.800000190734863,13.800000190734863,6.8792948722839355,84800
2012-08-10,13.819999694824219,13.859999656677246,13.739999771118164,13.829999923706055,6.894251346588135,64600
2012-08-13,13.729999542236328,13.829999923706055,13.640000343322754,13.729999542236328,6.88072395324707,71700
2012-08-14,13.779999732971191,13.789999961853027,13.680000305175781,13.710000038146973,6.870697021484375,85300
2012-08-15,13.800000190734863,13.8100004196167,13.649999618530273,13.6899995803833,6.860674858093262,37700
2012-08-16,13.760000228881836,13.760000228881836,13.640000343322754,13.649999618530273,6.840630054473877,44400
2012-08-17,13.710000038146973,13.779999732971191,13.640000343322754,13.6899995803833,6.860674858093262,45400
2012-08-20,13.760000228881836,13.770000457763672,13.619999885559082,13.710000038146973,6.870697021484375,70200
2012-08-21,13.770000457763672,13.770000457763672,13.569999694824219,13.59000015258789,6.810561656951904,77300
2012-08-22,13.510000228881836,13.529999732971191,13.34000015258789,13.430000305175781,6.730379104614258,99600
2012-08-23,13.34000015258789,13.449999809265137,13.279999732971191,13.399999618530273,6.7153449058532715,98100
2012-08-24,13.430000305175781,13.470000267028809,13.40999984741211,13.449999809265137,6.740401268005371,71100
2012-08-27,13.489999771118164,13.609999656677246,13.430000305175781,13.539999961853027,6.785504341125488,63800
2012-08-28,13.579999923706055,13.670000076293945,13.550000190734863,13.630000114440918,6.8306097984313965,62900
2012-08-29,13.699999809265137,13.75,13.630000114440918,13.729999542236328,6.88072395324707,40900
2012-08-30,13.779999732971191,13.819999694824219,13.619999885559082,13.779999732971191,6.9057817459106445,94500
2012-08-31,13.819999694824219,13.890000343322754,13.789999961853027,13.890000343322754,6.960905075073242,74200
2012-09-04,13.9399995803833,13.949999809265137,13.640000343322754,13.65999984741211,6.845643520355225,119100
2012-09-05,13.720000267028809,13.720000267028809,13.579999923706055,13.65999984741211,6.845643520355225,74900
2012-09-06,13.710000038146973,13.779999732971191,13.630000114440918,13.779999732971191,6.9057817459106445,49100
2012-09-07,13.819999694824219,13.819999694824219,13.699999809265137,13.8100004196167,6.920808792114258,45100
2012-09-10,13.84000015258789,13.899999618530273,13.760000228881836,13.890000343322754,6.960905075073242,82700
2012-09-11,13.920000076293945,13.9399995803833,13.869999885559082,13.920000076293945,6.975941181182861,43800
2012-09-12,13.920000076293945,13.949999809265137,13.829999923706055,13.890000343322754,6.997602462768555,101900
2012-09-13,13.9399995803833,13.9399995803833,13.789999961853027,13.819999694824219,6.96233606338501,85100
2012-09-14,13.899999618530273,13.899999618530273,13.789999961853027,13.789999961853027,6.947223663330078,67800
2012-09-17,13.8100004196167,13.869999885559082,13.75,13.8100004196167,6.9572978019714355,87600
2012-09-18,13.850000381469727,13.899999618530273,13.800000190734863,13.899999618530273,7.002638339996338,53600
2012-09-19,13.899999618530273,14.0,13.869999885559082,14.0,7.053018093109131,88200
2012-09-20,13.920000076293945,14.010000228881836,13.90999984741211,14.0,7.053018093109131,66500
2012-09-21,14.0,14.15999984741211,13.989999771118164,14.130000114440918,7.118508815765381,58600
2012-09-24,14.109999656677246,14.119999885559082,13.970000267028809,13.979999542236328,7.042943000793457,115300
2012-09-25,14.0,14.079999923706055,13.979999542236328,14.050000190734863,7.078206539154053,76100
2012-09-26,14.09000015258789,14.140000343322754,14.0600004196167,14.069999694824219,7.088281154632568,92500
2012-09-27,14.119999885559082,14.210000038146973,14.069999694824219,14.210000038146973,7.158811569213867,64000
2012-09-28,14.220000267028809,14.34000015258789,14.149999618530273,14.279999732971191,7.194079399108887,71400
2012-10-01,14.350000381469727,14.359999656677246,14.180000305175781,14.180000305175781,7.143698692321777,62600
2012-10-02,14.239999771118164,14.239999771118164,14.09000015258789,14.130000114440918,7.118508815765381,82800
2012-10-03,14.15999984741211,14.15999984741211,14.0600004196167,14.0600004196167,7.083247661590576,75400
2012-10-04,14.100000381469727,14.130000114440918,14.0600004196167,14.079999923706055,7.093321323394775,54800
2012-10-05,14.15999984741211,14.180000305175781,14.050000190734863,14.170000076293945,7.138664245605469,99800
2012-10-08,14.149999618530273,14.220000267028809,14.140000343322754,14.1899995803833,7.148741245269775,90200
2012-10-09,14.210000038146973,14.220000267028809,14.069999694824219,14.079999923706055,7.093321323394775,86000
2012-10-10,14.079999923706055,14.109999656677246,14.039999961853027,14.100000381469727,7.103397846221924,55600
2012-10-11,14.029999732971191,14.100000381469727,13.949999809265137,13.960000038146973,7.069467067718506,94900
2012-10-12,14.029999732971191,14.050000190734863,13.960000038146973,14.0,7.089723587036133,80500
2012-10-15,14.010000228881836,14.050000190734863,13.979999542236328,14.0,7.089723587036133,60000
2012-10-16,14.0600004196167,14.069999694824219,13.890000343322754,13.979999542236328,7.079596519470215,107300
2012-10-17,14.050000190734863,14.100000381469727,14.0,14.100000381469727,7.1403656005859375,42600
2012-10-18,14.100000381469727,14.100000381469727,13.960000038146973,14.0600004196167,7.120110988616943,112500
2012-10-19,14.100000381469727,14.170000076293945,14.050000190734863,14.149999618530273,7.165683746337891,44400
2012-10-22,14.149999618530273,14.180000305175781,14.100000381469727,14.100000381469727,7.1403656005859375,60300
2012-10-23,14.0600004196167,14.25,14.0600004196167,14.149999618530273,7.165683746337891,98200
2012-10-24,14.239999771118164,14.25,14.100000381469727,14.220000267028809,7.201133728027344,87600
2012-10-25,14.220000267028809,14.260000228881836,14.100000381469727,14.199999809265137,7.191006660461426,73400
2012-10-26,14.180000305175781,14.279999732971191,14.180000305175781,14.25,7.216328144073486,88000
2012-10-31,14.25,14.260000228881836,14.079999923706055,14.220000267028809,7.201133728027344,119900
2012-11-01,14.270000457763672,14.300000190734863,14.140000343322754,14.270000457763672,7.22645902633667,81700
2012-11-02,14.3100004196167,14.3100004196167,14.100000381469727,14.130000114440918,7.155555725097656,70100
2012-11-05,14.100000381469727,14.140000343322754,14.020000457763672,14.050000190734863,7.115043640136719,61100
2012-11-06,14.020000457763672,14.180000305175781,14.020000457763672,14.130000114440918,7.155555725097656,47400
2012-11-07,14.140000343322754,14.229999542236328,14.079999923706055,14.15999984741211,7.170746326446533,79000
2012-11-08,14.239999771118164,14.270000457763672,14.130000114440918,14.1899995803833,7.185945510864258,119300
2012-11-09,14.229999542236328,14.229999542236328,13.979999542236328,14.020000457763672,7.099849700927734,181500
2012-11-12,14.0,14.100000381469727,13.899999618530273,14.0600004196167,7.120110988616943,169200
2012-11-13,13.970000267028809,13.970000267028809,13.699999809265137,13.729999542236328,6.989280700683594,120500
2012-11-14,13.75,13.789999961853027,13.630000114440918,13.670000076293945,6.958739280700684,80900
2012-11-15,13.630000114440918,13.640000343322754,13.220000267028809,13.520000457763672,6.88238000869751,288000
2012-11-16,13.489999771118164,13.770000457763672,13.40999984741211,13.729999542236328,6.989280700683594,132000
2012-11-19,13.760000228881836,13.84000015258789,13.720000267028809,13.8100004196167,7.030005931854248,117200
2012-11-20,13.770000457763672,13.829999923706055,13.739999771118164,13.800000190734863,7.0249152183532715,85200
2012-11-21,13.84000015258789,13.9399995803833,13.779999732971191,13.930000305175781,7.0910964012146,151700
2012-11-23,13.949999809265137,14.0,13.90999984741211,13.970000267028809,7.111453056335449,29700
2012-11-26,13.970000267028809,13.970000267028809,13.760000228881836,13.850000381469727,7.0503644943237305,116500
2012-11-27,13.800000190734863,13.9399995803833,13.800000190734863,13.84000015258789,7.045279026031494,95000
2012-11-28,13.880000114440918,13.979999542236328,13.880000114440918,13.979999542236328,7.1165452003479,114400
2012-11-29,14.020000457763672,14.069999694824219,13.9399995803833,14.029999732971191,7.141998291015625,122000
2012-11-30,14.069999694824219,14.109999656677246,14.0600004196167,14.109999656677246,7.182720184326172,165500
2012-12-03,14.119999885559082,14.140000343322754,14.0,14.050000190734863,7.1521806716918945,123500
2012-12-04,14.100000381469727,14.119999885559082,14.050000190734863,14.119999885559082,7.187810897827148,121100
2012-12-05,14.109999656677246,14.229999542236328,14.069999694824219,14.229999542236328,7.243810176849365,96700
2012-12-06,14.25,14.25,14.140000343322754,14.180000305175781,7.218357086181641,159400
2012-12-07,14.239999771118164,14.25,14.140000343322754,14.180000305175781,7.218357086181641,114300
2012-12-10,14.180000305175781,14.239999771118164,14.119999885559082,14.1899995803833,7.223447322845459,144100
2012-12-11,14.229999542236328,14.279999732971191,14.170000076293945,14.279999732971191,7.269259929656982,138700
2012-12-12,14.15999984741211,14.3100004196167,14.069999694824219,14.229999542236328,7.281031131744385,150000
2012-12-13,14.229999542236328,14.329999923706055,14.140000343322754,14.319999694824219,7.327079772949219,124200
2012-12-14,14.34000015258789,14.34000015258789,14.100000381469727,14.210000038146973,7.27079439163208,184000
2012-12-17,14.199999809265137,14.199999809265137,13.890000343322754,13.9399995803833,7.132644176483154,182900
2012-12-18,13.90999984741211,13.920000076293945,13.670000076293945,13.680000305175781,6.999611854553223,316000
2012-12-19,13.619999885559082,13.960000038146973,13.619999885559082,13.720000267028809,7.020079612731934,148100
2012-12-20,13.770000457763672,13.979999542236328,13.770000457763672,13.880000114440918,7.1019487380981445,120900
2012-12-21,13.869999885559082,14.050000190734863,13.8100004196167,14.0,7.1633453369140625,160500
2012-12-24,14.020000457763672,14.050000190734863,13.979999542236328,14.039999961853027,7.183817386627197,42100
2012-12-26,14.050000190734863,14.0600004196167,13.970000267028809,14.010000228881836,7.168461322784424,92800
2012-12-27,14.039999961853027,14.039999961853027,13.760000228881836,13.869999885559082,7.096829891204834,131700
2012-12-28,13.819999694824219,13.960000038146973,13.779999732971191,13.960000038146973,7.14287805557251,80200
2012-12-31,13.970000267028809,14.210000038146973,13.920000076293945,14.100000381469727,7.214512348175049,121200
2013-01-02,14.100000381469727,14.239999771118164,14.079999923706055,14.1899995803833,7.260563373565674,117900
2013-01-03,14.25,14.350000381469727,14.220000267028809,14.279999732971191,7.306612014770508,109300
2013-01-04,14.329999923706055,14.420000076293945,14.220000267028809,14.420000076293945,7.3782501220703125,131100
2013-01-07,14.380000114440918,14.4399995803833,14.289999961853027,14.40999984741211,7.373130798339844,152700
2013-01-08,14.40999984741211,14.420000076293945,14.34000015258789,14.380000114440918,7.357778072357178,82700
2013-01-09,14.359999656677246,14.4399995803833,14.359999656677246,14.420000076293945,7.3782501220703125,114800
2013-01-10,14.4399995803833,14.489999771118164,14.359999656677246,14.399999618530273,7.368013381958008,97700
2013-01-11,14.390000343322754,14.460000038146973,14.1899995803833,14.319999694824219,7.364413738250732,141000
2013-01-14,14.289999961853027,14.380000114440918,14.199999809265137,14.289999961853027,7.3489861488342285,73800
2013-01-15,14.289999961853027,14.369999885559082,14.029999732971191,14.079999923706055,7.240988254547119,158700
2013-01-16,14.180000305175781,14.319999694824219,14.0,14.279999732971191,7.343839645385742,132300
2013-01-17,14.34000015258789,14.399999618530273,14.239999771118164,14.270000457763672,7.3387017250061035,110300
2013-01-18,14.34000015258789,14.489999771118164,14.260000228881836,14.470000267028809,7.441555500030518,105800
2013-01-22,14.479999542236328,14.529999732971191,14.369999885559082,14.479999542236328,7.446696758270264,79800
2013-01-23,14.5,14.520000457763672,14.40999984741211,14.5,7.456984519958496,69000
2013-01-24,14.539999961853027,14.59000015258789,14.460000038146973,14.520000457763672,7.467270851135254,118400
2013-01-25,14.550000190734863,14.550000190734863,14.210000038146973,14.300000190734863,7.354127883911133,152700
2013-01-28,14.270000457763672,14.369999885559082,14.0600004196167,14.0600004196167,7.230703353881836,96300
2013-01-29,14.069999694824219,14.300000190734863,14.039999961853027,14.069999694824219,7.235846519470215,68500
2013-01-30,14.140000343322754,14.15999984741211,14.010000228881836,14.029999732971191,7.215273857116699,123600
2013-01-31,14.069999694824219,14.100000381469727,13.949999809265137,14.069999694824219,7.235846519470215,106100
2013-02-01,14.109999656677246,14.199999809265137,14.079999923706055,14.170000076293945,7.287271022796631,56300
2013-02-04,14.170000076293945,14.210000038146973,14.069999694824219,14.140000343322754,7.271846294403076,101300
2013-02-05,14.1899995803833,14.25,14.100000381469727,14.149999618530273,7.276988506317139,77700
2013-02-06,14.1899995803833,14.220000267028809,14.109999656677246,14.180000305175781,7.292416095733643,63100
2013-02-07,14.1899995803833,14.210000038146973,14.140000343322754,14.15999984741211,7.282127380371094,58100
2013-02-08,14.199999809265137,14.210000038146973,14.069999694824219,14.109999656677246,7.25641393661499,87200
2013-02-11,14.149999618530273,14.260000228881836,14.119999885559082,14.210000038146973,7.307840824127197,58200
2013-02-12,14.260000228881836,14.279999732971191,14.180000305175781,14.25,7.3284149169921875,45800
2013-02-13,14.229999542236328,14.239999771118164,14.109999656677246,14.119999885559082,7.298945426940918,84200
2013-02-14,14.149999618530273,14.15999984741211,14.010000228881836,14.029999732971191,7.252426624298096,68100
2013-02-15,14.029999732971191,14.069999694824219,13.920000076293945,14.010000228881836,7.2420878410339355,75800
2013-02-19,14.039999961853027,14.050000190734863,13.979999542236328,14.029999732971191,7.252426624298096,76200
2013-02-20,14.010000228881836,14.029999732971191,13.859999656677246,13.899999618530273,7.1852264404296875,132800
2013-02-21,13.899999618530273,14.010000228881836,13.869999885559082,13.899999618530273,7.1852264404296875,51000
2013-02-22,13.970000267028809,14.039999961853027,13.899999618530273,13.970000267028809,7.221406936645508,53800
2013-02-25,13.949999809265137,13.989999771118164,13.819999694824219,13.859999656677246,7.164547920227051,118400
2013-02-26,13.880000114440918,14.050000190734863,13.829999923706055,14.050000190734863,7.2627644538879395,62000
2013-02-27,14.069999694824219,14.109999656677246,13.9399995803833,14.039999961853027,7.257594108581543,59400
2013-02-28,14.029999732971191,14.119999885559082,13.949999809265137,14.079999923706055,7.2782745361328125,71800
2013-03-01,14.109999656677246,14.140000343322754,14.039999961853027,14.100000381469727,7.288609981536865,67200
2013-03-04,14.109999656677246,14.109999656677246,14.010000228881836,14.09000015258789,7.2834391593933105,96800
2013-03-05,14.109999656677246,14.109999656677246,13.979999542236328,14.0,7.236917495727539,84100
2013-03-06,14.039999961853027,14.109999656677246,13.979999542236328,14.100000381469727,7.288609981536865,65600
2013-03-07,14.100000381469727,14.1899995803833,14.050000190734863,14.1899995803833,7.335134029388428,73600
2013-03-08,14.15999984741211,14.15999984741211,13.979999542236328,14.050000190734863,7.2627644538879395,71200
2013-03-11,14.0600004196167,14.100000381469727,13.90999984741211,13.930000305175781,7.200738906860352,76900
2013-03-12,13.880000114440918,13.9399995803833,13.789999961853027,13.869999885559082,7.169719219207764,117200
2013-03-13,13.819999694824219,13.819999694824219,13.630000114440918,13.630000114440918,7.082934856414795,101600
2013-03-14,13.630000114440918,13.630000114440918,13.3100004196167,13.390000343322754,6.958218574523926,282100
2013-03-15,13.279999732971191,13.420000076293945,13.149999618530273,13.270000457763672,6.895859241485596,130600
2013-03-18,13.180000305175781,13.630000114440918,13.15999984741211,13.630000114440918,7.082934856414795,100600
2013-03-19,13.6899995803833,13.739999771118164,13.5600004196167,13.720000267028809,7.129706859588623,97000
2013-03-20,13.739999771118164,13.779999732971191,13.649999618530273,13.6899995803833,7.11411714553833,111500
2013-03-21,13.6899995803833,13.760000228881836,13.59000015258789,13.600000381469727,7.067346572875977,69600
2013-03-22,13.5600004196167,13.699999809265137,13.550000190734863,13.569999694824219,7.051757335662842,63500
2013-03-25,13.569999694824219,13.640000343322754,13.5,13.579999923706055,7.05695104598999,79000
2013-03-26,13.569999694824219,13.680000305175781,13.489999771118164,13.65999984741211,7.098520755767822,76700
2013-03-27,13.649999618530273,13.75,13.600000381469727,13.609999656677246,7.072539806365967,104300
2013-03-28,13.65999984741211,13.670000076293945,13.520000457763672,13.579999923706055,7.05695104598999,99900
2013-04-01,13.630000114440918,13.680000305175781,13.5600004196167,13.609999656677246,7.072539806365967,101600
2013-04-02,13.59000015258789,13.649999618530273,13.569999694824219,13.59000015258789,7.062148571014404,92000
2013-04-03,13.609999656677246,13.630000114440918,13.550000190734863,13.579999923706055,7.05695104598999,74000
2013-04-04,13.600000381469727,13.649999618530273,13.520000457763672,13.5600004196167,7.0465617179870605,65500
2013-04-05,13.59000015258789,13.800000190734863,13.59000015258789,13.75,7.145292282104492,141700
2013-04-08,13.720000267028809,13.75,13.670000076293945,13.739999771118164,7.140098571777344,84700
2013-04-09,13.779999732971191,13.800000190734863,13.710000038146973,13.800000190734863,7.1712751388549805,48600
2013-04-10,13.8100004196167,13.829999923706055,13.729999542236328,13.770000457763672,7.1556854248046875,87400
2013-04-11,13.670000076293945,13.699999809265137,13.649999618530273,13.680000305175781,7.146805763244629,58200
2013-04-12,13.699999809265137,13.760000228881836,13.649999618530273,13.760000228881836,7.188604354858398,62600
2013-04-15,13.800000190734863,13.800000190734863,13.6899995803833,13.710000038146973,7.162482738494873,71000
2013-04-16,13.729999542236328,13.779999732971191,13.569999694824219,13.630000114440918,7.1206841468811035,96100
2013-04-17,13.600000381469727,13.729999542236328,13.520000457763672,13.619999885559082,7.115462779998779,89300
2013-04-18,13.640000343322754,13.65999984741211,13.5600004196167,13.609999656677246,7.110233783721924,54800
2013-04-19,13.640000343322754,13.75,13.630000114440918,13.729999542236328,7.1729278564453125,41800
2013-04-22,13.729999542236328,13.800000190734863,13.710000038146973,13.789999961853027,7.204270362854004,61800
2013-04-23,13.800000190734863,13.800000190734863,13.729999542236328,13.75,7.183373928070068,75900
2013-04-24,13.800000190734863,13.8100004196167,13.75,13.800000190734863,7.209496021270752,54000
2013-04-25,13.779999732971191,13.819999694824219,13.760000228881836,13.779999732971191,7.199053764343262,94700
2013-04-26,13.770000457763672,13.859999656677246,13.770000457763672,13.779999732971191,7.199053764343262,105300
2013-04-29,13.760000228881836,13.880000114440918,13.619999885559082,13.829999923706055,7.2251715660095215,96400
2013-04-30,13.800000190734863,13.930000305175781,13.760000228881836,13.850000381469727,7.2356157302856445,73600
2013-05-01,13.850000381469727,13.899999618530273,13.760000228881836,13.819999694824219,7.219945430755615,209600
2013-05-02,13.829999923706055,13.9399995803833,13.8100004196167,13.890000343322754,7.256515979766846,177600
2013-05-03,13.869999885559082,13.899999618530273,13.8100004196167,13.819999694824219,7.219945430755615,183800
2013-05-06,13.779999732971191,13.880000114440918,13.75,13.84000015258789,7.230396270751953,103000
2013-05-07,13.800000190734863,13.859999656677246,13.789999961853027,13.800000190734863,7.209496021270752,127100
2013-05-08,13.800000190734863,13.819999694824219,13.710000038146973,13.75,7.183373928070068,148300
2013-05-09,13.720000267028809,13.869999885559082,13.59000015258789,13.850000381469727,7.2356157302856445,151300
2013-05-10,13.880000114440918,13.899999618530273,13.770000457763672,13.770000457763672,7.193820953369141,82300
2013-05-13,13.699999809265137,13.800000190734863,13.670000076293945,13.720000267028809,7.205904960632324,102400
2013-05-14,13.760000228881836,13.789999961853027,13.65999984741211,13.789999961853027,7.242671489715576,83000
2013-05-15,13.800000190734863,13.819999694824219,13.710000038146973,13.789999961853027,7.242671489715576,143200
2013-05-16,13.800000190734863,13.819999694824219,13.699999809265137,13.770000457763672,7.2321624755859375,100800
2013-05-17,13.739999771118164,13.789999961853027,13.720000267028809,13.729999542236328,7.211156845092773,52400
2013-05-20,13.760000228881836,13.819999694824219,13.760000228881836,13.800000190734863,7.247920036315918,108900
2013-05-21,13.829999923706055,13.829999923706055,13.699999809265137,13.770000457763672,7.2321624755859375,54800
2013-05-22,13.789999961853027,13.819999694824219,13.739999771118164,13.779999732971191,7.237418174743652,106100
2013-05-23,13.770000457763672,13.800000190734863,13.729999542236328,13.739999771118164,7.2164082527160645,60900
2013-05-24,13.75,13.75,13.699999809265137,13.710000038146973,7.200655937194824,63400
2013-05-28,13.739999771118164,13.760000228881836,13.539999961853027,13.619999885559082,7.15338659286499,123400
2013-05-29,13.640000343322754,13.640000343322754,13.239999771118164,13.25,6.959056854248047,170500
2013-05-30,13.3100004196167,13.359999656677246,13.229999542236328,13.359999656677246,7.016833305358887,97600
2013-05-31,13.329999923706055,13.329999923706055,13.050000190734863,13.079999923706055,6.869768142700195,201300
2013-06-03,13.079999923706055,13.079999923706055,12.649999618530273,12.680000305175781,6.659687519073486,326900
2013-06-04,12.630000114440918,12.779999732971191,12.600000381469727,12.720000267028809,6.68069314956665,232100
2013-06-05,12.710000038146973,12.90999984741211,12.710000038146973,12.779999732971191,6.7122063636779785,205900
2013-06-06,12.84000015258789,12.960000038146973,12.760000228881836,12.850000381469727,6.748971939086914,119200
2013-06-07,12.90999984741211,12.930000305175781,12.770000457763672,12.920000076293945,6.785740375518799,55700
2013-06-10,12.949999809265137,12.949999809265137,12.710000038146973,12.760000228881836,6.701700687408447,112800
2013-06-11,12.699999809265137,12.989999771118164,12.5,12.880000114440918,6.764726161956787,309600
2013-06-12,12.800000190734863,12.800000190734863,12.399999618530273,12.399999618530273,6.549746513366699,218400
2013-06-13,12.399999618530273,12.600000381469727,12.199999809265137,12.529999732971191,6.618414402008057,221300
2013-06-14,12.579999923706055,12.739999771118164,12.5,12.579999923706055,6.644825458526611,120800
2013-06-17,12.59000015258789,12.680000305175781,12.510000228881836,12.649999618530273,6.681793689727783,208600
2013-06-18,12.600000381469727,12.619999885559082,12.449999809265137,12.5600004196167,6.6342620849609375,98100
2013-06-19,12.489999771118164,12.680000305175781,12.489999771118164,12.510000228881836,6.607851505279541,188700
2013-06-20,12.489999771118164,12.529999732971191,12.3100004196167,12.319999694824219,6.507491588592529,279800
2013-06-21,12.380000114440918,12.489999771118164,12.3100004196167,12.380000114440918,6.539183616638184,141700
2013-06-24,12.3100004196167,12.329999923706055,12.010000228881836,12.239999771118164,6.465234279632568,201000
2013-06-25,12.25,12.25,11.949999809265137,12.210000038146973,6.449387073516846,278300
2013-06-26,12.239999771118164,12.539999961853027,12.239999771118164,12.420000076293945,6.560315132141113,114300
2013-06-27,12.449999809265137,12.699999809265137,12.449999809265137,12.65999984741211,6.6870832443237305,129800
2013-06-28,12.710000038146973,12.710000038146973,12.59000015258789,12.680000305175781,6.6976470947265625,79000
2013-07-01,12.760000228881836,12.800000190734863,12.640000343322754,12.720000267028809,6.718771934509277,92900
2013-07-02,12.800000190734863,12.800000190734863,12.649999618530273,12.6899995803833,6.7029266357421875,138800
2013-07-03,12.670000076293945,12.670000076293945,12.529999732971191,12.539999961853027,6.62369441986084,69100
2013-07-05,12.520000457763672,12.520000457763672,12.1899995803833,12.369999885559082,6.533902168273926,126100
2013-07-08,12.399999618530273,12.569999694824219,12.390000343322754,12.529999732971191,6.618414402008057,101200
2013-07-09,12.5,12.579999923706055,12.460000038146973,12.470000267028809,6.586721897125244,95200
2013-07-10,12.420000076293945,12.5,12.25,12.25,6.5180816650390625,86900
2013-07-11,12.380000114440918,12.420000076293945,12.239999771118164,12.270000457763672,6.528725624084473,87800
2013-07-12,12.300000190734863,12.34000015258789,12.15999984741211,12.170000076293945,6.475514888763428,119600
2013-07-15,12.199999809265137,12.260000228881836,12.149999618530273,12.199999809265137,6.491476058959961,107400
2013-07-16,12.239999771118164,12.25,12.140000343322754,12.140000343322754,6.459551811218262,178500
2013-07-17,12.210000038146973,12.260000228881836,12.15999984741211,12.210000038146973,6.496795177459717,203900
2013-07-18,12.260000228881836,12.270000457763672,12.0600004196167,12.140000343322754,6.459551811218262,188800
2013-07-19,12.119999885559082,12.149999618530273,11.869999885559082,11.930000305175781,6.347814559936523,287900
2013-07-22,11.890000343322754,11.930000305175781,11.760000228881836,11.819999694824219,6.289284706115723,225300
2013-07-23,11.739999771118164,11.90999984741211,11.739999771118164,11.84000015258789,6.329375743865967,178600
2013-07-24,11.829999923706055,11.899999618530273,11.600000381469727,11.640000343322754,6.222463130950928,285900
2013-07-25,11.680000305175781,11.680000305175781,11.319999694824219,11.479999542236328,6.1369309425354,513900
2013-07-26,11.470000267028809,11.539999961853027,11.369999885559082,11.539999961853027,6.169005393981934,203000
2013-07-29,11.470000267028809,11.630000114440918,11.420000076293945,11.59000015258789,6.195732116699219,238600
2013-07-30,11.579999923706055,11.619999885559082,11.479999542236328,11.59000015258789,6.195732116699219,105800
2013-07-31,11.579999923706055,11.579999923706055,11.420000076293945,11.5,6.1476216316223145,210000
2013-08-01,11.539999961853027,11.600000381469727,11.34000015258789,11.399999618530273,6.0941643714904785,179200
2013-08-02,11.399999618530273,11.449999809265137,11.390000343322754,11.40999984741211,6.0995097160339355,93400
2013-08-05,11.350000381469727,11.380000114440918,11.289999961853027,11.289999961853027,6.035361289978027,156000
2013-08-06,11.199999809265137,11.329999923706055,11.140000343322754,11.239999771118164,6.008629322052002,304000
2013-08-07,11.140000343322754,11.229999542236328,11.069999694824219,11.170000076293945,5.971213340759277,255700
2013-08-08,11.25,11.289999961853027,11.100000381469727,11.279999732971191,6.0300188064575195,244900
2013-08-09,11.210000038146973,11.319999694824219,11.149999618530273,11.260000228881836,6.0193257331848145,236700
2013-08-12,11.220000267028809,11.350000381469727,11.220000267028809,11.34000015258789,6.06209135055542,132600
2013-08-13,11.270000457763672,11.319999694824219,11.140000343322754,11.149999618530273,5.960519313812256,194400
2013-08-14,11.15999984741211,11.220000267028809,11.079999923706055,11.15999984741211,5.96586799621582,154200
2013-08-15,11.050000190734863,11.100000381469727,11.020000457763672,11.029999732971191,5.896371364593506,116900
2013-08-16,11.020000457763672,11.050000190734863,10.819999694824219,11.050000190734863,5.9070634841918945,442000
2013-08-19,11.039999961853027,11.100000381469727,10.880000114440918,10.899999618530273,5.826879501342773,319100
2013-08-20,10.9399995803833,11.020000457763672,10.850000381469727,11.020000457763672,5.891026973724365,210300
2013-08-21,11.039999961853027,11.09000015258789,10.960000038146973,11.09000015258789,5.9284467697143555,210300
2013-08-22,11.0600004196167,11.390000343322754,11.0600004196167,11.390000343322754,6.088818550109863,451700
2013-08-23,11.390000343322754,11.479999542236328,11.319999694824219,11.40999984741211,6.0995097160339355,277600
2013-08-26,11.4399995803833,11.470000267028809,11.34000015258789,11.449999809265137,6.120893478393555,288600
2013-08-27,11.449999809265137,11.539999961853027,11.399999618530273,11.539999961853027,6.169005393981934,255100
2013-08-28,11.569999694824219,11.609999656677246,11.5,11.510000228881836,6.152966499328613,97500
2013-08-29,11.430000305175781,11.539999961853027,11.239999771118164,11.539999961853027,6.169005393981934,158900
2013-08-30,11.510000228881836,11.539999961853027,11.359999656677246,11.539999961853027,6.169005393981934,69300
2013-09-03,11.539999961853027,11.65999984741211,11.359999656677246,11.40999984741211,6.0995097160339355,143800
2013-09-04,11.40999984741211,11.460000038146973,11.25,11.449999809265137,6.120893478393555,140500
2013-09-05,11.449999809265137,11.520000457763672,11.260000228881836,11.279999732971191,6.0300188064575195,228100
2013-09-06,11.380000114440918,11.380000114440918,11.199999809265137,11.279999732971191,6.0300188064575195,119400
2013-09-09,11.279999732971191,11.40999984741211,11.239999771118164,11.34000015258789,6.06209135055542,183900
2013-09-10,11.390000343322754,11.399999618530273,11.260000228881836,11.319999694824219,6.051398277282715,106400
2013-09-11,11.25,11.279999732971191,11.029999732971191,11.050000190734863,5.945404529571533,342900
2013-09-12,11.09000015258789,11.149999618530273,11.039999961853027,11.09000015258789,5.9669270515441895,156300
2013-09-13,11.100000381469727,11.140000343322754,11.069999694824219,11.109999656677246,5.977683067321777,194400
2013-09-16,11.199999809265137,11.199999809265137,11.09000015258789,11.15999984741211,6.004589080810547,161900
2013-09-17,11.109999656677246,11.239999771118164,11.109999656677246,11.229999542236328,6.042252540588379,332300
2013-09-18,11.210000038146973,11.550000190734863,11.210000038146973,11.550000190734863,6.214427947998047,211500
2013-09-19,11.539999961853027,11.680000305175781,11.449999809265137,11.670000076293945,6.27899169921875,240300
2013-09-20,11.670000076293945,11.720000267028809,11.5600004196167,11.720000267028809,6.305892467498779,161800
2013-09-23,11.729999542236328,11.760000228881836,11.600000381469727,11.75,6.322035312652588,116100
2013-09-24,11.739999771118164,11.789999961853027,11.5,11.600000381469727,6.241328716278076,185000
2013-09-25,11.649999618530273,11.779999732971191,11.569999694824219,11.779999732971191,6.338176250457764,189000
2013-09-26,11.75,11.84000015258789,11.6899995803833,11.789999961853027,6.343557357788086,102000
2013-09-27,11.829999923706055,11.9399995803833,11.739999771118164,11.800000190734863,6.348935127258301,214400
2013-09-30,11.819999694824219,11.84000015258789,11.670000076293945,11.670000076293945,6.27899169921875,257400
2013-10-01,11.739999771118164,11.789999961853027,11.6899995803833,11.789999961853027,6.343557357788086,115500
2013-10-02,11.770000457763672,11.869999885559082,11.720000267028809,11.850000381469727,6.37584114074707,119400
2013-10-03,11.829999923706055,11.829999923706055,11.720000267028809,11.789999961853027,6.343557357788086,113500
2013-10-04,11.75,11.800000190734863,11.699999809265137,11.739999771118164,6.316656112670898,104200
2013-10-07,11.729999542236328,11.729999542236328,11.569999694824219,11.640000343322754,6.2628493309021,155200
2013-10-08,11.640000343322754,11.649999618530273,11.520000457763672,11.649999618530273,6.2682342529296875,123000
2013-10-09,11.65999984741211,11.6899995803833,11.5600004196167,11.619999885559082,6.252092361450195,97800
2013-10-10,11.550000190734863,11.600000381469727,11.4399995803833,11.4399995803833,6.194155216217041,235500
2013-10-11,11.420000076293945,11.5,11.34000015258789,11.449999809265137,6.199569225311279,164300
2013-10-14,11.40999984741211,11.520000457763672,11.40999984741211,11.5,6.226639747619629,104400
2013-10-15,11.460000038146973,11.470000267028809,11.329999923706055,11.390000343322754,6.167081832885742,119900
2013-10-16,11.380000114440918,11.579999923706055,11.319999694824219,11.510000228881836,6.232056140899658,97200
2013-10-17,11.479999542236328,11.819999694824219,11.479999542236328,11.819999694824219,6.399905681610107,205300
2013-10-18,11.800000190734863,11.880000114440918,11.739999771118164,11.880000114440918,6.432389259338379,181400
2013-10-21,11.84000015258789,11.90999984741211,11.760000228881836,11.8100004196167,6.39448881149292,107700
2013-10-22,11.8100004196167,11.850000381469727,11.729999542236328,11.829999923706055,6.405316352844238,136600
2013-10-23,11.859999656677246,11.949999809265137,11.819999694824219,11.90999984741211,6.448638439178467,109600
2013-10-24,11.949999809265137,12.010000228881836,11.869999885559082,12.0,6.497359275817871,148600
2013-10-25,12.0,12.0600004196167,11.850000381469727,12.0600004196167,6.529850959777832,148600
2013-10-28,12.0600004196167,12.100000381469727,12.0,12.079999923706055,6.540679931640625,89000
2013-10-29,12.109999656677246,12.109999656677246,12.010000228881836,12.020000457763672,6.508194923400879,96400
2013-10-30,12.050000190734863,12.050000190734863,11.90999984741211,12.020000457763672,6.508194923400879,108500
2013-10-31,12.029999732971191,12.029999732971191,11.9399995803833,11.989999771118164,6.4919514656066895,63200
2013-11-01,11.989999771118164,11.989999771118164,11.819999694824219,11.880000114440918,6.432389259338379,194700
2013-11-04,11.899999618530273,11.920000076293945,11.789999961853027,11.789999961853027,6.383661270141602,120700
2013-11-05,11.829999923706055,11.949999809265137,11.8100004196167,11.920000076293945,6.454049587249756,115200
2013-11-06,11.930000305175781,11.989999771118164,11.890000343322754,11.960000038146973,6.475708961486816,73600
2013-11-07,11.930000305175781,11.970000267028809,11.890000343322754,11.920000076293945,6.454049587249756,71000
2013-11-08,11.90999984741211,11.90999984741211,11.789999961853027,11.869999885559082,6.426979064941406,195100
2013-11-11,11.819999694824219,11.84000015258789,11.800000190734863,11.8100004196167,6.39448881149292,74600
2013-11-12,11.800000190734863,11.829999923706055,11.710000038146973,11.720000267028809,6.345761299133301,116200
2013-11-13,11.640000343322754,11.670000076293945,11.5600004196167,11.5600004196167,6.2983574867248535,86400
2013-11-14,11.5600004196167,11.619999885559082,11.550000190734863,11.569999694824219,6.303805828094482,76100
2013-11-15,11.550000190734863,11.59000015258789,11.470000267028809,11.5,6.26566743850708,95400
2013-11-18,11.470000267028809,11.5600004196167,11.449999809265137,11.489999771118164,6.260217189788818,138000
2013-11-19,11.4399995803833,11.5,11.4399995803833,11.4399995803833,6.232978343963623,83600
2013-11-20,11.40999984741211,11.4399995803833,11.359999656677246,11.359999656677246,6.189391613006592,98400
2013-11-21,11.369999885559082,11.449999809265137,11.359999656677246,11.40999984741211,6.216629981994629,88900
2013-11-22,11.399999618530273,11.430000305175781,11.350000381469727,11.359999656677246,6.189391613006592,96600
2013-11-25,11.390000343322754,11.399999618530273,11.279999732971191,11.319999694824219,6.167594909667969,104700
2013-11-26,11.34000015258789,11.399999618530273,11.329999923706055,11.390000343322754,6.205735683441162,123800
2013-11-27,11.420000076293945,11.460000038146973,11.319999694824219,11.34000015258789,6.178492546081543,140800
2013-11-29,11.390000343322754,11.420000076293945,11.34000015258789,11.399999618530273,6.21118688583374,61300
2013-12-02,11.399999618530273,11.399999618530273,11.3100004196167,11.34000015258789,6.178492546081543,158900
2013-12-03,11.350000381469727,11.470000267028809,11.300000190734863,11.470000267028809,6.249324798583984,104100
2013-12-04,11.430000305175781,11.449999809265137,11.3100004196167,11.40999984741211,6.216629981994629,111300
2013-12-05,11.329999923706055,11.380000114440918,11.3100004196167,11.319999694824219,6.167594909667969,334500
2013-12-06,11.319999694824219,11.390000343322754,11.3100004196167,11.359999656677246,6.189391613006592,295300
2013-12-09,11.329999923706055,11.399999618530273,11.300000190734863,11.34000015258789,6.178492546081543,152100
2013-12-10,11.34000015258789,11.420000076293945,11.3100004196167,11.399999618530273,6.21118688583374,321700
2013-12-11,11.3100004196167,11.380000114440918,11.260000228881836,11.329999923706055,6.215573787689209,136600
2013-12-12,11.329999923706055,11.430000305175781,11.319999694824219,11.399999618530273,6.253975868225098,240700
2013-12-13,11.380000114440918,11.4399995803833,11.350000381469727,11.380000114440918,6.243004322052002,212200
2013-12-16,11.369999885559082,11.399999618530273,11.300000190734863,11.3100004196167,6.204598903656006,258500
2013-12-17,11.3100004196167,11.479999542236328,11.289999961853027,11.4399995803833,6.275918006896973,337300
2013-12-18,11.520000457763672,11.819999694824219,11.5,11.75,6.445983409881592,491000
2013-12-19,11.710000038146973,11.890000343322754,11.710000038146973,11.850000381469727,6.500840663909912,292800
2013-12-20,11.779999732971191,11.979999542236328,11.779999732971191,11.869999885559082,6.511817932128906,335000
2013-12-23,11.869999885559082,12.170000076293945,11.869999885559082,12.09000015258789,6.632503032684326,451900
2013-12-24,12.119999885559082,12.119999885559082,11.989999771118164,12.0,6.58312463760376,197900
2013-12-26,11.989999771118164,12.119999885559082,11.970000267028809,12.020000457763672,6.5941057205200195,242600
2013-12-27,11.960000038146973,12.029999732971191,11.819999694824219,11.970000267028809,6.566673278808594,316000
2013-12-30,12.079999923706055,12.079999923706055,11.880000114440918,11.949999809265137,6.555702209472656,196600
2013-12-31,11.989999771118164,12.039999961853027,11.850000381469727,12.0,6.58312463760376,286300
2014-01-02,11.930000305175781,12.069999694824219,11.869999885559082,12.050000190734863,6.610558032989502,95400
2014-01-03,12.100000381469727,12.109999656677246,12.029999732971191,12.050000190734863,6.610558032989502,102400
2014-01-06,12.09000015258789,12.210000038146973,12.079999923706055,12.130000114440918,6.654451847076416,117100
2014-01-07,12.199999809265137,12.25,12.130000114440918,12.170000076293945,6.676393032073975,185400
2014-01-08,12.149999618530273,12.25,12.100000381469727,12.170000076293945,6.676393032073975,110500
2014-01-09,12.210000038146973,12.300000190734863,12.180000305175781,12.199999809265137,6.692852020263672,190700
2014-01-10,12.220000267028809,12.34000015258789,12.220000267028809,12.3100004196167,6.753195285797119,134800
2014-01-13,12.3100004196167,12.3100004196167,12.180000305175781,12.180000305175781,6.723383903503418,159000
2014-01-14,12.1899995803833,12.300000190734863,12.180000305175781,12.300000190734863,6.7896270751953125,117800
2014-01-15,12.300000190734863,12.399999618530273,12.270000457763672,12.369999885559082,6.828270435333252,138600
2014-01-16,12.34000015258789,12.380000114440918,12.329999923706055,12.34000015258789,6.811706066131592,85300
2014-01-17,12.34000015258789,12.449999809265137,12.329999923706055,12.390000343322754,6.839308738708496,97400
2014-01-21,12.399999618530273,12.449999809265137,12.350000381469727,12.359999656677246,6.822744846343994,167400
2014-01-22,12.359999656677246,12.449999809265137,12.350000381469727,12.449999809265137,6.872425079345703,145300
2014-01-23,12.449999809265137,12.600000381469727,12.4399995803833,12.510000228881836,6.905548572540283,202900
2014-01-24,12.510000228881836,12.550000190734863,12.399999618530273,12.479999542236328,6.888984203338623,173300
2014-01-27,12.4399995803833,12.489999771118164,12.369999885559082,12.380000114440918,6.83378267288208,150200
2014-01-28,12.359999656677246,12.5,12.359999656677246,12.449999809265137,6.872425079345703,150400
2014-01-29,12.399999618530273,12.5600004196167,12.180000305175781,12.470000267028809,6.883467674255371,183600
2014-01-30,12.470000267028809,12.579999923706055,12.470000267028809,12.539999961853027,6.922104358673096,85000
2014-01-31,12.510000228881836,12.65999984741211,12.510000228881836,12.600000381469727,6.955224990844727,144700
2014-02-03,12.630000114440918,12.739999771118164,12.630000114440918,12.649999618530273,6.982827186584473,150000
2014-02-04,12.640000343322754,12.680000305175781,12.600000381469727,12.609999656677246,6.960748672485352,197600
2014-02-05,12.600000381469727,12.640000343322754,12.5600004196167,12.619999885559082,6.966266632080078,94100
2014-02-06,12.600000381469727,12.670000076293945,12.579999923706055,12.579999923706055,6.944186687469482,61300
2014-02-07,12.59000015258789,12.729999542236328,12.59000015258789,12.729999542236328,7.026989936828613,86300
2014-02-10,12.75,12.779999732971191,12.699999809265137,12.699999809265137,7.010425090789795,99000
2014-02-11,12.670000076293945,12.800000190734863,12.670000076293945,12.770000457763672,7.049067497253418,181600
2014-02-12,12.739999771118164,12.760000228881836,12.670000076293945,12.710000038146973,7.057956218719482,123800
2014-02-13,12.739999771118164,12.739999771118164,12.649999618530273,12.729999542236328,7.0690598487854,69500
2014-02-14,12.75,12.75,12.6899995803833,12.6899995803833,7.046844482421875,66000
2014-02-18,12.699999809265137,12.760000228881836,12.680000305175781,12.720000267028809,7.063508033752441,88500
2014-02-19,12.739999771118164,12.829999923706055,12.710000038146973,12.739999771118164,7.074613094329834,122900
2014-02-20,12.720000267028809,12.8100004196167,12.720000267028809,12.75,7.0801682472229,117000
2014-02-21,12.800000190734863,12.819999694824219,12.699999809265137,12.699999809265137,7.052395343780518,133900
2014-02-24,12.6899995803833,12.75,12.6899995803833,12.699999809265137,7.052395343780518,120500
2014-02-25,12.680000305175781,12.75,12.65999984741211,12.729999542236328,7.0690598487854,138200
2014-02-26,12.699999809265137,12.75,12.680000305175781,12.680000305175781,7.041295528411865,79600
2014-02-27,12.6899995803833,12.729999542236328,12.619999885559082,12.670000076293945,7.035738945007324,146000
2014-02-28,12.649999618530273,12.680000305175781,12.569999694824219,12.619999885559082,7.007976531982422,169800
2014-03-03,12.609999656677246,12.65999984741211,12.550000190734863,12.59000015258789,6.991314888000488,181300
2014-03-04,12.600000381469727,12.640000343322754,12.5600004196167,12.609999656677246,7.00242280960083,153200
2014-03-05,12.59000015258789,12.640000343322754,12.59000015258789,12.640000343322754,7.01908016204834,108200
2014-03-06,12.649999618530273,12.649999618530273,12.550000190734863,12.550000190734863,6.96910285949707,146400
2014-03-07,12.550000190734863,12.5600004196167,12.449999809265137,12.5,6.941337585449219,172700
2014-03-10,12.470000267028809,12.619999885559082,12.460000038146973,12.539999961853027,6.96354866027832,77200
2014-03-11,12.539999961853027,12.600000381469727,12.510000228881836,12.5600004196167,6.97465705871582,71000
2014-03-12,12.529999732971191,12.649999618530273,12.489999771118164,12.569999694824219,7.022705554962158,127100
2014-03-13,12.569999694824219,12.699999809265137,12.529999732971191,12.699999809265137,7.095332145690918,93100
2014-03-14,12.680000305175781,12.699999809265137,12.600000381469727,12.640000343322754,7.061811447143555,123600
2014-03-17,12.670000076293945,12.75,12.640000343322754,12.699999809265137,7.095332145690918,155200
2014-03-18,12.6899995803833,12.760000228881836,12.609999656677246,12.670000076293945,7.0785746574401855,140800
2014-03-19,12.65999984741211,12.710000038146973,12.569999694824219,12.569999694824219,7.022705554962158,133100
2014-03-20,12.529999732971191,12.5600004196167,12.4399995803833,12.449999809265137,6.955661296844482,176500
2014-03-21,12.489999771118164,12.619999885559082,12.489999771118164,12.600000381469727,7.039463043212891,131200
2014-03-24,12.569999694824219,12.670000076293945,12.569999694824219,12.670000076293945,7.0785746574401855,95200
2014-03-25,12.649999618530273,12.739999771118164,12.640000343322754,12.699999809265137,7.095332145690918,90200
2014-03-26,12.699999809265137,12.75,12.649999618530273,12.729999542236328,7.112092971801758,113400
2014-03-27,12.760000228881836,12.84000015258789,12.699999809265137,12.770000457763672,7.134441375732422,95200
2014-03-28,12.800000190734863,12.800000190734863,12.699999809265137,12.75,7.123269081115723,59600
2014-03-31,12.770000457763672,12.770000457763672,12.670000076293945,12.720000267028809,7.106508731842041,110600
2014-04-01,12.739999771118164,12.75,12.670000076293945,12.699999809265137,7.095332145690918,82600
2014-04-02,12.6899995803833,12.770000457763672,12.649999618530273,12.760000228881836,7.1288557052612305,143200
2014-04-03,12.760000228881836,12.779999732971191,12.75,12.779999732971191,7.140031337738037,67500
2014-04-04,12.779999732971191,12.890000343322754,12.779999732971191,12.800000190734863,7.151200771331787,143900
2014-04-07,12.800000190734863,12.880000114440918,12.800000190734863,12.859999656677246,7.184721946716309,71400
2014-04-08,12.850000381469727,12.899999618530273,12.8100004196167,12.899999618530273,7.2070722579956055,68000
2014-04-09,12.920000076293945,12.949999809265137,12.869999885559082,12.899999618530273,7.2070722579956055,128800
2014-04-10,12.90999984741211,12.9399995803833,12.899999618530273,12.9399995803833,7.229418754577637,75300
2014-04-11,12.899999618530273,12.899999618530273,12.779999732971191,12.789999961853027,7.187835216522217,99100
2014-04-14,12.829999923706055,12.84000015258789,12.619999885559082,12.65999984741211,7.114773273468018,193000
2014-04-15,12.65999984741211,12.75,12.649999618530273,12.729999542236328,7.154110908508301,88800
2014-04-16,12.779999732971191,12.8100004196167,12.760000228881836,12.800000190734863,7.193449974060059,89800
2014-04-17,12.829999923706055,12.84000015258789,12.729999542236328,12.729999542236328,7.154110908508301,113400
2014-04-21,12.770000457763672,12.84000015258789,12.739999771118164,12.8100004196167,7.199069023132324,111300
2014-04-22,12.84000015258789,12.869999885559082,12.800000190734863,12.850000381469727,7.2215495109558105,110000
2014-04-23,12.880000114440918,12.989999771118164,12.880000114440918,12.9399995803833,7.272129535675049,116600
2014-04-24,12.970000267028809,12.970000267028809,12.890000343322754,12.890000343322754,7.244029521942139,103200
2014-04-25,12.9399995803833,12.989999771118164,12.90999984741211,12.989999771118164,7.300229549407959,102200
2014-04-28,13.0,13.050000190734863,13.0,13.0,7.30584716796875,84800
2014-04-29,13.0,13.0,12.949999809265137,12.979999542236328,7.294609546661377,54300
2014-04-30,13.020000457763672,13.029999732971191,12.979999542236328,13.020000457763672,7.3170905113220215,90100
2014-05-01,13.039999961853027,13.109999656677246,13.0,13.079999923706055,7.350809574127197,113500
2014-05-02,13.050000190734863,13.079999923706055,13.039999961853027,13.0600004196167,7.339569568634033,110400
2014-05-05,13.0600004196167,13.100000381469727,13.0600004196167,13.079999923706055,7.350809574127197,114800
2014-05-06,13.109999656677246,13.140000343322754,13.069999694824219,13.109999656677246,7.367666721343994,145100
2014-05-07,13.130000114440918,13.229999542236328,13.109999656677246,13.199999809265137,7.418244361877441,132700
2014-05-08,13.1899995803833,13.300000190734863,13.1899995803833,13.300000190734863,7.474445343017578,152900
2014-05-09,13.319999694824219,13.329999923706055,13.25,13.279999732971191,7.4632062911987305,67400
2014-05-12,13.3100004196167,13.359999656677246,13.300000190734863,13.329999923706055,7.491304874420166,79500
2014-05-13,13.300000190734863,13.300000190734863,13.199999809265137,13.300000190734863,7.517307281494141,117000
2014-05-14,13.329999923706055,13.329999923706055,13.25,13.3100004196167,7.5229597091674805,92800
2014-05-15,13.329999923706055,13.350000381469727,13.229999542236328,13.229999542236328,7.477738380432129,148100
2014-05-16,13.3100004196167,13.34000015258789,13.270000457763672,13.34000015258789,7.539915561676025,120500
2014-05-19,13.350000381469727,13.359999656677246,13.239999771118164,13.279999732971191,7.505995273590088,153700
2014-05-20,13.3100004196167,13.329999923706055,13.279999732971191,13.329999923706055,7.534261703491211,73300
2014-05-21,13.319999694824219,13.350000381469727,13.279999732971191,13.350000381469727,7.5455641746521,50200
2014-05-22,13.359999656677246,13.430000305175781,13.329999923706055,13.430000305175781,7.590782642364502,135000
2014-05-23,13.430000305175781,13.5,13.369999885559082,13.5,7.630347728729248,96500
2014-05-27,13.510000228881836,13.619999885559082,13.460000038146973,13.510000228881836,7.6359968185424805,128600
2014-05-28,13.539999961853027,13.579999923706055,13.489999771118164,13.539999961853027,7.652954578399658,89700
2014-05-29,13.5600004196167,13.579999923706055,13.460000038146973,13.510000228881836,7.6359968185424805,119900
2014-05-30,13.520000457763672,13.520000457763672,13.390000343322754,13.399999618530273,7.573824882507324,138500
2014-06-02,13.4399995803833,13.460000038146973,13.350000381469727,13.390000343322754,7.568173408508301,148400
2014-06-03,13.399999618530273,13.399999618530273,13.25,13.270000457763672,7.500349044799805,130300
2014-06-04,13.3100004196167,13.3100004196167,13.149999618530273,13.15999984741211,7.438179016113281,162400
2014-06-05,13.15999984741211,13.260000228881836,13.15999984741211,13.239999771118164,7.483389854431152,154100
2014-06-06,13.3100004196167,13.380000114440918,13.260000228881836,13.380000114440918,7.562519550323486,104100
2014-06-09,13.390000343322754,13.390000343322754,13.319999694824219,13.380000114440918,7.562519550323486,61500
2014-06-10,13.380000114440918,13.420000076293945,13.350000381469727,13.390000343322754,7.568173408508301,146600
2014-06-11,13.34000015258789,13.34000015258789,13.220000267028809,13.260000228881836,7.537476062774658,116000
2014-06-12,13.260000228881836,13.4399995803833,13.25,13.4399995803833,7.639798641204834,107600
2014-06-13,13.420000076293945,13.420000076293945,13.25,13.289999961853027,7.5545268058776855,108400
2014-06-16,13.279999732971191,13.300000190734863,13.229999542236328,13.270000457763672,7.543159008026123,86100
2014-06-17,13.260000228881836,13.260000228881836,13.109999656677246,13.130000114440918,7.4635796546936035,133100
2014-06-18,13.149999618530273,13.1899995803833,13.100000381469727,13.180000305175781,7.492002487182617,73000
2014-06-19,13.220000267028809,13.300000190734863,13.15999984741211,13.270000457763672,7.543159008026123,84400
2014-06-20,13.220000267028809,13.279999732971191,13.1899995803833,13.279999732971191,7.548844337463379,38500
2014-06-23,13.260000228881836,13.279999732971191,13.220000267028809,13.270000457763672,7.543159008026123,74000
2014-06-24,13.25,13.25,13.199999809265137,13.210000038146973,7.50905704498291,79600
2014-06-25,13.220000267028809,13.279999732971191,13.220000267028809,13.270000457763672,7.543159008026123,60300
2014-06-26,13.270000457763672,13.270000457763672,13.1899995803833,13.220000267028809,7.51474142074585,85900
2014-06-27,13.25,13.279999732971191,13.220000267028809,13.279999732971191,7.548844337463379,49900
2014-06-30,13.300000190734863,13.300000190734863,13.25,13.25,7.531793117523193,111100
2014-07-01,13.300000190734863,13.3100004196167,13.220000267028809,13.220000267028809,7.51474142074585,89500
2014-07-02,13.199999809265137,13.260000228881836,13.100000381469727,13.100000381469727,7.446524143218994,133900
2014-07-03,13.050000190734863,13.079999923706055,12.960000038146973,12.979999542236328,7.37831449508667,213400
2014-07-07,13.020000457763672,13.09000015258789,12.979999542236328,13.029999732971191,7.406734943389893,135100
2014-07-08,13.09000015258789,13.130000114440918,13.020000457763672,13.0600004196167,7.423789024353027,123700
2014-07-09,13.100000381469727,13.100000381469727,13.0,13.0,7.389682769775391,117300
2014-07-10,13.050000190734863,13.050000190734863,12.979999542236328,13.0,7.389682769775391,117600
2014-07-11,12.90999984741211,13.0,12.90999984741211,12.989999771118164,7.4274210929870605,64800
2014-07-14,12.960000038146973,13.0,12.899999618530273,12.899999618530273,7.375959873199463,147200
2014-07-15,12.899999618530273,12.970000267028809,12.899999618530273,12.949999809265137,7.404549598693848,114100
2014-07-16,12.949999809265137,12.970000267028809,12.920000076293945,12.949999809265137,7.404549598693848,129700
2014-07-17,12.979999542236328,13.010000228881836,12.960000038146973,12.979999542236328,7.421701431274414,74200
2014-07-18,12.989999771118164,13.029999732971191,12.979999542236328,13.020000457763672,7.444573879241943,68100
2014-07-21,13.050000190734863,13.119999885559082,13.029999732971191,13.069999694824219,7.473164081573486,85300
2014-07-22,13.100000381469727,13.100000381469727,13.020000457763672,13.039999961853027,7.456009864807129,66700
2014-07-23,13.029999732971191,13.140000343322754,13.029999732971191,13.119999885559082,7.50175142288208,61400
2014-07-24,13.109999656677246,13.130000114440918,13.0600004196167,13.130000114440918,7.507469177246094,39300
2014-07-25,13.149999618530273,13.15999984741211,13.069999694824219,13.079999923706055,7.478880882263184,71900
2014-07-28,13.079999923706055,13.130000114440918,13.029999732971191,13.069999694824219,7.473164081573486,115900
2014-07-29,13.100000381469727,13.100000381469727,13.039999961853027,13.0600004196167,7.467444896697998,79100
2014-07-30,13.0600004196167,13.079999923706055,12.930000305175781,12.989999771118164,7.4274210929870605,211400
2014-07-31,12.9399995803833,12.970000267028809,12.890000343322754,12.890000343322754,7.370241641998291,151500
2014-08-01,12.899999618530273,12.949999809265137,12.899999618530273,12.9399995803833,7.398834228515625,162800
2014-08-04,12.930000305175781,12.9399995803833,12.760000228881836,12.859999656677246,7.353087425231934,266000
2014-08-05,12.8100004196167,12.829999923706055,12.779999732971191,12.779999732971191,7.307346820831299,160700
2014-08-06,12.800000190734863,12.84000015258789,12.789999961853027,12.829999923706055,7.335939407348633,110500
2014-08-07,12.819999694824219,12.859999656677246,12.789999961853027,12.859999656677246,7.353087425231934,186700
2014-08-08,12.899999618530273,12.949999809265137,12.869999885559082,12.9399995803833,7.398834228515625,85800
2014-08-11,12.989999771118164,13.010000228881836,12.930000305175781,12.949999809265137,7.404549598693848,124400
2014-08-12,12.970000267028809,13.010000228881836,12.90999984741211,13.010000228881836,7.438856601715088,111200
2014-08-13,12.970000267028809,12.979999542236328,12.930000305175781,12.960000038146973,7.453807830810547,77300
2014-08-14,12.960000038146973,12.979999542236328,12.920000076293945,12.970000267028809,7.4595627784729,47400
2014-08-15,13.010000228881836,13.039999961853027,12.880000114440918,12.930000305175781,7.436554431915283,207000
2014-08-18,12.949999809265137,12.960000038146973,12.890000343322754,12.930000305175781,7.436554431915283,140500
2014-08-19,12.960000038146973,12.979999542236328,12.90999984741211,12.9399995803833,7.442310333251953,74500
2014-08-20,12.920000076293945,12.960000038146973,12.890000343322754,12.9399995803833,7.442310333251953,91800
2014-08-21,12.90999984741211,12.9399995803833,12.890000343322754,12.899999618530273,7.419300079345703,77600
2014-08-22,12.890000343322754,12.899999618530273,12.829999923706055,12.869999885559082,7.402047157287598,98700
2014-08-25,12.859999656677246,12.869999885559082,12.8100004196167,12.859999656677246,7.396294593811035,203400
2014-08-26,12.84000015258789,12.880000114440918,12.8100004196167,12.880000114440918,7.407799243927002,117500
2014-08-27,12.90999984741211,12.9399995803833,12.859999656677246,12.930000305175781,7.436554431915283,116200
2014-08-28,12.930000305175781,12.949999809265137,12.890000343322754,12.9399995803833,7.442310333251953,74900
2014-08-29,12.930000305175781,12.960000038146973,12.899999618530273,12.960000038146973,7.453807830810547,132100
2014-09-02,12.9399995803833,12.960000038146973,12.899999618530273,12.960000038146973,7.453807830810547,153300
2014-09-03,12.9399995803833,12.970000267028809,12.920000076293945,12.960000038146973,7.453807830810547,113600
2014-09-04,12.930000305175781,12.960000038146973,12.899999618530273,12.920000076293945,7.4308037757873535,66000
2014-09-05,12.9399995803833,12.979999542236328,12.899999618530273,12.949999809265137,7.448058128356934,88400
2014-09-08,12.9399995803833,12.989999771118164,12.920000076293945,12.920000076293945,7.4308037757873535,145500
2014-09-09,12.899999618530273,12.979999542236328,12.899999618530273,12.949999809265137,7.448058128356934,80200
2014-09-10,12.949999809265137,13.010000228881836,12.930000305175781,13.010000228881836,7.482567310333252,133100
2014-09-11,12.930000305175781,12.930000305175781,12.869999885559082,12.930000305175781,7.480250358581543,97000
2014-09-12,12.880000114440918,12.890000343322754,12.819999694824219,12.84000015258789,7.428185939788818,131600
2014-09-15,12.819999694824219,12.84000015258789,12.789999961853027,12.819999694824219,7.4166154861450195,121000
2014-09-16,12.789999961853027,12.84000015258789,12.760000228881836,12.84000015258789,7.428185939788818,162700
2014-09-17,12.84000015258789,12.920000076293945,12.829999923706055,12.899999618530273,7.462897300720215,107600
2014-09-18,12.880000114440918,12.899999618530273,12.850000381469727,12.869999885559082,7.445542335510254,98400
2014-09-19,12.880000114440918,12.899999618530273,12.869999885559082,12.899999618530273,7.462897300720215,70000
2014-09-22,12.899999618530273,12.949999809265137,12.880000114440918,12.949999809265137,7.491825580596924,118200
2014-09-23,12.920000076293945,12.960000038146973,12.90999984741211,12.930000305175781,7.480250358581543,92000
2014-09-24,12.920000076293945,12.970000267028809,12.920000076293945,12.970000267028809,7.503397464752197,99100
2014-09-25,12.930000305175781,12.989999771118164,12.920000076293945,12.979999542236328,7.509179592132568,132900
2014-09-26,12.9399995803833,12.989999771118164,12.9399995803833,12.989999771118164,7.514961242675781,106100
2014-09-29,12.989999771118164,13.010000228881836,12.960000038146973,13.0,7.520750522613525,79500
2014-09-30,13.0,13.039999961853027,12.979999542236328,13.039999961853027,7.543890953063965,87300
2014-10-01,13.039999961853027,13.100000381469727,13.029999732971191,13.0600004196167,7.5554609298706055,160400
2014-10-02,13.020000457763672,13.069999694824219,12.9399995803833,12.979999542236328,7.509179592132568,153900
2014-10-03,12.949999809265137,13.0,12.949999809265137,12.970000267028809,7.503397464752197,100000
2014-10-06,12.989999771118164,13.050000190734863,12.989999771118164,13.039999961853027,7.543890953063965,123500
2014-10-07,13.039999961853027,13.119999885559082,13.039999961853027,13.079999923706055,7.5670318603515625,153700
2014-10-08,13.100000381469727,13.180000305175781,13.079999923706055,13.149999618530273,7.607530117034912,142500
2014-10-09,13.199999809265137,13.199999809265137,13.069999694824219,13.119999885559082,7.590172290802002,114400
2014-10-10,13.09000015258789,13.119999885559082,13.0,13.09000015258789,7.616940021514893,138700
2014-10-13,13.039999961853027,13.069999694824219,13.010000228881836,13.039999961853027,7.5878448486328125,156600
2014-10-14,13.050000190734863,13.050000190734863,13.0,13.0,7.564570426940918,115900
2014-10-15,13.020000457763672,13.100000381469727,12.979999542236328,13.0600004196167,7.599480628967285,162500
2014-10-16,13.020000457763672,13.09000015258789,12.989999771118164,13.09000015258789,7.616940021514893,91900
2014-10-17,13.140000343322754,13.1899995803833,13.109999656677246,13.109999656677246,7.628576755523682,100500
2014-10-20,13.130000114440918,13.199999809265137,13.119999885559082,13.1899995803833,7.675131320953369,98400
2014-10-21,13.1899995803833,13.1899995803833,13.109999656677246,13.1899995803833,7.675131320953369,127900
2014-10-22,13.170000076293945,13.170000076293945,13.130000114440918,13.140000343322754,7.6460347175598145,99900
2014-10-23,13.119999885559082,13.170000076293945,13.109999656677246,13.109999656677246,7.628576755523682,121700
2014-10-24,13.130000114440918,13.15999984741211,13.119999885559082,13.140000343322754,7.6460347175598145,78000
2014-10-27,13.149999618530273,13.180000305175781,13.140000343322754,13.180000305175781,7.669311046600342,51400
2014-10-28,13.1899995803833,13.229999542236328,13.149999618530273,13.229999542236328,7.698403835296631,138400
2014-10-29,13.229999542236328,13.260000228881836,13.210000038146973,13.229999542236328,7.698403835296631,108800
2014-10-30,13.25,13.260000228881836,13.180000305175781,13.229999542236328,7.698403835296631,116000
2014-10-31,13.220000267028809,13.220000267028809,13.140000343322754,13.210000038146973,7.686764240264893,118900
2014-11-03,13.350000381469727,13.350000381469727,13.180000305175781,13.210000038146973,7.686764240264893,95200
2014-11-04,13.220000267028809,13.329999923706055,13.1899995803833,13.329999923706055,7.756594181060791,126600
2014-11-05,13.319999694824219,13.380000114440918,13.270000457763672,13.380000114440918,7.785685062408447,119300
2014-11-06,13.350000381469727,13.40999984741211,13.34000015258789,13.40999984741211,7.803141117095947,100700
2014-11-07,13.40999984741211,13.40999984741211,13.369999885559082,13.40999984741211,7.803141117095947,98900
2014-11-10,13.399999618530273,13.449999809265137,13.359999656677246,13.420000076293945,7.808963775634766,130800
2014-11-11,13.420000076293945,13.5,13.399999618530273,13.5,7.855512619018555,109400
2014-11-12,13.4399995803833,13.449999809265137,13.350000381469727,13.369999885559082,7.823913097381592,85700
2014-11-13,13.350000381469727,13.390000343322754,13.350000381469727,13.359999656677246,7.81805944442749,73100
2014-11-14,13.359999656677246,13.380000114440918,13.300000190734863,13.329999923706055,7.800506591796875,67400
2014-11-17,13.359999656677246,13.369999885559082,13.199999809265137,13.199999809265137,7.724432945251465,117400
2014-11-18,13.199999809265137,13.239999771118164,13.15999984741211,13.220000267028809,7.736137866973877,117500
2014-11-19,13.229999542236328,13.229999542236328,13.15999984741211,13.15999984741211,7.7010273933410645,114000
2014-11-20,13.180000305175781,13.229999542236328,13.140000343322754,13.140000343322754,7.6893229484558105,120500
2014-11-21,13.149999618530273,13.199999809265137,13.100000381469727,13.100000381469727,7.665915489196777,135900
2014-11-24,13.100000381469727,13.15999984741211,13.100000381469727,13.100000381469727,7.665915489196777,141600
2014-11-25,13.100000381469727,13.170000076293945,13.100000381469727,13.119999885559082,7.677616596221924,106800
2014-11-26,13.130000114440918,13.170000076293945,13.119999885559082,13.140000343322754,7.6893229484558105,119200
2014-11-28,13.140000343322754,13.15999984741211,13.100000381469727,13.119999885559082,7.677616596221924,104900
2014-12-01,13.149999618530273,13.1899995803833,13.140000343322754,13.170000076293945,7.7068772315979,209400
2014-12-02,13.170000076293945,13.350000381469727,13.149999618530273,13.350000381469727,7.812211513519287,96300
2014-12-03,13.420000076293945,13.449999809265137,13.369999885559082,13.430000305175781,7.859026908874512,182300
2014-12-04,13.460000038146973,13.460000038146973,13.350000381469727,13.40999984741211,7.847319602966309,96400
2014-12-05,13.420000076293945,13.420000076293945,13.350000381469727,13.369999885559082,7.823913097381592,96100
2014-12-08,13.34000015258789,13.34000015258789,13.289999961853027,13.34000015258789,7.8063578605651855,137800
2014-12-09,13.359999656677246,13.390000343322754,13.279999732971191,13.380000114440918,7.829764366149902,122800
2014-12-10,13.390000343322754,13.489999771118164,13.34000015258789,13.489999771118164,7.894135475158691,104400
2014-12-11,13.399999618530273,13.399999618530273,13.25,13.279999732971191,7.821107387542725,141700
2014-12-12,13.279999732971191,13.430000305175781,13.229999542236328,13.380000114440918,7.880000114440918,225500
2014-12-15,13.369999885559082,13.399999618530273,13.300000190734863,13.350000381469727,7.862334728240967,100600
2014-12-16,13.329999923706055,13.369999885559082,13.300000190734863,13.359999656677246,7.86821985244751,77400
2014-12-17,13.350000381469727,13.359999656677246,13.300000190734863,13.34000015258789,7.856442928314209,102600
2014-12-18,13.350000381469727,13.359999656677246,13.300000190734863,13.300000190734863,7.832885265350342,147500
2014-12-19,13.3100004196167,13.359999656677246,13.300000190734863,13.319999694824219,7.844667434692383,68200
2014-12-22,13.350000381469727,13.369999885559082,13.300000190734863,13.300000190734863,7.832885265350342,126600
2014-12-23,13.350000381469727,13.390000343322754,13.319999694824219,13.380000114440918,7.880000114440918,74100
2014-12-24,13.390000343322754,13.430000305175781,13.390000343322754,13.40999984741211,7.89766788482666,45800
2014-12-26,13.380000114440918,13.430000305175781,13.369999885559082,13.420000076293945,7.903562545776367,59600
2014-12-29,13.399999618530273,13.40999984741211,13.319999694824219,13.369999885559082,7.874111175537109,104900
2014-12-30,13.380000114440918,13.4399995803833,13.3100004196167,13.430000305175781,7.909449577331543,111300
2014-12-31,13.449999809265137,13.5,13.359999656677246,13.399999618530273,7.891777038574219,105800
2015-01-02,13.4399995803833,13.489999771118164,13.369999885559082,13.460000038146973,7.927121639251709,117200
2015-01-05,13.489999771118164,13.539999961853027,13.399999618530273,13.40999984741211,7.89766788482666,185900
2015-01-06,13.4399995803833,13.550000190734863,13.430000305175781,13.489999771118164,7.944784164428711,170100
2015-01-07,13.5,13.569999694824219,13.479999542236328,13.520000457763672,7.962450981140137,169500
2015-01-08,13.520000457763672,13.550000190734863,13.479999542236328,13.479999542236328,7.938893795013428,126700
2015-01-09,13.510000228881836,13.550000190734863,13.489999771118164,13.520000457763672,7.962450981140137,132600
2015-01-12,13.510000228881836,13.579999923706055,13.5,13.579999923706055,7.997790336608887,151800
2015-01-13,13.520000457763672,13.5600004196167,13.460000038146973,13.5600004196167,8.03095817565918,178900
2015-01-14,13.569999694824219,13.640000343322754,13.569999694824219,13.640000343322754,8.078335762023926,117000
2015-01-15,13.640000343322754,13.75,13.640000343322754,13.75,8.14348030090332,138600
2015-01-16,13.75,13.75,13.649999618530273,13.6899995803833,8.107948303222656,160000
2015-01-20,13.720000267028809,13.770000457763672,13.6899995803833,13.770000457763672,8.155328750610352,116500
2015-01-21,13.720000267028809,13.789999961853027,13.720000267028809,13.760000228881836,8.149405479431152,145800
2015-01-22,13.779999732971191,13.8100004196167,13.75,13.779999732971191,8.161249160766602,104700
2015-01-23,13.829999923706055,13.829999923706055,13.75,13.770000457763672,8.155328750610352,72800
2015-01-26,13.779999732971191,13.829999923706055,13.779999732971191,13.800000190734863,8.173097610473633,88500
2015-01-27,13.84000015258789,13.890000343322754,13.800000190734863,13.890000343322754,8.226402282714844,89600
2015-01-28,13.890000343322754,14.020000457763672,13.84000015258789,14.020000457763672,8.303391456604004,225200
2015-01-29,14.050000190734863,14.0600004196167,13.949999809265137,14.029999732971191,8.309316635131836,157300
2015-01-30,14.020000457763672,14.09000015258789,14.010000228881836,14.079999923706055,8.3389310836792,138300
2015-02-02,14.100000381469727,14.170000076293945,14.09000015258789,14.170000076293945,8.392230987548828,168100
2015-02-03,14.149999618530273,14.1899995803833,14.109999656677246,14.109999656677246,8.356691360473633,121000
2015-02-04,14.079999923706055,14.109999656677246,14.010000228881836,14.069999694824219,8.3330078125,124000
2015-02-05,14.069999694824219,14.069999694824219,14.020000457763672,14.039999961853027,8.315237045288086,105700
2015-02-06,14.0,14.029999732971191,13.979999542236328,13.979999542236328,8.279705047607422,142400
2015-02-09,13.979999542236328,14.029999732971191,13.979999542236328,14.0,8.291544914245605,166700
2015-02-10,13.970000267028809,13.989999771118164,13.859999656677246,13.869999885559082,8.214554786682129,170400
2015-02-11,13.819999694824219,13.890000343322754,13.6899995803833,13.710000038146973,8.164527893066406,157200
2015-02-12,13.739999771118164,13.789999961853027,13.699999809265137,13.770000457763672,8.200262069702148,142400
2015-02-13,13.729999542236328,13.800000190734863,13.600000381469727,13.600000381469727,8.099026679992676,168100
2015-02-17,13.600000381469727,13.630000114440918,13.279999732971191,13.300000190734863,7.920368671417236,378200
2015-02-18,13.289999961853027,13.600000381469727,13.279999732971191,13.600000381469727,8.099026679992676,202900
2015-02-19,13.609999656677246,13.710000038146973,13.539999961853027,13.5600004196167,8.075201988220215,191300
2015-02-20,13.619999885559082,13.670000076293945,13.5600004196167,13.5600004196167,8.075201988220215,97000
2015-02-23,13.600000381469727,13.680000305175781,13.5600004196167,13.600000381469727,8.099026679992676,130200
2015-02-24,13.59000015258789,13.729999542236328,13.539999961853027,13.729999542236328,8.176445960998535,162300
2015-02-25,13.75,13.779999732971191,13.699999809265137,13.710000038146973,8.164527893066406,92800
2015-02-26,13.739999771118164,13.739999771118164,13.640000343322754,13.640000343322754,8.122844696044922,82000
2015-02-27,13.670000076293945,13.760000228881836,13.65999984741211,13.760000228881836,8.194308280944824,77400
2015-03-02,13.729999542236328,13.800000190734863,13.729999542236328,13.739999771118164,8.182397842407227,116400
2015-03-03,13.729999542236328,13.819999694824219,13.729999542236328,13.819999694824219,8.230035781860352,98700
2015-03-04,13.84000015258789,13.920000076293945,13.800000190734863,13.899999618530273,8.27768325805664,104200
2015-03-05,13.869999885559082,13.90999984741211,13.859999656677246,13.859999656677246,8.253856658935547,59700
2015-03-06,13.800000190734863,13.850000381469727,13.640000343322754,13.649999618530273,8.128799438476562,349800
2015-03-09,13.699999809265137,13.8100004196167,13.670000076293945,13.75,8.188348770141602,134300
2015-03-10,13.760000228881836,13.899999618530273,13.760000228881836,13.890000343322754,8.271722793579102,110900
2015-03-11,13.829999923706055,13.829999923706055,13.739999771118164,13.779999732971191,8.251363754272461,115400
2015-03-12,13.819999694824219,13.869999885559082,13.75,13.779999732971191,8.251363754272461,98600
2015-03-13,13.760000228881836,13.779999732971191,13.720000267028809,13.729999542236328,8.221424102783203,55100
2015-03-16,13.739999771118164,13.75,13.65999984741211,13.65999984741211,8.179508209228516,88700
2015-03-17,13.65999984741211,13.6899995803833,13.59000015258789,13.59000015258789,8.137591361999512,89000
2015-03-18,13.630000114440918,13.779999732971191,13.609999656677246,13.770000457763672,8.245379447937012,96500
2015-03-19,13.770000457763672,13.800000190734863,13.649999618530273,13.699999809265137,8.203459739685059,109500
2015-03-20,13.760000228881836,13.84000015258789,13.720000267028809,13.819999694824219,8.27531623840332,69700
2015-03-23,13.829999923706055,13.84000015258789,13.760000228881836,13.829999923706055,8.281305313110352,93200
2015-03-24,13.8100004196167,13.9399995803833,13.779999732971191,13.90999984741211,8.329205513000488,139400
2015-03-25,13.869999885559082,13.869999885559082,13.819999694824219,13.859999656677246,8.299264907836914,47000
2015-03-26,13.800000190734863,13.899999618530273,13.789999961853027,13.829999923706055,8.281305313110352,93500
2015-03-27,13.84000015258789,13.880000114440918,13.800000190734863,13.829999923706055,8.281305313110352,115700
2015-03-30,13.829999923706055,13.859999656677246,13.75,13.770000457763672,8.245379447937012,156200
2015-03-31,13.770000457763672,13.880000114440918,13.770000457763672,13.84000015258789,8.287291526794434,112600
2015-04-01,13.779999732971191,13.899999618530273,13.779999732971191,13.84000015258789,8.287291526794434,78700
2015-04-02,13.84000015258789,13.890000343322754,13.829999923706055,13.84000015258789,8.287291526794434,83400
2015-04-06,13.899999618530273,13.90999984741211,13.859999656677246,13.880000114440918,8.31124496459961,116500
2015-04-07,13.869999885559082,13.90999984741211,13.850000381469727,13.890000343322754,8.317234992980957,80600
2015-04-08,13.890000343322754,13.960000038146973,13.880000114440918,13.960000038146973,8.359147071838379,75400
2015-04-09,13.90999984741211,13.949999809265137,13.899999618530273,13.90999984741211,8.329205513000488,106700
2015-04-10,13.90999984741211,13.9399995803833,13.880000114440918,13.880000114440918,8.31124496459961,83100
2015-04-13,13.829999923706055,13.859999656677246,13.760000228881836,13.770000457763672,8.290772438049316,199600
2015-04-14,13.819999694824219,13.850000381469727,13.8100004196167,13.850000381469727,8.338942527770996,48200
2015-04-15,13.850000381469727,13.880000114440918,13.829999923706055,13.859999656677246,8.344962120056152,98100
2015-04-16,13.850000381469727,13.890000343322754,13.84000015258789,13.890000343322754,8.36302375793457,94800
2015-04-17,13.869999885559082,13.880000114440918,13.84000015258789,13.880000114440918,8.35700511932373,57500
2015-04-20,13.890000343322754,13.9399995803833,13.869999885559082,13.899999618530273,8.36904525756836,82400
2015-04-21,13.899999618530273,13.930000305175781,13.850000381469727,13.899999618530273,8.36904525756836,75900
2015-04-22,13.90999984741211,13.90999984741211,13.789999961853027,13.8100004196167,8.31485652923584,111500
2015-04-23,13.8100004196167,13.84000015258789,13.800000190734863,13.8100004196167,8.31485652923584,81900
2015-04-24,13.8100004196167,13.829999923706055,13.779999732971191,13.8100004196167,8.31485652923584,85200
2015-04-27,13.8100004196167,13.829999923706055,13.800000190734863,13.800000190734863,8.30883502960205,64200
2015-04-28,13.819999694824219,13.869999885559082,13.8100004196167,13.869999885559082,8.350981712341309,59900
2015-04-29,13.789999961853027,13.869999885559082,13.789999961853027,13.829999923706055,8.326902389526367,86600
2015-04-30,13.850000381469727,13.850000381469727,13.789999961853027,13.800000190734863,8.30883502960205,106800
2015-05-01,13.800000190734863,13.84000015258789,13.720000267028809,13.739999771118164,8.272712707519531,150200
2015-05-04,13.770000457763672,13.800000190734863,13.729999542236328,13.75,8.278731346130371,90000
2015-05-05,13.789999961853027,13.829999923706055,13.720000267028809,13.8100004196167,8.31485652923584,190300
2015-05-06,13.75,13.8100004196167,13.569999694824219,13.579999923706055,8.176373481750488,241500
2015-05-07,13.569999694824219,13.619999885559082,13.520000457763672,13.5600004196167,8.164334297180176,152200
2015-05-08,13.609999656677246,13.710000038146973,13.569999694824219,13.680000305175781,8.236584663391113,78900
2015-05-11,13.680000305175781,13.6899995803833,13.59000015258789,13.619999885559082,8.200459480285645,251200
2015-05-12,13.520000457763672,13.609999656677246,13.479999542236328,13.59000015258789,8.18239974975586,150800
2015-05-13,13.579999923706055,13.579999923706055,13.420000076293945,13.489999771118164,8.167866706848145,121300
2015-05-14,13.479999542236328,13.550000190734863,13.449999809265137,13.510000228881836,8.179976463317871,96000
2015-05-15,13.520000457763672,13.670000076293945,13.520000457763672,13.649999618530273,8.264744758605957,77000
2015-05-18,13.609999656677246,13.65999984741211,13.520000457763672,13.59000015258789,8.228415489196777,105700
2015-05-19,13.569999694824219,13.569999694824219,13.359999656677246,13.420000076293945,8.125479698181152,473000
2015-05-20,13.420000076293945,13.449999809265137,13.380000114440918,13.380000114440918,8.101263999938965,66700
2015-05-21,13.430000305175781,13.470000267028809,13.430000305175781,13.460000038146973,8.149701118469238,60700
2015-05-22,13.460000038146973,13.460000038146973,13.329999923706055,13.34000015258789,8.077043533325195,118100
2015-05-26,13.369999885559082,13.399999618530273,13.300000190734863,13.399999618530273,8.113369941711426,104400
2015-05-27,13.399999618530273,13.4399995803833,13.369999885559082,13.390000343322754,8.107317924499512,56800
2015-05-28,13.359999656677246,13.420000076293945,13.300000190734863,13.350000381469727,8.083101272583008,89000
2015-05-29,13.329999923706055,13.470000267028809,13.329999923706055,13.4399995803833,8.137593269348145,65100
2015-06-01,13.449999809265137,13.479999542236328,13.430000305175781,13.449999809265137,8.143645286560059,76900
2015-06-02,13.430000305175781,13.449999809265137,13.40999984741211,13.4399995803833,8.137593269348145,72200
2015-06-03,13.40999984741211,13.40999984741211,13.319999694824219,13.319999694824219,8.064934730529785,71200
2015-06-04,13.350000381469727,13.350000381469727,13.229999542236328,13.270000457763672,8.034660339355469,107600
2015-06-05,13.229999542236328,13.229999542236328,13.010000228881836,13.079999923706055,7.91962194442749,191900
2015-06-08,13.069999694824219,13.09000015258789,12.869999885559082,12.989999771118164,7.8651299476623535,325000
2015-06-09,12.979999542236328,12.979999542236328,12.90999984741211,12.920000076293945,7.822742462158203,171400
2015-06-10,12.920000076293945,13.0,12.920000076293945,12.949999809265137,7.840905666351318,192000
2015-06-11,12.899999618530273,13.0,12.890000343322754,12.989999771118164,7.911560535430908,184600
2015-06-12,12.989999771118164,13.109999656677246,12.989999771118164,13.09000015258789,7.972467422485352,147300
2015-06-15,13.09000015258789,13.140000343322754,13.069999694824219,13.100000381469727,7.978551864624023,168500
2015-06-16,13.079999923706055,13.140000343322754,13.079999923706055,13.09000015258789,7.972467422485352,92400
2015-06-17,13.09000015258789,13.119999885559082,13.079999923706055,13.119999885559082,7.990735054016113,77000
2015-06-18,13.079999923706055,13.15999984741211,13.079999923706055,13.130000114440918,7.996826171875,83000
2015-06-19,13.170000076293945,13.229999542236328,13.140000343322754,13.199999809265137,8.039460182189941,133400
2015-06-22,13.1899995803833,13.25,13.180000305175781,13.210000038146973,8.045551300048828,146000
2015-06-23,13.180000305175781,13.25,13.149999618530273,13.239999771118164,8.063821792602539,114100
2015-06-24,13.270000457763672,13.270000457763672,13.210000038146973,13.239999771118164,8.063821792602539,63100
2015-06-25,13.25,13.279999732971191,13.210000038146973,13.270000457763672,8.082093238830566,144600
2015-06-26,13.25,13.25,13.149999618530273,13.15999984741211,8.015098571777344,126500
2015-06-29,13.15999984741211,13.15999984741211,13.0,13.0,7.91765022277832,118500
2015-06-30,13.010000228881836,13.119999885559082,13.0,13.0600004196167,7.954193115234375,154900
2015-07-01,13.079999923706055,13.140000343322754,13.0600004196167,13.0600004196167,7.954193115234375,132100
2015-07-02,13.069999694824219,13.140000343322754,13.0600004196167,13.0600004196167,7.954193115234375,89400
2015-07-06,13.09000015258789,13.149999618530273,13.09000015258789,13.130000114440918,7.996826171875,121200
2015-07-07,13.1899995803833,13.300000190734863,13.1899995803833,13.289999961853027,8.094271659851074,120000
2015-07-08,13.279999732971191,13.350000381469727,13.239999771118164,13.350000381469727,8.130818367004395,95200
2015-07-09,13.300000190734863,13.329999923706055,13.25,13.260000228881836,8.076004981994629,129500
2015-07-10,13.220000267028809,13.350000381469727,13.210000038146973,13.350000381469727,8.130818367004395,127400
2015-07-13,13.229999542236328,13.300000190734863,13.199999809265137,13.199999809265137,8.085487365722656,124300
2015-07-14,13.199999809265137,13.279999732971191,13.170000076293945,13.279999732971191,8.134493827819824,76600
2015-07-15,13.239999771118164,13.279999732971191,13.210000038146973,13.25,8.116114616394043,54300
2015-07-16,13.229999542236328,13.289999961853027,13.220000267028809,13.289999961853027,8.140619277954102,101400
2015-07-17,13.270000457763672,13.319999694824219,13.239999771118164,13.319999694824219,8.1589937210083,33900
2015-07-20,13.3100004196167,13.319999694824219,13.270000457763672,13.3100004196167,8.152868270874023,49600
2015-07-21,13.260000228881836,13.300000190734863,13.25,13.25,8.116114616394043,103300
2015-07-22,13.25,13.300000190734863,13.199999809265137,13.229999542236328,8.103863716125488,140500
2015-07-23,13.229999542236328,13.260000228881836,13.199999809265137,13.239999771118164,8.109989166259766,100600
2015-07-24,13.199999809265137,13.239999771118164,13.180000305175781,13.199999809265137,8.085487365722656,230500
2015-07-27,13.199999809265137,13.329999923706055,13.1899995803833,13.289999961853027,8.140619277954102,75900
2015-07-28,13.289999961853027,13.350000381469727,13.279999732971191,13.289999961853027,8.140619277954102,56300
2015-07-29,13.289999961853027,13.399999618530273,13.289999961853027,13.380000114440918,8.1957426071167,81400
2015-07-30,13.350000381469727,13.399999618530273,13.34000015258789,13.380000114440918,8.1957426071167,57800
2015-07-31,13.380000114440918,13.40999984741211,13.350000381469727,13.350000381469727,8.177371978759766,63300
2015-08-03,13.390000343322754,13.40999984741211,13.319999694824219,13.380000114440918,8.1957426071167,135800
2015-08-04,13.350000381469727,13.40999984741211,13.319999694824219,13.319999694824219,8.1589937210083,92100
2015-08-05,13.319999694824219,13.359999656677246,13.25,13.25,8.116114616394043,117100
2015-08-06,13.25,13.380000114440918,13.239999771118164,13.34000015258789,8.171243667602539,120900
2015-08-07,13.380000114440918,13.40999984741211,13.350000381469727,13.350000381469727,8.177371978759766,89400
2015-08-10,13.359999656677246,13.380000114440918,13.3100004196167,13.380000114440918,8.1957426071167,101800
2015-08-11,13.380000114440918,13.550000190734863,13.359999656677246,13.550000190734863,8.29987621307373,95700
2015-08-12,13.5600004196167,13.5600004196167,13.470000267028809,13.470000267028809,8.297412872314453,116300
2015-08-13,13.470000267028809,13.5,13.430000305175781,13.470000267028809,8.297412872314453,52500
2015-08-14,13.4399995803833,13.479999542236328,13.359999656677246,13.399999618530273,8.254292488098145,59800
2015-08-17,13.399999618530273,13.449999809265137,13.319999694824219,13.390000343322754,8.248133659362793,85200
2015-08-18,13.34000015258789,13.460000038146973,13.329999923706055,13.40999984741211,8.260457038879395,47700
2015-08-19,13.390000343322754,13.430000305175781,13.359999656677246,13.420000076293945,8.266613006591797,40200
2015-08-20,13.460000038146973,13.470000267028809,13.399999618530273,13.420000076293945,8.266613006591797,56900
2015-08-21,13.380000114440918,13.479999542236328,13.380000114440918,13.479999542236328,8.303570747375488,77600
2015-08-24,13.279999732971191,13.399999618530273,13.25,13.279999732971191,8.180376052856445,117700
2015-08-25,13.319999694824219,13.380000114440918,13.239999771118164,13.279999732971191,8.180376052856445,127500
2015-08-26,13.279999732971191,13.3100004196167,13.239999771118164,13.289999961853027,8.18653678894043,112000
2015-08-27,13.329999923706055,13.380000114440918,13.300000190734863,13.300000190734863,8.192695617675781,75600
2015-08-28,13.3100004196167,13.350000381469727,13.279999732971191,13.319999694824219,8.2050142288208,55400
2015-08-31,13.359999656677246,13.460000038146973,13.289999961853027,13.359999656677246,8.229656219482422,73900
2015-09-01,13.4399995803833,13.5,13.390000343322754,13.4399995803833,8.278937339782715,84800
2015-09-02,13.479999542236328,13.5,13.430000305175781,13.460000038146973,8.291254997253418,86800
2015-09-03,13.4399995803833,13.5,13.4399995803833,13.5,8.315896034240723,70100
2015-09-04,13.5,13.600000381469727,13.5,13.600000381469727,8.377492904663086,83000
2015-09-08,13.600000381469727,13.600000381469727,13.510000228881836,13.520000457763672,8.328213691711426,113300
2015-09-09,13.5,13.550000190734863,13.430000305175781,13.5,8.315896034240723,158900
2015-09-10,13.5,13.5600004196167,13.460000038146973,13.539999961853027,8.340537071228027,110900
2015-09-11,13.479999542236328,13.539999961853027,13.449999809265137,13.5,8.362834930419922,89100
2015-09-14,13.479999542236328,13.529999732971191,13.430000305175781,13.4399995803833,8.325668334960938,53200
2015-09-15,13.420000076293945,13.420000076293945,13.319999694824219,13.34000015258789,8.263716697692871,105700
2015-09-16,13.359999656677246,13.359999656677246,13.25,13.3100004196167,8.245137214660645,93100
2015-09-17,13.260000228881836,13.449999809265137,13.229999542236328,13.390000343322754,8.294690132141113,75400
2015-09-18,13.359999656677246,13.470000267028809,13.329999923706055,13.399999618530273,8.300886154174805,105900
2015-09-21,13.399999618530273,13.510000228881836,13.350000381469727,13.460000038146973,8.338056564331055,64400
2015-09-22,13.460000038146973,13.550000190734863,13.460000038146973,13.550000190734863,8.39380931854248,93400
2015-09-23,13.529999732971191,13.529999732971191,13.5,13.520000457763672,8.375222206115723,20900
2015-09-24,13.520000457763672,13.539999961853027,13.449999809265137,13.449999809265137,8.331860542297363,53500
2015-09-25,13.470000267028809,13.5,13.369999885559082,13.369999885559082,8.282301902770996,51000
2015-09-28,13.369999885559082,13.430000305175781,13.3100004196167,13.350000381469727,8.269915580749512,121300
2015-09-29,13.380000114440918,13.4399995803833,13.359999656677246,13.40999984741211,8.30708122253418,107000
2015-09-30,13.399999618530273,13.470000267028809,13.270000457763672,13.289999961853027,8.232751846313477,182400
2015-10-01,13.350000381469727,13.430000305175781,13.3100004196167,13.399999618530273,8.300886154174805,64700
2015-10-02,13.40999984741211,13.449999809265137,13.399999618530273,13.420000076293945,8.313276290893555,142900
2015-10-05,13.449999809265137,13.460000038146973,13.399999618530273,13.4399995803833,8.325668334960938,151700
2015-10-06,13.40999984741211,13.470000267028809,13.399999618530273,13.449999809265137,8.331860542297363,55300
2015-10-07,13.449999809265137,13.520000457763672,13.449999809265137,13.510000228881836,8.369029998779297,77100
2015-10-08,13.539999961853027,13.640000343322754,13.5,13.640000343322754,8.449555397033691,100100
2015-10-09,13.640000343322754,13.699999809265137,13.579999923706055,13.699999809265137,8.486726760864258,76300
2015-10-12,13.670000076293945,13.699999809265137,13.550000190734863,13.550000190734863,8.39380931854248,187600
2015-10-13,13.510000228881836,13.529999732971191,13.4399995803833,13.489999771118164,8.403773307800293,77800
2015-10-14,13.5,13.600000381469727,13.460000038146973,13.600000381469727,8.472299575805664,108100
2015-10-15,13.5600004196167,13.59000015258789,13.529999732971191,13.529999732971191,8.428696632385254,87800
2015-10-16,13.529999732971191,13.59000015258789,13.489999771118164,13.539999961853027,8.434922218322754,87400
2015-10-19,13.539999961853027,13.579999923706055,13.5,13.5,8.410001754760742,84500
2015-10-20,13.5,13.529999732971191,13.5,13.510000228881836,8.416232109069824,106100
2015-10-21,13.510000228881836,13.59000015258789,13.510000228881836,13.520000457763672,8.42246150970459,97900
2015-10-22,13.5600004196167,13.710000038146973,13.539999961853027,13.65999984741211,8.509675979614258,67800
2015-10-23,13.619999885559082,13.670000076293945,13.619999885559082,13.65999984741211,8.509675979614258,67500
2015-10-26,13.699999809265137,13.75,13.65999984741211,13.65999984741211,8.509675979614258,119600
2015-10-27,13.649999618530273,13.670000076293945,13.59000015258789,13.600000381469727,8.472299575805664,85000
2015-10-28,13.630000114440918,13.699999809265137,13.609999656677246,13.609999656677246,8.478533744812012,87300
2015-10-29,13.609999656677246,13.710000038146973,13.609999656677246,13.670000076293945,8.515905380249023,37000
2015-10-30,13.699999809265137,13.779999732971191,13.630000114440918,13.760000228881836,8.571976661682129,77100
2015-11-02,13.760000228881836,13.8100004196167,13.699999809265137,13.800000190734863,8.596892356872559,108200
2015-11-03,13.760000228881836,13.8100004196167,13.760000228881836,13.789999961853027,8.59066104888916,94500
2015-11-04,13.779999732971191,13.8100004196167,13.75,13.75,8.565742492675781,77600
2015-11-05,13.75,13.819999694824219,13.729999542236328,13.739999771118164,8.559515953063965,67400
2015-11-06,13.699999809265137,13.699999809265137,13.609999656677246,13.670000076293945,8.515905380249023,120300
2015-11-09,13.600000381469727,13.600000381469727,13.449999809265137,13.529999732971191,8.428696632385254,184700
2015-11-10,13.489999771118164,13.489999771118164,13.34000015258789,13.390000343322754,8.388596534729004,174100
2015-11-11,13.359999656677246,13.420000076293945,13.329999923706055,13.350000381469727,8.363539695739746,133200
2015-11-12,13.329999923706055,13.539999961853027,13.329999923706055,13.470000267028809,8.438712120056152,59300
2015-11-13,13.470000267028809,13.65999984741211,13.470000267028809,13.579999923706055,8.507630348205566,112600
2015-11-16,13.569999694824219,13.600000381469727,13.479999542236328,13.600000381469727,8.520156860351562,100700
2015-11-17,13.59000015258789,13.619999885559082,13.510000228881836,13.510000228881836,8.46377182006836,96300
2015-11-18,13.529999732971191,13.569999694824219,13.449999809265137,13.470000267028809,8.438712120056152,119300
2015-11-19,13.520000457763672,13.619999885559082,13.449999809265137,13.619999885559082,8.532687187194824,148400
2015-11-20,13.619999885559082,13.640000343322754,13.529999732971191,13.579999923706055,8.507630348205566,62800
2015-11-23,13.600000381469727,13.619999885559082,13.510000228881836,13.5600004196167,8.495100021362305,88600
2015-11-24,13.529999732971191,13.569999694824219,13.510000228881836,13.539999961853027,8.482571601867676,85400
2015-11-25,13.579999923706055,13.640000343322754,13.569999694824219,13.619999885559082,8.532687187194824,76700
2015-11-27,13.670000076293945,13.729999542236328,13.619999885559082,13.710000038146973,8.589073181152344,38400
2015-11-30,13.699999809265137,13.699999809265137,13.600000381469727,13.649999618530273,8.551483154296875,85100
2015-12-01,13.680000305175781,13.739999771118164,13.649999618530273,13.699999809265137,8.582810401916504,90500
2015-12-02,13.729999542236328,13.739999771118164,13.59000015258789,13.649999618530273,8.551483154296875,140600
2015-12-03,13.630000114440918,13.649999618530273,13.550000190734863,13.550000190734863,8.488840103149414,182800
2015-12-04,13.5600004196167,13.670000076293945,13.5600004196167,13.609999656677246,8.526424407958984,79900
2015-12-07,13.670000076293945,13.6899995803833,13.5600004196167,13.649999618530273,8.551483154296875,153200
2015-12-08,13.6899995803833,13.800000190734863,13.609999656677246,13.800000190734863,8.645453453063965,219600
2015-12-09,13.819999694824219,13.819999694824219,13.729999542236328,13.770000457763672,8.626663208007812,63800
2015-12-10,13.819999694824219,13.850000381469727,13.75,13.850000381469727,8.676782608032227,169800
2015-12-11,13.789999961853027,13.800000190734863,13.59000015258789,13.619999885559082,8.58537769317627,178500
2015-12-14,13.649999618530273,13.649999618530273,13.449999809265137,13.449999809265137,8.478217124938965,160000
2015-12-15,13.449999809265137,13.520000457763672,13.4399995803833,13.449999809265137,8.478217124938965,199900
2015-12-16,13.510000228881836,13.539999961853027,13.449999809265137,13.479999542236328,8.497129440307617,136900
2015-12-17,13.489999771118164,13.630000114440918,13.489999771118164,13.600000381469727,8.572771072387695,114200
2015-12-18,13.609999656677246,13.699999809265137,13.569999694824219,13.65999984741211,8.610591888427734,209300
2015-12-21,13.699999809265137,13.729999542236328,13.609999656677246,13.6899995803833,8.629502296447754,107300
2015-12-22,13.720000267028809,13.739999771118164,13.65999984741211,13.720000267028809,8.648415565490723,86800
2015-12-23,13.75,13.770000457763672,13.699999809265137,13.75,8.66732406616211,116300
2015-12-24,13.779999732971191,13.779999732971191,13.720000267028809,13.779999732971191,8.686238288879395,50300
2015-12-28,13.760000228881836,13.789999961853027,13.760000228881836,13.760000228881836,8.67363166809082,93000
2015-12-29,13.729999542236328,13.829999923706055,13.729999542236328,13.75,8.66732406616211,113700
2015-12-30,13.739999771118164,13.829999923706055,13.739999771118164,13.779999732971191,8.686238288879395,167600
2015-12-31,13.829999923706055,13.890000343322754,13.800000190734863,13.819999694824219,8.71144962310791,96900
2016-01-04,13.819999694824219,13.890000343322754,13.8100004196167,13.84000015258789,8.7240571975708,193500
2016-01-05,13.829999923706055,13.960000038146973,13.829999923706055,13.899999618530273,8.761874198913574,173200
2016-01-06,13.970000267028809,13.989999771118164,13.90999984741211,13.960000038146973,8.799697875976562,217500
2016-01-07,13.930000305175781,13.979999542236328,13.930000305175781,13.9399995803833,8.787091255187988,120000
2016-01-08,13.930000305175781,13.960000038146973,13.850000381469727,13.880000114440918,8.749271392822266,217100
2016-01-11,13.84000015258789,13.960000038146973,13.84000015258789,13.890000343322754,8.755573272705078,209200
2016-01-12,13.9399995803833,13.949999809265137,13.880000114440918,13.9399995803833,8.787091255187988,144800
2016-01-13,13.920000076293945,13.920000076293945,13.800000190734863,13.819999694824219,8.759204864501953,191700
2016-01-14,13.8100004196167,13.880000114440918,13.770000457763672,13.84000015258789,8.771879196166992,137700
2016-01-15,13.850000381469727,13.890000343322754,13.8100004196167,13.850000381469727,8.778219223022461,58200
2016-01-19,13.920000076293945,13.9399995803833,13.75,13.75,8.714838981628418,165800
2016-01-20,13.850000381469727,13.850000381469727,13.619999885559082,13.6899995803833,8.676804542541504,165700
2016-01-21,13.6899995803833,13.75,13.640000343322754,13.710000038146973,8.689485549926758,117600
2016-01-22,13.739999771118164,13.850000381469727,13.670000076293945,13.850000381469727,8.778219223022461,80500
2016-01-25,13.84000015258789,13.850000381469727,13.779999732971191,13.779999732971191,8.73385238647461,99800
2016-01-26,13.770000457763672,13.850000381469727,13.75,13.850000381469727,8.778219223022461,150600
2016-01-27,13.90999984741211,13.90999984741211,13.800000190734863,13.819999694824219,8.759204864501953,105400
2016-01-28,13.800000190734863,13.859999656677246,13.800000190734863,13.850000381469727,8.778219223022461,68400
2016-01-29,13.869999885559082,13.960000038146973,13.84000015258789,13.869999885559082,8.79089069366455,177100
2016-02-01,13.869999885559082,14.010000228881836,13.869999885559082,13.979999542236328,8.860611915588379,277100
2016-02-02,13.960000038146973,14.010000228881836,13.930000305175781,13.949999809265137,8.841601371765137,190100
2016-02-03,13.920000076293945,13.989999771118164,13.90999984741211,13.90999984741211,8.816241264343262,132500
2016-02-04,13.949999809265137,13.989999771118164,13.930000305175781,13.970000267028809,8.854276657104492,118300
2016-02-05,14.0,14.0,13.90999984741211,13.979999542236328,8.860611915588379,118900
2016-02-08,14.029999732971191,14.029999732971191,13.920000076293945,13.970000267028809,8.854276657104492,214300
2016-02-09,13.979999542236328,13.979999542236328,13.9399995803833,13.960000038146973,8.847936630249023,163900
2016-02-10,13.90999984741211,13.960000038146973,13.890000343322754,13.930000305175781,8.877250671386719,157200
2016-02-11,13.9399995803833,13.989999771118164,13.880000114440918,13.880000114440918,8.845389366149902,284100
2016-02-12,13.880000114440918,13.970000267028809,13.84000015258789,13.859999656677246,8.83263874053955,165100
2016-02-16,13.819999694824219,13.850000381469727,13.760000228881836,13.760000228881836,8.768917083740234,148200
2016-02-17,13.8100004196167,13.90999984741211,13.760000228881836,13.789999961853027,8.788031578063965,189300
2016-02-18,13.859999656677246,13.880000114440918,13.819999694824219,13.84000015258789,8.81989574432373,110600
2016-02-19,13.880000114440918,13.880000114440918,13.8100004196167,13.8100004196167,8.800780296325684,100700
2016-02-22,13.84000015258789,13.869999885559082,13.8100004196167,13.829999923706055,8.813522338867188,80400
2016-02-23,13.850000381469727,13.920000076293945,13.84000015258789,13.890000343322754,8.851760864257812,103000
2016-02-24,13.9399995803833,13.949999809265137,13.890000343322754,13.899999618530273,8.858132362365723,99300
2016-02-25,13.90999984741211,13.970000267028809,13.890000343322754,13.899999618530273,8.858132362365723,219400
2016-02-26,13.930000305175781,13.949999809265137,13.869999885559082,13.869999885559082,8.839014053344727,135900
2016-02-29,13.920000076293945,13.949999809265137,13.890000343322754,13.899999618530273,8.858132362365723,129600
2016-03-01,13.930000305175781,13.970000267028809,13.890000343322754,13.899999618530273,8.858132362365723,220900
2016-03-02,13.90999984741211,13.920000076293945,13.8100004196167,13.850000381469727,8.826271057128906,393000
2016-03-03,13.859999656677246,13.920000076293945,13.859999656677246,13.920000076293945,8.870882987976074,139900
2016-03-04,13.920000076293945,13.930000305175781,13.869999885559082,13.880000114440918,8.845389366149902,183000
2016-03-07,13.899999618530273,13.9399995803833,13.869999885559082,13.920000076293945,8.870882987976074,203900
2016-03-08,13.920000076293945,13.9399995803833,13.880000114440918,13.9399995803833,8.883623123168945,149700
2016-03-09,13.9399995803833,13.960000038146973,13.899999618530273,13.9399995803833,8.883623123168945,195800
2016-03-10,13.970000267028809,13.979999542236328,13.9399995803833,13.970000267028809,8.902741432189941,151600
2016-03-11,13.890000343322754,13.930000305175781,13.869999885559082,13.869999885559082,8.88736629486084,153500
2016-03-14,13.880000114440918,13.890000343322754,13.859999656677246,13.880000114440918,8.893771171569824,152500
2016-03-15,13.880000114440918,13.890000343322754,13.869999885559082,13.869999885559082,8.88736629486084,143800
2016-03-16,13.899999618530273,13.949999809265137,13.869999885559082,13.949999809265137,8.938627243041992,93600
2016-03-17,13.970000267028809,13.989999771118164,13.9399995803833,13.949999809265137,8.938627243041992,149200
2016-03-18,13.949999809265137,13.979999542236328,13.9399995803833,13.9399995803833,8.932218551635742,84400
2016-03-21,13.970000267028809,13.989999771118164,13.960000038146973,13.989999771118164,8.964255332946777,92900
2016-03-22,14.0,14.020000457763672,14.0,14.020000457763672,8.983481407165527,206400
2016-03-23,14.039999961853027,14.0600004196167,14.010000228881836,14.029999732971191,8.989889144897461,137800
2016-03-24,14.069999694824219,14.09000015258789,13.970000267028809,13.970000267028809,8.951437950134277,242900
2016-03-28,14.0600004196167,14.0600004196167,13.979999542236328,14.0,8.970666885375977,110800
2016-03-29,13.970000267028809,14.029999732971191,13.960000038146973,13.970000267028809,8.951437950134277,391400
2016-03-30,13.949999809265137,14.020000457763672,13.949999809265137,13.960000038146973,8.94503402709961,288600
2016-03-31,14.020000457763672,14.029999732971191,13.970000267028809,13.979999542236328,8.95784854888916,512900
2016-04-01,14.039999961853027,14.050000190734863,14.0,14.050000190734863,9.002700805664062,161200
2016-04-04,14.050000190734863,14.0600004196167,14.020000457763672,14.050000190734863,9.002700805664062,357000
2016-04-05,14.0600004196167,14.079999923706055,14.039999961853027,14.069999694824219,9.015514373779297,358100
2016-04-06,14.100000381469727,14.149999618530273,14.0600004196167,14.069999694824219,9.015514373779297,338600
2016-04-07,14.0600004196167,14.100000381469727,14.050000190734863,14.0600004196167,9.009112358093262,199500
2016-04-08,14.149999618530273,14.149999618530273,14.079999923706055,14.109999656677246,9.041147232055664,165000
2016-04-11,14.119999885559082,14.15999984741211,14.079999923706055,14.079999923706055,9.021927833557129,209700
2016-04-12,14.140000343322754,14.180000305175781,14.100000381469727,14.180000305175781,9.086002349853516,211300
2016-04-13,14.130000114440918,14.149999618530273,14.0600004196167,14.140000343322754,9.10919189453125,176000
2016-04-14,14.09000015258789,14.15999984741211,14.09000015258789,14.130000114440918,9.10274887084961,237500
2016-04-15,14.130000114440918,14.140000343322754,14.079999923706055,14.100000381469727,9.083425521850586,217300
2016-04-18,14.140000343322754,14.180000305175781,14.109999656677246,14.180000305175781,9.134961128234863,200800
2016-04-19,14.1899995803833,14.1899995803833,14.140000343322754,14.140000343322754,9.10919189453125,285900
2016-04-20,14.1899995803833,14.260000228881836,14.140000343322754,14.170000076293945,9.12851619720459,394600
2016-04-21,14.210000038146973,14.220000267028809,14.130000114440918,14.170000076293945,9.12851619720459,270300
2016-04-22,14.1899995803833,14.210000038146973,14.15999984741211,14.180000305175781,9.134961128234863,169300
2016-04-25,14.180000305175781,14.1899995803833,14.119999885559082,14.130000114440918,9.10274887084961,186300
2016-04-26,14.170000076293945,14.170000076293945,14.119999885559082,14.140000343322754,9.10919189453125,266200
2016-04-27,14.170000076293945,14.180000305175781,14.119999885559082,14.140000343322754,9.10919189453125,298800
2016-04-28,14.170000076293945,14.170000076293945,14.119999885559082,14.130000114440918,9.10274887084961,225100
2016-04-29,14.170000076293945,14.170000076293945,14.119999885559082,14.140000343322754,9.10919189453125,189600
2016-05-02,14.140000343322754,14.15999984741211,14.100000381469727,14.100000381469727,9.083425521850586,357100
2016-05-03,14.100000381469727,14.140000343322754,14.09000015258789,14.119999885559082,9.096306800842285,395000
2016-05-04,14.119999885559082,14.119999885559082,14.09000015258789,14.119999885559082,9.096306800842285,222100
2016-05-05,14.100000381469727,14.170000076293945,14.100000381469727,14.15999984741211,9.122074127197266,412100
2016-05-06,14.15999984741211,14.170000076293945,14.130000114440918,14.170000076293945,9.12851619720459,235800
2016-05-09,14.170000076293945,14.1899995803833,14.140000343322754,14.1899995803833,9.141406059265137,192100
2016-05-10,14.180000305175781,14.199999809265137,14.149999618530273,14.149999618530273,9.115635871887207,206600
2016-05-11,14.140000343322754,14.180000305175781,14.09000015258789,14.180000305175781,9.184292793273926,265800
2016-05-12,14.1899995803833,14.1899995803833,14.119999885559082,14.119999885559082,9.145428657531738,256000
2016-05-13,14.180000305175781,14.180000305175781,14.140000343322754,14.149999618530273,9.164854049682617,260900
2016-05-16,14.180000305175781,14.180000305175781,14.130000114440918,14.140000343322754,9.158379554748535,221900
2016-05-17,14.170000076293945,14.170000076293945,14.119999885559082,14.140000343322754,9.158379554748535,296600
2016-05-18,14.15999984741211,14.15999984741211,14.09000015258789,14.09000015258789,9.125996589660645,211700
2016-05-19,14.079999923706055,14.130000114440918,13.949999809265137,14.050000190734863,9.100088119506836,576100
2016-05-20,14.09000015258789,14.100000381469727,14.020000457763672,14.039999961853027,9.09361457824707,178200
2016-05-23,14.09000015258789,14.149999618530273,14.069999694824219,14.09000015258789,9.125996589660645,236500
2016-05-24,14.050000190734863,14.119999885559082,14.050000190734863,14.100000381469727,9.132473945617676,178300
2016-05-25,14.119999885559082,14.149999618530273,14.050000190734863,14.09000015258789,9.125996589660645,419600
2016-05-26,14.130000114440918,14.15999984741211,14.09000015258789,14.130000114440918,9.151904106140137,231100
2016-05-27,14.130000114440918,14.130000114440918,14.0600004196167,14.0600004196167,9.106568336486816,189600
2016-05-31,14.0600004196167,14.09000015258789,14.029999732971191,14.0600004196167,9.106568336486816,223000
2016-06-01,14.100000381469727,14.130000114440918,14.069999694824219,14.119999885559082,9.145428657531738,228600
2016-06-02,14.109999656677246,14.149999618530273,14.079999923706055,14.149999618530273,9.164854049682617,152400
2016-06-03,14.180000305175781,14.34000015258789,14.180000305175781,14.220000267028809,9.210197448730469,346600
2016-06-06,14.300000190734863,14.3100004196167,14.210000038146973,14.229999542236328,9.216672897338867,227500
2016-06-07,14.229999542236328,14.300000190734863,14.229999542236328,14.260000228881836,9.23610782623291,124100
2016-06-08,14.260000228881836,14.380000114440918,14.25,14.380000114440918,9.313830375671387,164900
2016-06-09,14.4399995803833,14.449999809265137,14.3100004196167,14.359999656677246,9.300874710083008,169700
2016-06-10,14.399999618530273,14.5,14.359999656677246,14.5,9.39155101776123,161200
2016-06-13,14.470000267028809,14.470000267028809,14.350000381469727,14.430000305175781,9.395459175109863,122900
2016-06-14,14.449999809265137,14.489999771118164,14.380000114440918,14.380000114440918,9.36290168762207,117400
2016-06-15,14.470000267028809,14.489999771118164,14.390000343322754,14.399999618530273,9.37592601776123,139900
2016-06-16,14.470000267028809,14.619999885559082,14.4399995803833,14.569999694824219,9.486618041992188,169900
2016-06-17,14.600000381469727,14.630000114440918,14.539999961853027,14.550000190734863,9.473587989807129,167500
2016-06-20,14.5600004196167,14.619999885559082,14.5,14.550000190734863,9.473587989807129,128800
2016-06-21,14.59000015258789,14.670000076293945,14.510000228881836,14.670000076293945,9.55172348022461,225600
2016-06-22,14.680000305175781,14.770000457763672,14.649999618530273,14.720000267028809,9.58427619934082,185900
2016-06-23,14.699999809265137,14.75,14.680000305175781,14.75,9.603812217712402,129300
2016-06-24,14.880000114440918,14.899999618530273,14.739999771118164,14.899999618530273,9.701476097106934,252700
2016-06-27,14.899999618530273,14.949999809265137,14.789999961853027,14.800000190734863,9.636366844177246,158300
2016-06-28,14.890000343322754,14.899999618530273,14.800000190734863,14.850000381469727,9.668924331665039,112700
2016-06-29,14.800000190734863,14.949999809265137,14.800000190734863,14.90999984741211,9.707986831665039,233200
2016-06-30,14.90999984741211,14.9399995803833,14.859999656677246,14.869999885559082,9.681947708129883,176100
2016-07-01,14.9399995803833,14.979999542236328,14.920000076293945,14.9399995803833,9.72752571105957,290100
2016-07-05,15.050000190734863,15.09000015258789,15.0,15.050000190734863,9.799144744873047,226900
2016-07-06,15.069999694824219,15.119999885559082,15.029999732971191,15.0600004196167,9.805652618408203,178100
2016-07-07,15.109999656677246,15.3100004196167,15.100000381469727,15.3100004196167,9.968428611755371,279100
2016-07-08,15.34000015258789,15.34000015258789,15.210000038146973,15.329999923706055,9.981452941894531,156300
2016-07-11,15.380000114440918,15.420000076293945,15.130000114440918,15.210000038146973,9.903321266174316,400600
2016-07-12,15.279999732971191,15.279999732971191,14.9399995803833,14.960000038146973,9.740547180175781,663000
2016-07-13,14.890000343322754,14.9399995803833,14.670000076293945,14.680000305175781,9.607041358947754,525800
2016-07-14,14.640000343322754,14.710000038146973,14.260000228881836,14.359999656677246,9.397622108459473,906100
2016-07-15,14.359999656677246,14.770000457763672,14.3100004196167,14.770000457763672,9.665940284729004,255900
2016-07-18,14.84000015258789,14.899999618530273,14.729999542236328,14.869999885559082,9.731383323669434,164800
2016-07-19,14.869999885559082,14.899999618530273,14.729999542236328,14.789999961853027,9.679024696350098,149900
2016-07-20,14.800000190734863,14.850000381469727,14.789999961853027,14.850000381469727,9.718294143676758,108100
2016-07-21,14.850000381469727,14.899999618530273,14.829999923706055,14.899999618530273,9.75101375579834,152000
2016-07-22,14.899999618530273,14.989999771118164,14.819999694824219,14.930000305175781,9.770647048950195,91800
2016-07-25,14.979999542236328,15.020000457763672,14.9399995803833,14.970000267028809,9.796821594238281,91100
2016-07-26,14.979999542236328,15.0,14.829999923706055,14.90999984741211,9.75755786895752,125800
2016-07-27,14.949999809265137,15.020000457763672,14.90999984741211,14.989999771118164,9.809914588928223,127700
2016-07-28,15.0,15.029999732971191,14.84000015258789,14.90999984741211,9.75755786895752,160900
2016-07-29,14.9399995803833,14.989999771118164,14.90999984741211,14.930000305175781,9.770647048950195,142700
2016-08-01,14.970000267028809,15.029999732971191,14.930000305175781,15.0,9.81645679473877,160500
2016-08-02,14.960000038146973,14.989999771118164,14.899999618530273,14.960000038146973,9.790283203125,119800
2016-08-03,14.960000038146973,15.130000114440918,14.9399995803833,15.130000114440918,9.90153694152832,172100
2016-08-04,15.109999656677246,15.15999984741211,15.050000190734863,15.100000381469727,9.881900787353516,110700
2016-08-05,15.130000114440918,15.130000114440918,15.0600004196167,15.0600004196167,9.85572338104248,72200
2016-08-08,15.109999656677246,15.119999885559082,15.0600004196167,15.119999885559082,9.894989967346191,111800
2016-08-09,15.079999923706055,15.149999618530273,15.020000457763672,15.09000015258789,9.875359535217285,151800
2016-08-10,15.130000114440918,15.149999618530273,15.100000381469727,15.149999618530273,9.91462230682373,92500
2016-08-11,15.020000457763672,15.170000076293945,15.020000457763672,15.039999961853027,9.892264366149902,139500
2016-08-12,15.069999694824219,15.140000343322754,15.069999694824219,15.140000343322754,9.958033561706543,100400
2016-08-15,15.109999656677246,15.109999656677246,15.050000190734863,15.0600004196167,9.905413627624512,122700
2016-08-16,15.09000015258789,15.100000381469727,15.020000457763672,15.079999923706055,9.918567657470703,107500
2016-08-17,15.09000015258789,15.119999885559082,15.029999732971191,15.079999923706055,9.918567657470703,128800
2016-08-18,15.079999923706055,15.1899995803833,15.079999923706055,15.140000343322754,9.958033561706543,97300
2016-08-19,15.140000343322754,15.1899995803833,15.100000381469727,15.140000343322754,9.958033561706543,109100
2016-08-22,15.140000343322754,15.1899995803833,15.130000114440918,15.170000076293945,9.977765083312988,75700
2016-08-23,15.170000076293945,15.180000305175781,15.140000343322754,15.15999984741211,9.971186637878418,58400
2016-08-24,15.15999984741211,15.239999771118164,15.149999618530273,15.15999984741211,9.971186637878418,98300
2016-08-25,15.229999542236328,15.229999542236328,15.100000381469727,15.100000381469727,9.931722640991211,120100
2016-08-26,15.09000015258789,15.130000114440918,15.0,15.0,9.865945816040039,183600
2016-08-29,15.010000228881836,15.069999694824219,15.0,15.039999961853027,9.892264366149902,89200
2016-08-30,15.039999961853027,15.09000015258789,15.020000457763672,15.020000457763672,9.879103660583496,102700
2016-08-31,15.0600004196167,15.119999885559082,15.029999732971191,15.119999885559082,9.944878578186035,151900
2016-09-01,15.069999694824219,15.140000343322754,15.050000190734863,15.069999694824219,9.91199016571045,131100
2016-09-02,15.029999732971191,15.09000015258789,15.020000457763672,15.039999961853027,9.892264366149902,131400
2016-09-06,15.050000190734863,15.100000381469727,14.960000038146973,14.970000267028809,9.84621524810791,231900
2016-09-07,14.979999542236328,14.989999771118164,14.819999694824219,14.819999694824219,9.747560501098633,197200
2016-09-08,14.859999656677246,14.859999656677246,14.760000228881836,14.800000190734863,9.734406471252441,193100
2016-09-09,14.760000228881836,14.760000228881836,14.510000228881836,14.529999732971191,9.556821823120117,337700
2016-09-12,14.5,14.550000190734863,14.399999618530273,14.529999732971191,9.556821823120117,275400
2016-09-13,14.380000114440918,14.489999771118164,14.260000228881836,14.289999961853027,9.44446086883545,227800
2016-09-14,14.3100004196167,14.479999542236328,14.25,14.4399995803833,9.543600082397461,189700
2016-09-15,14.380000114440918,14.520000457763672,14.359999656677246,14.40999984741211,9.523772239685059,123700
2016-09-16,14.399999618530273,14.4399995803833,14.25,14.319999694824219,9.464288711547852,228800
2016-09-19,14.350000381469727,14.390000343322754,14.319999694824219,14.369999885559082,9.497333526611328,63900
2016-09-20,14.399999618530273,14.420000076293945,14.359999656677246,14.390000343322754,9.510554313659668,105300
2016-09-21,14.399999618530273,14.460000038146973,14.329999923706055,14.460000038146973,9.556818008422852,70300
2016-09-22,14.539999961853027,14.609999656677246,14.520000457763672,14.5600004196167,9.622913360595703,140200
2016-09-23,14.5600004196167,14.600000381469727,14.479999542236328,14.529999732971191,9.6030855178833,132500
2016-09-26,14.600000381469727,14.619999885559082,14.520000457763672,14.569999694824219,9.629521369934082,139500
2016-09-27,14.59000015258789,14.619999885559082,14.539999961853027,14.550000190734863,9.616299629211426,121600
2016-09-28,14.59000015258789,14.670000076293945,14.59000015258789,14.670000076293945,9.695611000061035,109500
2016-09-29,14.619999885559082,14.619999885559082,14.449999809265137,14.460000038146973,9.556818008422852,176600
2016-09-30,14.529999732971191,14.569999694824219,14.479999542236328,14.510000228881836,9.589861869812012,144500
2016-10-03,14.539999961853027,14.609999656677246,14.4399995803833,14.470000267028809,9.56342887878418,213100
2016-10-04,14.479999542236328,14.479999542236328,14.3100004196167,14.319999694824219,9.464288711547852,183200
2016-10-05,14.319999694824219,14.329999923706055,14.199999809265137,14.210000038146973,9.391590118408203,201400
2016-10-06,14.199999809265137,14.220000267028809,14.0600004196167,14.130000114440918,9.338715553283691,167100
2016-10-07,14.140000343322754,14.180000305175781,14.010000228881836,14.039999961853027,9.27923583984375,188400
2016-10-10,14.039999961853027,14.119999885559082,14.020000457763672,14.050000190734863,9.285842895507812,205800
2016-10-11,14.050000190734863,14.100000381469727,14.020000457763672,14.020000457763672,9.26601791381836,120100
2016-10-12,13.949999809265137,13.960000038146973,13.680000305175781,13.789999961853027,9.159738540649414,623600
2016-10-13,13.770000457763672,13.770000457763672,13.460000038146973,13.539999961853027,8.993682861328125,528100
2016-10-14,13.5,13.609999656677246,13.359999656677246,13.40999984741211,8.907330513000488,427100
2016-10-17,13.380000114440918,13.4399995803833,13.1899995803833,13.239999771118164,8.794411659240723,414800
2016-10-18,13.3100004196167,13.40999984741211,13.210000038146973,13.329999923706055,8.854193687438965,468100
2016-10-19,13.399999618530273,13.569999694824219,13.380000114440918,13.569999694824219,9.013605117797852,265400
2016-10-20,13.670000076293945,13.710000038146973,13.5600004196167,13.640000343322754,9.060101509094238,201300
2016-10-21,13.699999809265137,13.720000267028809,13.649999618530273,13.710000038146973,9.106597900390625,122200
2016-10-24,13.699999809265137,13.739999771118164,13.680000305175781,13.729999542236328,9.119882583618164,138200
2016-10-25,13.779999732971191,13.779999732971191,13.680000305175781,13.720000267028809,9.113245010375977,209600
2016-10-26,13.699999809265137,13.710000038146973,13.609999656677246,13.640000343322754,9.060101509094238,183300
2016-10-27,13.59000015258789,13.630000114440918,13.460000038146973,13.5,8.967116355895996,150200
2016-10-28,13.399999618530273,13.479999542236328,13.279999732971191,13.350000381469727,8.867480278015137,337300
2016-10-31,13.34000015258789,13.369999885559082,13.300000190734863,13.319999694824219,8.847546577453613,246500
2016-11-01,13.289999961853027,13.4399995803833,13.210000038146973,13.399999618530273,8.900687217712402,226900
2016-11-02,13.4399995803833,13.489999771118164,13.390000343322754,13.460000038146973,8.940544128417969,156200
2016-11-03,13.449999809265137,13.479999542236328,13.4399995803833,13.479999542236328,8.953829765319824,145900
2016-11-04,13.470000267028809,13.5,13.460000038146973,13.460000038146973,8.940544128417969,99600
2016-11-07,13.460000038146973,13.529999732971191,13.449999809265137,13.449999809265137,8.93389892578125,130900
2016-11-08,13.479999542236328,13.539999961853027,13.479999542236328,13.529999732971191,8.987035751342773,113400
2016-11-09,13.449999809265137,13.579999923706055,13.350000381469727,13.489999771118164,8.960468292236328,497900
2016-11-10,13.399999618530273,13.40999984741211,13.149999618530273,13.229999542236328,8.833608627319336,604200
2016-11-11,13.199999809265137,13.220000267028809,13.0600004196167,13.119999885559082,8.760159492492676,345200
2016-11-14,13.100000381469727,13.140000343322754,12.819999694824219,12.930000305175781,8.63330078125,633100
2016-11-15,12.970000267028809,13.149999618530273,12.899999618530273,13.0600004196167,8.720096588134766,479500
2016-11-16,13.119999885559082,13.170000076293945,13.039999961853027,13.050000190734863,8.713421821594238,168100
2016-11-17,13.010000228881836,13.09000015258789,12.949999809265137,12.960000038146973,8.653328895568848,289900
2016-11-18,12.920000076293945,13.010000228881836,12.84000015258789,12.869999885559082,8.59323787689209,216800
2016-11-21,12.869999885559082,13.039999961853027,12.859999656677246,13.0,8.680037498474121,223600
2016-11-22,13.0600004196167,13.130000114440918,13.010000228881836,13.100000381469727,8.746808052062988,227900
2016-11-23,12.890000343322754,12.970000267028809,12.850000381469727,12.9399995803833,8.639975547790527,257600
2016-11-25,12.90999984741211,12.9399995803833,12.859999656677246,12.869999885559082,8.59323787689209,155200
2016-11-28,12.949999809265137,13.0,12.890000343322754,12.930000305175781,8.63330078125,218200
2016-11-29,12.960000038146973,12.960000038146973,12.899999618530273,12.960000038146973,8.653328895568848,79400
2016-11-30,12.859999656677246,12.880000114440918,12.760000228881836,12.8100004196167,8.553175926208496,320600
2016-12-01,12.770000457763672,12.800000190734863,12.699999809265137,12.699999809265137,8.479728698730469,206500
2016-12-02,12.699999809265137,12.859999656677246,12.649999618530273,12.789999961853027,8.539820671081543,319900
2016-12-05,12.819999694824219,12.819999694824219,12.710000038146973,12.779999732971191,8.533143043518066,262800
2016-12-06,12.770000457763672,12.819999694824219,12.739999771118164,12.8100004196167,8.553175926208496,223500
2016-12-07,12.84000015258789,12.970000267028809,12.84000015258789,12.90999984741211,8.619943618774414,388900
2016-12-08,12.899999618530273,13.0,12.850000381469727,12.9399995803833,8.639975547790527,315700
2016-12-09,12.899999618530273,12.949999809265137,12.789999961853027,12.890000343322754,8.606589317321777,223600
2016-12-12,12.819999694824219,12.850000381469727,12.800000190734863,12.850000381469727,8.57988452911377,223900
2016-12-13,12.800000190734863,12.850000381469727,12.720000267028809,12.850000381469727,8.628902435302734,186100
2016-12-14,12.869999885559082,12.920000076293945,12.779999732971191,12.819999694824219,8.608753204345703,225700
2016-12-15,12.779999732971191,12.789999961853027,12.6899995803833,12.770000457763672,8.57518482208252,251600
2016-12-16,12.729999542236328,12.789999961853027,12.6899995803833,12.739999771118164,8.555036544799805,223800
2016-12-19,12.729999542236328,12.819999694824219,12.699999809265137,12.710000038146973,8.534894943237305,447400
2016-12-20,12.640000343322754,12.710000038146973,12.640000343322754,12.699999809265137,8.528179168701172,323300
2016-12-21,12.65999984741211,12.760000228881836,12.65999984741211,12.720000267028809,8.541608810424805,257400
2016-12-22,12.720000267028809,12.789999961853027,12.6899995803833,12.779999732971191,8.581892967224121,316200
2016-12-23,12.800000190734863,12.8100004196167,12.739999771118164,12.739999771118164,8.555036544799805,198300
2016-12-27,12.710000038146973,12.75,12.680000305175781,12.699999809265137,8.528179168701172,429400
2016-12-28,12.699999809265137,12.75,12.670000076293945,12.75,8.561752319335938,167300
2016-12-29,12.760000228881836,12.8100004196167,12.720000267028809,12.739999771118164,8.555036544799805,360100
2016-12-30,12.75,12.819999694824219,12.75,12.8100004196167,8.602043151855469,276900
2017-01-03,12.8100004196167,12.869999885559082,12.75,12.859999656677246,8.635614395141602,234600
2017-01-04,12.869999885559082,12.899999618530273,12.829999923706055,12.829999923706055,8.615474700927734,274300
2017-01-05,12.880000114440918,12.960000038146973,12.880000114440918,12.949999809265137,8.696051597595215,172700
2017-01-06,12.930000305175781,12.949999809265137,12.869999885559082,12.90999984741211,8.669190406799316,197700
2017-01-09,12.949999809265137,13.109999656677246,12.850000381469727,12.949999809265137,8.696051597595215,419600
2017-01-10,12.970000267028809,13.020000457763672,12.949999809265137,12.970000267028809,8.709482192993164,280600
2017-01-11,12.930000305175781,13.029999732971191,12.90999984741211,12.989999771118164,8.768888473510742,171000
2017-01-12,13.050000190734863,13.109999656677246,13.039999961853027,13.079999923706055,8.829646110534668,197000
2017-01-13,13.069999694824219,13.09000015258789,13.010000228881836,13.079999923706055,8.829646110534668,144600
2017-01-17,13.119999885559082,13.140000343322754,13.029999732971191,13.029999732971191,8.795889854431152,244900
2017-01-18,13.029999732971191,13.119999885559082,13.029999732971191,13.100000381469727,8.843145370483398,140500
2017-01-19,13.079999923706055,13.109999656677246,13.029999732971191,13.09000015258789,8.836392402648926,122400
2017-01-20,13.079999923706055,13.079999923706055,12.989999771118164,13.039999961853027,8.802640914916992,211400
2017-01-23,13.039999961853027,13.109999656677246,13.039999961853027,13.050000190734863,8.809389114379883,171400
2017-01-24,13.069999694824219,13.09000015258789,13.0,13.010000228881836,8.78238582611084,140900
2017-01-25,13.0,13.020000457763672,12.970000267028809,12.989999771118164,8.768888473510742,195800
2017-01-26,13.0,13.100000381469727,13.0,13.100000381469727,8.843145370483398,227000
2017-01-27,13.079999923706055,13.109999656677246,13.039999961853027,13.0600004196167,8.816140174865723,169000
2017-01-30,13.039999961853027,13.0600004196167,13.020000457763672,13.029999732971191,8.795889854431152,99800
2017-01-31,13.029999732971191,13.069999694824219,13.0,13.029999732971191,8.795889854431152,233200
2017-02-01,13.010000228881836,13.039999961853027,13.0,13.020000457763672,8.789138793945312,136600
2017-02-02,13.069999694824219,13.069999694824219,13.020000457763672,13.029999732971191,8.795889854431152,177200
2017-02-03,13.039999961853027,13.069999694824219,13.029999732971191,13.029999732971191,8.795889854431152,132600
2017-02-06,13.0600004196167,13.069999694824219,13.029999732971191,13.029999732971191,8.795889854431152,229200
2017-02-07,13.0600004196167,13.130000114440918,13.050000190734863,13.130000114440918,8.863396644592285,164300
2017-02-08,13.149999618530273,13.170000076293945,13.130000114440918,13.15999984741211,8.883648872375488,132100
2017-02-09,13.149999618530273,13.149999618530273,13.100000381469727,13.119999885559082,8.856644630432129,165300
2017-02-10,13.109999656677246,13.130000114440918,13.09000015258789,13.109999656677246,8.849897384643555,93200
2017-02-13,13.079999923706055,13.100000381469727,13.050000190734863,13.09000015258789,8.882464408874512,157200
2017-02-14,13.09000015258789,13.100000381469727,13.0,13.0,8.82139778137207,162000
2017-02-15,12.989999771118164,13.039999961853027,12.979999542236328,12.979999542236328,8.807823181152344,259700
2017-02-16,12.979999542236328,13.0,12.949999809265137,12.949999809265137,8.787466049194336,241800
2017-02-17,12.970000267028809,12.989999771118164,12.920000076293945,12.930000305175781,8.773892402648926,166700
2017-02-21,12.930000305175781,13.039999961853027,12.930000305175781,13.020000457763672,8.834967613220215,164800
2017-02-22,12.989999771118164,13.050000190734863,12.989999771118164,13.020000457763672,8.834967613220215,119400
2017-02-23,13.079999923706055,13.109999656677246,13.029999732971191,13.09000015258789,8.882464408874512,126600
2017-02-24,13.130000114440918,13.130000114440918,13.079999923706055,13.130000114440918,8.909608840942383,143400
2017-02-27,13.130000114440918,13.130000114440918,13.010000228881836,13.020000457763672,8.834967613220215,152900
2017-02-28,13.0600004196167,13.130000114440918,13.020000457763672,13.130000114440918,8.909608840942383,153300
2017-03-01,13.050000190734863,13.119999885559082,13.039999961853027,13.100000381469727,8.88925552368164,106400
2017-03-02,13.050000190734863,13.079999923706055,13.020000457763672,13.020000457763672,8.834967613220215,144200
2017-03-03,13.069999694824219,13.09000015258789,13.0,13.09000015258789,8.882464408874512,132800
2017-03-06,13.039999961853027,13.050000190734863,12.979999542236328,13.010000228881836,8.828178405761719,149900
2017-03-07,13.010000228881836,13.0600004196167,13.010000228881836,13.0600004196167,8.862106323242188,89900
2017-03-08,13.039999961853027,13.0600004196167,13.010000228881836,13.029999732971191,8.841751098632812,277700
2017-03-09,13.029999732971191,13.029999732971191,12.819999694824219,12.899999618530273,8.753536224365234,258200
2017-03-10,12.869999885559082,12.920000076293945,12.819999694824219,12.899999618530273,8.753536224365234,221400
2017-03-13,12.869999885559082,12.869999885559082,12.75,12.800000190734863,8.731709480285645,169000
2017-03-14,12.800000190734863,12.800000190734863,12.720000267028809,12.729999542236328,8.68395709991455,142200
2017-03-15,12.729999542236328,12.930000305175781,12.729999542236328,12.880000114440918,8.786280632019043,135300
2017-03-16,12.899999618530273,12.989999771118164,12.84000015258789,12.960000038146973,8.840853691101074,170700
2017-03-17,12.979999542236328,12.979999542236328,12.930000305175781,12.9399995803833,8.82720947265625,65700
2017-03-20,12.970000267028809,13.029999732971191,12.9399995803833,13.0,8.86813735961914,217400
2017-03-21,13.010000228881836,13.050000190734863,12.989999771118164,13.010000228881836,8.874959945678711,141900
2017-03-22,13.029999732971191,13.050000190734863,13.0,13.0,8.86813735961914,136500
2017-03-23,13.020000457763672,13.029999732971191,12.979999542236328,13.010000228881836,8.874959945678711,96100
2017-03-24,13.010000228881836,13.050000190734863,12.970000267028809,13.029999732971191,8.888603210449219,146400
2017-03-27,13.069999694824219,13.100000381469727,13.069999694824219,13.100000381469727,8.936361312866211,94000
2017-03-28,13.109999656677246,13.130000114440918,13.100000381469727,13.130000114440918,8.95682144165039,71000
2017-03-29,13.130000114440918,13.170000076293945,13.119999885559082,13.130000114440918,8.95682144165039,128800
2017-03-30,13.15999984741211,13.170000076293945,13.130000114440918,13.15999984741211,8.977286338806152,149800
2017-03-31,13.15999984741211,13.180000305175781,13.119999885559082,13.149999618530273,8.970463752746582,104500
2017-04-03,13.15999984741211,13.180000305175781,13.100000381469727,13.140000343322754,8.963644027709961,135300
2017-04-04,13.140000343322754,13.180000305175781,13.130000114440918,13.170000076293945,8.98410701751709,182500
2017-04-05,13.170000076293945,13.1899995803833,13.140000343322754,13.170000076293945,8.98410701751709,119300
2017-04-06,13.180000305175781,13.199999809265137,13.170000076293945,13.180000305175781,8.990933418273926,102800
2017-04-07,13.239999771118164,13.239999771118164,13.1899995803833,13.210000038146973,9.011395454406738,78200
2017-04-10,13.210000038146973,13.25,13.1899995803833,13.229999542236328,9.02503776550293,200400
2017-04-11,13.170000076293945,13.25,13.170000076293945,13.220000267028809,9.064806938171387,127700
2017-04-12,13.220000267028809,13.239999771118164,13.199999809265137,13.199999809265137,9.051094055175781,219100
2017-04-13,13.220000267028809,13.270000457763672,13.220000267028809,13.229999542236328,9.071663856506348,159300
2017-04-17,13.239999771118164,13.25,13.220000267028809,13.229999542236328,9.071663856506348,110300
2017-04-18,13.239999771118164,13.300000190734863,13.239999771118164,13.25,9.085382461547852,115300
2017-04-19,13.270000457763672,13.300000190734863,13.25,13.279999732971191,9.105950355529785,112200
2017-04-20,13.279999732971191,13.3100004196167,13.270000457763672,13.270000457763672,9.099090576171875,117100
2017-04-21,13.319999694824219,13.329999923706055,13.270000457763672,13.279999732971191,9.105950355529785,86300
2017-04-24,13.270000457763672,13.300000190734863,13.25,13.260000228881836,9.092238426208496,123500
2017-04-25,13.25,13.270000457763672,13.1899995803833,13.210000038146973,9.05794906616211,182000
2017-04-26,13.199999809265137,13.239999771118164,13.199999809265137,13.210000038146973,9.05794906616211,121900
2017-04-27,13.170000076293945,13.239999771118164,13.170000076293945,13.210000038146973,9.05794906616211,147200
2017-04-28,13.210000038146973,13.239999771118164,13.210000038146973,13.220000267028809,9.064806938171387,113800
2017-05-01,13.270000457763672,13.289999961853027,13.220000267028809,13.229999542236328,9.071663856506348,197600
2017-05-02,13.229999542236328,13.279999732971191,13.199999809265137,13.25,9.085382461547852,367200
2017-05-03,13.260000228881836,13.279999732971191,13.220000267028809,13.279999732971191,9.105950355529785,496500
2017-05-04,13.270000457763672,13.270000457763672,13.210000038146973,13.239999771118164,9.078522682189941,161000
2017-05-05,13.260000228881836,13.289999961853027,13.239999771118164,13.270000457763672,9.099090576171875,121600
2017-05-08,13.260000228881836,13.430000305175781,13.239999771118164,13.270000457763672,9.099090576171875,236900
2017-05-09,13.270000457763672,13.3100004196167,13.239999771118164,13.260000228881836,9.092238426208496,129600
2017-05-10,13.329999923706055,13.329999923706055,13.239999771118164,13.260000228881836,9.092238426208496,105500
2017-05-11,13.1899995803833,13.260000228881836,13.180000305175781,13.25,9.132214546203613,246300
2017-05-12,13.270000457763672,13.300000190734863,13.239999771118164,13.289999961853027,9.159785270690918,382500
2017-05-15,13.289999961853027,13.319999694824219,13.270000457763672,13.300000190734863,9.166672706604004,167000
2017-05-16,13.289999961853027,13.319999694824219,13.270000457763672,13.270000457763672,9.145995140075684,234900
2017-05-17,13.279999732971191,13.359999656677246,13.279999732971191,13.34000015258789,9.194241523742676,395800
2017-05-18,13.34000015258789,13.359999656677246,13.300000190734863,13.319999694824219,9.180456161499023,65600
2017-05-19,13.3100004196167,13.359999656677246,13.3100004196167,13.359999656677246,9.208026885986328,72700
2017-05-22,13.319999694824219,13.369999885559082,13.319999694824219,13.350000381469727,9.201132774353027,115100
2017-05-23,13.369999885559082,13.420000076293945,13.350000381469727,13.359999656677246,9.208026885986328,123000
2017-05-24,13.40999984741211,13.449999809265137,13.369999885559082,13.399999618530273,9.235594749450684,210000
2017-05-25,13.399999618530273,13.430000305175781,13.350000381469727,13.359999656677246,9.208026885986328,164300
2017-05-26,13.430000305175781,13.430000305175781,13.359999656677246,13.40999984741211,9.24249267578125,96100
2017-05-30,13.40999984741211,13.449999809265137,13.399999618530273,13.430000305175781,9.256270408630371,133300
2017-05-31,13.489999771118164,13.489999771118164,13.420000076293945,13.4399995803833,9.263162612915039,130900
2017-06-01,13.4399995803833,13.479999542236328,13.430000305175781,13.460000038146973,9.276948928833008,265700
2017-06-02,13.5,13.5,13.460000038146973,13.470000267028809,9.283839225769043,133000
2017-06-05,13.470000267028809,13.489999771118164,13.420000076293945,13.489999771118164,9.297626495361328,156000
2017-06-06,13.510000228881836,13.510000228881836,13.4399995803833,13.479999542236328,9.29073429107666,273600
2017-06-07,13.5,13.5,13.449999809265137,13.470000267028809,9.283839225769043,160600
2017-06-08,13.579999923706055,13.579999923706055,13.4399995803833,13.470000267028809,9.283839225769043,273800
2017-06-09,13.470000267028809,13.470000267028809,13.430000305175781,13.449999809265137,9.270057678222656,257400
2017-06-12,13.449999809265137,13.449999809265137,13.399999618530273,13.399999618530273,9.235594749450684,132500
2017-06-13,13.380000114440918,13.449999809265137,13.359999656677246,13.449999809265137,9.317338943481445,169100
2017-06-14,13.470000267028809,13.470000267028809,13.399999618530273,13.399999618530273,9.282700538635254,102600
2017-06-15,13.399999618530273,13.449999809265137,13.399999618530273,13.449999809265137,9.317338943481445,84300
2017-06-16,13.479999542236328,13.489999771118164,13.420000076293945,13.449999809265137,9.317338943481445,137500
2017-06-19,13.479999542236328,13.489999771118164,13.4399995803833,13.460000038146973,9.324265480041504,150500
2017-06-20,13.449999809265137,13.510000228881836,13.449999809265137,13.479999542236328,9.33812141418457,162300
2017-06-21,13.479999542236328,13.5,13.460000038146973,13.460000038146973,9.324265480041504,160800
2017-06-22,13.460000038146973,13.520000457763672,13.449999809265137,13.449999809265137,9.317338943481445,149700
2017-06-23,13.470000267028809,13.489999771118164,13.449999809265137,13.470000267028809,9.331192016601562,109400
2017-06-26,13.479999542236328,13.5,13.449999809265137,13.460000038146973,9.324265480041504,144700
2017-06-27,13.510000228881836,13.510000228881836,13.4399995803833,13.489999771118164,9.345047950744629,156700
2017-06-28,13.5,13.510000228881836,13.460000038146973,13.479999542236328,9.33812141418457,172100
2017-06-29,13.460000038146973,13.470000267028809,13.399999618530273,13.4399995803833,9.310408592224121,303800
2017-06-30,13.470000267028809,13.470000267028809,13.390000343322754,13.420000076293945,9.296557426452637,205800
2017-07-03,13.479999542236328,13.5,13.420000076293945,13.449999809265137,9.317338943481445,138600
2017-07-05,13.460000038146973,13.489999771118164,13.40999984741211,13.449999809265137,9.317338943481445,126100
2017-07-06,13.430000305175781,13.449999809265137,13.399999618530273,13.430000305175781,9.303482055664062,148500
2017-07-07,13.430000305175781,13.470000267028809,13.40999984741211,13.4399995803833,9.310408592224121,186200
2017-07-10,13.4399995803833,13.489999771118164,13.430000305175781,13.470000267028809,9.331192016601562,266000
2017-07-11,13.449999809265137,13.5,13.4399995803833,13.449999809265137,9.317338943481445,222700
2017-07-12,13.460000038146973,13.460000038146973,13.399999618530273,13.420000076293945,9.343798637390137,145600
2017-07-13,13.420000076293945,13.449999809265137,13.399999618530273,13.420000076293945,9.343798637390137,298800
2017-07-14,13.449999809265137,13.539999961853027,13.420000076293945,13.520000457763672,9.413421630859375,505800
2017-07-17,13.529999732971191,13.550000190734863,13.470000267028809,13.479999542236328,9.385573387145996,200800
2017-07-18,13.470000267028809,13.520000457763672,13.399999618530273,13.489999771118164,9.392534255981445,167900
2017-07-19,13.5,13.529999732971191,13.479999542236328,13.5,9.399497032165527,105300
2017-07-20,13.520000457763672,13.539999961853027,13.479999542236328,13.5,9.399497032165527,84500
2017-07-21,13.5,13.520000457763672,13.489999771118164,13.5,9.399497032165527,87900
2017-07-24,13.520000457763672,13.520000457763672,13.5,13.510000228881836,9.406457901000977,137500
2017-07-25,13.510000228881836,13.520000457763672,13.470000267028809,13.479999542236328,9.385573387145996,125600
2017-07-26,13.5,13.569999694824219,13.489999771118164,13.569999694824219,9.448230743408203,189600
2017-07-27,13.569999694824219,13.59000015258789,13.510000228881836,13.550000190734863,9.434311866760254,169100
2017-07-28,13.550000190734863,13.569999694824219,13.520000457763672,13.550000190734863,9.434311866760254,150600
2017-07-31,13.59000015258789,13.609999656677246,13.550000190734863,13.609999656677246,9.476085662841797,171800
2017-08-01,13.630000114440918,13.649999618530273,13.569999694824219,13.600000381469727,9.469120025634766,257900
2017-08-02,13.600000381469727,13.670000076293945,13.600000381469727,13.65999984741211,9.510897636413574,240000
2017-08-03,13.65999984741211,13.65999984741211,13.609999656677246,13.609999656677246,9.476085662841797,211800
2017-08-04,13.800000190734863,13.800000190734863,13.539999961853027,13.569999694824219,9.448230743408203,412000
2017-08-07,13.5600004196167,13.609999656677246,13.550000190734863,13.550000190734863,9.434311866760254,178900
2017-08-08,13.609999656677246,13.619999885559082,13.510000228881836,13.5600004196167,9.441271781921387,241100
2017-08-09,13.569999694824219,13.569999694824219,13.470000267028809,13.550000190734863,9.434311866760254,275100
2017-08-10,13.5600004196167,13.600000381469727,13.479999542236328,13.579999923706055,9.455196380615234,228900
2017-08-11,13.470000267028809,13.579999923706055,13.449999809265137,13.520000457763672,9.460796356201172,185000
2017-08-14,13.579999923706055,13.579999923706055,13.470000267028809,13.5,9.446800231933594,124600
2017-08-15,13.510000228881836,13.539999961853027,13.510000228881836,13.539999961853027,9.474785804748535,159400
2017-08-16,13.529999732971191,13.550000190734863,13.510000228881836,13.529999732971191,9.467792510986328,168900
2017-08-17,13.5600004196167,13.579999923706055,13.510000228881836,13.539999961853027,9.474785804748535,103500
2017-08-18,13.529999732971191,13.600000381469727,13.489999771118164,13.539999961853027,9.474785804748535,129300
2017-08-21,13.539999961853027,13.569999694824219,13.529999732971191,13.550000190734863,9.481789588928223,122400
2017-08-22,13.579999923706055,13.579999923706055,13.539999961853027,13.550000190734863,9.481789588928223,118100
2017-08-23,13.5600004196167,13.5600004196167,13.539999961853027,13.550000190734863,9.481789588928223,137000
2017-08-24,13.539999961853027,13.579999923706055,13.539999961853027,13.5600004196167,9.488786697387695,58800
2017-08-25,13.5600004196167,13.579999923706055,13.520000457763672,13.5600004196167,9.488786697387695,104700
2017-08-28,13.5600004196167,13.609999656677246,13.550000190734863,13.600000381469727,9.516777038574219,124300
2017-08-29,13.619999885559082,13.670000076293945,13.59000015258789,13.59000015258789,9.509777069091797,310300
2017-08-30,13.600000381469727,13.649999618530273,13.5600004196167,13.640000343322754,9.54476547241211,117300
2017-08-31,13.649999618530273,13.699999809265137,13.619999885559082,13.630000114440918,9.537769317626953,116100
2017-09-01,13.640000343322754,13.680000305175781,13.630000114440918,13.640000343322754,9.54476547241211,89200
2017-09-05,13.670000076293945,13.699999809265137,13.59000015258789,13.699999809265137,9.586750984191895,294800
2017-09-06,13.6899995803833,13.710000038146973,13.649999618530273,13.699999809265137,9.586750984191895,138900
2017-09-07,13.699999809265137,13.710000038146973,13.640000343322754,13.680000305175781,9.572759628295898,239000
2017-09-08,13.6899995803833,13.699999809265137,13.649999618530273,13.699999809265137,9.586750984191895,93800
2017-09-11,13.670000076293945,13.75,13.65999984741211,13.75,9.62174129486084,109600
2017-09-12,13.739999771118164,13.789999961853027,13.699999809265137,13.789999961853027,9.64973258972168,130800
2017-09-13,13.770000457763672,13.8100004196167,13.720000267028809,13.8100004196167,9.663728713989258,157300
2017-09-14,13.75,13.770000457763672,13.680000305175781,13.6899995803833,9.625062942504883,111700
2017-09-15,13.739999771118164,13.739999771118164,13.710000038146973,13.739999771118164,9.660208702087402,76200
2017-09-18,13.699999809265137,13.729999542236328,13.680000305175781,13.710000038146973,9.639119148254395,99700
2017-09-19,13.729999542236328,13.729999542236328,13.670000076293945,13.699999809265137,9.632087707519531,115000
2017-09-20,13.680000305175781,13.699999809265137,13.600000381469727,13.600000381469727,9.561783790588379,106300
2017-09-21,13.640000343322754,13.640000343322754,13.5600004196167,13.579999923706055,9.547719955444336,137200
2017-09-22,13.600000381469727,13.619999885559082,13.550000190734863,13.579999923706055,9.547719955444336,165100
2017-09-25,13.619999885559082,13.649999618530273,13.59000015258789,13.640000343322754,9.58990478515625,82500
2017-09-26,13.670000076293945,13.6899995803833,13.609999656677246,13.609999656677246,9.568815231323242,145800
2017-09-27,13.569999694824219,13.579999923706055,13.529999732971191,13.5600004196167,9.533658981323242,185500
2017-09-28,13.529999732971191,13.579999923706055,13.529999732971191,13.539999961853027,9.519596099853516,163400
2017-09-29,13.619999885559082,13.619999885559082,13.550000190734863,13.609999656677246,9.568815231323242,94400
2017-10-02,13.649999618530273,13.65999984741211,13.539999961853027,13.550000190734863,9.526626586914062,193700
2017-10-03,13.5600004196167,13.600000381469727,13.529999732971191,13.59000015258789,9.554749488830566,112800
2017-10-04,13.569999694824219,13.65999984741211,13.569999694824219,13.600000381469727,9.561783790588379,93500
2017-10-05,13.619999885559082,13.670000076293945,13.619999885559082,13.670000076293945,9.610997200012207,46600
2017-10-06,13.630000114440918,13.65999984741211,13.579999923706055,13.65999984741211,9.603964805603027,123600
2017-10-09,13.649999618530273,13.699999809265137,13.619999885559082,13.65999984741211,9.603964805603027,181600
2017-10-10,13.680000305175781,13.720000267028809,13.670000076293945,13.720000267028809,9.646150588989258,138800
2017-10-11,13.6899995803833,13.75,13.680000305175781,13.75,9.667243957519531,112500
2017-10-12,13.680000305175781,13.75,13.65999984741211,13.75,9.713159561157227,173400
2017-10-13,13.760000228881836,13.770000457763672,13.630000114440918,13.630000114440918,9.628388404846191,164700
2017-10-16,13.630000114440918,13.6899995803833,13.630000114440918,13.670000076293945,9.656646728515625,105000
2017-10-17,13.670000076293945,13.680000305175781,13.649999618530273,13.649999618530273,9.642518043518066,100800
2017-10-18,13.630000114440918,13.680000305175781,13.619999885559082,13.630000114440918,9.628388404846191,88900
2017-10-19,13.680000305175781,13.6899995803833,13.65999984741211,13.680000305175781,9.66370964050293,63500
2017-10-20,13.649999618530273,13.670000076293945,13.630000114440918,13.670000076293945,9.656646728515625,127900
2017-10-23,13.65999984741211,13.65999984741211,13.630000114440918,13.630000114440918,9.628388404846191,97000
2017-10-24,13.649999618530273,13.670000076293945,13.609999656677246,13.619999885559082,9.621325492858887,142100
2017-10-25,13.600000381469727,13.649999618530273,13.579999923706055,13.649999618530273,9.642518043518066,147500
2017-10-26,13.619999885559082,13.630000114440918,13.550000190734863,13.5600004196167,9.57894229888916,250700
2017-10-27,13.5600004196167,13.579999923706055,13.449999809265137,13.449999809265137,9.50123405456543,351700
2017-10-30,13.520000457763672,13.59000015258789,13.510000228881836,13.529999732971191,9.557746887207031,107600
2017-10-31,13.520000457763672,13.550000190734863,13.520000457763672,13.529999732971191,9.557746887207031,68400
2017-11-01,13.529999732971191,13.579999923706055,13.529999732971191,13.529999732971191,9.557746887207031,122700
2017-11-02,13.579999923706055,13.619999885559082,13.5600004196167,13.619999885559082,9.621325492858887,143400
2017-11-03,13.600000381469727,13.609999656677246,13.539999961853027,13.609999656677246,9.614264488220215,107500
2017-11-06,13.630000114440918,13.640000343322754,13.579999923706055,13.630000114440918,9.628388404846191,132000
2017-11-07,13.630000114440918,13.670000076293945,13.619999885559082,13.670000076293945,9.656646728515625,60200
2017-11-08,13.670000076293945,13.699999809265137,13.640000343322754,13.65999984741211,9.649580001831055,113800
2017-11-09,13.680000305175781,13.680000305175781,13.569999694824219,13.630000114440918,9.628388404846191,136500
2017-11-10,13.600000381469727,13.699999809265137,13.579999923706055,13.640000343322754,9.635454177856445,186500
2017-11-13,13.729999542236328,13.760000228881836,13.630000114440918,13.6899995803833,9.670777320861816,181900
2017-11-14,13.630000114440918,13.699999809265137,13.619999885559082,13.649999618530273,9.688517570495605,157000
2017-11-15,13.649999618530273,13.670000076293945,13.640000343322754,13.65999984741211,9.695615768432617,133300
2017-11-16,13.670000076293945,13.6899995803833,13.670000076293945,13.670000076293945,9.702712059020996,110300
2017-11-17,13.670000076293945,13.729999542236328,13.65999984741211,13.65999984741211,9.695615768432617,68400
2017-11-20,13.65999984741211,13.699999809265137,13.65999984741211,13.6899995803833,9.716907501220703,73200
2017-11-21,13.6899995803833,13.770000457763672,13.680000305175781,13.729999542236328,9.745302200317383,118500
2017-11-22,13.729999542236328,13.729999542236328,13.649999618530273,13.65999984741211,9.695615768432617,111500
2017-11-24,13.680000305175781,13.720000267028809,13.65999984741211,13.710000038146973,9.73110580444336,25200
2017-11-27,13.710000038146973,13.720000267028809,13.619999885559082,13.640000343322754,9.68142318725586,205500
2017-11-28,13.640000343322754,13.65999984741211,13.630000114440918,13.630000114440918,9.674323081970215,128000
2017-11-29,13.619999885559082,13.630000114440918,13.390000343322754,13.569999694824219,9.631734848022461,318600
2017-11-30,13.609999656677246,13.619999885559082,13.550000190734863,13.5600004196167,9.62463665008545,116400
2017-12-01,13.619999885559082,13.680000305175781,13.579999923706055,13.680000305175781,9.709813117980957,51000
2017-12-04,13.670000076293945,13.699999809265137,13.609999656677246,13.619999885559082,9.667224884033203,197500
2017-12-05,13.630000114440918,13.760000228881836,13.630000114440918,13.75,9.759499549865723,243100
2017-12-06,13.779999732971191,13.829999923706055,13.760000228881836,13.819999694824219,9.809184074401855,208500
2017-12-07,13.819999694824219,13.880000114440918,13.760000228881836,13.880000114440918,9.851766586303711,196000
2017-12-08,13.859999656677246,13.869999885559082,13.779999732971191,13.869999885559082,9.844671249389648,121200
2017-12-11,13.859999656677246,13.90999984741211,13.850000381469727,13.850000381469727,9.83047866821289,78000
2017-12-12,13.850000381469727,13.850000381469727,13.770000457763672,13.8100004196167,9.802082061767578,113400
2017-12-13,13.829999923706055,13.829999923706055,13.770000457763672,13.800000190734863,9.794987678527832,163200
2017-12-14,13.739999771118164,13.800000190734863,13.739999771118164,13.779999732971191,9.83352279663086,121300
2017-12-15,13.770000457763672,13.789999961853027,13.640000343322754,13.649999618530273,9.740754127502441,215700
2017-12-18,13.670000076293945,13.720000267028809,13.649999618530273,13.65999984741211,9.747886657714844,126600
2017-12-19,13.630000114440918,13.680000305175781,13.600000381469727,13.670000076293945,9.755025863647461,138900
2017-12-20,13.630000114440918,13.630000114440918,13.59000015258789,13.600000381469727,9.705071449279785,90300
2017-12-21,13.619999885559082,13.630000114440918,13.59000015258789,13.600000381469727,9.705071449279785,133200
2017-12-22,13.600000381469727,13.619999885559082,13.539999961853027,13.539999961853027,9.662252426147461,117800
2017-12-26,13.550000190734863,13.649999618530273,13.550000190734863,13.569999694824219,9.68366527557373,139300
2017-12-27,13.59000015258789,13.699999809265137,13.59000015258789,13.6899995803833,9.769293785095215,143000
2017-12-28,13.710000038146973,13.710000038146973,13.550000190734863,13.609999656677246,9.712207794189453,301100
2017-12-29,13.640000343322754,13.640000343322754,13.600000381469727,13.609999656677246,9.712207794189453,170000
2018-01-02,13.649999618530273,13.680000305175781,13.619999885559082,13.680000305175781,9.762163162231445,118400
2018-01-03,13.699999809265137,13.760000228881836,13.670000076293945,13.729999542236328,9.797839164733887,142400
2018-01-04,13.75,13.800000190734863,13.670000076293945,13.789999961853027,9.840654373168945,223600
2018-01-05,13.789999961853027,13.8100004196167,13.720000267028809,13.800000190734863,9.847789764404297,199000
2018-01-08,13.800000190734863,13.84000015258789,13.770000457763672,13.819999694824219,9.862064361572266,206300
2018-01-09,13.800000190734863,13.8100004196167,13.75,13.75,9.812112808227539,212300
2018-01-10,13.720000267028809,13.729999542236328,13.569999694824219,13.710000038146973,9.783568382263184,421700
2018-01-11,13.649999618530273,13.649999618530273,13.600000381469727,13.630000114440918,9.772810935974121,127200
2018-01-12,13.6899995803833,13.6899995803833,13.569999694824219,13.600000381469727,9.751306533813477,203000
2018-01-16,13.65999984741211,13.680000305175781,13.5600004196167,13.640000343322754,9.779983520507812,216000
2018-01-17,13.630000114440918,13.649999618530273,13.59000015258789,13.630000114440918,9.772810935974121,116200
2018-01-18,13.609999656677246,13.65999984741211,13.579999923706055,13.609999656677246,9.758472442626953,198000
2018-01-19,13.609999656677246,13.6899995803833,13.569999694824219,13.640000343322754,9.779983520507812,278200
2018-01-22,13.649999618530273,13.670000076293945,13.619999885559082,13.649999618530273,9.787152290344238,130000
2018-01-23,13.680000305175781,13.680000305175781,13.640000343322754,13.649999618530273,9.787152290344238,116700
2018-01-24,13.649999618530273,13.649999618530273,13.569999694824219,13.579999923706055,9.736960411071777,169100
2018-01-25,13.600000381469727,13.600000381469727,13.510000228881836,13.529999732971191,9.70111083984375,190200
2018-01-26,13.529999732971191,13.529999732971191,13.430000305175781,13.489999771118164,9.672433853149414,230800
2018-01-29,13.420000076293945,13.420000076293945,13.180000305175781,13.180000305175781,9.450162887573242,468800
2018-01-30,13.09000015258789,13.149999618530273,13.029999732971191,13.140000343322754,9.421481132507324,249100
2018-01-31,13.149999618530273,13.199999809265137,13.119999885559082,13.130000114440918,9.414310455322266,242100
2018-02-01,13.15999984741211,13.210000038146973,13.140000343322754,13.149999618530273,9.428651809692383,144800
2018-02-02,13.09000015258789,13.119999885559082,12.890000343322754,12.890000343322754,9.242228507995605,372700
2018-02-05,12.789999961853027,12.880000114440918,12.789999961853027,12.8100004196167,9.184864044189453,621400
2018-02-06,12.869999885559082,13.039999961853027,12.850000381469727,12.979999542236328,9.30675983428955,295200
2018-02-07,13.050000190734863,13.1899995803833,12.989999771118164,13.170000076293945,9.442985534667969,251700
2018-02-08,13.170000076293945,13.170000076293945,13.029999732971191,13.039999961853027,9.349780082702637,149000
2018-02-09,13.0,13.15999984741211,12.970000267028809,13.039999961853027,9.349780082702637,248500
2018-02-12,13.010000228881836,13.09000015258789,13.010000228881836,13.029999732971191,9.342612266540527,154700
2018-02-13,13.029999732971191,13.100000381469727,13.029999732971191,13.0600004196167,9.36412239074707,227700
2018-02-14,12.979999542236328,13.029999732971191,12.970000267028809,13.010000228881836,9.37492561340332,75000
2018-02-15,13.010000228881836,13.069999694824219,12.989999771118164,13.020000457763672,9.382131576538086,118800
2018-02-16,13.029999732971191,13.079999923706055,13.029999732971191,13.050000190734863,9.403753280639648,63600
2018-02-20,13.050000190734863,13.050000190734863,12.979999542236328,13.029999732971191,9.3893404006958,132600
2018-02-21,13.0,13.079999923706055,12.989999771118164,13.029999732971191,9.3893404006958,176700
2018-02-22,13.029999732971191,13.039999961853027,12.970000267028809,12.970000267028809,9.346107482910156,145300
2018-02-23,12.970000267028809,13.100000381469727,12.960000038146973,13.09000015258789,9.432576179504395,146800
2018-02-26,13.079999923706055,13.109999656677246,13.029999732971191,13.050000190734863,9.403753280639648,182300
2018-02-27,13.079999923706055,13.09000015258789,13.0,13.050000190734863,9.403753280639648,125700
2018-02-28,13.029999732971191,13.039999961853027,12.970000267028809,13.010000228881836,9.37492561340332,98000
2018-03-01,12.979999542236328,13.010000228881836,12.920000076293945,12.9399995803833,9.324483871459961,133600
2018-03-02,12.880000114440918,12.979999542236328,12.880000114440918,12.970000267028809,9.346107482910156,195400
2018-03-05,13.0,13.0,12.859999656677246,12.899999618530273,9.295663833618164,202100
2018-03-06,12.920000076293945,12.960000038146973,12.869999885559082,12.90999984741211,9.302872657775879,129100
2018-03-07,12.899999618530273,12.949999809265137,12.819999694824219,12.84000015258789,9.252429008483887,217000
2018-03-08,12.859999656677246,12.880000114440918,12.729999542236328,12.789999961853027,9.216395378112793,228300
2018-03-09,12.800000190734863,12.8100004196167,12.5,12.760000228881836,9.194777488708496,301400
2018-03-12,12.739999771118164,12.779999732971191,12.640000343322754,12.699999809265137,9.151546478271484,204200
2018-03-13,12.6899995803833,12.739999771118164,12.640000343322754,12.6899995803833,9.14433479309082,253900
2018-03-14,12.670000076293945,12.670000076293945,12.550000190734863,12.579999923706055,9.108134269714355,169600
2018-03-15,12.569999694824219,12.600000381469727,12.5,12.520000457763672,9.064698219299316,201400
2018-03-16,12.5,12.609999656677246,12.5,12.550000190734863,9.086413383483887,235700
2018-03-19,12.529999732971191,12.5600004196167,12.5,12.529999732971191,9.07193660736084,201800
2018-03-20,12.5,12.529999732971191,12.479999542236328,12.5,9.050212860107422,202900
2018-03-21,12.449999809265137,12.479999542236328,12.40999984741211,12.460000038146973,9.021256446838379,215800
2018-03-22,12.460000038146973,12.510000228881836,12.460000038146973,12.460000038146973,9.021256446838379,99200
2018-03-23,12.460000038146973,12.460000038146973,12.430000305175781,12.430000305175781,8.999534606933594,238800
2018-03-26,12.430000305175781,12.449999809265137,12.399999618530273,12.420000076293945,8.99229621887207,113900
2018-03-27,12.40999984741211,12.470000267028809,12.399999618530273,12.399999618530273,8.977812767028809,284300
2018-03-28,12.430000305175781,12.539999961853027,12.40999984741211,12.5,9.050212860107422,137300
2018-03-29,12.510000228881836,12.539999961853027,12.470000267028809,12.5,9.050212860107422,150000
2018-04-02,12.529999732971191,12.539999961853027,12.489999771118164,12.5,9.050212860107422,142000
2018-04-03,12.5,12.5,12.449999809265137,12.470000267028809,9.028496742248535,140200
2018-04-04,12.470000267028809,12.520000457763672,12.430000305175781,12.489999771118164,9.042976379394531,140700
2018-04-05,12.529999732971191,12.569999694824219,12.479999542236328,12.569999694824219,9.100897789001465,105600
2018-04-06,12.640000343322754,12.649999618530273,12.579999923706055,12.59000015258789,9.115376472473145,143700
2018-04-09,12.640000343322754,12.640000343322754,12.539999961853027,12.569999694824219,9.100897789001465,88200
2018-04-10,12.59000015258789,12.59000015258789,12.550000190734863,12.5600004196167,9.093655586242676,90000
2018-04-11,12.59000015258789,12.59000015258789,12.539999961853027,12.579999923706055,9.108134269714355,103800
2018-04-12,12.520000457763672,12.520000457763672,12.380000114440918,12.390000343322754,9.013565063476562,236800
2018-04-13,12.399999618530273,12.470000267028809,12.390000343322754,12.4399995803833,9.049933433532715,137700
2018-04-16,12.399999618530273,12.430000305175781,12.380000114440918,12.399999618530273,9.020835876464844,147600
2018-04-17,12.489999771118164,12.489999771118164,12.350000381469727,12.399999618530273,9.020835876464844,290400
2018-04-18,12.399999618530273,12.399999618530273,12.329999923706055,12.369999885559082,8.999013900756836,166200
2018-04-19,12.380000114440918,12.380000114440918,12.329999923706055,12.369999885559082,8.999013900756836,94600
2018-04-20,12.390000343322754,12.420000076293945,12.359999656677246,12.390000343322754,9.013565063476562,132700
2018-04-23,12.359999656677246,12.420000076293945,12.359999656677246,12.369999885559082,8.999013900756836,187200
2018-04-24,12.369999885559082,12.4399995803833,12.350000381469727,12.380000114440918,9.006290435791016,141500
2018-04-25,12.369999885559082,12.399999618530273,12.279999732971191,12.279999732971191,8.933539390563965,178000
2018-04-26,12.279999732971191,12.350000381469727,12.279999732971191,12.289999961853027,8.940815925598145,124900
2018-04-27,12.329999923706055,12.369999885559082,12.319999694824219,12.350000381469727,8.984465599060059,130700
2018-04-30,12.369999885559082,12.420000076293945,12.359999656677246,12.40999984741211,9.028118133544922,134500
2018-05-01,12.420000076293945,12.460000038146973,12.390000343322754,12.460000038146973,9.064489364624023,132300
2018-05-02,12.430000305175781,12.470000267028809,12.430000305175781,12.470000267028809,9.07176399230957,177900
2018-05-03,12.4399995803833,12.510000228881836,12.4399995803833,12.449999809265137,9.057211875915527,131400
2018-05-04,12.449999809265137,12.5,12.420000076293945,12.430000305175781,9.042659759521484,120500
2018-05-07,12.420000076293945,12.5,12.420000076293945,12.470000267028809,9.07176399230957,208100
2018-05-08,12.449999809265137,12.489999771118164,12.4399995803833,12.479999542236328,9.079035758972168,163200
2018-05-09,12.470000267028809,12.510000228881836,12.449999809265137,12.460000038146973,9.064489364624023,223700
2018-05-10,12.460000038146973,12.640000343322754,12.460000038146973,12.640000343322754,9.195435523986816,157700
2018-05-11,12.640000343322754,12.640000343322754,12.539999961853027,12.539999961853027,9.122686386108398,229100
2018-05-14,12.529999732971191,12.550000190734863,12.489999771118164,12.510000228881836,9.14461898803711,176800
2018-05-15,12.489999771118164,12.489999771118164,12.430000305175781,12.449999809265137,9.10075855255127,184700
2018-05-16,12.449999809265137,12.470000267028809,12.420000076293945,12.430000305175781,9.086136817932129,183900
2018-05-17,12.430000305175781,12.4399995803833,12.390000343322754,12.399999618530273,9.064209938049316,169700
2018-05-18,12.430000305175781,12.4399995803833,12.390000343322754,12.420000076293945,9.078829765319824,148700
2018-05-21,12.4399995803833,12.449999809265137,12.390000343322754,12.449999809265137,9.10075855255127,189900
2018-05-22,12.449999809265137,12.470000267028809,12.449999809265137,12.460000038146973,9.10806941986084,105300
2018-05-23,12.489999771118164,12.510000228881836,12.460000038146973,12.460000038146973,9.10806941986084,71400
2018-05-24,12.510000228881836,12.550000190734863,12.5,12.520000457763672,9.15192699432373,127500
2018-05-25,12.539999961853027,12.579999923706055,12.529999732971191,12.539999961853027,9.166546821594238,164000
2018-05-29,12.569999694824219,12.600000381469727,12.5600004196167,12.600000381469727,9.210404396057129,127600
2018-05-30,12.600000381469727,12.600000381469727,12.5600004196167,12.59000015258789,9.203097343444824,105500
2018-05-31,12.600000381469727,12.670000076293945,12.600000381469727,12.670000076293945,9.261574745178223,183600
2018-06-01,12.739999771118164,12.739999771118164,12.619999885559082,12.619999885559082,9.225025177001953,155200
2018-06-04,12.640000343322754,12.710000038146973,12.619999885559082,12.640000343322754,9.239645004272461,213100
2018-06-05,12.680000305175781,12.720000267028809,12.65999984741211,12.680000305175781,9.268887519836426,130100
2018-06-06,12.720000267028809,12.720000267028809,12.619999885559082,12.65999984741211,9.254264831542969,89100
2018-06-07,12.680000305175781,12.6899995803833,12.609999656677246,12.65999984741211,9.254264831542969,126900
2018-06-08,12.670000076293945,12.710000038146973,12.640000343322754,12.649999618530273,9.246953964233398,64700
2018-06-11,12.640000343322754,12.680000305175781,12.609999656677246,12.649999618530273,9.246953964233398,131800
2018-06-12,12.640000343322754,12.65999984741211,12.600000381469727,12.630000114440918,9.232335090637207,212400
2018-06-13,12.670000076293945,12.6899995803833,12.550000190734863,12.550000190734863,9.173855781555176,148000
2018-06-14,12.529999732971191,12.600000381469727,12.5,12.59000015258789,9.247309684753418,141700
2018-06-15,12.520000457763672,12.5600004196167,12.5,12.529999732971191,9.203239440917969,156900
2018-06-18,12.520000457763672,12.569999694824219,12.520000457763672,12.550000190734863,9.217925071716309,101100
2018-06-19,12.600000381469727,12.609999656677246,12.539999961853027,12.59000015258789,9.247309684753418,130600
2018-06-20,12.59000015258789,12.59000015258789,12.550000190734863,12.5600004196167,9.225268363952637,86300
2018-06-21,12.579999923706055,12.619999885559082,12.529999732971191,12.529999732971191,9.203239440917969,165400
2018-06-22,12.600000381469727,12.609999656677246,12.550000190734863,12.609999656677246,9.26199722290039,85300
2018-06-25,12.609999656677246,12.609999656677246,12.550000190734863,12.59000015258789,9.247309684753418,90200
2018-06-26,12.5600004196167,12.59000015258789,12.5600004196167,12.579999923706055,9.23995590209961,52900
2018-06-27,12.609999656677246,12.619999885559082,12.59000015258789,12.619999885559082,9.269339561462402,52800
2018-06-28,12.579999923706055,12.65999984741211,12.579999923706055,12.619999885559082,9.269339561462402,129000
2018-06-29,12.65999984741211,12.680000305175781,12.640000343322754,12.670000076293945,9.306066513061523,82600
2018-07-02,12.75,12.760000228881836,12.619999885559082,12.619999885559082,9.269339561462402,146300
2018-07-03,12.65999984741211,12.720000267028809,12.649999618530273,12.649999618530273,9.291376113891602,69100
2018-07-05,12.720000267028809,12.720000267028809,12.630000114440918,12.65999984741211,9.29871940612793,249000
2018-07-06,12.699999809265137,12.699999809265137,12.600000381469727,12.6899995803833,9.32075309753418,155300
2018-07-09,12.649999618530273,12.710000038146973,12.649999618530273,12.699999809265137,9.328102111816406,155000
2018-07-10,12.699999809265137,12.760000228881836,12.65999984741211,12.680000305175781,9.313408851623535,171700
2018-07-11,12.710000038146973,12.739999771118164,12.649999618530273,12.6899995803833,9.32075309753418,132100
2018-07-12,12.680000305175781,12.850000381469727,12.65999984741211,12.800000190734863,9.446213722229004,185500
2018-07-13,12.800000190734863,12.850000381469727,12.779999732971191,12.84000015258789,9.475730895996094,139000
2018-07-16,12.829999923706055,12.90999984741211,12.760000228881836,12.789999961853027,9.438830375671387,165200
2018-07-17,12.850000381469727,12.850000381469727,12.6899995803833,12.729999542236328,9.394556999206543,206700
2018-07-18,12.729999542236328,12.739999771118164,12.699999809265137,12.739999771118164,9.401935577392578,102200
2018-07-19,12.789999961853027,12.789999961853027,12.760000228881836,12.779999732971191,9.431452751159668,54700
2018-07-20,12.8100004196167,12.8100004196167,12.739999771118164,12.770000457763672,9.42407512664795,74400
2018-07-23,12.819999694824219,12.850000381469727,12.779999732971191,12.829999923706055,9.468351364135742,121000
2018-07-24,12.829999923706055,12.829999923706055,12.789999961853027,12.829999923706055,9.468351364135742,85400
2018-07-25,12.829999923706055,12.84000015258789,12.800000190734863,12.829999923706055,9.468351364135742,118500
2018-07-26,12.829999923706055,12.90999984741211,12.8100004196167,12.899999618530273,9.520011901855469,293200
2018-07-27,12.890000343322754,12.960000038146973,12.880000114440918,12.899999618530273,9.520011901855469,169700
2018-07-30,12.880000114440918,12.9399995803833,12.850000381469727,12.880000114440918,9.505252838134766,139000
2018-07-31,12.880000114440918,12.90999984741211,12.850000381469727,12.899999618530273,9.520011901855469,118200
2018-08-01,12.930000305175781,12.979999542236328,12.859999656677246,12.90999984741211,9.527392387390137,162200
2018-08-02,12.90999984741211,12.979999542236328,12.90999984741211,12.979999542236328,9.579049110412598,80600
2018-08-03,12.960000038146973,13.0,12.949999809265137,12.989999771118164,9.586434364318848,74200
2018-08-06,12.960000038146973,13.0600004196167,12.949999809265137,13.050000190734863,9.630706787109375,158500
2018-08-07,13.029999732971191,13.149999618530273,13.010000228881836,13.079999923706055,9.652849197387695,156500
2018-08-08,13.020000457763672,13.119999885559082,13.020000457763672,13.069999694824219,9.645469665527344,152300
2018-08-09,13.140000343322754,13.140000343322754,13.039999961853027,13.050000190734863,9.630706787109375,172300
2018-08-10,13.029999732971191,13.140000343322754,13.029999732971191,13.109999656677246,9.674988746643066,152700
2018-08-13,13.109999656677246,13.109999656677246,13.100000381469727,13.109999656677246,9.674988746643066,108000
2018-08-14,13.09000015258789,13.130000114440918,13.0600004196167,13.109999656677246,9.71947193145752,125500
2018-08-15,13.109999656677246,13.15999984741211,13.100000381469727,13.140000343322754,9.741710662841797,97800
2018-08-16,13.140000343322754,13.140000343322754,13.039999961853027,13.050000190734863,9.67498779296875,132100
2018-08-17,13.069999694824219,13.109999656677246,13.050000190734863,13.069999694824219,9.689815521240234,88000
2018-08-20,13.0600004196167,13.100000381469727,13.0600004196167,13.069999694824219,9.689815521240234,93600
2018-08-21,13.069999694824219,13.119999885559082,13.050000190734863,13.0600004196167,9.682402610778809,78100
2018-08-22,13.069999694824219,13.100000381469727,13.050000190734863,13.050000190734863,9.67498779296875,103400
2018-08-23,13.0600004196167,13.109999656677246,13.050000190734863,13.0600004196167,9.682402610778809,97700
2018-08-24,13.100000381469727,13.100000381469727,13.069999694824219,13.079999923706055,9.69723129272461,47100
2018-08-27,13.130000114440918,13.130000114440918,13.069999694824219,13.109999656677246,9.71947193145752,87500
2018-08-28,13.069999694824219,13.140000343322754,13.069999694824219,13.119999885559082,9.726887702941895,94700
2018-08-29,13.130000114440918,13.149999618530273,13.119999885559082,13.119999885559082,9.726887702941895,79800
2018-08-30,13.149999618530273,13.149999618530273,13.09000015258789,13.109999656677246,9.71947193145752,129200
2018-08-31,13.100000381469727,13.130000114440918,13.09000015258789,13.109999656677246,9.71947193145752,132900
2018-09-04,13.069999694824219,13.109999656677246,13.069999694824219,13.100000381469727,9.712058067321777,95500
2018-09-05,13.010000228881836,13.020000457763672,12.979999542236328,13.010000228881836,9.645332336425781,270500
2018-09-06,13.050000190734863,13.109999656677246,13.010000228881836,13.0600004196167,9.682402610778809,114600
2018-09-07,13.020000457763672,13.039999961853027,13.0,13.029999732971191,9.660161018371582,100600
2018-09-10,13.029999732971191,13.029999732971191,12.90999984741211,12.90999984741211,9.571197509765625,194600
2018-09-11,12.890000343322754,12.930000305175781,12.84000015258789,12.850000381469727,9.526714324951172,141900
2018-09-12,12.899999618530273,12.960000038146973,12.850000381469727,12.9399995803833,9.59343433380127,127700
2018-09-13,12.9399995803833,12.960000038146973,12.8100004196167,12.829999923706055,9.553971290588379,188000
2018-09-14,12.850000381469727,12.850000381469727,12.65999984741211,12.670000076293945,9.43482780456543,164300
2018-09-17,12.550000190734863,12.720000267028809,12.40999984741211,12.520000457763672,9.323124885559082,285400
2018-09-18,12.510000228881836,12.550000190734863,12.510000228881836,12.510000228881836,9.315681457519531,135700
2018-09-19,12.539999961853027,12.619999885559082,12.4399995803833,12.619999885559082,9.397591590881348,195300
2018-09-20,12.670000076293945,12.670000076293945,12.59000015258789,12.630000114440918,9.405036926269531,75100
2018-09-21,12.59000015258789,12.630000114440918,12.479999542236328,12.479999542236328,9.293336868286133,117100
2018-09-24,12.5,12.5,12.4399995803833,12.479999542236328,9.293336868286133,136900
2018-09-25,12.479999542236328,12.550000190734863,12.460000038146973,12.510000228881836,9.315681457519531,86000
2018-09-26,12.510000228881836,12.550000190734863,12.5,12.510000228881836,9.315681457519531,78900
2018-09-27,12.520000457763672,12.569999694824219,12.510000228881836,12.510000228881836,9.315681457519531,86600
2018-09-28,12.529999732971191,12.579999923706055,12.520000457763672,12.550000190734863,9.345463752746582,77100
2018-10-01,12.579999923706055,12.609999656677246,12.569999694824219,12.609999656677246,9.390146255493164,131100
2018-10-02,12.649999618530273,12.6899995803833,12.59000015258789,12.640000343322754,9.412482261657715,98400
2018-10-03,12.649999618530273,12.649999618530273,12.5600004196167,12.5600004196167,9.352913856506348,168400
2018-10-04,12.5600004196167,12.630000114440918,12.390000343322754,12.399999618530273,9.233765602111816,277900
2018-10-05,12.399999618530273,12.399999618530273,12.220000267028809,12.279999732971191,9.144408226013184,230600
2018-10-08,12.229999542236328,12.300000190734863,12.119999885559082,12.119999885559082,9.025262832641602,154800
2018-10-09,12.319999694824219,12.319999694824219,12.09000015258789,12.119999885559082,9.025262832641602,201700
2018-10-10,12.069999694824219,12.100000381469727,11.899999618530273,11.9399995803833,8.891225814819336,260000
2018-10-11,11.960000038146973,11.970000267028809,11.729999542236328,11.84000015258789,8.81676197052002,351000
2018-10-12,11.850000381469727,11.850000381469727,11.800000190734863,11.84000015258789,8.859411239624023,127500
2018-10-15,11.850000381469727,11.960000038146973,11.819999694824219,11.869999885559082,8.881857872009277,155400
2018-10-16,11.9399995803833,11.949999809265137,11.899999618530273,11.920000076293945,8.919270515441895,115100
2018-10-17,11.920000076293945,11.949999809265137,11.869999885559082,11.930000305175781,8.926751136779785,131800
2018-10-18,11.890000343322754,11.90999984741211,11.800000190734863,11.8100004196167,8.836963653564453,170700
2018-10-19,11.800000190734863,11.850000381469727,11.75,11.770000457763672,8.807032585144043,188900
2018-10-22,11.770000457763672,11.880000114440918,11.760000228881836,11.84000015258789,8.859411239624023,103300
2018-10-23,11.779999732971191,11.850000381469727,11.760000228881836,11.770000457763672,8.807032585144043,196600
2018-10-24,11.800000190734863,11.859999656677246,11.760000228881836,11.84000015258789,8.859411239624023,102800
2018-10-25,11.84000015258789,11.84000015258789,11.770000457763672,11.779999732971191,8.81451416015625,120500
2018-10-26,11.770000457763672,11.850000381469727,11.770000457763672,11.8100004196167,8.836963653564453,143800
2018-10-29,11.779999732971191,11.8100004196167,11.770000457763672,11.789999961853027,8.82199764251709,242300
2018-10-30,11.779999732971191,11.8100004196167,11.770000457763672,11.8100004196167,8.836963653564453,132600
2018-10-31,11.8100004196167,11.829999923706055,11.729999542236328,11.760000228881836,8.79954719543457,275400
2018-11-01,11.739999771118164,11.770000457763672,11.65999984741211,11.720000267028809,8.769618034362793,358600
2018-11-02,11.729999542236328,11.75,11.619999885559082,11.619999885559082,8.69478988647461,236200
2018-11-05,11.619999885559082,11.680000305175781,11.619999885559082,11.65999984741211,8.724722862243652,215500
2018-11-06,11.670000076293945,11.699999809265137,11.600000381469727,11.609999656677246,8.6873140335083,214600
2018-11-07,11.600000381469727,11.699999809265137,11.600000381469727,11.65999984741211,8.724722862243652,198300
2018-11-08,11.65999984741211,11.760000228881836,11.65999984741211,11.739999771118164,8.784584045410156,236500
2018-11-09,11.800000190734863,11.819999694824219,11.760000228881836,11.819999694824219,8.844447135925293,212100
2018-11-12,11.829999923706055,11.869999885559082,11.800000190734863,11.869999885559082,8.881857872009277,129000
2018-11-13,11.920000076293945,11.979999542236328,11.850000381469727,11.970000267028809,8.956684112548828,110600
2018-11-14,11.869999885559082,11.890000343322754,11.84000015258789,11.880000114440918,8.931869506835938,100400
2018-11-15,11.880000114440918,11.899999618530273,11.770000457763672,11.829999923706055,8.894281387329102,212000
2018-11-16,11.829999923706055,11.869999885559082,11.8100004196167,11.829999923706055,8.894281387329102,185000
2018-11-19,11.859999656677246,11.859999656677246,11.75,11.84000015258789,8.901800155639648,302900
2018-11-20,11.8100004196167,11.869999885559082,11.779999732971191,11.800000190734863,8.871726036071777,211700
2018-11-21,11.8100004196167,11.8100004196167,11.75,11.779999732971191,8.856687545776367,101500
2018-11-23,11.729999542236328,11.760000228881836,11.699999809265137,11.710000038146973,8.804061889648438,68400
2018-11-26,11.75,11.770000457763672,11.680000305175781,11.699999809265137,8.796541213989258,152100
2018-11-27,11.6899995803833,11.710000038146973,11.649999618530273,11.710000038146973,8.804061889648438,126500
2018-11-28,11.699999809265137,11.789999961853027,11.680000305175781,11.720000267028809,8.81157398223877,240300
2018-11-29,11.760000228881836,11.8100004196167,11.699999809265137,11.75,8.834132194519043,264200
2018-11-30,11.770000457763672,11.8100004196167,11.680000305175781,11.720000267028809,8.81157398223877,285100
2018-12-03,11.760000228881836,11.829999923706055,11.729999542236328,11.789999961853027,8.864208221435547,263600
2018-12-04,11.84000015258789,11.960000038146973,11.84000015258789,11.949999809265137,8.984503746032715,266300
2018-12-06,11.949999809265137,11.979999542236328,11.899999618530273,11.90999984741211,8.954428672790527,266900
2018-12-07,11.90999984741211,11.949999809265137,11.850000381469727,11.949999809265137,8.984503746032715,138500
2018-12-10,11.989999771118164,12.039999961853027,11.960000038146973,11.989999771118164,9.014570236206055,273900
2018-12-11,11.989999771118164,12.0,11.90999984741211,11.90999984741211,8.954428672790527,261000
2018-12-12,11.920000076293945,11.949999809265137,11.869999885559082,11.869999885559082,8.92435359954834,198800
2018-12-13,11.789999961853027,11.850000381469727,11.770000457763672,11.770000457763672,8.89187240600586,99800
2018-12-14,11.779999732971191,11.84000015258789,11.760000228881836,11.770000457763672,8.89187240600586,180700
2018-12-17,11.829999923706055,11.829999923706055,11.600000381469727,11.600000381469727,8.763445854187012,271300
2018-12-18,11.619999885559082,11.720000267028809,11.59000015258789,11.65999984741211,8.808765411376953,394100
2018-12-19,11.670000076293945,11.710000038146973,11.59000015258789,11.609999656677246,8.77099609375,322200
2018-12-20,11.619999885559082,11.65999984741211,11.300000190734863,11.420000076293945,8.627450942993164,440200
2018-12-21,11.420000076293945,11.470000267028809,11.350000381469727,11.399999618530273,8.612347602844238,315500
2018-12-24,11.470000267028809,11.470000267028809,11.359999656677246,11.430000305175781,8.635010719299316,295400
2018-12-26,11.630000114440918,11.640000343322754,11.3100004196167,11.369999885559082,8.589683532714844,726100
2018-12-27,11.359999656677246,11.5,11.34000015258789,11.460000038146973,8.657672882080078,410900
2018-12-28,11.449999809265137,11.539999961853027,11.449999809265137,11.5,8.687891960144043,454700
2018-12-31,11.539999961853027,11.640000343322754,11.5,11.640000343322754,8.793659210205078,699500
2019-01-02,11.630000114440918,11.979999542236328,11.630000114440918,11.869999885559082,8.967414855957031,205100
2019-01-03,11.880000114440918,11.949999809265137,11.819999694824219,11.880000114440918,8.97497272491455,397900
2019-01-04,11.899999618530273,11.960000038146973,11.800000190734863,11.949999809265137,9.027853012084961,210900
2019-01-07,11.970000267028809,12.079999923706055,11.970000267028809,12.029999732971191,9.08829116821289,235300
2019-01-08,12.119999885559082,12.170000076293945,12.039999961853027,12.140000343322754,9.171394348144531,214900
2019-01-09,12.170000076293945,12.229999542236328,12.119999885559082,12.180000305175781,9.201610565185547,164900
2019-01-10,12.199999809265137,12.239999771118164,12.170000076293945,12.229999542236328,9.239387512207031,214700
2019-01-11,12.289999961853027,12.289999961853027,12.170000076293945,12.220000267028809,9.231830596923828,339700
2019-01-14,12.210000038146973,12.25,12.170000076293945,12.1899995803833,9.252324104309082,135200
2019-01-15,12.239999771118164,12.270000457763672,12.170000076293945,12.239999771118164,9.29027271270752,147400
2019-01-16,12.229999542236328,12.239999771118164,12.149999618530273,12.180000305175781,9.244731903076172,160300
2019-01-17,12.239999771118164,12.239999771118164,12.15999984741211,12.170000076293945,9.237142562866211,117500
2019-01-18,12.220000267028809,12.229999542236328,12.149999618530273,12.1899995803833,9.252324104309082,208500
2019-01-22,12.1899995803833,12.229999542236328,12.15999984741211,12.1899995803833,9.252324104309082,189000
2019-01-23,12.210000038146973,12.229999542236328,12.170000076293945,12.229999542236328,9.282686233520508,175900
2019-01-24,12.229999542236328,12.40999984741211,12.199999809265137,12.369999885559082,9.388946533203125,360200
2019-01-25,12.399999618530273,12.399999618530273,12.319999694824219,12.380000114440918,9.396536827087402,202600
2019-01-28,12.380000114440918,12.399999618530273,12.34000015258789,12.390000343322754,9.404128074645996,173900
2019-01-29,12.390000343322754,12.390000343322754,12.329999923706055,12.359999656677246,9.38135814666748,168500
2019-01-30,12.390000343322754,12.399999618530273,12.359999656677246,12.369999885559082,9.388946533203125,138100
2019-01-31,12.380000114440918,12.4399995803833,12.380000114440918,12.399999618530273,9.411713600158691,178000
2019-02-01,12.449999809265137,12.489999771118164,12.369999885559082,12.449999809265137,9.449665069580078,185900
2019-02-04,12.420000076293945,12.479999542236328,12.420000076293945,12.460000038146973,9.457259178161621,139500
2019-02-05,12.479999542236328,12.479999542236328,12.4399995803833,12.449999809265137,9.449665069580078,164200
2019-02-06,12.5,12.550000190734863,12.460000038146973,12.539999961853027,9.517975807189941,212300
2019-02-07,12.5600004196167,12.699999809265137,12.539999961853027,12.699999809265137,9.639415740966797,167000
2019-02-08,12.6899995803833,12.75,12.680000305175781,12.739999771118164,9.669777870178223,128800
2019-02-11,12.75,12.819999694824219,12.710000038146973,12.789999961853027,9.707727432250977,125200
2019-02-12,12.760000228881836,12.84000015258789,12.75,12.84000015258789,9.74567985534668,93400
2019-02-13,12.829999923706055,12.920000076293945,12.8100004196167,12.920000076293945,9.806402206420898,139400
2019-02-14,12.850000381469727,12.890000343322754,12.829999923706055,12.84000015258789,9.78886890411377,111000
2019-02-15,12.850000381469727,12.949999809265137,12.829999923706055,12.90999984741211,9.842233657836914,179200
2019-02-19,12.90999984741211,12.970000267028809,12.890000343322754,12.899999618530273,9.834607124328613,176800
2019-02-20,12.90999984741211,12.949999809265137,12.90999984741211,12.930000305175781,9.857477188110352,66600
2019-02-21,12.930000305175781,12.989999771118164,12.850000381469727,12.869999885559082,9.811738014221191,218300
2019-02-22,12.930000305175781,12.960000038146973,12.850000381469727,12.90999984741211,9.842233657836914,224900
2019-02-25,12.960000038146973,12.989999771118164,12.899999618530273,12.9399995803833,9.865104675292969,114100
2019-02-26,12.90999984741211,13.0,12.899999618530273,12.979999542236328,9.895597457885742,90200
2019-02-27,13.0,13.079999923706055,12.979999542236328,13.079999923706055,9.971833229064941,148300
2019-02-28,13.09000015258789,13.09000015258789,12.970000267028809,13.020000457763672,9.926091194152832,81900
2019-03-01,13.0600004196167,13.0600004196167,12.890000343322754,12.890000343322754,9.826982498168945,371900
2019-03-04,12.899999618530273,13.020000457763672,12.899999618530273,13.020000457763672,9.926091194152832,273500
2019-03-05,13.020000457763672,13.069999694824219,13.010000228881836,13.039999961853027,9.941343307495117,269500
2019-03-06,13.039999961853027,13.0600004196167,12.960000038146973,12.989999771118164,9.903221130371094,327600
2019-03-07,13.029999732971191,13.130000114440918,13.029999732971191,13.029999732971191,9.9337158203125,226600
2019-03-08,13.079999923706055,13.140000343322754,13.039999961853027,13.119999885559082,10.00233268737793,74800
2019-03-11,13.15999984741211,13.300000190734863,13.119999885559082,13.300000190734863,10.139558792114258,172000
2019-03-12,13.369999885559082,13.390000343322754,13.279999732971191,13.300000190734863,10.139558792114258,115500
2019-03-13,13.300000190734863,13.34000015258789,13.130000114440918,13.149999618530273,10.025199890136719,233400
2019-03-14,13.149999618530273,13.180000305175781,13.039999961853027,13.0600004196167,10.002222061157227,192900
2019-03-15,13.119999885559082,13.119999885559082,13.0,13.029999732971191,9.979246139526367,161500
2019-03-18,13.050000190734863,13.069999694824219,12.949999809265137,12.979999542236328,9.940958976745605,138800
2019-03-19,12.970000267028809,13.09000015258789,12.970000267028809,13.050000190734863,9.994568824768066,225000
2019-03-20,13.069999694824219,13.130000114440918,13.069999694824219,13.09000015258789,10.025197982788086,229000
2019-03-21,13.119999885559082,13.180000305175781,13.109999656677246,13.170000076293945,10.086471557617188,138000
2019-03-22,13.210000038146973,13.319999694824219,13.180000305175781,13.3100004196167,10.19369125366211,209100
2019-03-25,13.300000190734863,13.359999656677246,13.279999732971191,13.359999656677246,10.231986045837402,146400
2019-03-26,13.369999885559082,13.430000305175781,13.350000381469727,13.430000305175781,10.285595893859863,112200
2019-03-27,13.430000305175781,13.479999542236328,13.399999618530273,13.420000076293945,10.277935981750488,116400
2019-03-28,13.470000267028809,13.619999885559082,13.449999809265137,13.59000015258789,10.408137321472168,204600
2019-03-29,13.600000381469727,13.600000381469727,13.520000457763672,13.539999961853027,10.369841575622559,106700
2019-04-01,13.59000015258789,13.600000381469727,13.539999961853027,13.550000190734863,10.377501487731934,199900
2019-04-02,13.539999961853027,13.609999656677246,13.539999961853027,13.579999923706055,10.400477409362793,138200
2019-04-03,13.600000381469727,13.609999656677246,13.5,13.5600004196167,10.385159492492676,177200
2019-04-04,13.5600004196167,13.600000381469727,13.539999961853027,13.600000381469727,10.415792465209961,141400
2019-04-05,13.630000114440918,13.630000114440918,13.550000190734863,13.609999656677246,10.423450469970703,165200
2019-04-08,13.609999656677246,13.630000114440918,13.579999923706055,13.630000114440918,10.43876838684082,105900
2019-04-09,13.630000114440918,13.680000305175781,13.609999656677246,13.630000114440918,10.43876838684082,108000
2019-04-10,13.670000076293945,13.699999809265137,13.630000114440918,13.630000114440918,10.43876838684082,198700
2019-04-11,13.630000114440918,13.699999809265137,13.630000114440918,13.670000076293945,10.46940803527832,98000
2019-04-12,13.640000343322754,13.640000343322754,13.569999694824219,13.640000343322754,10.492483139038086,169700
2019-04-15,13.630000114440918,13.640000343322754,13.579999923706055,13.600000381469727,10.461712837219238,101200
2019-04-16,13.600000381469727,13.619999885559082,13.510000228881836,13.550000190734863,10.423250198364258,221100
2019-04-17,13.579999923706055,13.600000381469727,13.529999732971191,13.539999961853027,10.415555953979492,155500
2019-04-18,13.579999923706055,13.59000015258789,13.489999771118164,13.529999732971191,10.407865524291992,179500
2019-04-22,13.529999732971191,13.529999732971191,13.260000228881836,13.350000381469727,10.269399642944336,450800
2019-04-23,13.399999618530273,13.479999542236328,13.380000114440918,13.449999809265137,10.34632396697998,236600
2019-04-24,13.5,13.539999961853027,13.40999984741211,13.4399995803833,10.33863353729248,147300
2019-04-25,13.449999809265137,13.529999732971191,13.449999809265137,13.510000228881836,10.392477035522461,93200
2019-04-26,13.520000457763672,13.600000381469727,13.520000457763672,13.600000381469727,10.461712837219238,76900
2019-04-29,13.569999694824219,13.619999885559082,13.510000228881836,13.520000457763672,10.400175094604492,163100
2019-04-30,13.600000381469727,13.640000343322754,13.550000190734863,13.609999656677246,10.469402313232422,77100
2019-05-01,13.680000305175781,13.680000305175781,13.640000343322754,13.680000305175781,10.523253440856934,109500
2019-05-02,13.699999809265137,13.699999809265137,13.550000190734863,13.649999618530273,10.500173568725586,207100
2019-05-03,13.699999809265137,13.720000267028809,13.640000343322754,13.710000038146973,10.54632568359375,136900
2019-05-06,13.779999732971191,13.8100004196167,13.729999542236328,13.770000457763672,10.592483520507812,150800
2019-05-07,13.75,13.789999961853027,13.699999809265137,13.789999961853027,10.607866287231445,94900
2019-05-08,13.819999694824219,13.819999694824219,13.600000381469727,13.6899995803833,10.530943870544434,281400
2019-05-09,13.6899995803833,13.770000457763672,13.6899995803833,13.710000038146973,10.54632568359375,88600
2019-05-10,13.710000038146973,13.779999732971191,13.710000038146973,13.779999732971191,10.600173950195312,65200
2019-05-13,13.75,13.829999923706055,13.75,13.770000457763672,10.592483520507812,91300
2019-05-14,13.720000267028809,13.720000267028809,13.65999984741211,13.680000305175781,10.569307327270508,92000
2019-05-15,13.680000305175781,13.739999771118164,13.649999618530273,13.65999984741211,10.553849220275879,107200
2019-05-16,13.670000076293945,13.729999542236328,13.670000076293945,13.710000038146973,10.592483520507812,106800
2019-05-17,13.729999542236328,13.770000457763672,13.6899995803833,13.720000267028809,10.600210189819336,56600
2019-05-20,13.720000267028809,13.829999923706055,13.710000038146973,13.789999961853027,10.654290199279785,95300
2019-05-21,13.789999961853027,13.789999961853027,13.75,13.770000457763672,10.638840675354004,59100
2019-05-22,13.800000190734863,13.829999923706055,13.779999732971191,13.819999694824219,10.677470207214355,77500
2019-05-23,13.789999961853027,13.819999694824219,13.760000228881836,13.770000457763672,10.638840675354004,88500
2019-05-24,13.8100004196167,13.829999923706055,13.720000267028809,13.75,10.62338638305664,96700
2019-05-28,13.760000228881836,13.829999923706055,13.760000228881836,13.829999923706055,10.68519115447998,85300
2019-05-29,13.819999694824219,13.880000114440918,13.819999694824219,13.850000381469727,10.70064926147461,80700
2019-05-30,13.850000381469727,13.890000343322754,13.800000190734863,13.84000015258789,10.69292163848877,148800
2019-05-31,13.84000015258789,13.90999984741211,13.84000015258789,13.90999984741211,10.747005462646484,77400
2019-06-03,13.890000343322754,14.029999732971191,13.880000114440918,14.0,10.81653881072998,156900
2019-06-04,13.989999771118164,14.039999961853027,13.960000038146973,13.989999771118164,10.808813095092773,178100
2019-06-05,13.989999771118164,14.029999732971191,13.949999809265137,13.949999809265137,10.777910232543945,120600
2019-06-06,13.979999542236328,14.010000228881836,13.949999809265137,13.960000038146973,10.785635948181152,144300
2019-06-07,14.039999961853027,14.069999694824219,13.920000076293945,14.020000457763672,10.831989288330078,156100
2019-06-10,13.979999542236328,14.0600004196167,13.979999542236328,14.050000190734863,10.855171203613281,114200
2019-06-11,14.020000457763672,14.0600004196167,14.020000457763672,14.050000190734863,10.855171203613281,96200
2019-06-12,14.039999961853027,14.079999923706055,14.0,14.029999732971191,10.83971881866455,236000
2019-06-13,14.0,14.010000228881836,13.9399995803833,13.960000038146973,10.831961631774902,112300
2019-06-14,14.0,14.0,13.899999618530273,13.989999771118164,10.85523509979248,93700
2019-06-17,13.989999771118164,14.0,13.930000305175781,13.989999771118164,10.85523509979248,107800
2019-06-18,13.989999771118164,14.0,13.890000343322754,13.890000343322754,10.777643203735352,223900
2019-06-19,13.850000381469727,13.949999809265137,13.850000381469727,13.880000114440918,10.769886016845703,170800
2019-06-20,13.880000114440918,13.9399995803833,13.850000381469727,13.869999885559082,10.762126922607422,154500
2019-06-21,13.90999984741211,13.949999809265137,13.869999885559082,13.880000114440918,10.769886016845703,101800
2019-06-24,13.899999618530273,14.010000228881836,13.869999885559082,13.960000038146973,10.831961631774902,202200
2019-06-25,13.9399995803833,14.0,13.869999885559082,13.890000343322754,10.777643203735352,240600
2019-06-26,13.920000076293945,13.930000305175781,13.869999885559082,13.90999984741211,10.793163299560547,125700
2019-06-27,13.970000267028809,13.989999771118164,13.880000114440918,13.989999771118164,10.85523509979248,157200
2019-06-28,13.960000038146973,14.0,13.9399995803833,13.960000038146973,10.831961631774902,133400
2019-07-01,14.020000457763672,14.0600004196167,14.0,14.039999961853027,10.894035339355469,129300
2019-07-02,14.0600004196167,14.09000015258789,14.050000190734863,14.050000190734863,10.90179443359375,187400
2019-07-03,14.050000190734863,14.09000015258789,14.020000457763672,14.069999694824219,10.917311668395996,92400
2019-07-05,14.0600004196167,14.100000381469727,14.010000228881836,14.0600004196167,10.909552574157715,140100
2019-07-08,14.0600004196167,14.069999694824219,13.979999542236328,14.050000190734863,10.90179443359375,130700
2019-07-09,14.010000228881836,14.149999618530273,14.010000228881836,14.109999656677246,10.948351860046387,183700
2019-07-10,14.140000343322754,14.270000457763672,14.140000343322754,14.220000267028809,11.033702850341797,192700
2019-07-11,14.220000267028809,14.25,14.1899995803833,14.220000267028809,11.033702850341797,173200
2019-07-12,14.15999984741211,14.1899995803833,14.119999885559082,14.180000305175781,11.049286842346191,108900
2019-07-15,14.229999542236328,14.229999542236328,14.130000114440918,14.140000343322754,11.01811695098877,126600
2019-07-16,14.130000114440918,14.180000305175781,14.109999656677246,14.119999885559082,11.002532958984375,87700
2019-07-17,14.119999885559082,14.140000343322754,14.039999961853027,14.039999961853027,10.940195083618164,193600
2019-07-18,14.020000457763672,14.100000381469727,13.9399995803833,13.960000038146973,10.87785816192627,231900
2019-07-19,13.960000038146973,14.09000015258789,13.949999809265137,14.050000190734863,10.94798755645752,92500
2019-07-22,14.0600004196167,14.100000381469727,14.0600004196167,14.079999923706055,10.97136402130127,84900
2019-07-23,14.09000015258789,14.130000114440918,14.050000190734863,14.079999923706055,10.97136402130127,139800
2019-07-24,14.109999656677246,14.119999885559082,14.069999694824219,14.09000015258789,10.979153633117676,126800
2019-07-25,14.09000015258789,14.109999656677246,14.0600004196167,14.0600004196167,10.955778121948242,124900
2019-07-26,14.0600004196167,14.100000381469727,14.050000190734863,14.09000015258789,10.979153633117676,105200
2019-07-29,14.09000015258789,14.130000114440918,14.079999923706055,14.100000381469727,10.986946105957031,132500
2019-07-30,14.100000381469727,14.140000343322754,14.100000381469727,14.109999656677246,10.994742393493652,192900
2019-07-31,14.109999656677246,14.140000343322754,14.079999923706055,14.109999656677246,10.994742393493652,155800
2019-08-01,14.119999885559082,14.140000343322754,14.109999656677246,14.109999656677246,10.994742393493652,236200
2019-08-02,14.109999656677246,14.180000305175781,14.109999656677246,14.170000076293945,11.041495323181152,286000
2019-08-05,14.180000305175781,14.220000267028809,14.140000343322754,14.15999984741211,11.033703804016113,243200
2019-08-06,14.149999618530273,14.289999961853027,14.149999618530273,14.289999961853027,11.13499927520752,345500
2019-08-07,14.300000190734863,14.399999618530273,14.239999771118164,14.25,11.103830337524414,192500
2019-08-08,14.300000190734863,14.399999618530273,14.279999732971191,14.369999885559082,11.197336196899414,144100
2019-08-09,14.399999618530273,14.430000305175781,14.329999923706055,14.399999618530273,11.220711708068848,131400
2019-08-12,14.4399995803833,14.569999694824219,14.40999984741211,14.550000190734863,11.337594032287598,241700
2019-08-13,14.569999694824219,14.579999923706055,14.329999923706055,14.359999656677246,11.18954086303711,576400
2019-08-14,14.319999694824219,14.390000343322754,14.3100004196167,14.380000114440918,11.252141952514648,230900
2019-08-15,14.350000381469727,14.390000343322754,14.34000015258789,14.34000015258789,11.220842361450195,158600
2019-08-16,14.34000015258789,14.4399995803833,14.34000015258789,14.359999656677246,11.236495018005371,131000
2019-08-19,14.369999885559082,14.489999771118164,14.34000015258789,14.470000267028809,11.322568893432617,130400
2019-08-20,14.479999542236328,14.489999771118164,14.380000114440918,14.380000114440918,11.252141952514648,227700
2019-08-21,14.380000114440918,14.449999809265137,14.359999656677246,14.359999656677246,11.236495018005371,196200
2019-08-22,14.359999656677246,14.399999618530273,14.359999656677246,14.369999885559082,11.2443208694458,108700
2019-08-23,14.369999885559082,14.420000076293945,14.34000015258789,14.350000381469727,11.228668212890625,317800
2019-08-26,14.359999656677246,14.449999809265137,14.350000381469727,14.350000381469727,11.228668212890625,189600
2019-08-27,14.369999885559082,14.420000076293945,14.359999656677246,14.359999656677246,11.236495018005371,124000
2019-08-28,14.420000076293945,14.420000076293945,14.359999656677246,14.359999656677246,11.236495018005371,181400
2019-08-29,14.399999618530273,14.420000076293945,14.350000381469727,14.40999984741211,11.275616645812988,150800
2019-08-30,14.430000305175781,14.4399995803833,14.40999984741211,14.420000076293945,11.283441543579102,91000
2019-09-03,14.430000305175781,14.4399995803833,14.40999984741211,14.430000305175781,11.291267395019531,201000
2019-09-04,14.460000038146973,14.479999542236328,14.420000076293945,14.430000305175781,11.291267395019531,198900
2019-09-05,14.420000076293945,14.449999809265137,14.369999885559082,14.40999984741211,11.275616645812988,215900
2019-09-06,14.430000305175781,14.449999809265137,14.390000343322754,14.390000343322754,11.259967803955078,242100
2019-09-09,14.390000343322754,14.420000076293945,14.34000015258789,14.399999618530273,11.267794609069824,237200
2019-09-10,14.380000114440918,14.40999984741211,14.319999694824219,14.359999656677246,11.236495018005371,192700
2019-09-11,14.34000015258789,14.369999885559082,14.170000076293945,14.170000076293945,11.087820053100586,427900
2019-09-12,14.109999656677246,14.140000343322754,13.84000015258789,13.869999885559082,10.899226188659668,452800
2019-09-13,13.84000015258789,13.859999656677246,13.649999618530273,13.710000038146973,10.773496627807617,383400
2019-09-16,13.699999809265137,13.819999694824219,13.680000305175781,13.699999809265137,10.76563549041748,273600
2019-09-17,13.800000190734863,14.039999961853027,13.800000190734863,14.020000457763672,11.017101287841797,285600
2019-09-18,14.010000228881836,14.1899995803833,14.010000228881836,14.09000015258789,11.072104454040527,292600
2019-09-19,14.170000076293945,14.170000076293945,14.119999885559082,14.119999885559082,11.095680236816406,154500
2019-09-20,14.180000305175781,14.1899995803833,14.140000343322754,14.170000076293945,11.134969711303711,84200
2019-09-23,14.1899995803833,14.210000038146973,14.149999618530273,14.180000305175781,11.142827987670898,118300
2019-09-24,14.1899995803833,14.25,14.180000305175781,14.220000267028809,11.174259185791016,138200
2019-09-25,14.220000267028809,14.289999961853027,14.1899995803833,14.220000267028809,11.174259185791016,262300
2019-09-26,14.260000228881836,14.270000457763672,14.210000038146973,14.239999771118164,11.18997859954834,74000
2019-09-27,14.25,14.380000114440918,14.210000038146973,14.210000038146973,11.166401863098145,172500
2019-09-30,14.260000228881836,14.319999694824219,14.210000038146973,14.279999732971191,11.221410751342773,222300
2019-10-01,14.25,14.300000190734863,14.220000267028809,14.270000457763672,11.21355152130127,299500
2019-10-02,14.289999961853027,14.350000381469727,14.220000267028809,14.220000267028809,11.174259185791016,432900
2019-10-03,14.260000228881836,14.3100004196167,14.239999771118164,14.25,11.197833061218262,178000
2019-10-04,14.270000457763672,14.300000190734863,14.260000228881836,14.279999732971191,11.221410751342773,98700
2019-10-07,14.279999732971191,14.34000015258789,14.279999732971191,14.300000190734863,11.237126350402832,242100
2019-10-08,14.300000190734863,14.34000015258789,14.300000190734863,14.300000190734863,11.237126350402832,250100
2019-10-09,14.350000381469727,14.380000114440918,14.319999694824219,14.34000015258789,11.268556594848633,272300
2019-10-10,14.350000381469727,14.369999885559082,14.300000190734863,14.329999923706055,11.260701179504395,322700
2019-10-11,14.279999732971191,14.34000015258789,14.260000228881836,14.300000190734863,11.284375190734863,309800
2019-10-14,14.319999694824219,14.359999656677246,14.260000228881836,14.289999961853027,11.276480674743652,241600
2019-10-15,14.289999961853027,14.319999694824219,14.210000038146973,14.239999771118164,11.237029075622559,434500
2019-10-16,14.239999771118164,14.289999961853027,14.229999542236328,14.260000228881836,11.252811431884766,240800
2019-10-17,14.270000457763672,14.270000457763672,14.170000076293945,14.170000076293945,11.18178653717041,332300
2019-10-18,14.199999809265137,14.210000038146973,14.140000343322754,14.1899995803833,11.19757080078125,234500
2019-10-21,14.140000343322754,14.180000305175781,13.859999656677246,14.079999923706055,11.110769271850586,393500
2019-10-22,14.119999885559082,14.15999984741211,14.079999923706055,14.15999984741211,11.173897743225098,90500
2019-10-23,14.1899995803833,14.210000038146973,14.09000015258789,14.100000381469727,11.126553535461426,176300
2019-10-24,14.130000114440918,14.170000076293945,14.119999885559082,14.130000114440918,11.150222778320312,108700
2019-10-25,14.15999984741211,14.180000305175781,14.109999656677246,14.15999984741211,11.173897743225098,151700
2019-10-28,14.130000114440918,14.149999618530273,14.079999923706055,14.140000343322754,11.158113479614258,183900
2019-10-29,14.130000114440918,14.140000343322754,14.100000381469727,14.130000114440918,11.150222778320312,150100
2019-10-30,14.180000305175781,14.279999732971191,14.15999984741211,14.199999809265137,11.205460548400879,310100
2019-10-31,14.210000038146973,14.270000457763672,14.199999809265137,14.220000267028809,11.221242904663086,327500
2019-11-01,14.239999771118164,14.25,14.149999618530273,14.210000038146973,11.213353157043457,293400
2019-11-04,14.210000038146973,14.260000228881836,14.170000076293945,14.1899995803833,11.19757080078125,289700
2019-11-05,14.180000305175781,14.229999542236328,14.180000305175781,14.220000267028809,11.221242904663086,279700
2019-11-06,14.220000267028809,14.239999771118164,14.1899995803833,14.1899995803833,11.19757080078125,337700
2019-11-07,14.180000305175781,14.1899995803833,14.130000114440918,14.140000343322754,11.158113479614258,373400
2019-11-08,14.130000114440918,14.300000190734863,14.130000114440918,14.279999732971191,11.268592834472656,188300
2019-11-11,14.260000228881836,14.369999885559082,14.239999771118164,14.369999885559082,11.339613914489746,372000
2019-11-12,14.420000076293945,14.4399995803833,14.380000114440918,14.40999984741211,11.371175765991211,394500
2019-11-13,14.470000267028809,14.5,14.390000343322754,14.399999618530273,11.363286018371582,1185700
2019-11-14,14.34000015258789,14.350000381469727,14.1899995803833,14.260000228881836,11.299893379211426,664400
2019-11-15,14.289999961853027,14.319999694824219,14.1899995803833,14.1899995803833,11.244421005249023,491900
2019-11-18,14.229999542236328,14.25,14.15999984741211,14.180000305175781,11.236498832702637,292500
2019-11-19,14.220000267028809,14.25,14.170000076293945,14.170000076293945,11.228572845458984,319300
2019-11-20,14.229999542236328,14.229999542236328,14.15999984741211,14.1899995803833,11.244421005249023,341800
2019-11-21,14.210000038146973,14.25,14.140000343322754,14.149999618530273,11.212728500366211,414900
2019-11-22,14.1899995803833,14.229999542236328,14.140000343322754,14.140000343322754,11.20479965209961,432400
2019-11-25,14.1899995803833,14.229999542236328,14.15999984741211,14.229999542236328,11.276118278503418,322100
2019-11-26,14.199999809265137,14.220000267028809,14.140000343322754,14.15999984741211,11.220647811889648,430800
2019-11-27,14.170000076293945,14.239999771118164,14.170000076293945,14.180000305175781,11.236498832702637,316700
2019-11-29,14.1899995803833,14.279999732971191,14.1899995803833,14.279999732971191,11.315738677978516,84900
2019-12-02,14.260000228881836,14.260000228881836,14.180000305175781,14.1899995803833,11.244421005249023,323100
2019-12-03,14.210000038146973,14.220000267028809,14.180000305175781,14.180000305175781,11.236498832702637,237200
2019-12-04,14.199999809265137,14.239999771118164,14.1899995803833,14.220000267028809,11.268197059631348,224700
2019-12-05,14.229999542236328,14.270000457763672,14.199999809265137,14.260000228881836,11.299893379211426,251800
2019-12-06,14.25,14.270000457763672,14.210000038146973,14.220000267028809,11.268197059631348,443300
2019-12-09,14.229999542236328,14.300000190734863,14.229999542236328,14.270000457763672,11.307816505432129,328000
2019-12-10,14.279999732971191,14.300000190734863,14.199999809265137,14.199999809265137,11.252346992492676,378300
2019-12-11,14.229999542236328,14.260000228881836,14.210000038146973,14.210000038146973,11.260269165039062,351100
2019-12-12,14.220000267028809,14.25,14.210000038146973,14.229999542236328,11.323932647705078,296700
2019-12-13,14.25,14.25,14.149999618530273,14.15999984741211,11.268229484558105,568200
2019-12-16,14.1899995803833,14.210000038146973,14.170000076293945,14.180000305175781,11.284144401550293,255100
2019-12-17,14.199999809265137,14.199999809265137,14.15999984741211,14.15999984741211,11.268229484558105,404700
2019-12-18,14.1899995803833,14.199999809265137,14.170000076293945,14.170000076293945,11.27618408203125,257200
2019-12-19,14.1899995803833,14.199999809265137,14.15999984741211,14.170000076293945,11.27618408203125,299600
2019-12-20,14.180000305175781,14.199999809265137,14.15999984741211,14.1899995803833,11.29210376739502,249000
2019-12-23,14.1899995803833,14.199999809265137,14.149999618530273,14.199999809265137,11.30005931854248,302600
2019-12-24,14.199999809265137,14.199999809265137,14.180000305175781,14.1899995803833,11.29210376739502,121300
2019-12-26,14.199999809265137,14.229999542236328,14.1899995803833,14.229999542236328,11.323932647705078,237000
2019-12-27,14.25,14.25,14.180000305175781,14.180000305175781,11.284144401550293,376900
2019-12-30,14.210000038146973,14.210000038146973,14.170000076293945,14.1899995803833,11.29210376739502,263200
2019-12-31,14.220000267028809,14.25,14.170000076293945,14.1899995803833,11.29210376739502,527500
2020-01-02,14.25,14.270000457763672,14.180000305175781,14.180000305175781,11.284144401550293,492800
2020-01-03,14.1899995803833,14.239999771118164,14.1899995803833,14.199999809265137,11.30005931854248,360500
2020-01-06,14.199999809265137,14.270000457763672,14.199999809265137,14.260000228881836,11.347808837890625,480800
2020-01-07,14.289999961853027,14.390000343322754,14.260000228881836,14.390000343322754,11.451258659362793,589500
2020-01-08,14.350000381469727,14.399999618530273,14.329999923706055,14.329999923706055,11.403512001037598,396300
2020-01-09,14.369999885559082,14.430000305175781,14.350000381469727,14.350000381469727,11.419428825378418,352300
2020-01-10,14.390000343322754,14.430000305175781,14.359999656677246,14.40999984741211,11.467171669006348,357900
2020-01-13,14.449999809265137,14.460000038146973,14.380000114440918,14.390000343322754,11.451258659362793,453300
2020-01-14,14.359999656677246,14.40999984741211,14.359999656677246,14.380000114440918,11.491211891174316,277900
2020-01-15,14.390000343322754,14.4399995803833,14.380000114440918,14.420000076293945,11.523179054260254,274000
2020-01-16,14.40999984741211,14.420000076293945,14.359999656677246,14.359999656677246,11.475234985351562,443500
2020-01-17,14.380000114440918,14.449999809265137,14.369999885559082,14.4399995803833,11.539158821105957,252900
2020-01-21,14.4399995803833,14.4399995803833,14.399999618530273,14.40999984741211,11.51518726348877,264600
2020-01-22,14.420000076293945,14.449999809265137,14.40999984741211,14.40999984741211,11.51518726348877,325900
2020-01-23,14.420000076293945,14.449999809265137,14.40999984741211,14.4399995803833,11.539158821105957,345800
2020-01-24,14.479999542236328,14.479999542236328,14.4399995803833,14.449999809265137,11.547150611877441,215600
2020-01-27,14.460000038146973,14.5,14.449999809265137,14.479999542236328,11.571124076843262,210500
2020-01-28,14.489999771118164,14.529999732971191,14.479999542236328,14.529999732971191,11.611079216003418,230300
2020-01-29,14.5600004196167,14.579999923706055,14.520000457763672,14.539999961853027,11.619071006774902,206800
2020-01-30,14.569999694824219,14.579999923706055,14.539999961853027,14.539999961853027,11.619071006774902,198900
2020-01-31,14.600000381469727,14.609999656677246,14.5600004196167,14.5600004196167,11.635054588317871,237000
2020-02-03,14.59000015258789,14.670000076293945,14.550000190734863,14.550000190734863,11.627059936523438,764800
2020-02-04,14.5600004196167,14.600000381469727,14.5600004196167,14.569999694824219,11.64304256439209,313800
2020-02-05,14.569999694824219,14.600000381469727,14.550000190734863,14.550000190734863,11.627059936523438,295400
2020-02-06,14.5600004196167,14.600000381469727,14.539999961853027,14.5600004196167,11.635054588317871,413200
2020-02-07,14.600000381469727,14.600000381469727,14.550000190734863,14.579999923706055,11.651034355163574,369500
2020-02-10,14.600000381469727,14.609999656677246,14.550000190734863,14.550000190734863,11.627059936523438,417300
2020-02-11,14.600000381469727,14.630000114440918,14.569999694824219,14.569999694824219,11.64304256439209,441900
2020-02-12,14.59000015258789,14.649999618530273,14.579999923706055,14.59000015258789,11.659025192260742,466200
2020-02-13,14.569999694824219,14.609999656677246,14.569999694824219,14.579999923706055,11.69914722442627,540500
2020-02-14,14.600000381469727,14.619999885559082,14.5600004196167,14.569999694824219,11.691119194030762,275600
2020-02-18,14.619999885559082,14.619999885559082,14.550000190734863,14.569999694824219,11.691119194030762,275900
2020-02-19,14.600000381469727,14.710000038146973,14.579999923706055,14.710000038146973,11.803459167480469,331500
2020-02-20,14.729999542236328,14.920000076293945,14.729999542236328,14.920000076293945,11.97197151184082,313900
2020-02-21,14.960000038146973,15.0,14.869999885559082,14.880000114440918,11.939873695373535,362800
2020-02-24,14.880000114440918,14.930000305175781,14.829999923706055,14.84000015258789,11.907776832580566,216100
2020-02-25,14.84000015258789,14.920000076293945,14.819999694824219,14.90999984741211,11.96394157409668,293000
2020-02-26,14.90999984741211,14.979999542236328,14.819999694824219,14.859999656677246,11.923821449279785,437500
2020-02-27,14.869999885559082,14.920000076293945,14.729999542236328,14.739999771118164,11.827533721923828,397300
2020-02-28,14.670000076293945,14.710000038146973,14.180000305175781,14.270000457763672,11.450403213500977,1424900
2020-03-02,14.300000190734863,14.75,14.300000190734863,14.75,11.835556983947754,598600
2020-03-03,14.800000190734863,14.930000305175781,14.760000228881836,14.880000114440918,11.939873695373535,367600
2020-03-04,14.880000114440918,14.920000076293945,14.770000457763672,14.869999885559082,11.931848526000977,366100
2020-03-05,14.850000381469727,14.869999885559082,14.779999732971191,14.8100004196167,11.88370418548584,253700
2020-03-06,14.800000190734863,14.819999694824219,14.699999809265137,14.729999542236328,11.819507598876953,373500
2020-03-09,14.640000343322754,14.65999984741211,14.260000228881836,14.289999961853027,11.466444969177246,572100
2020-03-10,14.420000076293945,14.430000305175781,14.109999656677246,14.25,11.434350967407227,564300
2020-03-11,14.180000305175781,14.199999809265137,13.0,13.239999771118164,10.623915672302246,2070300
2020-03-12,12.399999618530273,12.4399995803833,11.300000190734863,11.329999923706055,9.13270092010498,2345900
2020-03-13,11.800000190734863,12.569999694824219,11.800000190734863,12.550000190734863,10.116097450256348,1291000
2020-03-16,11.020000457763672,11.989999771118164,11.0,11.670000076293945,9.406761169433594,1022900
2020-03-17,11.75,11.859999656677246,11.399999618530273,11.59000015258789,9.342278480529785,697500
2020-03-18,11.25,11.25,9.300000190734863,10.010000228881836,8.068696022033691,1453600
2020-03-19,9.779999732971191,11.789999961853027,9.25,10.869999885559082,8.761911392211914,1389800
2020-03-20,10.989999771118164,11.59000015258789,10.619999885559082,10.989999771118164,8.858636856079102,796700
2020-03-23,10.800000190734863,10.899999618530273,9.899999618530273,10.350000381469727,8.342759132385254,772500
2020-03-24,10.579999923706055,11.069999694824219,10.579999923706055,10.729999542236328,8.649063110351562,649500
2020-03-25,10.859999656677246,12.0,10.859999656677246,11.670000076293945,9.406761169433594,671200
2020-03-26,11.949999809265137,12.75,11.829999923706055,12.470000267028809,10.051612854003906,810100
2020-03-27,12.3100004196167,12.479999542236328,11.970000267028809,12.1899995803833,9.82591724395752,548200
2020-03-30,12.210000038146973,12.970000267028809,12.149999618530273,12.739999771118164,10.26925277709961,496900
2020-03-31,12.579999923706055,12.779999732971191,12.319999694824219,12.449999809265137,10.035489082336426,383100
2020-04-01,12.010000228881836,12.130000114440918,11.520000457763672,11.619999885559082,9.366456985473633,451400
2020-04-02,11.600000381469727,11.859999656677246,11.34000015258789,11.789999961853027,9.503491401672363,379000
2020-04-03,11.649999618530273,11.680000305175781,11.3100004196167,11.470000267028809,9.245548248291016,463700
2020-04-06,11.520000457763672,11.84000015258789,11.520000457763672,11.649999618530273,9.390640258789062,498500
2020-04-07,11.850000381469727,11.9399995803833,11.75,11.850000381469727,9.55185317993164,474500
2020-04-08,11.899999618530273,12.199999809265137,11.859999656677246,12.079999923706055,9.737248420715332,394500
2020-04-09,12.350000381469727,12.550000190734863,12.34000015258789,12.470000267028809,10.051612854003906,775000
2020-04-13,12.449999809265137,12.529999732971191,12.3100004196167,12.460000038146973,10.043553352355957,497300
2020-04-14,12.510000228881836,12.75,12.510000228881836,12.710000038146973,10.29464054107666,495100
2020-04-15,12.609999656677246,12.739999771118164,12.529999732971191,12.720000267028809,10.302742958068848,237800
2020-04-16,12.720000267028809,12.729999542236328,12.59000015258789,12.65999984741211,10.254144668579102,314400
2020-04-17,12.699999809265137,12.720000267028809,12.619999885559082,12.630000114440918,10.229846000671387,343300
2020-04-20,12.649999618530273,12.680000305175781,12.550000190734863,12.59000015258789,10.1974458694458,317800
2020-04-21,12.479999542236328,12.600000381469727,12.479999542236328,12.600000381469727,10.205544471740723,377100
2020-04-22,12.630000114440918,12.65999984741211,12.5,12.569999694824219,10.181246757507324,301100
2020-04-23,12.539999961853027,12.609999656677246,12.149999618530273,12.199999809265137,9.881560325622559,515800
2020-04-24,12.229999542236328,12.229999542236328,11.8100004196167,11.890000343322754,9.630470275878906,456700
2020-04-27,11.829999923706055,11.850000381469727,11.550000190734863,11.59000015258789,9.387481689453125,514500
2020-04-28,11.6899995803833,11.869999885559082,11.630000114440918,11.800000190734863,9.557575225830078,320000
2020-04-29,11.84000015258789,12.100000381469727,11.800000190734863,12.0600004196167,9.76816463470459,307600
2020-04-30,11.960000038146973,12.010000228881836,11.819999694824219,12.0,9.71956729888916,216900
2020-05-01,12.0,12.109999656677246,11.90999984741211,12.109999656677246,9.808659553527832,201700
2020-05-04,12.100000381469727,12.210000038146973,12.020000457763672,12.140000343322754,9.832962036132812,202700
2020-05-05,12.220000267028809,12.449999809265137,12.199999809265137,12.380000114440918,10.02735424041748,350700
2020-05-06,12.300000190734863,12.420000076293945,12.300000190734863,12.329999923706055,9.98685359954834,365200
2020-05-07,12.359999656677246,12.380000114440918,12.300000190734863,12.350000381469727,10.00304889678955,284900
2020-05-08,12.369999885559082,12.460000038146973,12.329999923706055,12.390000343322754,10.03545093536377,319300
2020-05-11,12.390000343322754,12.449999809265137,12.34000015258789,12.350000381469727,10.00304889678955,237400
2020-05-12,12.399999618530273,12.430000305175781,12.34000015258789,12.359999656677246,10.011151313781738,138200
2020-05-13,12.390000343322754,12.4399995803833,12.220000267028809,12.289999961853027,9.954455375671387,310500
2020-05-14,12.180000305175781,12.1899995803833,12.100000381469727,12.15999984741211,9.89909839630127,232100
2020-05-15,12.1899995803833,12.34000015258789,12.130000114440918,12.15999984741211,9.89909839630127,208900
2020-05-18,12.300000190734863,12.319999694824219,12.1899995803833,12.25,9.972368240356445,191400
2020-05-19,12.25,12.3100004196167,12.210000038146973,12.229999542236328,9.956082344055176,255900
2020-05-20,12.279999732971191,12.300000190734863,12.229999542236328,12.289999961853027,10.004929542541504,196800
2020-05-21,12.289999961853027,12.350000381469727,12.260000228881836,12.34000015258789,10.045632362365723,218400
2020-05-22,12.34000015258789,12.430000305175781,12.34000015258789,12.40999984741211,10.102617263793945,227200
2020-05-26,12.449999809265137,12.539999961853027,12.390000343322754,12.470000267028809,10.151458740234375,357400
2020-05-27,12.550000190734863,12.5600004196167,12.470000267028809,12.5,10.175881385803223,238700
2020-05-28,12.5600004196167,12.65999984741211,12.550000190734863,12.649999618530273,10.297989845275879,391200
2020-05-29,12.670000076293945,12.850000381469727,12.670000076293945,12.6899995803833,10.330558776855469,639900
2020-06-01,12.75,12.800000190734863,12.699999809265137,12.739999771118164,10.371262550354004,502000
2020-06-02,12.800000190734863,12.850000381469727,12.75,12.779999732971191,10.403822898864746,282100
2020-06-03,12.850000381469727,12.920000076293945,12.770000457763672,12.84000015258789,10.452668190002441,277300
2020-06-04,12.850000381469727,12.90999984741211,12.850000381469727,12.899999618530273,10.501511573791504,280100
2020-06-05,13.039999961853027,13.0600004196167,12.970000267028809,13.039999961853027,10.615482330322266,438800
2020-06-08,13.149999618530273,13.199999809265137,13.079999923706055,13.130000114440918,10.688748359680176,502600
2020-06-09,13.229999542236328,13.399999618530273,13.149999618530273,13.199999809265137,10.745733261108398,280100
2020-06-10,13.210000038146973,13.289999961853027,13.170000076293945,13.25,10.786430358886719,284000
2020-06-11,13.210000038146973,13.239999771118164,13.079999923706055,13.15999984741211,10.71316909790039,428800
2020-06-12,13.199999809265137,13.25,13.09000015258789,13.220000267028809,10.812956809997559,226400
2020-06-15,13.170000076293945,13.229999542236328,13.130000114440918,13.220000267028809,10.812956809997559,142400
2020-06-16,13.239999771118164,13.300000190734863,13.170000076293945,13.170000076293945,10.772061347961426,262100
2020-06-17,13.170000076293945,13.25,13.170000076293945,13.25,10.837491989135742,134000
2020-06-18,13.210000038146973,13.300000190734863,13.180000305175781,13.279999732971191,10.862030982971191,116400
2020-06-19,13.260000228881836,13.34000015258789,13.25,13.260000228881836,10.845671653747559,150800
2020-06-22,13.229999542236328,13.319999694824219,13.210000038146973,13.300000190734863,10.878393173217773,255900
2020-06-23,13.34000015258789,13.350000381469727,13.25,13.329999923706055,10.902929306030273,189100
2020-06-24,13.270000457763672,13.329999923706055,13.260000228881836,13.319999694824219,10.894750595092773,160200
2020-06-25,13.3100004196167,13.350000381469727,13.300000190734863,13.329999923706055,10.902929306030273,104100
2020-06-26,13.319999694824219,13.350000381469727,13.260000228881836,13.289999961853027,10.870209693908691,186900
2020-06-29,13.260000228881836,13.289999961853027,13.180000305175781,13.260000228881836,10.845671653747559,227400
2020-06-30,13.279999732971191,13.319999694824219,13.1899995803833,13.1899995803833,10.788419723510742,166800
2020-07-01,13.329999923706055,13.369999885559082,13.239999771118164,13.289999961853027,10.870209693908691,196500
2020-07-02,13.319999694824219,13.319999694824219,13.229999542236328,13.25,10.837491989135742,458100
2020-07-06,13.289999961853027,13.300000190734863,13.229999542236328,13.279999732971191,10.862030982971191,232600
2020-07-07,13.279999732971191,13.34000015258789,13.25,13.34000015258789,10.91110610961914,250600
2020-07-08,13.350000381469727,13.430000305175781,13.34000015258789,13.390000343322754,10.95200252532959,245300
2020-07-09,13.430000305175781,13.449999809265137,13.399999618530273,13.40999984741211,10.968363761901855,145900
2020-07-10,13.420000076293945,13.449999809265137,13.399999618530273,13.430000305175781,10.984722137451172,196000
2020-07-13,13.489999771118164,13.5,13.449999809265137,13.470000267028809,11.017438888549805,237900
2020-07-14,13.399999618530273,13.449999809265137,13.399999618530273,13.4399995803833,11.043734550476074,103100
2020-07-15,13.399999618530273,13.479999542236328,13.350000381469727,13.40999984741211,11.019081115722656,223100
2020-07-16,13.399999618530273,13.430000305175781,13.399999618530273,13.430000305175781,11.035517692565918,127300
2020-07-17,13.40999984741211,13.5,13.40999984741211,13.479999542236328,11.076602935791016,85300
2020-07-20,13.4399995803833,13.510000228881836,13.4399995803833,13.479999542236328,11.076602935791016,122400
2020-07-21,13.510000228881836,13.630000114440918,13.510000228881836,13.59000015258789,11.166991233825684,202000
2020-07-22,13.5600004196167,13.619999885559082,13.520000457763672,13.539999961853027,11.125904083251953,123500
2020-07-23,13.550000190734863,13.59000015258789,13.479999542236328,13.479999542236328,11.076602935791016,252300
2020-07-24,13.510000228881836,13.550000190734863,13.479999542236328,13.489999771118164,11.084820747375488,272100
2020-07-27,13.5600004196167,13.569999694824219,13.449999809265137,13.479999542236328,11.076602935791016,225700
2020-07-28,13.479999542236328,13.510000228881836,13.460000038146973,13.460000038146973,11.06016731262207,150100
2020-07-29,13.460000038146973,13.550000190734863,13.460000038146973,13.539999961853027,11.125904083251953,168600
2020-07-30,13.520000457763672,13.5600004196167,13.520000457763672,13.550000190734863,11.134121894836426,131200
2020-07-31,13.5600004196167,13.630000114440918,13.550000190734863,13.5600004196167,11.142335891723633,182800
2020-08-03,13.600000381469727,13.640000343322754,13.550000190734863,13.569999694824219,11.150556564331055,335600
2020-08-04,13.59000015258789,13.640000343322754,13.569999694824219,13.600000381469727,11.175206184387207,354800
2020-08-05,13.619999885559082,13.65999984741211,13.600000381469727,13.640000343322754,11.2080717086792,188800
2020-08-06,13.680000305175781,13.699999809265137,13.649999618530273,13.670000076293945,11.232723236083984,236800
2020-08-07,13.670000076293945,13.720000267028809,13.670000076293945,13.699999809265137,11.25737476348877,214400
2020-08-10,13.699999809265137,13.760000228881836,13.6899995803833,13.739999771118164,11.29024600982666,238500
2020-08-11,13.819999694824219,13.819999694824219,13.699999809265137,13.720000267028809,11.273813247680664,221000
2020-08-12,13.670000076293945,13.75,13.670000076293945,13.739999771118164,11.29024600982666,245100
2020-08-13,13.699999809265137,13.739999771118164,13.609999656677246,13.670000076293945,11.283639907836914,169500
2020-08-14,13.680000305175781,13.680000305175781,13.59000015258789,13.609999656677246,11.234118461608887,156400
2020-08-17,13.579999923706055,13.609999656677246,13.5,13.510000228881836,11.151573181152344,243600
2020-08-18,13.520000457763672,13.579999923706055,13.510000228881836,13.579999923706055,11.20935344696045,158500
2020-08-19,13.59000015258789,13.59000015258789,13.470000267028809,13.550000190734863,11.184590339660645,206000
2020-08-20,13.550000190734863,13.550000190734863,13.460000038146973,13.460000038146973,11.110301971435547,179100
2020-08-21,13.470000267028809,13.520000457763672,13.460000038146973,13.520000457763672,11.15982723236084,185200
2020-08-24,13.520000457763672,13.59000015258789,13.470000267028809,13.520000457763672,11.15982723236084,258100
2020-08-25,13.5,13.520000457763672,13.460000038146973,13.5,11.143315315246582,171400
2020-08-26,13.479999542236328,13.479999542236328,13.34000015258789,13.380000114440918,11.044266700744629,375900
2020-08-27,13.40999984741211,13.430000305175781,13.25,13.25,10.936960220336914,273100
2020-08-28,13.260000228881836,13.520000457763672,13.229999542236328,13.5,11.143315315246582,372500
2020-08-31,13.539999961853027,13.579999923706055,13.479999542236328,13.489999771118164,11.135065078735352,202000
2020-09-01,13.5,13.569999694824219,13.470000267028809,13.539999961853027,11.176335334777832,260900
2020-09-02,13.539999961853027,13.569999694824219,13.489999771118164,13.569999694824219,11.20110034942627,248800
2020-09-03,13.529999732971191,13.550000190734863,13.40999984741211,13.460000038146973,11.110301971435547,246900
2020-09-04,13.430000305175781,13.460000038146973,13.149999618530273,13.1899995803833,10.887435913085938,341200
2020-09-08,13.239999771118164,13.34000015258789,13.180000305175781,13.34000015258789,11.011248588562012,249000
2020-09-09,13.350000381469727,13.5,13.34000015258789,13.449999809265137,11.102045059204102,195200
2020-09-10,13.460000038146973,13.479999542236328,13.40999984741211,13.4399995803833,11.093791961669922,163100
2020-09-11,13.449999809265137,13.489999771118164,13.420000076293945,13.489999771118164,11.135065078735352,115900
2020-09-14,13.430000305175781,13.479999542236328,13.420000076293945,13.449999809265137,11.153306007385254,87800
2020-09-15,13.449999809265137,13.510000228881836,13.420000076293945,13.479999542236328,11.17818546295166,152800
2020-09-16,13.460000038146973,13.489999771118164,13.390000343322754,13.460000038146973,11.161598205566406,95100
2020-09-17,13.399999618530273,13.470000267028809,13.369999885559082,13.460000038146973,11.161598205566406,144700
2020-09-18,13.4399995803833,13.489999771118164,13.40999984741211,13.4399995803833,11.145014762878418,142900
2020-09-21,13.420000076293945,13.430000305175781,13.3100004196167,13.399999618530273,11.111845970153809,170700
2020-09-22,13.369999885559082,13.399999618530273,13.369999885559082,13.399999618530273,11.111845970153809,89100
2020-09-23,13.390000343322754,13.460000038146973,13.3100004196167,13.34000015258789,11.062088966369629,222200
2020-09-24,13.300000190734863,13.369999885559082,13.289999961853027,13.350000381469727,11.070382118225098,141900
2020-09-25,13.350000381469727,13.350000381469727,13.260000228881836,13.289999961853027,11.02062702178955,121900
2020-09-28,13.350000381469727,13.430000305175781,13.34000015258789,13.390000343322754,11.103549003601074,110600
2020-09-29,13.390000343322754,13.5,13.390000343322754,13.470000267028809,11.169893264770508,109600
2020-09-30,13.479999542236328,13.5,13.460000038146973,13.489999771118164,11.18647575378418,163900
2020-10-01,13.489999771118164,13.5,13.460000038146973,13.479999542236328,11.17818546295166,430000
2020-10-02,13.430000305175781,13.520000457763672,13.430000305175781,13.449999809265137,11.153306007385254,188200
2020-10-05,13.470000267028809,13.470000267028809,13.359999656677246,13.4399995803833,11.145014762878418,206900
2020-10-06,13.4399995803833,13.489999771118164,13.430000305175781,13.460000038146973,11.161598205566406,194200
2020-10-07,13.479999542236328,13.539999961853027,13.449999809265137,13.449999809265137,11.153306007385254,192000
2020-10-08,13.479999542236328,13.489999771118164,13.399999618530273,13.430000305175781,11.13672161102295,220900
2020-10-09,13.470000267028809,13.489999771118164,13.40999984741211,13.449999809265137,11.153306007385254,141900
2020-10-12,13.449999809265137,13.5,13.40999984741211,13.430000305175781,11.13672161102295,191500
2020-10-13,13.449999809265137,13.470000267028809,13.420000076293945,13.4399995803833,11.145014762878418,91300
2020-10-14,13.369999885559082,13.430000305175781,13.359999656677246,13.420000076293945,11.180004119873047,102500
2020-10-15,13.40999984741211,13.420000076293945,13.369999885559082,13.420000076293945,11.180004119873047,74300
2020-10-16,13.420000076293945,13.420000076293945,13.359999656677246,13.380000114440918,11.146678924560547,173600
2020-10-19,13.390000343322754,13.40999984741211,13.369999885559082,13.390000343322754,11.155014038085938,178700
2020-10-20,13.369999885559082,13.40999984741211,13.359999656677246,13.369999885559082,11.138348579406738,197700
2020-10-21,13.390000343322754,13.390000343322754,13.329999923706055,13.350000381469727,11.121687889099121,162200
2020-10-22,13.350000381469727,13.369999885559082,13.3100004196167,13.329999923706055,11.105029106140137,91500
2020-10-23,13.359999656677246,13.369999885559082,13.300000190734863,13.300000190734863,11.080036163330078,139100
2020-10-26,13.289999961853027,13.329999923706055,13.220000267028809,13.279999732971191,11.063370704650879,204000
2020-10-27,13.289999961853027,13.350000381469727,13.279999732971191,13.350000381469727,11.121687889099121,162000
2020-10-28,13.289999961853027,13.289999961853027,13.199999809265137,13.260000228881836,11.046710968017578,258600
2020-10-29,13.260000228881836,13.270000457763672,13.199999809265137,13.25,11.03838062286377,101600
2020-10-30,13.25,13.270000457763672,13.199999809265137,13.220000267028809,11.013384819030762,129000
2020-11-02,13.270000457763672,13.329999923706055,13.220000267028809,13.239999771118164,11.030047416687012,183500
2020-11-03,13.279999732971191,13.3100004196167,13.239999771118164,13.25,11.03838062286377,145600
2020-11-04,13.300000190734863,13.380000114440918,13.300000190734863,13.369999885559082,11.138348579406738,114700
2020-11-05,13.390000343322754,13.449999809265137,13.369999885559082,13.420000076293945,11.180004119873047,199600
2020-11-06,13.420000076293945,13.449999809265137,13.369999885559082,13.420000076293945,11.180004119873047,198700
2020-11-09,13.449999809265137,13.489999771118164,13.420000076293945,13.489999771118164,11.238321304321289,269900
2020-11-10,13.479999542236328,13.529999732971191,13.430000305175781,13.529999732971191,11.271642684936523,289700
2020-11-11,13.539999961853027,13.539999961853027,13.479999542236328,13.489999771118164,11.238321304321289,255600
2020-11-12,13.430000305175781,13.5,13.430000305175781,13.449999809265137,11.256731033325195,131600
2020-11-13,13.4399995803833,13.470000267028809,13.420000076293945,13.449999809265137,11.256731033325195,173200
2020-11-16,13.4399995803833,13.489999771118164,13.430000305175781,13.479999542236328,11.281840324401855,262100
2020-11-17,13.479999542236328,13.489999771118164,13.470000267028809,13.479999542236328,11.281840324401855,211000
2020-11-18,13.479999542236328,13.5,13.479999542236328,13.489999771118164,11.290209770202637,160200
2020-11-19,13.489999771118164,13.5600004196167,13.479999542236328,13.5,11.298582077026367,259500
2020-11-20,13.5,13.539999961853027,13.5,13.520000457763672,11.315320014953613,138600
2020-11-23,13.529999732971191,13.59000015258789,13.529999732971191,13.569999694824219,11.35716724395752,237900
2020-11-24,13.579999923706055,13.609999656677246,13.579999923706055,13.600000381469727,11.382271766662598,152600
2020-11-25,13.600000381469727,13.75,13.600000381469727,13.75,11.5078125,218700
2020-11-27,13.800000190734863,13.869999885559082,13.75,13.779999732971191,11.532919883728027,165700
2020-11-30,13.779999732971191,13.800000190734863,13.729999542236328,13.770000457763672,11.524550437927246,169600
2020-12-01,13.800000190734863,13.800000190734863,13.75,13.789999961853027,11.541287422180176,210500
2020-12-02,13.75,13.859999656677246,13.75,13.8100004196167,11.558025360107422,240900
2020-12-03,13.84000015258789,13.960000038146973,13.8100004196167,13.829999923706055,11.574764251708984,292100
2020-12-04,13.84000015258789,13.970000267028809,13.829999923706055,13.899999618530273,11.63335132598877,290500
2020-12-07,13.920000076293945,14.029999732971191,13.890000343322754,13.9399995803833,11.666831016540527,309300
2020-12-08,13.949999809265137,14.029999732971191,13.920000076293945,13.989999771118164,11.708673477172852,182400
2020-12-09,14.029999732971191,14.050000190734863,13.949999809265137,13.989999771118164,11.708673477172852,303300
2020-12-10,13.989999771118164,14.100000381469727,13.989999771118164,14.079999923706055,11.784000396728516,203600
2020-12-11,14.069999694824219,14.25,14.069999694824219,14.25,11.926275253295898,280900
2020-12-14,14.149999618530273,14.1899995803833,13.979999542236328,14.029999732971191,11.793464660644531,333200
2020-12-15,14.029999732971191,14.039999961853027,14.0,14.029999732971191,11.793464660644531,199800
2020-12-16,14.010000228881836,14.029999732971191,13.920000076293945,13.970000267028809,11.743029594421387,192800
2020-12-17,13.979999542236328,14.020000457763672,13.920000076293945,13.960000038146973,11.734623908996582,209600
2020-12-18,13.920000076293945,14.039999961853027,13.920000076293945,13.979999542236328,11.751435279846191,200500
2020-12-21,13.989999771118164,14.039999961853027,13.960000038146973,14.029999732971191,11.793464660644531,201100
2020-12-22,14.029999732971191,14.199999809265137,14.0,14.199999809265137,11.93636417388916,259400
2020-12-23,14.180000305175781,14.220000267028809,14.100000381469727,14.15999984741211,11.902740478515625,170100
2020-12-24,14.1899995803833,14.239999771118164,14.180000305175781,14.229999542236328,11.96158218383789,118700
2020-12-28,14.140000343322754,14.239999771118164,14.0600004196167,14.149999618530273,11.89433479309082,335900
2020-12-29,14.15999984741211,14.1899995803833,14.140000343322754,14.1899995803833,11.927957534790039,127000
2020-12-30,14.199999809265137,14.25,14.15999984741211,14.25,11.978394508361816,143900
2020-12-31,14.260000228881836,14.420000076293945,14.260000228881836,14.420000076293945,12.121294975280762,218600
2021-01-04,14.359999656677246,14.369999885559082,14.1899995803833,14.210000038146973,11.944768905639648,326700
2021-01-05,14.199999809265137,14.25,14.180000305175781,14.1899995803833,11.927957534790039,126300
2021-01-06,14.1899995803833,14.229999542236328,14.149999618530273,14.180000305175781,11.919553756713867,278900
2021-01-07,14.149999618530273,14.239999771118164,14.109999656677246,14.229999542236328,11.96158218383789,214700
2021-01-08,14.210000038146973,14.289999961853027,14.210000038146973,14.25,11.978394508361816,154600
2021-01-11,14.25,14.300000190734863,14.180000305175781,14.210000038146973,11.944768905639648,214200
2021-01-12,14.199999809265137,14.350000381469727,14.199999809265137,14.260000228881836,11.98680305480957,189900
2021-01-13,14.25,14.390000343322754,14.25,14.279999732971191,12.003612518310547,205500
2021-01-14,14.220000267028809,14.279999732971191,14.210000038146973,14.25,12.030630111694336,116000
2021-01-15,14.25,14.25,14.210000038146973,14.220000267028809,12.005301475524902,163500
2021-01-19,14.239999771118164,14.25,14.210000038146973,14.220000267028809,12.005301475524902,148400
2021-01-20,14.25,14.3100004196167,14.229999542236328,14.270000457763672,12.047513961791992,160300
2021-01-21,14.289999961853027,14.350000381469727,14.279999732971191,14.3100004196167,12.081284523010254,116000
2021-01-22,14.3100004196167,14.380000114440918,14.270000457763672,14.3100004196167,12.081284523010254,226700
2021-01-25,14.329999923706055,14.399999618530273,14.319999694824219,14.390000343322754,12.148826599121094,211300
2021-01-26,14.34000015258789,14.399999618530273,14.319999694824219,14.369999885559082,12.131937980651855,178800
2021-01-27,14.350000381469727,14.399999618530273,14.319999694824219,14.350000381469727,12.115056037902832,140900
2021-01-28,14.359999656677246,14.430000305175781,14.359999656677246,14.40999984741211,12.16571044921875,160900
2021-01-29,14.369999885559082,14.4399995803833,14.319999694824219,14.420000076293945,12.174151420593262,176800
2021-02-01,14.420000076293945,14.520000457763672,14.420000076293945,14.460000038146973,12.20792293548584,226600
2021-02-02,14.449999809265137,14.510000228881836,14.4399995803833,14.4399995803833,12.191035270690918,220300
2021-02-03,14.430000305175781,14.5,14.430000305175781,14.460000038146973,12.20792293548584,171600
2021-02-04,14.4399995803833,14.5,14.380000114440918,14.4399995803833,12.191035270690918,177400
2021-02-05,14.470000267028809,14.539999961853027,14.460000038146973,14.510000228881836,12.250134468078613,239300
2021-02-08,14.539999961853027,14.630000114440918,14.520000457763672,14.59000015258789,12.31767463684082,302000
2021-02-09,14.569999694824219,14.880000114440918,14.529999732971191,14.680000305175781,12.393659591674805,263600
2021-02-10,14.729999542236328,14.760000228881836,14.65999984741211,14.729999542236328,12.435871124267578,208900
2021-02-11,14.649999618530273,14.859999656677246,14.630000114440918,14.859999656677246,12.598651885986328,186800
2021-02-12,14.829999923706055,14.829999923706055,14.619999885559082,14.6899995803833,12.454524040222168,227900
2021-02-16,14.640000343322754,14.640000343322754,14.529999732971191,14.550000190734863,12.335827827453613,295100
2021-02-17,14.609999656677246,14.619999885559082,14.5600004196167,14.619999885559082,12.395174980163574,171600
2021-02-18,14.5600004196167,14.579999923706055,14.34000015258789,14.489999771118164,12.284956932067871,410200
2021-02-19,14.479999542236328,14.510000228881836,14.350000381469727,14.4399995803833,12.24256706237793,252500
2021-02-22,14.449999809265137,14.460000038146973,14.25,14.289999961853027,12.115392684936523,407000
2021-02-23,14.149999618530273,14.229999542236328,13.9399995803833,14.039999961853027,11.903438568115234,577500
2021-02-24,14.010000228881836,14.1899995803833,13.899999618530273,14.15999984741211,12.005178451538086,397000
2021-02-25,14.130000114440918,14.199999809265137,14.020000457763672,14.079999923706055,11.937352180480957,256200
2021-02-26,14.109999656677246,14.1899995803833,14.079999923706055,14.170000076293945,12.013653755187988,210200
2021-03-01,14.220000267028809,14.329999923706055,14.180000305175781,14.270000457763672,12.098437309265137,237300
2021-03-02,14.300000190734863,14.470000267028809,14.279999732971191,14.449999809265137,12.251044273376465,198300
2021-03-03,14.449999809265137,14.510000228881836,14.380000114440918,14.430000305175781,12.234089851379395,123000
2021-03-04,14.470000267028809,14.510000228881836,14.34000015258789,14.359999656677246,12.174739837646484,204100
2021-03-05,14.40999984741211,14.449999809265137,14.329999923706055,14.390000343322754,12.200176239013672,99800
2021-03-08,14.420000076293945,14.420000076293945,14.3100004196167,14.329999923706055,12.149304389953613,146600
2021-03-09,14.390000343322754,14.539999961853027,14.34000015258789,14.430000305175781,12.234089851379395,257100
2021-03-10,14.479999542236328,14.479999542236328,14.34000015258789,14.390000343322754,12.200176239013672,283900
2021-03-11,14.40999984741211,14.5,14.359999656677246,14.399999618530273,12.208651542663574,352800
2021-03-12,14.34000015258789,14.369999885559082,14.279999732971191,14.300000190734863,12.176297187805176,114700
2021-03-15,14.319999694824219,14.390000343322754,14.270000457763672,14.329999923706055,12.201839447021484,188000
2021-03-16,14.350000381469727,14.359999656677246,14.260000228881836,14.329999923706055,12.201839447021484,116500
2021-03-17,14.329999923706055,14.369999885559082,14.289999961853027,14.329999923706055,12.201839447021484,89400
2021-03-18,14.289999961853027,14.329999923706055,14.239999771118164,14.3100004196167,12.18481159210205,194200
2021-03-19,14.270000457763672,14.380000114440918,14.229999542236328,14.350000381469727,12.2188720703125,219500
2021-03-22,14.329999923706055,14.390000343322754,14.319999694824219,14.319999694824219,12.19332504272461,129000
2021-03-23,14.3100004196167,14.319999694824219,14.260000228881836,14.319999694824219,12.19332504272461,135100
2021-03-24,14.289999961853027,14.350000381469727,14.25,14.289999961853027,12.167783737182617,135700
2021-03-25,14.279999732971191,14.350000381469727,14.260000228881836,14.300000190734863,12.176297187805176,174000
2021-03-26,14.3100004196167,14.359999656677246,14.289999961853027,14.329999923706055,12.201839447021484,165000
2021-03-29,14.34000015258789,14.369999885559082,14.3100004196167,14.369999885559082,12.235902786254883,177700
2021-03-30,14.350000381469727,14.40999984741211,14.329999923706055,14.40999984741211,12.2699613571167,114200
2021-03-31,14.40999984741211,14.449999809265137,14.350000381469727,14.430000305175781,12.286991119384766,189100
2021-04-01,14.449999809265137,14.489999771118164,14.420000076293945,14.470000267028809,12.321051597595215,191300
2021-04-05,14.510000228881836,14.569999694824219,14.489999771118164,14.510000228881836,12.355110168457031,206900
2021-04-06,14.5,14.630000114440918,14.489999771118164,14.609999656677246,12.44025707244873,203800
2021-04-07,14.609999656677246,14.6899995803833,14.5600004196167,14.619999885559082,12.448772430419922,279600
2021-04-08,14.649999618530273,14.75,14.619999885559082,14.739999771118164,12.550956726074219,196600
2021-04-09,14.75,14.779999732971191,14.699999809265137,14.699999809265137,12.51689624786377,160000
2021-04-12,14.760000228881836,14.770000457763672,14.680000305175781,14.720000267028809,12.533923149108887,171200
2021-04-13,14.75,14.800000190734863,14.710000038146973,14.800000190734863,12.602042198181152,212600
2021-04-14,14.760000228881836,14.800000190734863,14.640000343322754,14.699999809265137,12.572110176086426,262400
2021-04-15,14.739999771118164,14.75,14.65999984741211,14.729999542236328,12.597766876220703,180600
2021-04-16,14.680000305175781,14.75,14.600000381469727,14.710000038146973,12.580659866333008,167400
2021-04-19,14.710000038146973,14.800000190734863,14.65999984741211,14.739999771118164,12.60632038116455,241100
2021-04-20,14.75,14.770000457763672,14.680000305175781,14.739999771118164,12.60632038116455,176100
2021-04-21,14.710000038146973,14.800000190734863,14.710000038146973,14.729999542236328,12.597766876220703,116300
2021-04-22,14.739999771118164,14.789999961853027,14.699999809265137,14.739999771118164,12.60632038116455,181300
2021-04-23,14.720000267028809,14.829999923706055,14.720000267028809,14.829999923706055,12.68328857421875,145800
2021-04-26,14.859999656677246,14.869999885559082,14.760000228881836,14.84000015258789,12.691843032836914,167300
2021-04-27,14.9399995803833,15.180000305175781,14.779999732971191,14.829999923706055,12.68328857421875,214500
2021-04-28,14.84000015258789,14.949999809265137,14.819999694824219,14.899999618530273,12.743154525756836,210700
2021-04-29,14.869999885559082,14.90999984741211,14.739999771118164,14.760000228881836,12.62342357635498,275600
2021-04-30,14.720000267028809,14.84000015258789,14.710000038146973,14.84000015258789,12.691843032836914,171900
2021-05-03,14.869999885559082,14.960000038146973,14.84000015258789,14.899999618530273,12.743154525756836,286300
2021-05-04,14.920000076293945,14.949999809265137,14.84000015258789,14.949999809265137,12.785918235778809,294000
2021-05-05,14.979999542236328,15.100000381469727,14.90999984741211,15.050000190734863,12.871441841125488,381400
2021-05-06,15.029999732971191,15.1899995803833,15.010000228881836,15.119999885559082,12.93131160736084,259600
2021-05-07,15.149999618530273,15.180000305175781,15.039999961853027,15.069999694824219,12.8885498046875,328100
2021-05-10,15.100000381469727,15.149999618530273,15.0600004196167,15.140000343322754,12.948419570922852,174300
2021-05-11,15.140000343322754,15.199999809265137,15.09000015258789,15.180000305175781,12.982625961303711,244900
2021-05-12,15.15999984741211,15.1899995803833,14.699999809265137,14.859999656677246,12.70894718170166,550600
2021-05-13,14.800000190734863,14.890000343322754,14.739999771118164,14.75,12.670292854309082,381100
2021-05-14,14.800000190734863,14.84000015258789,14.729999542236328,14.760000228881836,12.67888355255127,246700
2021-05-17,14.779999732971191,14.8100004196167,14.739999771118164,14.779999732971191,12.696063995361328,219400
2021-05-18,14.789999961853027,14.789999961853027,14.699999809265137,14.729999542236328,12.653114318847656,242700
2021-05-19,14.729999542236328,14.800000190734863,14.630000114440918,14.649999618530273,12.584391593933105,497000
2021-05-20,14.65999984741211,14.770000457763672,14.600000381469727,14.710000038146973,12.635931968688965,272400
2021-05-21,14.739999771118164,14.890000343322754,14.720000267028809,14.770000457763672,12.68747329711914,282800
2021-05-24,14.770000457763672,14.8100004196167,14.699999809265137,14.8100004196167,12.72183609008789,270200
2021-05-25,14.819999694824219,14.949999809265137,14.789999961853027,14.930000305175781,12.824914932250977,217200
2021-05-26,14.920000076293945,15.0,14.90999984741211,14.989999771118164,12.876455307006836,177500
2021-05-27,15.0,15.050000190734863,14.920000076293945,14.949999809265137,12.84209156036377,257600
2021-05-28,14.9399995803833,15.039999961853027,14.880000114440918,15.039999961853027,12.919404983520508,175300
2021-06-01,15.050000190734863,15.109999656677246,15.010000228881836,15.09000015258789,12.962350845336914,269200
2021-06-02,15.100000381469727,15.170000076293945,15.069999694824219,15.109999656677246,12.979530334472656,187700
2021-06-03,15.130000114440918,15.180000305175781,15.100000381469727,15.140000343322754,13.0053071975708,233700
2021-06-04,15.140000343322754,15.15999984741211,15.029999732971191,15.050000190734863,12.927990913391113,311700
2021-06-07,15.0600004196167,15.149999618530273,15.020000457763672,15.069999694824219,12.945175170898438,365100
2021-06-08,15.09000015258789,15.119999885559082,15.010000228881836,15.050000190734863,12.927990913391113,211900
2021-06-09,15.100000381469727,15.130000114440918,15.0600004196167,15.119999885559082,12.988122940063477,155100
2021-06-10,15.130000114440918,15.149999618530273,15.079999923706055,15.130000114440918,12.996712684631348,262900
2021-06-11,15.119999885559082,15.199999809265137,15.100000381469727,15.1899995803833,13.04825496673584,269800
2021-06-14,15.15999984741211,15.220000267028809,15.09000015258789,15.15999984741211,13.078448295593262,361100
2021-06-15,15.1899995803833,15.199999809265137,15.130000114440918,15.149999618530273,13.06982421875,194100
2021-06-16,15.130000114440918,15.170000076293945,15.050000190734863,15.09000015258789,13.018059730529785,305200
2021-06-17,15.100000381469727,15.199999809265137,15.0600004196167,15.199999809265137,13.112956047058105,238400
2021-06-18,15.199999809265137,15.199999809265137,15.100000381469727,15.140000343322754,13.061196327209473,249000
2021-06-21,15.130000114440918,15.149999618530273,15.039999961853027,15.119999885559082,13.043939590454102,171400
2021-06-22,15.140000343322754,15.149999618530273,15.119999885559082,15.130000114440918,13.05256462097168,145800
2021-06-23,15.130000114440918,15.199999809265137,15.109999656677246,15.109999656677246,13.035309791564941,183700
2021-06-24,15.180000305175781,15.229999542236328,15.119999885559082,15.220000267028809,13.130208969116211,146800
2021-06-25,15.1899995803833,15.210000038146973,15.140000343322754,15.140000343322754,13.061196327209473,158800
2021-06-28,15.149999618530273,15.25,15.140000343322754,15.220000267028809,13.130208969116211,215800
2021-06-29,15.239999771118164,15.369999885559082,15.170000076293945,15.180000305175781,13.095702171325684,292600
2021-06-30,15.199999809265137,15.40999984741211,15.199999809265137,15.390000343322754,13.27686882019043,209900
2021-07-01,15.390000343322754,15.470000267028809,15.350000381469727,15.4399995803833,13.320002555847168,277200
2021-07-02,15.4399995803833,15.550000190734863,15.399999618530273,15.5,13.371763229370117,211200
2021-07-06,15.5,15.600000381469727,15.460000038146973,15.529999732971191,13.3976469039917,178200
2021-07-07,15.539999961853027,15.59000015258789,15.5,15.550000190734863,13.414898872375488,202900
2021-07-08,15.550000190734863,15.680000305175781,15.510000228881836,15.619999885559082,13.475288391113281,243000
2021-07-09,15.640000343322754,15.770000457763672,15.579999923706055,15.6899995803833,13.535674095153809,393600
2021-07-12,15.699999809265137,15.8100004196167,15.6899995803833,15.729999542236328,13.570185661315918,483800
2021-07-13,15.779999732971191,15.859999656677246,15.75,15.8100004196167,13.639199256896973,330200
2021-07-14,15.779999732971191,15.779999732971191,15.670000076293945,15.720000267028809,13.617545127868652,219400
2021-07-15,15.699999809265137,15.720000267028809,15.510000228881836,15.529999732971191,13.452954292297363,320900
2021-07-16,15.529999732971191,15.550000190734863,15.260000228881836,15.430000305175781,13.366329193115234,611400
2021-07-19,15.380000114440918,15.40999984741211,15.260000228881836,15.369999885559082,13.314353942871094,497600
2021-07-20,15.390000343322754,15.510000228881836,15.369999885559082,15.479999542236328,13.40964126586914,271300
2021-07-21,15.470000267028809,15.569999694824219,15.430000305175781,15.520000457763672,13.444293975830078,210200
2021-07-22,15.470000267028809,15.529999732971191,15.390000343322754,15.390000343322754,13.331677436828613,220600
2021-07-23,15.430000305175781,15.550000190734863,15.369999885559082,15.550000190734863,13.470281600952148,179800
2021-07-26,15.550000190734863,15.680000305175781,15.5,15.649999618530273,13.556906700134277,257400
2021-07-27,15.680000305175781,15.710000038146973,15.5,15.539999961853027,13.461615562438965,316000
2021-07-28,15.539999961853027,15.680000305175781,15.510000228881836,15.579999923706055,13.49626636505127,212800
2021-07-29,15.569999694824219,15.670000076293945,15.539999961853027,15.579999923706055,13.49626636505127,185400
2021-07-30,15.5600004196167,15.5600004196167,15.399999618530273,15.399999618530273,13.340341567993164,532000
2021-08-02,15.40999984741211,15.489999771118164,15.369999885559082,15.430000305175781,13.366329193115234,441800
2021-08-03,15.430000305175781,15.5,15.390000343322754,15.489999771118164,13.418303489685059,211300
2021-08-04,15.489999771118164,15.550000190734863,15.449999809265137,15.489999771118164,13.418303489685059,150400
2021-08-05,15.460000038146973,15.520000457763672,15.40999984741211,15.420000076293945,13.357666969299316,380900
2021-08-06,15.40999984741211,15.430000305175781,15.3100004196167,15.399999618530273,13.340341567993164,226300
2021-08-09,15.399999618530273,15.489999771118164,15.390000343322754,15.460000038146973,13.392318725585938,244600
2021-08-10,15.510000228881836,15.600000381469727,15.470000267028809,15.600000381469727,13.513595581054688,242300
2021-08-11,15.640000343322754,15.6899995803833,15.569999694824219,15.6899995803833,13.591557502746582,287300
2021-08-12,15.630000114440918,15.630000114440918,15.4399995803833,15.489999771118164,13.47412395477295,306500
2021-08-13,15.59000015258789,15.59000015258789,15.449999809265137,15.529999732971191,13.508920669555664,236200
2021-08-16,15.569999694824219,15.579999923706055,15.399999618530273,15.430000305175781,13.421934127807617,360200
2021-08-17,15.449999809265137,15.470000267028809,15.399999618530273,15.470000267028809,13.456727027893066,164400
2021-08-18,15.470000267028809,15.5,15.40999984741211,15.4399995803833,13.430631637573242,223200
2021-08-19,15.399999618530273,15.5,15.380000114440918,15.470000267028809,13.456727027893066,225200
2021-08-20,15.5,15.510000228881836,15.380000114440918,15.420000076293945,13.413235664367676,306900
2021-08-23,15.430000305175781,15.510000228881836,15.420000076293945,15.510000228881836,13.491521835327148,253200
2021-08-24,15.510000228881836,15.630000114440918,15.489999771118164,15.579999923706055,13.552410125732422,331000
2021-08-25,15.550000190734863,15.600000381469727,15.5,15.5,13.482823371887207,174300
2021-08-26,15.510000228881836,15.550000190734863,15.329999923706055,15.350000381469727,13.352343559265137,630700
2021-08-27,15.359999656677246,15.4399995803833,15.34000015258789,15.380000114440918,13.378440856933594,301300
2021-08-30,15.369999885559082,15.430000305175781,15.319999694824219,15.350000381469727,13.352343559265137,336700
2021-08-31,15.369999885559082,15.40999984741211,15.319999694824219,15.350000381469727,13.352343559265137,295500
2021-09-01,15.380000114440918,15.40999984741211,15.319999694824219,15.350000381469727,13.352343559265137,254600
2021-09-02,15.390000343322754,15.390000343322754,15.300000190734863,15.3100004196167,13.317550659179688,417500
2021-09-03,15.3100004196167,15.319999694824219,15.100000381469727,15.229999542236328,13.247961044311523,562500
2021-09-07,15.210000038146973,15.220000267028809,15.079999923706055,15.210000038146973,13.23056411743164,366200
2021-09-08,15.170000076293945,15.210000038146973,15.119999885559082,15.170000076293945,13.195769309997559,275700
2021-09-09,15.149999618530273,15.210000038146973,15.140000343322754,15.140000343322754,13.169673919677734,320100
2021-09-10,15.149999618530273,15.229999542236328,15.149999618530273,15.210000038146973,13.23056411743164,218300
2021-09-13,15.199999809265137,15.300000190734863,15.180000305175781,15.229999542236328,13.247961044311523,473900
2021-09-14,15.149999618530273,15.229999542236328,15.140000343322754,15.199999809265137,13.278534889221191,316700
2021-09-15,15.229999542236328,15.300000190734863,15.1899995803833,15.229999542236328,13.304743766784668,238100
2021-09-16,15.210000038146973,15.210000038146973,15.109999656677246,15.109999656677246,13.199911117553711,332700
2021-09-17,15.109999656677246,15.180000305175781,15.100000381469727,15.15999984741211,13.243592262268066,180800
2021-09-20,15.130000114440918,15.15999984741211,15.069999694824219,15.109999656677246,13.199911117553711,305100
2021-09-21,15.130000114440918,15.149999618530273,15.09000015258789,15.140000343322754,13.22612190246582,215600
2021-09-22,15.149999618530273,15.210000038146973,15.119999885559082,15.170000076293945,13.252327919006348,240600
2021-09-23,15.15999984741211,15.180000305175781,15.100000381469727,15.149999618530273,13.234858512878418,418100
2021-09-24,15.15999984741211,15.15999984741211,15.0600004196167,15.079999923706055,13.1737060546875,322900
2021-09-27,15.079999923706055,15.079999923706055,14.949999809265137,15.020000457763672,13.121292114257812,474800
2021-09-28,14.9399995803833,14.960000038146973,14.75,14.819999694824219,12.946575164794922,855200
2021-09-29,14.829999923706055,14.890000343322754,14.770000457763672,14.779999732971191,12.911632537841797,375700
2021-09-30,14.789999961853027,14.819999694824219,14.640000343322754,14.760000228881836,12.894156455993652,540100
2021-10-01,14.779999732971191,14.800000190734863,14.619999885559082,14.729999542236328,12.867948532104492,285300
2021-10-04,14.75,14.779999732971191,14.6899995803833,14.729999542236328,12.867948532104492,300600
2021-10-05,14.75,14.779999732971191,14.649999618530273,14.670000076293945,12.815537452697754,399300
2021-10-06,14.640000343322754,14.670000076293945,14.40999984741211,14.619999885559082,12.771852493286133,645600
2021-10-07,14.670000076293945,14.819999694824219,14.640000343322754,14.729999542236328,12.867948532104492,265700
2021-10-08,14.720000267028809,14.75,14.670000076293945,14.6899995803833,12.833006858825684,199600
2021-10-11,14.739999771118164,14.760000228881836,14.649999618530273,14.699999809265137,12.841745376586914,154300
2021-10-12,14.710000038146973,14.779999732971191,14.65999984741211,14.6899995803833,12.833006858825684,290900
2021-10-13,14.699999809265137,14.880000114440918,14.699999809265137,14.819999694824219,12.946575164794922,260900
2021-10-14,14.859999656677246,14.859999656677246,14.670000076293945,14.699999809265137,12.8983154296875,361400
2021-10-15,14.710000038146973,14.720000267028809,14.619999885559082,14.640000343322754,12.845667839050293,312300
2021-10-18,14.640000343322754,14.670000076293945,14.579999923706055,14.640000343322754,12.845667839050293,293000
2021-10-19,14.649999618530273,14.65999984741211,14.579999923706055,14.619999885559082,12.828119277954102,169700
2021-10-20,14.619999885559082,14.670000076293945,14.579999923706055,14.59000015258789,12.801795959472656,195700
2021-10-21,14.619999885559082,14.619999885559082,14.479999542236328,14.510000228881836,12.731600761413574,246900
2021-10-22,14.5600004196167,14.600000381469727,14.489999771118164,14.600000381469727,12.810571670532227,249500
2021-10-25,14.59000015258789,14.59000015258789,14.479999542236328,14.520000457763672,12.740375518798828,380800
2021-10-26,14.520000457763672,14.579999923706055,14.40999984741211,14.539999961853027,12.757923126220703,307200
2021-10-27,14.539999961853027,14.579999923706055,14.470000267028809,14.5600004196167,12.775471687316895,178100
2021-10-28,14.579999923706055,14.619999885559082,14.5,14.600000381469727,12.810571670532227,276900
2021-10-29,14.579999923706055,14.739999771118164,14.5600004196167,14.710000038146973,12.907088279724121,239900
2021-11-01,14.710000038146973,14.84000015258789,14.670000076293945,14.729999542236328,12.92463493347168,380200
2021-11-02,14.770000457763672,14.84000015258789,14.729999542236328,14.800000190734863,12.986056327819824,279100
2021-11-03,14.800000190734863,14.8100004196167,14.65999984741211,14.6899995803833,12.889538764953613,267300
2021-11-04,14.6899995803833,14.800000190734863,14.6899995803833,14.729999542236328,12.92463493347168,230500
2021-11-05,14.800000190734863,14.880000114440918,14.779999732971191,14.800000190734863,12.986056327819824,367100
2021-11-08,14.829999923706055,14.890000343322754,14.8100004196167,14.819999694824219,13.003608703613281,439800
2021-11-09,14.850000381469727,14.890000343322754,14.819999694824219,14.869999885559082,13.047478675842285,234400
2021-11-10,14.869999885559082,14.949999809265137,14.84000015258789,14.899999618530273,13.073801040649414,412300
2021-11-11,14.920000076293945,14.949999809265137,14.859999656677246,14.920000076293945,13.091348648071289,412700
2021-11-12,14.890000343322754,14.930000305175781,14.829999923706055,14.930000305175781,13.157443046569824,235400
2021-11-15,14.9399995803833,14.949999809265137,14.829999923706055,14.880000114440918,13.11337947845459,196000
2021-11-16,14.859999656677246,14.960000038146973,14.829999923706055,14.890000343322754,13.122198104858398,312500
2021-11-17,14.859999656677246,14.880000114440918,14.829999923706055,14.84000015258789,13.078129768371582,155900
2021-11-18,14.84000015258789,14.869999885559082,14.800000190734863,14.819999694824219,13.060507774353027,246900
2021-11-19,14.84000015258789,14.880000114440918,14.829999923706055,14.880000114440918,13.11337947845459,220700
2021-11-22,14.859999656677246,14.890000343322754,14.8100004196167,14.869999885559082,13.104569435119629,182700
2021-11-23,14.869999885559082,14.869999885559082,14.800000190734863,14.859999656677246,13.095754623413086,209800
2021-11-24,14.850000381469727,14.850000381469727,14.75,14.8100004196167,13.0516939163208,171200
2021-11-26,14.760000228881836,14.850000381469727,14.649999618530273,14.789999961853027,13.034069061279297,197700
2021-11-29,14.819999694824219,14.890000343322754,14.75,14.880000114440918,13.11337947845459,276300
2021-11-30,14.890000343322754,14.930000305175781,14.729999542236328,14.84000015258789,13.078129768371582,260200
2021-12-01,14.869999885559082,14.90999984741211,14.800000190734863,14.880000114440918,13.11337947845459,244300
2021-12-02,14.880000114440918,14.9399995803833,14.850000381469727,14.930000305175781,13.157443046569824,249400
2021-12-03,14.930000305175781,14.9399995803833,14.75,14.920000076293945,13.148632049560547,240900
2021-12-06,14.920000076293945,14.920000076293945,14.800000190734863,14.90999984741211,13.139820098876953,204900
2021-12-07,14.9399995803833,15.0,14.920000076293945,14.970000267028809,13.192699432373047,281000
2021-12-08,14.949999809265137,15.039999961853027,14.899999618530273,14.989999771118164,13.210320472717285,299400
2021-12-09,14.989999771118164,15.050000190734863,14.920000076293945,14.930000305175781,13.157443046569824,289900
2021-12-10,14.949999809265137,15.050000190734863,14.9399995803833,15.029999732971191,13.245573997497559,213000
2021-12-13,15.029999732971191,15.029999732971191,14.9399995803833,14.970000267028809,13.192699432373047,346300
2021-12-14,14.899999618530273,14.989999771118164,14.899999618530273,14.960000038146973,13.241379737854004,273000
2021-12-15,14.960000038146973,14.960000038146973,14.8100004196167,14.850000381469727,13.14401626586914,270200
2021-12-16,14.869999885559082,14.90999984741211,14.829999923706055,14.890000343322754,13.17941951751709,200400
2021-12-17,14.850000381469727,15.130000114440918,14.850000381469727,15.020000457763672,13.294485092163086,249800
2021-12-20,14.989999771118164,15.039999961853027,14.90999984741211,14.9399995803833,13.223676681518555,145400
2021-12-21,14.920000076293945,15.0,14.84000015258789,15.0,13.276782989501953,243500
2021-12-22,15.0,15.029999732971191,14.930000305175781,15.029999732971191,13.303337097167969,198800
2021-12-23,15.039999961853027,15.1899995803833,15.029999732971191,15.069999694824219,13.338741302490234,267600
2021-12-27,15.109999656677246,15.140000343322754,15.09000015258789,15.140000343322754,13.400701522827148,133700
2021-12-28,15.140000343322754,15.15999984741211,15.09000015258789,15.149999618530273,13.409551620483398,121300
2021-12-29,15.130000114440918,15.15999984741211,15.020000457763672,15.119999885559082,13.382996559143066,255700
2021-12-30,15.09000015258789,15.119999885559082,15.029999732971191,15.100000381469727,13.365296363830566,224000
2021-12-31,15.119999885559082,15.15999984741211,15.09000015258789,15.119999885559082,13.382996559143066,321300
2022-01-03,15.119999885559082,15.149999618530273,15.039999961853027,15.100000381469727,13.365296363830566,414600
2022-01-04,15.079999923706055,15.119999885559082,15.010000228881836,15.069999694824219,13.338741302490234,401800
2022-01-05,15.069999694824219,15.1899995803833,14.920000076293945,14.9399995803833,13.223676681518555,531200
2022-01-06,14.899999618530273,15.050000190734863,14.829999923706055,14.920000076293945,13.205974578857422,888800
2022-01-07,14.920000076293945,14.979999542236328,14.850000381469727,14.970000267028809,13.25023078918457,342600
2022-01-10,14.9399995803833,15.0,14.859999656677246,14.970000267028809,13.25023078918457,309700
2022-01-11,14.970000267028809,15.010000228881836,14.949999809265137,14.960000038146973,13.241379737854004,289200
2022-01-12,14.989999771118164,15.010000228881836,14.960000038146973,15.0,13.276782989501953,301300
2022-01-13,14.899999618530273,14.9399995803833,14.800000190734863,14.859999656677246,13.210107803344727,372200
2022-01-14,14.8100004196167,14.8100004196167,14.619999885559082,14.630000114440918,13.005646705627441,570200
2022-01-18,14.569999694824219,14.710000038146973,14.279999732971191,14.300000190734863,12.712287902832031,743700
2022-01-19,14.329999923706055,14.430000305175781,14.050000190734863,14.140000343322754,12.570051193237305,704200
2022-01-20,14.170000076293945,14.300000190734863,14.119999885559082,14.15999984741211,12.58782958984375,455600
2022-01-21,14.15999984741211,14.260000228881836,14.119999885559082,14.130000114440918,12.561162948608398,384500
2022-01-24,14.100000381469727,14.15999984741211,14.010000228881836,14.140000343322754,12.570051193237305,417400
2022-01-25,14.109999656677246,14.369999885559082,14.109999656677246,14.300000190734863,12.712287902832031,271400
2022-01-26,14.300000190734863,14.359999656677246,14.199999809265137,14.199999809265137,12.62338924407959,233900
2022-01-27,14.239999771118164,14.319999694824219,14.199999809265137,14.25,12.667838096618652,272800
2022-01-28,14.229999542236328,14.279999732971191,14.199999809265137,14.220000267028809,12.641167640686035,220700
2022-01-31,14.199999809265137,14.210000038146973,14.130000114440918,14.210000038146973,12.63227653503418,260600
2022-02-01,14.229999542236328,14.350000381469727,14.1899995803833,14.260000228881836,12.676726341247559,375000
2022-02-02,14.270000457763672,14.329999923706055,14.199999809265137,14.210000038146973,12.63227653503418,521400
2022-02-03,14.149999618530273,14.239999771118164,14.149999618530273,14.180000305175781,12.605610847473145,321500
2022-02-04,14.140000343322754,14.15999984741211,14.0,14.0,12.445595741271973,569000
2022-02-07,14.020000457763672,14.199999809265137,14.010000228881836,14.170000076293945,12.596720695495605,360500
2022-02-08,14.260000228881836,14.260000228881836,14.079999923706055,14.09000015258789,12.525606155395508,390300
2022-02-09,14.130000114440918,14.130000114440918,14.039999961853027,14.079999923706055,12.516715049743652,276500
2022-02-10,14.050000190734863,14.15999984741211,14.039999961853027,14.079999923706055,12.516715049743652,225600
2022-02-11,14.069999694824219,14.109999656677246,13.960000038146973,14.010000228881836,12.454487800598145,477200
2022-02-14,13.899999618530273,13.9399995803833,13.600000381469727,13.65999984741211,12.19994831085205,776500
2022-02-15,13.670000076293945,13.699999809265137,13.460000038146973,13.510000228881836,12.065979957580566,650700
2022-02-16,13.5,13.630000114440918,13.359999656677246,13.609999656677246,12.155291557312012,514500
2022-02-17,13.609999656677246,13.760000228881836,13.59000015258789,13.649999618530273,12.19101619720459,432200
2022-02-18,13.65999984741211,13.729999542236328,13.630000114440918,13.710000038146973,12.244603157043457,239600
2022-02-22,13.5600004196167,13.5600004196167,13.40999984741211,13.449999809265137,12.012391090393066,578000
2022-02-23,13.479999542236328,13.529999732971191,13.40999984741211,13.430000305175781,11.99453067779541,285400
2022-02-24,13.350000381469727,13.520000457763672,13.300000190734863,13.449999809265137,12.012391090393066,634800
2022-02-25,13.479999542236328,13.600000381469727,13.420000076293945,13.529999732971191,12.083843231201172,373900
2022-02-28,13.510000228881836,13.760000228881836,13.510000228881836,13.760000228881836,12.28925895690918,307500
2022-03-01,13.8100004196167,13.9399995803833,13.789999961853027,13.890000343322754,12.405364990234375,288600
2022-03-02,13.890000343322754,13.930000305175781,13.819999694824219,13.819999694824219,12.34284782409668,331600
2022-03-03,13.880000114440918,13.9399995803833,13.850000381469727,13.930000305175781,12.441088676452637,193300
2022-03-04,13.90999984741211,13.930000305175781,13.8100004196167,13.880000114440918,12.396431922912598,192100
2022-03-07,13.850000381469727,13.869999885559082,13.649999618530273,13.6899995803833,12.2267427444458,246500
2022-03-08,13.649999618530273,13.729999542236328,13.5600004196167,13.710000038146973,12.244603157043457,279900
2022-03-09,13.720000267028809,13.75,13.65999984741211,13.739999771118164,12.271395683288574,215100
2022-03-10,13.65999984741211,13.6899995803833,13.510000228881836,13.5600004196167,12.110634803771973,235600
2022-03-11,13.550000190734863,13.600000381469727,13.5,13.550000190734863,12.101703643798828,324300
2022-03-14,13.430000305175781,13.460000038146973,13.34000015258789,13.359999656677246,11.98952865600586,432900
2022-03-15,13.359999656677246,13.359999656677246,13.270000457763672,13.3100004196167,11.944655418395996,311800
2022-03-16,13.300000190734863,13.3100004196167,13.09000015258789,13.300000190734863,11.935681343078613,760300
2022-03-17,13.300000190734863,13.369999885559082,13.270000457763672,13.289999961853027,11.926706314086914,410000
2022-03-18,13.279999732971191,13.449999809265137,13.279999732971191,13.369999885559082,11.998499870300293,1045400
2022-03-21,13.34000015258789,13.369999885559082,13.300000190734863,13.329999923706055,11.962604522705078,404100
2022-03-22,13.289999961853027,13.289999961853027,13.210000038146973,13.210000038146973,11.854913711547852,299400
2022-03-23,13.210000038146973,13.210000038146973,13.130000114440918,13.180000305175781,11.82798957824707,273700
2022-03-24,13.149999618530273,13.15999984741211,13.100000381469727,13.100000381469727,11.756199836730957,333400
2022-03-25,13.100000381469727,13.100000381469727,12.949999809265137,13.0,11.666455268859863,503700
2022-03-28,13.020000457763672,13.079999923706055,12.829999923706055,12.859999656677246,11.540818214416504,436000
2022-03-29,12.859999656677246,12.949999809265137,12.770000457763672,12.90999984741211,11.585687637329102,483600
2022-03-30,12.890000343322754,13.039999961853027,12.890000343322754,13.010000228881836,11.675432205200195,378700
2022-03-31,13.039999961853027,13.100000381469727,12.989999771118164,13.010000228881836,11.675432205200195,582300
2022-04-01,13.029999732971191,13.140000343322754,12.989999771118164,13.140000343322754,11.792094230651855,289600
2022-04-04,13.149999618530273,13.199999809265137,13.100000381469727,13.130000114440918,11.783120155334473,339000
2022-04-05,13.100000381469727,13.140000343322754,12.9399995803833,12.960000038146973,11.630558013916016,344600
2022-04-06,12.880000114440918,12.899999618530273,12.739999771118164,12.8100004196167,11.495945930480957,611100
2022-04-07,12.800000190734863,12.829999923706055,12.680000305175781,12.729999542236328,11.424152374267578,317200
2022-04-08,12.6899995803833,12.729999542236328,12.569999694824219,12.609999656677246,11.316463470458984,456400
2022-04-11,12.569999694824219,12.600000381469727,12.460000038146973,12.470000267028809,11.190823554992676,488700
2022-04-12,12.489999771118164,12.579999923706055,12.380000114440918,12.380000114440918,11.110054016113281,828700
2022-04-13,12.3100004196167,12.390000343322754,12.1899995803833,12.279999732971191,11.078481674194336,527900
2022-04-14,12.300000190734863,12.300000190734863,11.930000305175781,11.989999771118164,10.816854476928711,973100
2022-04-18,11.989999771118164,12.050000190734863,11.920000076293945,11.979999542236328,10.807832717895508,781800
2022-04-19,11.949999809265137,11.979999542236328,11.8100004196167,11.949999809265137,10.780769348144531,557900
2022-04-20,11.949999809265137,12.09000015258789,11.859999656677246,12.039999961853027,10.861963272094727,1265900
2022-04-21,12.069999694824219,12.119999885559082,11.949999809265137,12.050000190734863,10.870984077453613,425900
2022-04-22,12.050000190734863,12.149999618530273,11.920000076293945,12.100000381469727,10.91609001159668,632400
2022-04-25,12.130000114440918,12.420000076293945,12.109999656677246,12.3100004196167,11.105542182922363,1964800
2022-04-26,12.329999923706055,12.479999542236328,12.3100004196167,12.40999984741211,11.195761680603027,1308800
2022-04-27,12.430000305175781,12.460000038146973,12.229999542236328,12.279999732971191,11.078481674194336,591900
2022-04-28,12.289999961853027,12.40999984741211,12.25,12.380000114440918,11.168695449829102,541600
2022-04-29,12.300000190734863,12.350000381469727,12.149999618530273,12.220000267028809,11.024351119995117,791600
2022-05-02,12.229999542236328,12.239999771118164,12.109999656677246,12.130000114440918,10.943159103393555,368800
2022-05-03,12.199999809265137,12.260000228881836,12.149999618530273,12.180000305175781,10.988263130187988,438500
2022-05-04,12.149999618530273,12.239999771118164,12.119999885559082,12.199999809265137,11.006305694580078,685100
2022-05-05,12.140000343322754,12.149999618530273,12.039999961853027,12.140000343322754,10.952178955078125,510100
2022-05-06,12.130000114440918,12.210000038146973,12.069999694824219,12.09000015258789,10.907071113586426,633100
2022-05-09,12.010000228881836,12.09000015258789,11.9399995803833,12.0,10.825878143310547,638800
2022-05-10,12.029999732971191,12.229999542236328,11.90999984741211,11.930000305175781,10.762726783752441,537600
2022-05-11,11.899999618530273,11.979999542236328,11.869999885559082,11.890000343322754,10.726641654968262,770500
2022-05-12,11.800000190734863,11.890000343322754,11.800000190734863,11.850000381469727,10.749316215515137,458700
2022-05-13,11.829999923706055,11.829999923706055,11.729999542236328,11.75,10.65860652923584,567100
2022-05-16,11.729999542236328,11.789999961853027,11.550000190734863,11.569999694824219,10.49532413482666,567600
2022-05-17,11.579999923706055,11.59000015258789,11.5,11.510000228881836,10.440897941589355,544500
2022-05-18,11.5,11.5,11.100000381469727,11.1899995803833,10.150618553161621,784600
2022-05-19,11.149999618530273,11.420000076293945,11.119999885559082,11.390000343322754,10.332043647766113,562700
2022-05-20,11.420000076293945,11.489999771118164,11.359999656677246,11.430000305175781,10.368328094482422,664500
2022-05-23,11.4399995803833,11.699999809265137,11.40999984741211,11.550000190734863,10.477181434631348,609900
2022-05-24,11.5600004196167,11.729999542236328,11.5600004196167,11.670000076293945,10.58603572845459,744300
2022-05-25,11.739999771118164,12.239999771118164,11.739999771118164,12.239999771118164,11.103092193603516,1226700
2022-05-26,12.210000038146973,12.420000076293945,12.050000190734863,12.380000114440918,11.230088233947754,1045400
2022-05-27,12.430000305175781,12.630000114440918,12.40999984741211,12.539999961853027,11.375226974487305,822200
2022-05-31,12.539999961853027,12.539999961853027,12.40999984741211,12.460000038146973,11.302659034729004,669500
2022-06-01,12.529999732971191,12.649999618530273,12.479999542236328,12.649999618530273,11.47500991821289,485900
2022-06-02,12.600000381469727,12.770000457763672,12.5600004196167,12.710000038146973,11.529435157775879,587800
2022-06-03,12.600000381469727,12.710000038146973,12.510000228881836,12.539999961853027,11.375226974487305,473100
2022-06-06,12.539999961853027,12.579999923706055,12.34000015258789,12.399999618530273,11.24822998046875,400600
2022-06-07,12.369999885559082,12.510000228881836,12.34000015258789,12.430000305175781,11.275443077087402,494800
2022-06-08,12.430000305175781,12.479999542236328,12.270000457763672,12.289999961853027,11.148446083068848,284200
2022-06-09,12.25,12.3100004196167,12.140000343322754,12.15999984741211,11.030521392822266,329800
2022-06-10,12.100000381469727,12.100000381469727,12.010000228881836,12.029999732971191,10.912599563598633,464700
2022-06-13,11.84000015258789,11.899999618530273,11.5600004196167,11.600000381469727,10.522539138793945,780600
2022-06-14,11.510000228881836,11.579999923706055,11.300000190734863,11.420000076293945,10.417632102966309,652200
2022-06-15,11.4399995803833,11.5,11.140000343322754,11.25,10.262552261352539,845600
2022-06-16,11.100000381469727,11.130000114440918,10.9399995803833,10.989999771118164,10.025371551513672,991300
2022-06-17,11.100000381469727,11.210000038146973,10.979999542236328,11.029999732971191,10.061861991882324,650600
2022-06-21,11.09000015258789,11.149999618530273,11.010000228881836,11.050000190734863,10.080106735229492,592000
2022-06-22,11.09000015258789,11.260000228881836,11.079999923706055,11.210000038146973,10.226062774658203,703900
2022-06-23,11.300000190734863,11.420000076293945,11.220000267028809,11.300000190734863,10.308164596557617,623600
2022-06-24,11.3100004196167,11.470000267028809,11.3100004196167,11.420000076293945,10.417632102966309,413100
2022-06-27,11.399999618530273,11.460000038146973,11.270000457763672,11.369999885559082,10.37201976776123,485800
2022-06-28,11.430000305175781,11.569999694824219,11.319999694824219,11.470000267028809,10.463245391845703,467300
2022-06-29,11.529999732971191,11.649999618530273,11.479999542236328,11.569999694824219,10.554464340209961,918400
2022-06-30,11.5600004196167,11.800000190734863,11.520000457763672,11.699999809265137,10.673055648803711,705600
2022-07-01,11.8100004196167,11.9399995803833,11.789999961853027,11.930000305175781,10.882868766784668,422400
2022-07-05,11.930000305175781,12.100000381469727,11.75,12.050000190734863,10.992334365844727,564000
2022-07-06,12.09000015258789,12.15999984741211,12.020000457763672,12.069999694824219,11.010577201843262,375200
2022-07-07,12.020000457763672,12.0600004196167,11.899999618530273,11.960000038146973,10.910235404968262,469700
2022-07-08,11.949999809265137,12.0,11.850000381469727,11.979999542236328,10.928478240966797,304900
2022-07-11,12.0,12.079999923706055,11.9399995803833,12.0,10.946721076965332,708100
2022-07-12,12.020000457763672,12.069999694824219,11.960000038146973,11.970000267028809,10.919354438781738,512000
2022-07-13,11.899999618530273,12.010000228881836,11.850000381469727,11.960000038146973,10.910235404968262,547700
2022-07-14,11.850000381469727,11.989999771118164,11.8100004196167,11.920000076293945,10.927653312683105,406900
2022-07-15,11.989999771118164,12.029999732971191,11.890000343322754,11.920000076293945,10.927653312683105,297100
2022-07-18,11.9399995803833,11.979999542236328,11.8100004196167,11.869999885559082,10.881815910339355,614200
2022-07-19,11.859999656677246,11.90999984741211,11.819999694824219,11.859999656677246,10.872647285461426,333600
2022-07-20,11.859999656677246,11.920000076293945,11.75,11.800000190734863,10.817643165588379,580100
2022-07-21,11.800000190734863,11.869999885559082,11.770000457763672,11.819999694824219,10.835976600646973,446900
2022-07-22,11.84000015258789,11.90999984741211,11.829999923706055,11.890000343322754,10.900152206420898,453500
2022-07-25,11.890000343322754,11.890000343322754,11.829999923706055,11.84000015258789,10.854312896728516,323300
2022-07-26,11.84000015258789,11.930000305175781,11.800000190734863,11.84000015258789,10.854312896728516,310400
2022-07-27,11.859999656677246,11.989999771118164,11.829999923706055,11.970000267028809,10.973490715026855,645000
2022-07-28,12.0,12.149999618530273,11.989999771118164,12.140000343322754,11.129338264465332,527400
2022-07-29,12.1899995803833,12.350000381469727,12.149999618530273,12.350000381469727,11.321853637695312,517700
2022-08-01,12.420000076293945,12.510000228881836,12.350000381469727,12.40999984741211,11.376858711242676,766000
2022-08-02,12.420000076293945,12.539999961853027,12.40999984741211,12.40999984741211,11.376858711242676,460300
2022-08-03,12.489999771118164,12.520000457763672,12.460000038146973,12.510000228881836,11.468534469604492,370600
2022-08-04,12.520000457763672,12.550000190734863,12.430000305175781,12.4399995803833,11.404361724853516,390400
2022-08-05,12.399999618530273,12.460000038146973,12.319999694824219,12.34000015258789,11.312686920166016,343500
2022-08-08,12.390000343322754,12.4399995803833,12.34000015258789,12.380000114440918,11.349356651306152,335100
2022-08-09,12.399999618530273,12.420000076293945,12.25,12.350000381469727,11.321853637695312,393900
2022-08-10,12.380000114440918,12.430000305175781,12.369999885559082,12.399999618530273,11.367691040039062,788800
2022-08-11,12.489999771118164,12.569999694824219,12.380000114440918,12.420000076293945,11.386025428771973,614200
2022-08-12,12.430000305175781,12.460000038146973,12.329999923706055,12.430000305175781,11.449584007263184,241500
2022-08-15,12.430000305175781,12.470000267028809,12.369999885559082,12.4399995803833,11.458795547485352,548500
2022-08-16,12.449999809265137,12.449999809265137,12.329999923706055,12.40999984741211,11.431161880493164,349200
2022-08-17,12.359999656677246,12.369999885559082,12.260000228881836,12.279999732971191,11.311415672302246,261600
2022-08-18,12.279999732971191,12.359999656677246,12.1899995803833,12.239999771118164,11.274571418762207,416400
2022-08-19,12.140000343322754,12.140000343322754,12.0,12.09000015258789,11.13640308380127,393100
2022-08-22,12.0600004196167,12.069999694824219,12.010000228881836,12.020000457763672,11.071925163269043,289500
2022-08-23,12.0,12.109999656677246,12.0,12.100000381469727,11.145611763000488,327200
2022-08-24,12.09000015258789,12.140000343322754,12.0600004196167,12.069999694824219,11.117980003356934,332200
2022-08-25,12.100000381469727,12.109999656677246,12.0,12.029999732971191,11.081135749816895,413200
2022-08-26,12.029999732971191,12.029999732971191,11.90999984741211,11.930000305175781,10.989025115966797,528500
2022-08-29,11.859999656677246,11.949999809265137,11.800000190734863,11.800000190734863,10.869277000427246,336700
2022-08-30,11.850000381469727,11.890000343322754,11.739999771118164,11.819999694824219,10.88769817352295,315300
2022-08-31,11.829999923706055,11.859999656677246,11.760000228881836,11.8100004196167,10.878487586975098,313700
2022-09-01,11.6899995803833,11.710000038146973,11.550000190734863,11.59000015258789,10.6758394241333,604600
2022-09-02,11.630000114440918,11.710000038146973,11.569999694824219,11.609999656677246,10.694262504577637,291100
2022-09-06,11.600000381469727,11.600000381469727,11.470000267028809,11.520000457763672,10.611360549926758,335900
2022-09-07,11.529999732971191,11.569999694824219,11.420000076293945,11.489999771118164,10.583725929260254,303300
2022-09-08,11.479999542236328,11.479999542236328,11.399999618530273,11.430000305175781,10.528460502624512,210900
2022-09-09,11.430000305175781,11.460000038146973,11.380000114440918,11.40999984741211,10.510037422180176,262000
2022-09-12,11.40999984741211,11.489999771118164,11.350000381469727,11.359999656677246,10.463980674743652,282500
2022-09-13,11.260000228881836,11.319999694824219,11.210000038146973,11.260000228881836,10.371866226196289,358400
2022-09-14,11.25,11.300000190734863,11.199999809265137,11.25,10.417241096496582,342000
2022-09-15,11.199999809265137,11.229999542236328,11.140000343322754,11.199999809265137,10.370943069458008,355200
2022-09-16,11.140000343322754,11.170000076293945,11.100000381469727,11.130000114440918,10.306124687194824,450100
2022-09-19,11.09000015258789,11.109999656677246,10.989999771118164,11.079999923706055,10.259827613830566,587300
2022-09-20,11.050000190734863,11.079999923706055,10.960000038146973,11.0,10.185745239257812,589800
2022-09-21,11.010000228881836,11.050000190734863,10.979999542236328,11.010000228881836,10.195005416870117,483900
2022-09-22,10.989999771118164,10.989999771118164,10.899999618530273,10.930000305175781,10.120929718017578,576400
2022-09-23,10.880000114440918,10.920000076293945,10.699999809265137,10.779999732971191,9.982032775878906,689900
2022-09-26,10.619999885559082,10.649999618530273,10.350000381469727,10.380000114440918,9.611639976501465,1113400
2022-09-27,10.40999984741211,10.510000228881836,10.380000114440918,10.449999809265137,9.676460266113281,637200
2022-09-28,10.520000457763672,10.600000381469727,10.40999984741211,10.449999809265137,9.676460266113281,761000
2022-09-29,10.390000343322754,10.40999984741211,10.199999809265137,10.319999694824219,9.556082725524902,539600
2022-09-30,10.300000190734863,10.40999984741211,10.199999809265137,10.279999732971191,9.519044876098633,863300
2022-10-03,10.369999885559082,10.520000457763672,10.220000267028809,10.329999923706055,9.565343856811523,820900
2022-10-04,10.34000015258789,10.619999885559082,10.34000015258789,10.59000015258789,9.806096076965332,791300
2022-10-05,10.520000457763672,10.520000457763672,10.180000305175781,10.199999809265137,9.444963455200195,816400
2022-10-06,10.239999771118164,10.359999656677246,10.220000267028809,10.329999923706055,9.565343856811523,395900
2022-10-07,10.279999732971191,10.289999961853027,10.119999885559082,10.170000076293945,9.417186737060547,762600
2022-10-10,10.25,10.25,10.0,10.170000076293945,9.417186737060547,557600
2022-10-11,10.170000076293945,10.239999771118164,10.09000015258789,10.140000343322754,9.389408111572266,627200
2022-10-12,10.100000381469727,10.350000381469727,10.100000381469727,10.300000190734863,9.537565231323242,447200
2022-10-13,10.109999656677246,10.229999542236328,10.010000228881836,10.039999961853027,9.345806121826172,598300
2022-10-14,10.079999923706055,10.119999885559082,10.020000457763672,10.039999961853027,9.345806121826172,306200
2022-10-17,10.069999694824219,10.130000114440918,9.949999809265137,9.989999771118164,9.299264907836914,448600
2022-10-18,10.0,10.050000190734863,9.9399995803833,10.039999961853027,9.345806121826172,490400
2022-10-19,9.979999542236328,10.079999923706055,9.949999809265137,10.029999732971191,9.33649730682373,372600
2022-10-20,10.010000228881836,10.09000015258789,10.0,10.050000190734863,9.355114936828613,281500
2022-10-21,10.0,10.050000190734863,9.960000038146973,10.020000457763672,9.327190399169922,307300
2022-10-24,10.0,10.0,9.760000228881836,9.779999732971191,9.103784561157227,561000
2022-10-25,9.880000114440918,10.09000015258789,9.869999885559082,10.010000228881836,9.317880630493164,1262400
2022-10-26,10.0600004196167,10.140000343322754,9.90999984741211,10.0,9.308571815490723,725300
2022-10-27,10.010000228881836,10.020000457763672,9.819999694824219,9.829999923706055,9.150327682495117,784900
2022-10-28,9.859999656677246,9.9399995803833,9.800000190734863,9.859999656677246,9.178251266479492,428300
2022-10-31,9.850000381469727,9.850000381469727,9.699999809265137,9.850000381469727,9.168943405151367,835100
2022-11-01,9.90999984741211,10.0,9.729999542236328,9.800000190734863,9.12240219116211,617000
2022-11-02,9.760000228881836,9.890000343322754,9.729999542236328,9.84000015258789,9.159635543823242,497800
2022-11-03,9.84000015258789,9.930000305175781,9.8100004196167,9.90999984741211,9.2247953414917,509000
2022-11-04,9.949999809265137,10.100000381469727,9.899999618530273,9.989999771118164,9.299264907836914,466300
2022-11-07,9.979999542236328,10.109999656677246,9.9399995803833,10.050000190734863,9.355114936828613,376200
2022-11-08,10.069999694824219,10.119999885559082,10.039999961853027,10.0600004196167,9.364424705505371,403500
2022-11-09,9.979999542236328,10.079999923706055,9.949999809265137,9.949999809265137,9.262030601501465,472900
2022-11-10,10.119999885559082,10.279999732971191,10.119999885559082,10.170000076293945,9.466819763183594,804100
2022-11-11,10.199999809265137,10.479999542236328,10.180000305175781,10.420000076293945,9.699533462524414,576900
2022-11-14,10.380000114440918,10.420000076293945,10.210000038146973,10.25,9.590989112854004,287500
2022-11-15,10.40999984741211,10.569999694824219,10.390000343322754,10.479999542236328,9.806201934814453,436300
2022-11-16,10.529999732971191,10.6899995803833,10.470000267028809,10.649999618530273,9.965271949768066,290800
2022-11-17,10.600000381469727,10.84000015258789,10.550000190734863,10.699999809265137,10.01205825805664,419400
2022-11-18,10.819999694824219,10.819999694824219,10.460000038146973,10.619999885559082,9.937200546264648,466800
2022-11-21,10.670000076293945,10.829999923706055,10.5600004196167,10.8100004196167,10.114986419677734,420000
2022-11-22,10.890000343322754,10.949999809265137,10.859999656677246,10.890000343322754,10.189842224121094,396100
2022-11-23,10.930000305175781,11.050000190734863,10.850000381469727,10.899999618530273,10.199199676513672,336000
2022-11-25,10.960000038146973,11.0,10.90999984741211,10.979999542236328,10.274057388305664,82700
2022-11-28,10.970000267028809,11.050000190734863,10.899999618530273,10.960000038146973,10.255342483520508,539100
2022-11-29,10.989999771118164,11.050000190734863,10.949999809265137,11.010000228881836,10.302125930786133,332100
2022-11-30,11.050000190734863,11.100000381469727,11.020000457763672,11.069999694824219,10.358268737792969,320100
2022-12-01,11.149999618530273,11.170000076293945,10.9399995803833,11.010000228881836,10.302125930786133,536100
2022-12-02,10.970000267028809,11.260000228881836,10.920000076293945,11.229999542236328,10.507981300354004,502700
2022-12-05,11.1899995803833,11.229999542236328,11.010000228881836,11.180000305175781,10.461197853088379,344700
2022-12-06,11.220000267028809,11.300000190734863,11.079999923706055,11.100000381469727,10.386341094970703,411400
2022-12-07,11.119999885559082,11.170000076293945,11.050000190734863,11.119999885559082,10.405054092407227,659300
2022-12-08,11.119999885559082,11.119999885559082,10.960000038146973,11.039999961853027,10.330196380615234,575400
2022-12-09,11.029999732971191,11.039999961853027,10.859999656677246,11.0,10.292769432067871,622800
2022-12-12,11.020000457763672,11.050000190734863,10.869999885559082,10.90999984741211,10.208556175231934,529700
2022-12-13,11.079999923706055,11.289999961853027,11.039999961853027,11.0600004196167,10.348912239074707,563800
2022-12-14,11.079999923706055,11.09000015258789,10.859999656677246,10.9399995803833,10.28685474395752,552600
2022-12-15,10.880000114440918,10.90999984741211,10.760000228881836,10.760000228881836,10.117598533630371,512200
2022-12-16,10.729999542236328,10.8100004196167,10.670000076293945,10.779999732971191,10.136405944824219,446300
2022-12-19,10.770000457763672,10.829999923706055,10.630000114440918,10.6899995803833,10.051778793334961,921900
2022-12-20,10.630000114440918,10.699999809265137,10.520000457763672,10.59000015258789,9.957749366760254,837800
2022-12-21,10.619999885559082,10.699999809265137,10.529999732971191,10.579999923706055,9.948347091674805,714400
2022-12-22,10.609999656677246,10.630000114440918,10.460000038146973,10.5,9.873120307922363,545800
2022-12-23,10.5,10.5600004196167,10.449999809265137,10.470000267028809,9.844914436340332,362900
2022-12-27,10.449999809265137,10.489999771118164,10.270000457763672,10.34000015258789,9.722674369812012,984400
2022-12-28,10.350000381469727,10.449999809265137,10.229999542236328,10.270000457763672,9.656854629516602,856000
2022-12-29,10.319999694824219,10.449999809265137,10.319999694824219,10.399999618530273,9.779091835021973,791900
2022-12-30,10.399999618530273,10.5,10.34000015258789,10.34000015258789,9.722674369812012,1176100
2023-01-03,10.5,10.720000267028809,10.430000305175781,10.529999732971191,9.901330947875977,521400
2023-01-04,10.5,10.640000343322754,10.430000305175781,10.59000015258789,9.957749366760254,526900
2023-01-05,10.550000190734863,10.59000015258789,10.4399995803833,10.479999542236328,9.854316711425781,323600
2023-01-06,10.489999771118164,10.59000015258789,10.350000381469727,10.489999771118164,9.86371898651123,512800
2023-01-09,10.529999732971191,10.619999885559082,10.5,10.539999961853027,9.910734176635742,521100
2023-01-10,10.539999961853027,10.609999656677246,10.5,10.579999923706055,9.948347091674805,297100
2023-01-11,10.619999885559082,10.680000305175781,10.569999694824219,10.619999885559082,9.985957145690918,631600
2023-01-12,10.640000343322754,10.880000114440918,10.609999656677246,10.75,10.152170181274414,685900
2023-01-13,10.720000267028809,10.850000381469727,10.65999984741211,10.680000305175781,10.086063385009766,570900
2023-01-17,10.649999618530273,10.710000038146973,10.569999694824219,10.579999923706055,9.991625785827637,502200
2023-01-18,10.6899995803833,10.760000228881836,10.649999618530273,10.670000076293945,10.076620101928711,473600
2023-01-19,10.6899995803833,10.770000457763672,10.649999618530273,10.729999542236328,10.133281707763672,661100
2023-01-20,10.770000457763672,10.899999618530273,10.710000038146973,10.890000343322754,10.284384727478027,269600
2023-01-23,10.930000305175781,10.989999771118164,10.90999984741211,10.920000076293945,10.312716484069824,439400
2023-01-24,10.920000076293945,11.109999656677246,10.920000076293945,10.960000038146973,10.35049057006836,374100
2023-01-25,10.920000076293945,10.970000267028809,10.859999656677246,10.930000305175781,10.322158813476562,312600
2023-01-26,10.930000305175781,10.979999542236328,10.90999984741211,10.960000038146973,10.35049057006836,287300
2023-01-27,10.90999984741211,10.970000267028809,10.869999885559082,10.930000305175781,10.322158813476562,283800
2023-01-30,10.9399995803833,10.960000038146973,10.890000343322754,10.930000305175781,10.322158813476562,317500
2023-01-31,10.949999809265137,11.029999732971191,10.899999618530273,11.010000228881836,10.397710800170898,207000
2023-02-01,11.079999923706055,11.09000015258789,10.920000076293945,11.0600004196167,10.444931030273438,567700
2023-02-02,11.130000114440918,11.210000038146973,11.079999923706055,11.130000114440918,10.511035919189453,849300
2023-02-03,11.079999923706055,11.119999885559082,11.039999961853027,11.100000381469727,10.482705116271973,305800
2023-02-06,11.0600004196167,11.0600004196167,10.880000114440918,10.880000114440918,10.274941444396973,697600
2023-02-07,10.920000076293945,11.029999732971191,10.880000114440918,10.960000038146973,10.35049057006836,402500
2023-02-08,10.989999771118164,11.020000457763672,10.899999618530273,10.90999984741211,10.30327320098877,361900
2023-02-09,10.989999771118164,11.0,10.739999771118164,10.75,10.152170181274414,501900
2023-02-10,10.789999961853027,10.859999656677246,10.760000228881836,10.850000381469727,10.24660873413086,268400
2023-02-13,10.90999984741211,10.930000305175781,10.819999694824219,10.850000381469727,10.24660873413086,211400
2023-02-14,10.8100004196167,10.8100004196167,10.729999542236328,10.779999732971191,10.223847389221191,157700
2023-02-15,10.760000228881836,10.789999961853027,10.520000457763672,10.619999885559082,10.072100639343262,447300
2023-02-16,10.579999923706055,10.579999923706055,10.40999984741211,10.4399995803833,9.901387214660645,458400
2023-02-17,10.449999809265137,10.470000267028809,10.369999885559082,10.430000305175781,9.8919038772583,307100
2023-02-21,10.390000343322754,10.390000343322754,10.270000457763672,10.369999885559082,9.834999084472656,399000
2023-02-22,10.369999885559082,10.369999885559082,10.270000457763672,10.3100004196167,9.778095245361328,329900
2023-02-23,10.350000381469727,10.40999984741211,10.3100004196167,10.359999656677246,9.825515747070312,328700
2023-02-24,10.329999923706055,10.380000114440918,10.300000190734863,10.359999656677246,9.825515747070312,251500
2023-02-27,10.399999618530273,10.40999984741211,10.289999961853027,10.3100004196167,9.778095245361328,309300
2023-02-28,10.300000190734863,10.300000190734863,10.220000267028809,10.229999542236328,9.702221870422363,350900
2023-03-01,10.260000228881836,10.260000228881836,10.170000076293945,10.199999809265137,9.673770904541016,273700
2023-03-02,10.170000076293945,10.25,10.130000114440918,10.220000267028809,9.692739486694336,405000
2023-03-03,10.260000228881836,10.350000381469727,10.260000228881836,10.289999961853027,9.759126663208008,187300
2023-03-06,10.3100004196167,10.350000381469727,10.260000228881836,10.289999961853027,9.759126663208008,441600
2023-03-07,10.289999961853027,10.319999694824219,10.229999542236328,10.270000457763672,9.740158081054688,379600
2023-03-08,10.300000190734863,10.329999923706055,10.279999732971191,10.289999961853027,9.759126663208008,154700
2023-03-09,10.350000381469727,10.359999656677246,10.289999961853027,10.300000190734863,9.768613815307617,293800
2023-03-10,10.350000381469727,10.430000305175781,10.279999732971191,10.300000190734863,9.768613815307617,339600
2023-03-13,10.300000190734863,10.390000343322754,10.279999732971191,10.369999885559082,9.834999084472656,364700
2023-03-14,10.4399995803833,10.470000267028809,10.34000015258789,10.380000114440918,9.888345718383789,318400
2023-03-15,10.350000381469727,10.399999618530273,10.25,10.34000015258789,9.850241661071777,289200
2023-03-16,10.390000343322754,10.470000267028809,10.34000015258789,10.34000015258789,9.850241661071777,472900
2023-03-17,10.369999885559082,10.4399995803833,10.369999885559082,10.420000076293945,9.92645263671875,189600
2023-03-20,10.399999618530273,10.430000305175781,10.34000015258789,10.350000381469727,9.859766960144043,96600
2023-03-21,10.390000343322754,10.390000343322754,10.260000228881836,10.270000457763672,9.783557891845703,256300
2023-03-22,10.300000190734863,10.329999923706055,10.229999542236328,10.289999961853027,9.80260944366455,251200
2023-03-23,10.319999694824219,10.34000015258789,10.229999542236328,10.25,9.764505386352539,177200
2023-03-24,10.289999961853027,10.319999694824219,10.239999771118164,10.289999961853027,9.80260944366455,151200
2023-03-27,10.270000457763672,10.399999618530273,10.270000457763672,10.289999961853027,9.80260944366455,217400
2023-03-28,10.3100004196167,10.369999885559082,10.300000190734863,10.350000381469727,9.859766960144043,248600
2023-03-29,10.34000015258789,10.399999618530273,10.34000015258789,10.359999656677246,9.869295120239258,317600
2023-03-30,10.399999618530273,10.550000190734863,10.399999618530273,10.550000190734863,10.050296783447266,284200
2023-03-31,10.600000381469727,10.800000190734863,10.59000015258789,10.800000190734863,10.288453102111816,329500
2023-04-03,10.800000190734863,10.869999885559082,10.739999771118164,10.789999961853027,10.278926849365234,394600
2023-04-04,10.789999961853027,10.920000076293945,10.739999771118164,10.90999984741211,10.393243789672852,299300
2023-04-05,10.90999984741211,10.979999542236328,10.880000114440918,10.920000076293945,10.402770042419434,199500
2023-04-06,10.960000038146973,11.0600004196167,10.9399995803833,10.970000267028809,10.450401306152344,323800
2023-04-10,11.010000228881836,11.039999961853027,10.930000305175781,11.039999961853027,10.517085075378418,241500
2023-04-11,11.069999694824219,11.09000015258789,11.0,11.069999694824219,10.545663833618164,210400
2023-04-12,11.109999656677246,11.140000343322754,10.949999809265137,11.010000228881836,10.488506317138672,252700
2023-04-13,11.020000457763672,11.039999961853027,10.979999542236328,11.029999732971191,10.551645278930664,140000
2023-04-14,11.020000457763672,11.029999732971191,10.859999656677246,10.869999885559082,10.398585319519043,212900
2023-04-17,10.829999923706055,10.850000381469727,10.710000038146973,10.739999771118164,10.274221420288086,245800
2023-04-18,10.760000228881836,10.760000228881836,10.609999656677246,10.729999542236328,10.264655113220215,234600
2023-04-19,10.65999984741211,10.670000076293945,10.300000190734863,10.489999771118164,10.035065650939941,553300
2023-04-20,10.510000228881836,10.569999694824219,10.489999771118164,10.569999694824219,10.111593246459961,213700
2023-04-21,10.619999885559082,10.630000114440918,10.489999771118164,10.550000190734863,10.092461585998535,191400
2023-04-24,10.569999694824219,10.680000305175781,10.569999694824219,10.619999885559082,10.159425735473633,195800
2023-04-25,10.619999885559082,10.699999809265137,10.600000381469727,10.6899995803833,10.22638988494873,172200
2023-04-26,10.699999809265137,10.779999732971191,10.65999984741211,10.6899995803833,10.22638988494873,228100
2023-04-27,10.6899995803833,10.8100004196167,10.6899995803833,10.8100004196167,10.3411865234375,159200
2023-04-28,10.8100004196167,10.850000381469727,10.770000457763672,10.800000190734863,10.331620216369629,163300
2023-05-01,10.800000190734863,10.84000015258789,10.619999885559082,10.640000343322754,10.178560256958008,375300
2023-05-02,10.600000381469727,10.680000305175781,10.539999961853027,10.640000343322754,10.178560256958008,491300
2023-05-03,10.59000015258789,10.619999885559082,10.479999542236328,10.479999542236328,10.025497436523438,673600
2023-05-04,10.460000038146973,10.510000228881836,10.399999618530273,10.40999984741211,9.958535194396973,578100
2023-05-05,10.470000267028809,10.5600004196167,10.4399995803833,10.489999771118164,10.035065650939941,324300
2023-05-08,10.479999542236328,10.5,10.420000076293945,10.430000305175781,9.977666854858398,397200
2023-05-09,10.489999771118164,10.489999771118164,10.430000305175781,10.470000267028809,10.0159330368042,177800
2023-05-10,10.5,10.550000190734863,10.4399995803833,10.479999542236328,10.025497436523438,211700
2023-05-11,10.489999771118164,10.5,10.449999809265137,10.470000267028809,10.0159330368042,226900
2023-05-12,10.5,10.5,10.449999809265137,10.489999771118164,10.079346656799316,197200
2023-05-15,10.479999542236328,10.550000190734863,10.449999809265137,10.460000038146973,10.050522804260254,185700
2023-05-16,10.479999542236328,10.489999771118164,10.4399995803833,10.470000267028809,10.060132026672363,233700
2023-05-17,10.479999542236328,10.479999542236328,10.399999618530273,10.40999984741211,10.002479553222656,231500
2023-05-18,10.40999984741211,10.420000076293945,10.359999656677246,10.369999885559082,9.964044570922852,311500
2023-05-19,10.350000381469727,10.380000114440918,10.329999923706055,10.359999656677246,9.954437255859375,251800
2023-05-22,10.359999656677246,10.380000114440918,10.25,10.260000228881836,9.858351707458496,308500
2023-05-23,10.260000228881836,10.300000190734863,10.210000038146973,10.229999542236328,9.829524993896484,326300
2023-05-24,10.229999542236328,10.25,10.050000190734863,10.069999694824219,9.675789833068848,314200
2023-05-25,10.100000381469727,10.180000305175781,10.100000381469727,10.119999885559082,9.723832130432129,163200
2023-05-26,10.149999618530273,10.25,10.140000343322754,10.220000267028809,9.819916725158691,125000
2023-05-30,10.260000228881836,10.390000343322754,10.260000228881836,10.329999923706055,9.925610542297363,147500
2023-05-31,10.369999885559082,10.489999771118164,10.359999656677246,10.470000267028809,10.060132026672363,220900
2023-06-01,10.529999732971191,10.630000114440918,10.5,10.600000381469727,10.185041427612305,452100
2023-06-02,10.649999618530273,10.649999618530273,10.470000267028809,10.470000267028809,10.060132026672363,322200
2023-06-05,10.489999771118164,10.619999885559082,10.470000267028809,10.619999885559082,10.204258918762207,218900
2023-06-06,10.619999885559082,10.649999618530273,10.579999923706055,10.619999885559082,10.204258918762207,146300
2023-06-07,10.600000381469727,10.640000343322754,10.550000190734863,10.59000015258789,10.175433158874512,677500
2023-06-08,10.619999885559082,10.720000267028809,10.609999656677246,10.6899995803833,10.271516799926758,295100
2023-06-09,10.739999771118164,10.75,10.619999885559082,10.680000305175781,10.261910438537598,294800
2023-06-12,10.710000038146973,10.800000190734863,10.680000305175781,10.800000190734863,10.377211570739746,272400
2023-06-13,10.800000190734863,10.869999885559082,10.760000228881836,10.760000228881836,10.338778495788574,205800
2023-06-14,10.75,10.789999961853027,10.65999984741211,10.720000267028809,10.344568252563477,233600
2023-06-15,10.75,10.8100004196167,10.720000267028809,10.789999961853027,10.412117958068848,138100
2023-06-16,10.819999694824219,10.829999923706055,10.6899995803833,10.699999809265137,10.325268745422363,179900
2023-06-20,10.670000076293945,10.779999732971191,10.670000076293945,10.760000228881836,10.383166313171387,267400
2023-06-21,10.75,10.760000228881836,10.699999809265137,10.720000267028809,10.344568252563477,133300
2023-06-22,10.720000267028809,10.739999771118164,10.65999984741211,10.65999984741211,10.286667823791504,209200
2023-06-23,10.710000038146973,10.760000228881836,10.699999809265137,10.710000038146973,10.334917068481445,203400
2023-06-26,10.739999771118164,10.779999732971191,10.6899995803833,10.720000267028809,10.344568252563477,180000
2023-06-27,10.779999732971191,10.84000015258789,10.720000267028809,10.8100004196167,10.431416511535645,265300
2023-06-28,10.829999923706055,10.850000381469727,10.739999771118164,10.75,10.373517036437988,172500
2023-06-29,10.699999809265137,10.729999542236328,10.579999923706055,10.619999885559082,10.248067855834961,350900
2023-06-30,10.699999809265137,10.729999542236328,10.569999694824219,10.569999694824219,10.199821472167969,257700
2023-07-03,10.6899995803833,10.760000228881836,10.680000305175781,10.739999771118164,10.363866806030273,218900
2023-07-05,10.710000038146973,10.770000457763672,10.59000015258789,10.600000381469727,10.228771209716797,306700
2023-07-06,10.539999961853027,10.550000190734863,10.470000267028809,10.550000190734863,10.180521965026855,428800
2023-07-07,10.5,10.619999885559082,10.5,10.550000190734863,10.180521965026855,192300
2023-07-10,10.579999923706055,10.609999656677246,10.569999694824219,10.609999656677246,10.238420486450195,141500
2023-07-11,10.630000114440918,10.65999984741211,10.520000457763672,10.569999694824219,10.199821472167969,247200
2023-07-12,10.710000038146973,10.710000038146973,10.59000015258789,10.619999885559082,10.248067855834961,203000
2023-07-13,10.640000343322754,10.670000076293945,10.600000381469727,10.65999984741211,10.331419944763184,131100
2023-07-14,10.699999809265137,10.699999809265137,10.550000190734863,10.59000015258789,10.26357650756836,216600
2023-07-17,10.569999694824219,10.640000343322754,10.520000457763672,10.569999694824219,10.244194030761719,500000
2023-07-18,10.569999694824219,10.640000343322754,10.5600004196167,10.569999694824219,10.244194030761719,311000
2023-07-19,10.59000015258789,10.65999984741211,10.59000015258789,10.649999618530273,10.32172679901123,290800
2023-07-20,10.619999885559082,10.630000114440918,10.529999732971191,10.5600004196167,10.234502792358398,340800
2023-07-21,10.609999656677246,10.65999984741211,10.550000190734863,10.550000190734863,10.224808692932129,229100
2023-07-24,10.5600004196167,10.630000114440918,10.5600004196167,10.569999694824219,10.244194030761719,175000
2023-07-25,10.579999923706055,10.609999656677246,10.550000190734863,10.5600004196167,10.234502792358398,218900
2023-07-26,10.5600004196167,10.569999694824219,10.510000228881836,10.529999732971191,10.205426216125488,431600
2023-07-27,10.529999732971191,10.550000190734863,10.449999809265137,10.470000267028809,10.147275924682617,363600
2023-07-28,10.5,10.569999694824219,10.460000038146973,10.529999732971191,10.205426216125488,386700
2023-07-31,10.539999961853027,10.609999656677246,10.520000457763672,10.579999923706055,10.253884315490723,357400
2023-08-01,10.550000190734863,10.600000381469727,10.479999542236328,10.59000015258789,10.26357650756836,379800
2023-08-02,10.529999732971191,10.619999885559082,10.489999771118164,10.569999694824219,10.244194030761719,597800
2023-08-03,10.479999542236328,10.489999771118164,10.380000114440918,10.390000343322754,10.069742202758789,542000
2023-08-04,10.40999984741211,10.5,10.40999984741211,10.460000038146973,10.137584686279297,282900
2023-08-07,10.449999809265137,10.479999542236328,10.34000015258789,10.350000381469727,10.030976295471191,542600
2023-08-08,10.369999885559082,10.460000038146973,10.369999885559082,10.369999885559082,10.050359725952148,310300
2023-08-09,10.390000343322754,10.489999771118164,10.390000343322754,10.4399995803833,10.118200302124023,167400
2023-08-10,10.470000267028809,10.529999732971191,10.369999885559082,10.399999618530273,10.079432487487793,325300
2023-08-11,10.430000305175781,10.510000228881836,10.40999984741211,10.479999542236328,10.156966209411621,158400
2023-08-14,10.359999656677246,10.420000076293945,10.350000381469727,10.359999656677246,10.084930419921875,283000
2023-08-15,10.319999694824219,10.390000343322754,10.3100004196167,10.359999656677246,10.084930419921875,209300
2023-08-16,10.34000015258789,10.380000114440918,10.239999771118164,10.239999771118164,9.968118667602539,235000
2023-08-17,10.260000228881836,10.260000228881836,10.140000343322754,10.1899995803833,9.919445037841797,424600
2023-08-18,10.199999809265137,10.300000190734863,10.1899995803833,10.25,9.977852821350098,200500
2023-08-21,10.199999809265137,10.199999809265137,10.140000343322754,10.15999984741211,9.890241622924805,214300
2023-08-22,10.199999809265137,10.199999809265137,10.109999656677246,10.109999656677246,9.841569900512695,230600
2023-08-23,10.149999618530273,10.210000038146973,10.109999656677246,10.199999809265137,9.929180145263672,382600
2023-08-24,10.180000305175781,10.180000305175781,10.0600004196167,10.069999694824219,9.802631378173828,252400
2023-08-25,10.0600004196167,10.100000381469727,10.039999961853027,10.069999694824219,9.802631378173828,187400
2023-08-28,10.109999656677246,10.109999656677246,10.029999732971191,10.029999732971191,9.763693809509277,386000
2023-08-29,10.0600004196167,10.149999618530273,10.050000190734863,10.149999618530273,9.880508422851562,410100
2023-08-30,10.140000343322754,10.1899995803833,10.100000381469727,10.100000381469727,9.831836700439453,343400
2023-08-31,10.130000114440918,10.140000343322754,10.050000190734863,10.079999923706055,9.812366485595703,309000
2023-09-01,10.100000381469727,10.119999885559082,10.039999961853027,10.109999656677246,9.841569900512695,339300
2023-09-05,10.069999694824219,10.140000343322754,10.069999694824219,10.109999656677246,9.841569900512695,247200
2023-09-06,10.140000343322754,10.140000343322754,10.079999923706055,10.079999923706055,9.812366485595703,160000
2023-09-07,10.100000381469727,10.100000381469727,9.979999542236328,10.010000228881836,9.744224548339844,302600
2023-09-08,10.010000228881836,10.0600004196167,9.949999809265137,9.989999771118164,9.724757194519043,306900
2023-09-11,10.050000190734863,10.0600004196167,9.960000038146973,9.979999542236328,9.715020179748535,303200
2023-09-12,9.989999771118164,10.0,9.949999809265137,9.970000267028809,9.705286979675293,288900
2023-09-13,10.010000228881836,10.100000381469727,10.010000228881836,10.0600004196167,9.792899131774902,174400
2023-09-14,10.029999732971191,10.029999732971191,9.949999809265137,9.970000267028809,9.749870300292969,203700
2023-09-15,10.0,10.0,9.899999618530273,9.90999984741211,9.691193580627441,177100
2023-09-18,9.869999885559082,9.890000343322754,9.829999923706055,9.850000381469727,9.632518768310547,465400
2023-09-19,9.850000381469727,9.859999656677246,9.789999961853027,9.84000015258789,9.622739791870117,236200
2023-09-20,9.84000015258789,9.9399995803833,9.819999694824219,9.890000343322754,9.671635627746582,363600
2023-09-21,9.829999923706055,9.850000381469727,9.5600004196167,9.729999542236328,9.515168190002441,1294400
2023-09-22,9.800000190734863,9.800000190734863,9.699999809265137,9.739999771118164,9.524946212768555,421900
2023-09-25,9.640000343322754,9.670000076293945,9.350000381469727,9.479999542236328,9.2706880569458,1080200
2023-09-26,9.449999809265137,9.479999542236328,9.270000457763672,9.3100004196167,9.10444164276123,573900
2023-09-27,9.319999694824219,9.34000015258789,9.109999656677246,9.170000076293945,8.967533111572266,684600
2023-09-28,9.140000343322754,9.1899995803833,8.920000076293945,9.1899995803833,8.987090110778809,775500
2023-09-29,9.25,9.279999732971191,9.140000343322754,9.279999732971191,9.075102806091309,697500
2023-10-02,9.270000457763672,9.270000457763672,8.989999771118164,9.010000228881836,8.811065673828125,742400
2023-10-03,8.970000267028809,9.039999961853027,8.920000076293945,8.970000267028809,8.771949768066406,629000
2023-10-04,9.039999961853027,9.119999885559082,9.010000228881836,9.09000015258789,8.889299392700195,704500
2023-10-05,9.069999694824219,9.109999656677246,8.890000343322754,8.9399995803833,8.742609977722168,559900
2023-10-06,8.890000343322754,8.9399995803833,8.800000190734863,8.899999618530273,8.703493118286133,529500
2023-10-09,8.9399995803833,8.979999542236328,8.899999618530273,8.970000267028809,8.771949768066406,292200
2023-10-10,8.949999809265137,9.069999694824219,8.930000305175781,9.020000457763672,8.820845603942871,486300
2023-10-11,9.119999885559082,9.170000076293945,9.109999656677246,9.15999984741211,8.95775318145752,302400
2023-10-12,9.140000343322754,9.140000343322754,9.010000228881836,9.050000190734863,8.891922950744629,356600
2023-10-13,9.100000381469727,9.130000114440918,9.069999694824219,9.069999694824219,8.911574363708496,331100
2023-10-16,9.100000381469727,9.100000381469727,8.960000038146973,8.970000267028809,8.813321113586426,346800
2023-10-17,8.899999618530273,8.90999984741211,8.779999732971191,8.84000015258789,8.685591697692871,610400
2023-10-18,8.779999732971191,8.789999961853027,8.649999618530273,8.670000076293945,8.518562316894531,680400
2023-10-19,8.670000076293945,8.699999809265137,8.569999694824219,8.600000381469727,8.449785232543945,530300
2023-10-20,8.579999923706055,8.630000114440918,8.520000457763672,8.59000015258789,8.439958572387695,626500
2023-10-23,8.579999923706055,8.619999885559082,8.460000038146973,8.489999771118164,8.341706275939941,674700
2023-10-24,8.539999961853027,8.609999656677246,8.529999732971191,8.59000015258789,8.439958572387695,445000
2023-10-25,8.550000190734863,8.550000190734863,8.359999656677246,8.430000305175781,8.282754898071289,531600
2023-10-26,8.420000076293945,8.470000267028809,8.289999961853027,8.369999885559082,8.223801612854004,876000
2023-10-27,8.369999885559082,8.390000343322754,8.260000228881836,8.329999923706055,8.184499740600586,753400
2023-10-30,8.319999694824219,8.430000305175781,8.3100004196167,8.369999885559082,8.223801612854004,589300
2023-10-31,8.40999984741211,8.449999809265137,8.319999694824219,8.369999885559082,8.223801612854004,663200
2023-11-01,8.430000305175781,8.550000190734863,8.380000114440918,8.550000190734863,8.400657653808594,561100
2023-11-02,8.630000114440918,8.880000114440918,8.630000114440918,8.829999923706055,8.675765991210938,953100
2023-11-03,8.949999809265137,9.050000190734863,8.9399995803833,9.039999961853027,8.882098197937012,757700
2023-11-06,9.010000228881836,9.079999923706055,8.9399995803833,9.029999732971191,8.872272491455078,451900
2023-11-07,9.069999694824219,9.239999771118164,9.069999694824219,9.199999809265137,9.03930377960205,397600
2023-11-08,9.260000228881836,9.300000190734863,9.170000076293945,9.260000228881836,9.09825611114502,463300
2023-11-09,9.260000228881836,9.289999961853027,9.130000114440918,9.199999809265137,9.03930377960205,316900
2023-11-10,9.25,9.329999923706055,9.180000305175781,9.3100004196167,9.147382736206055,309100
2023-11-13,9.300000190734863,9.369999885559082,9.239999771118164,9.279999732971191,9.11790657043457,350800
2023-11-14,9.399999618530273,9.470000267028809,9.380000114440918,9.449999809265137,9.32815933227539,407400
2023-11-15,9.4399995803833,9.479999542236328,9.369999885559082,9.4399995803833,9.318288803100586,414400
2023-11-16,9.539999961853027,9.630000114440918,9.489999771118164,9.619999885559082,9.49596881866455,304900
2023-11-17,9.6899995803833,9.6899995803833,9.5600004196167,9.619999885559082,9.49596881866455,323600
2023-11-20,9.649999618530273,9.6899995803833,9.609999656677246,9.680000305175781,9.555194854736328,384700
2023-11-21,9.6899995803833,9.6899995803833,9.640000343322754,9.6899995803833,9.565065383911133,194600
2023-11-22,9.75,9.770000457763672,9.65999984741211,9.6899995803833,9.565065383911133,249700
2023-11-24,9.710000038146973,9.710000038146973,9.640000343322754,9.680000305175781,9.555194854736328,130700
2023-11-27,9.680000305175781,9.710000038146973,9.5600004196167,9.5600004196167,9.436741828918457,514500
2023-11-28,9.569999694824219,9.609999656677246,9.520000457763672,9.5600004196167,9.436741828918457,511500
2023-11-29,9.600000381469727,9.6899995803833,9.579999923706055,9.640000343322754,9.515710830688477,498700
2023-11-30,9.640000343322754,9.680000305175781,9.579999923706055,9.649999618530273,9.525580406188965,449000
2023-12-01,9.680000305175781,9.9399995803833,9.65999984741211,9.9399995803833,9.81184196472168,633100
2023-12-04,9.920000076293945,9.960000038146973,9.880000114440918,9.90999984741211,9.78222942352295,400500
2023-12-05,9.9399995803833,9.960000038146973,9.880000114440918,9.90999984741211,9.78222942352295,348500
2023-12-06,9.920000076293945,9.9399995803833,9.829999923706055,9.84000015258789,9.71313190460205,607100
2023-12-07,9.84000015258789,9.920000076293945,9.819999694824219,9.90999984741211,9.78222942352295,329000
2023-12-08,9.880000114440918,9.90999984741211,9.800000190734863,9.890000343322754,9.762486457824707,277200
2023-12-11,9.850000381469727,9.869999885559082,9.789999961853027,9.8100004196167,9.68351936340332,259700
2023-12-12,9.829999923706055,9.880000114440918,9.739999771118164,9.8100004196167,9.68351936340332,421900
2023-12-13,9.850000381469727,9.890000343322754,9.699999809265137,9.859999656677246,9.732873916625977,655500
2023-12-14,9.859999656677246,10.09000015258789,9.859999656677246,10.050000190734863,9.963876724243164,824900
2023-12-15,10.09000015258789,10.100000381469727,9.979999542236328,10.020000457763672,9.934134483337402,618100
2023-12-18,10.0,10.010000228881836,9.890000343322754,9.949999809265137,9.864733695983887,786700
2023-12-19,9.989999771118164,10.039999961853027,9.949999809265137,9.979999542236328,9.894475936889648,734200
2023-12-20,10.0,10.029999732971191,9.920000076293945,9.949999809265137,9.864733695983887,487200
2023-12-21,9.960000038146973,10.0,9.899999618530273,9.9399995803833,9.854819297790527,588600
2023-12-22,9.989999771118164,10.039999961853027,9.90999984741211,9.9399995803833,9.854819297790527,541900
2023-12-26,9.9399995803833,9.960000038146973,9.84000015258789,9.880000114440918,9.795333862304688,891500
2023-12-27,9.9399995803833,9.960000038146973,9.880000114440918,9.949999809265137,9.864733695983887,774500
2023-12-28,9.90999984741211,9.920000076293945,9.84000015258789,9.850000381469727,9.76559066772461,621100
2023-12-29,9.850000381469727,9.890000343322754,9.800000190734863,9.880000114440918,9.795333862304688,939400
2024-01-02,9.84000015258789,9.9399995803833,9.819999694824219,9.9399995803833,9.854819297790527,302800
2024-01-03,9.9399995803833,9.970000267028809,9.899999618530273,9.949999809265137,9.864733695983887,345000
2024-01-04,9.9399995803833,9.9399995803833,9.890000343322754,9.890000343322754,9.805248260498047,380100
2024-01-05,9.890000343322754,9.930000305175781,9.819999694824219,9.850000381469727,9.76559066772461,410100
2024-01-08,9.890000343322754,9.949999809265137,9.880000114440918,9.949999809265137,9.864733695983887,354300
2024-01-09,9.9399995803833,9.949999809265137,9.890000343322754,9.920000076293945,9.834990501403809,165000
2024-01-10,9.960000038146973,9.960000038146973,9.850000381469727,9.920000076293945,9.834990501403809,272500
2024-01-11,9.880000114440918,9.90999984741211,9.8100004196167,9.819999694824219,9.778233528137207,569500
2024-01-12,9.859999656677246,9.869999885559082,9.800000190734863,9.819999694824219,9.778233528137207,308700
2024-01-16,9.8100004196167,9.829999923706055,9.720000267028809,9.729999542236328,9.688615798950195,360500
2024-01-17,9.720000267028809,9.720000267028809,9.65999984741211,9.6899995803833,9.648785591125488,304600
2024-01-18,9.680000305175781,9.699999809265137,9.550000190734863,9.600000381469727,9.55916976928711,269500
2024-01-19,9.630000114440918,9.630000114440918,9.489999771118164,9.600000381469727,9.55916976928711,306600
2024-01-22,9.670000076293945,9.6899995803833,9.619999885559082,9.640000343322754,9.5989990234375,367400
2024-01-23,9.609999656677246,9.649999618530273,9.569999694824219,9.600000381469727,9.55916976928711,362700
2024-01-24,9.619999885559082,9.649999618530273,9.600000381469727,9.609999656677246,9.56912612915039,287500
2024-01-25,9.619999885559082,9.670000076293945,9.609999656677246,9.670000076293945,9.62887191772461,232300
2024-01-26,9.670000076293945,9.779999732971191,9.649999618530273,9.770000457763672,9.728446960449219,592700
2024-01-29,9.770000457763672,9.880000114440918,9.75,9.880000114440918,9.83797836303711,360600
2024-01-30,9.84000015258789,9.920000076293945,9.84000015258789,9.920000076293945,9.877808570861816,445000
2024-01-31,9.920000076293945,10.039999961853027,9.890000343322754,9.979999542236328,9.937552452087402,461400
2024-02-01,10.020000457763672,10.109999656677246,10.020000457763672,10.079999923706055,10.037127494812012,383200
2024-02-02,9.960000038146973,10.069999694824219,9.949999809265137,10.029999732971191,9.987339973449707,509200
2024-02-05,9.970000267028809,9.989999771118164,9.890000343322754,9.920000076293945,9.877808570861816,540500
2024-02-06,9.9399995803833,10.010000228881836,9.90999984741211,9.979999542236328,9.937552452087402,309800
2024-02-07,10.0,10.079999923706055,9.960000038146973,10.010000228881836,9.967425346374512,298900
2024-02-08,10.0,10.039999961853027,9.979999542236328,10.039999961853027,9.997297286987305,320400
2024-02-09,10.0600004196167,10.130000114440918,10.029999732971191,10.069999694824219,10.027170181274414,317500
2024-02-12,10.130000114440918,10.1899995803833,10.100000381469727,10.1899995803833,10.146659851074219,300400
2024-02-13,10.119999885559082,10.130000114440918,10.069999694824219,10.109999656677246,10.066999435424805,360300
2024-02-14,10.069999694824219,10.1899995803833,10.069999694824219,10.180000305175781,10.180000305175781,324100
2024-02-15,10.199999809265137,10.34000015258789,10.199999809265137,10.300000190734863,10.300000190734863,364800
2024-02-16,10.25,10.3100004196167,10.229999542236328,10.270000457763672,10.270000457763672,366200
2024-02-20,10.25,10.300000190734863,10.229999542236328,10.270000457763672,10.270000457763672,275300
2024-02-21,10.300000190734863,10.319999694824219,10.260000228881836,10.289999961853027,10.289999961853027,231400
2024-02-22,10.3100004196167,10.380000114440918,10.289999961853027,10.329999923706055,10.329999923706055,310900
2024-02-23,10.350000381469727,10.399999618530273,10.34000015258789,10.399999618530273,10.399999618530273,212100
2024-02-26,10.399999618530273,10.40999984741211,10.3100004196167,10.3100004196167,10.3100004196167,217600
2024-02-27,10.300000190734863,10.34000015258789,10.220000267028809,10.25,10.25,250200
2024-02-28,10.270000457763672,10.369999885559082,10.270000457763672,10.34000015258789,10.34000015258789,295100
2024-02-29,10.369999885559082,10.420000076293945,10.300000190734863,10.40999984741211,10.40999984741211,221000
2024-03-01,10.4399995803833,10.539999961853027,10.399999618530273,10.539999961853027,10.539999961853027,405500
2024-03-04,10.529999732971191,10.579999923706055,10.5,10.520000457763672,10.520000457763672,371000
2024-03-05,10.520000457763672,10.609999656677246,10.520000457763672,10.579999923706055,10.579999923706055,254900
2024-03-06,10.600000381469727,10.609999656677246,10.545000076293945,10.59000015258789,10.59000015258789,216920
