Date,Open,High,Low,Close,Adj Close,Volume
2000-03-24,63.0,79.9375,62.984375,69.375,69.375,7420400
2000-03-27,65.125,76.625,64.5,75.0,75.0,1321000
2000-03-28,74.9375,97.0,72.5,89.0625,89.0625,1451000
2000-03-29,90.0,105.75,85.0,93.125,93.125,1272700
2000-03-30,94.9375,96.0,71.375,85.0,85.0,812100
2000-03-31,85.0,89.0,74.5,88.5,88.5,780000
2000-04-03,86.625,87.875,72.5,73.1875,73.1875,432400
2000-04-04,75.0,79.0,57.0,77.0,77.0,626800
2000-04-05,76.625,82.0,69.625,70.5,70.5,310000
2000-04-06,78.875,84.0,71.0,77.875,77.875,368400
2000-04-07,77.3125,85.6875,74.0,82.0,82.0,166300
2000-04-10,79.0,83.0,74.25,75.0,75.0,231200
2000-04-11,68.0,78.75,66.0,74.75,74.75,147300
2000-04-12,74.78125,76.0,68.75,69.0,69.0,158800
2000-04-13,69.75,73.0,66.25,72.0,72.0,141600
2000-04-14,72.0,72.0,60.0,63.0,63.0,127300
2000-04-17,60.0625,70.0,56.0,70.0,70.0,163400
2000-04-18,72.5,85.0,71.0,82.5,82.5,198900
2000-04-19,83.75,85.0,76.875,81.0,81.0,89800
2000-04-20,78.5,80.0,75.0,75.0625,75.0625,64200
2000-04-24,75.0,80.0,69.0,74.3125,74.3125,58000
2000-04-25,75.4375,83.875,75.0,80.75,80.75,87600
2000-04-26,81.875,82.0,78.375,79.4375,79.4375,77500
2000-04-27,78.0,87.5,74.5,87.25,87.25,96900
2000-04-28,84.5,89.0,83.375,87.0,87.0,159400
2000-05-01,87.0,100.0,84.0,93.5,93.5,170100
2000-05-02,94.0,101.0,94.0,98.0,98.0,171300
2000-05-03,98.125,102.75,85.0,91.5,91.5,227700
2000-05-04,92.5,96.75,91.75,93.375,93.375,52300
2000-05-05,94.6875,96.75,92.0,92.0,92.0,45600
2000-05-08,91.5,91.5,80.0,80.6875,80.6875,24100
2000-05-09,84.8125,87.0,75.75,82.5,82.5,34600
2000-05-10,79.25,84.0,75.75,80.0,80.0,59100
2000-05-11,81.0,82.0,78.625,80.5,80.5,31800
2000-05-12,79.75,80.75,78.625,78.6875,78.6875,58400
2000-05-15,78.375,78.375,70.5,73.0,73.0,64200
2000-05-16,74.9375,80.875,74.0,79.0,79.0,21000
2000-05-17,76.25,82.0,76.0625,79.5,79.5,43000
2000-05-18,78.5,78.875,75.625,76.0,76.0,6400
2000-05-19,75.625,76.0,71.75,73.0,73.0,45000
2000-05-22,71.0,73.75,69.0,73.75,73.75,67500
2000-05-23,72.625,73.125,71.0,71.0,71.0,288700
2000-05-24,70.0,70.0,58.75,64.75,64.75,123800
2000-05-25,67.0,67.0,58.75,60.0,60.0,90200
2000-05-26,61.0,61.0,51.125,53.6875,53.6875,66200
2000-05-30,53.0,58.75,52.0,56.0625,56.0625,32000
2000-05-31,58.0,59.875,45.5,46.0625,46.0625,104700
2000-06-01,48.0,51.5,47.625,48.0,48.0,281500
2000-06-02,55.0,55.0,49.375,50.0625,50.0625,283300
2000-06-05,50.0,51.0,49.125,49.75,49.75,230500
2000-06-06,52.0,52.125,47.75,48.5,48.5,125100
2000-06-07,49.625,52.0,48.375,50.0,50.0,75900
2000-06-08,50.0,56.5,49.5,56.375,56.375,190600
2000-06-09,56.375,73.9375,56.375,63.625,63.625,187400
2000-06-12,64.0,66.5,59.5,63.875,63.875,43400
2000-06-13,58.125,63.75,57.5,62.5,62.5,93400
2000-06-14,62.5,71.4375,62.5,65.0625,65.0625,60300
2000-06-15,66.25,67.0,59.25,60.25,60.25,53400
2000-06-16,62.0,62.0,58.0,60.0,60.0,18700
2000-06-19,58.625,60.6875,52.0,52.0,52.0,600000
2000-06-20,54.0,55.0,51.3125,53.0,53.0,136000
2000-06-21,53.25,54.5,51.0,53.0,53.0,83800
2000-06-22,53.0,60.5,53.0,57.0,57.0,612600
2000-06-23,56.625,58.375,56.0625,57.0,57.0,88700
2000-06-26,58.625,58.625,55.0,56.25,56.25,120700
2000-06-27,55.25,57.9375,52.0,52.0,52.0,137600
2000-06-28,57.0,60.0,55.0,58.375,58.375,150400
2000-06-29,58.875,58.875,55.0,56.4375,56.4375,26800
2000-06-30,58.875,60.0,52.0,53.125,53.125,70900
2000-07-03,57.09375,57.09375,52.25,54.0,54.0,23900
2000-07-05,52.625,54.875,51.0,52.6875,52.6875,103300
2000-07-06,51.875,53.5,50.0,53.25,53.25,151500
2000-07-07,52.0,54.75,51.75,54.0,54.0,266300
2000-07-10,54.125,59.875,54.125,58.375,58.375,161400
2000-07-11,59.125,66.5,59.0,63.125,63.125,301100
2000-07-12,65.5625,73.0,64.78125,69.0,69.0,192600
2000-07-13,72.0,72.9375,62.0,66.0,66.0,125300
2000-07-14,69.9375,69.9375,63.8125,68.375,68.375,42300
2000-07-17,70.25,78.0,70.0,74.484375,74.484375,165500
2000-07-18,74.53125,74.875,65.5,69.875,69.875,96200
2000-07-19,70.0,70.0,67.0,67.0625,67.0625,29900
2000-07-20,68.25,72.25,66.5,69.9375,69.9375,57800
2000-07-21,68.0,68.5,64.0,64.25,64.25,38800
2000-07-24,64.0,66.5,64.0,65.25,65.25,18400
2000-07-25,65.25,66.0,62.5,63.0,63.0,64300
2000-07-26,62.5,62.5,56.0,58.5,58.5,159600
2000-07-27,57.375,57.5,56.625,56.875,56.875,27000
2000-07-28,57.375,57.375,54.0,57.125,57.125,640400
2000-07-31,57.5,59.625,57.5,57.5625,57.5625,78700
2000-08-01,59.5,59.5,56.875,56.875,56.875,90300
2000-08-02,59.0,59.0,56.5625,57.3125,57.3125,246500
2000-08-03,55.5,58.75,55.0,58.75,58.75,40500
2000-08-04,58.75,58.75,55.0,55.5,55.5,144900
2000-08-07,55.75,58.25,55.75,56.875,56.875,50000
2000-08-08,57.0,57.0,54.375,55.875,55.875,92600
2000-08-09,58.0,58.0,56.125,57.5,57.5,9500
2000-08-10,57.25,58.25,56.25,58.0,58.0,61100
2000-08-11,57.25,58.25,56.25,58.1875,58.1875,16800
2000-08-14,56.25,60.0,56.25,58.25,58.25,17600
2000-08-15,58.375,69.0,58.375,66.5,66.5,54200
2000-08-16,66.5,69.875,63.0,69.0,69.0,61100
2000-08-17,68.0,73.0,64.0,65.0,65.0,78100
2000-08-18,66.0,68.25,64.0625,67.0,67.0,71500
2000-08-21,67.875,67.875,63.75,65.0,65.0,9700
2000-08-22,64.5,66.4375,57.5,62.125,62.125,51900
2000-08-23,62.125,62.125,59.75,59.875,59.875,20400
2000-08-24,59.875,62.25,59.75,60.0,60.0,54200
2000-08-25,59.75,61.5,59.75,60.9375,60.9375,9100
2000-08-28,61.3125,64.25,60.75,62.3125,62.3125,75700
2000-08-29,63.3125,63.3125,61.0,62.0,62.0,90900
2000-08-30,62.25,62.625,60.75,61.0,61.0,86900
2000-08-31,60.9375,61.75,59.625,60.375,60.375,276300
2000-09-01,60.125,61.5,60.125,61.125,61.125,173700
2000-09-05,61.375,61.375,58.25,60.25,60.25,75800
2000-09-06,61.5,61.5,58.125,59.5,59.5,77300
2000-09-07,59.625,61.0,59.625,60.875,60.875,17800
2000-09-08,60.375,60.5,58.0,58.0,58.0,59700
2000-09-11,57.75,58.0625,55.125,55.375,55.375,106100
2000-09-12,57.0,57.0,55.0,55.25,55.25,83400
2000-09-13,55.125,56.03125,53.75,54.25,54.25,130100
2000-09-14,53.8125,55.875,53.75,55.0,55.0,46200
2000-09-15,54.9375,56.125,54.5,55.125,55.125,41700
2000-09-18,54.8125,55.5,50.125,50.75,50.75,136500
2000-09-19,50.125,50.5,48.125,48.25,48.25,372500
2000-09-20,46.625,49.25,44.5,48.875,48.875,696000
2000-09-21,49.3125,51.375,48.25,49.625,49.625,169800
2000-09-22,46.75,47.5,42.5,43.75,43.75,260100
2000-09-25,46.5,47.0,42.375,43.0,43.0,274700
2000-09-26,43.9375,44.0,39.75,40.0,40.0,82800
2000-09-27,39.5,40.1875,36.0,39.0,39.0,151100
2000-09-28,39.4375,43.0,39.25,42.625,42.625,76800
2000-09-29,43.03125,43.125,40.375,41.0,41.0,157400
2000-10-02,41.25,42.0,35.875,37.75,37.75,23100
2000-10-03,39.5,39.5,35.0,35.0625,35.0625,56900
2000-10-04,37.25,39.0,34.0625,39.0,39.0,75000
2000-10-05,39.0,42.125,38.0625,39.125,39.125,141300
2000-10-06,39.25,39.25,38.0625,38.5,38.5,50000
2000-10-09,38.375,42.0,36.5,40.0,40.0,70800
2000-10-10,39.875,42.0,39.75,41.625,41.625,97000
2000-10-11,39.5,40.875,39.25,39.625,39.625,106200
2000-10-12,39.625,40.75,34.8125,34.875,34.875,102100
2000-10-13,36.0,39.75,35.0,38.75,38.75,96900
2000-10-16,39.0625,42.0,38.5,38.5,38.5,144100
2000-10-17,39.984375,40.0,34.5,36.0,36.0,117300
2000-10-18,34.875,35.75,30.0,30.8125,30.8125,226900
2000-10-19,31.265625,31.375,28.0,29.625,29.625,1445500
2000-10-20,30.0,33.875,29.25,30.125,30.125,720200
2000-10-23,30.71875,30.875,29.0625,29.0625,29.0625,322700
2000-10-24,29.0,30.125,26.75,27.6875,27.6875,132400
2000-10-25,27.25,28.0625,20.0,22.0,22.0,121800
2000-10-26,23.375,29.5,22.0625,28.125,28.125,300800
2000-10-27,28.25,29.6875,25.625,27.375,27.375,95800
2000-10-30,27.1875,28.625,24.875,25.3125,25.3125,169200
2000-10-31,25.875,28.375,25.5,28.0625,28.0625,147400
2000-11-01,27.5,31.0,27.5,30.375,30.375,188600
2000-11-02,31.0,32.375,29.6875,32.0,32.0,236600
2000-11-03,31.265625,38.0,30.9375,38.0,38.0,182400
2000-11-06,37.75,39.875,35.375,38.625,38.625,114000
2000-11-07,36.0,38.25,33.5,34.5625,34.5625,126800
2000-11-08,34.328125,35.0,32.3125,32.3125,32.3125,127700
2000-11-09,32.25,32.375,29.5625,29.75,29.75,204700
2000-11-10,29.5,29.875,25.25,27.0,27.0,288800
2000-11-13,25.875,29.875,25.375,28.125,28.125,119700
2000-11-14,28.375,29.3125,27.25,28.8125,28.8125,138100
2000-11-15,28.9375,33.75,28.0,29.5,29.5,157400
2000-11-16,28.875,29.5,28.875,29.0625,29.0625,39900
2000-11-17,28.890625,29.125,25.625,28.75,28.75,85900
2000-11-20,28.609375,29.75,26.625,28.5,28.5,27100
2000-11-21,28.375,29.125,25.25,27.75,27.75,129800
2000-11-22,27.375,29.125,25.0,26.75,26.75,41800
2000-11-24,26.375,27.125,25.75,26.125,26.125,39900
2000-11-27,26.0,28.0,25.25,25.625,25.625,71900
2000-11-28,26.25,26.25,22.875,22.875,22.875,73400
2000-11-29,23.25,23.5,22.0,23.0,23.0,82700
2000-11-30,22.734375,22.734375,15.25,19.3125,19.3125,161800
2000-12-01,20.859375,21.0,18.125,18.625,18.625,94500
2000-12-04,18.265625,19.125,17.875,18.1875,18.1875,48600
2000-12-05,19.625,19.625,18.5625,18.625,18.625,394000
2000-12-06,19.125,19.625,18.25,19.375,19.375,346700
2000-12-07,19.25,19.25,16.0,16.125,16.125,201400
2000-12-08,16.84375,18.0,15.0,15.0,15.0,480500
2000-12-11,15.84375,18.125,15.8125,18.125,18.125,566100
2000-12-12,18.484375,18.75,17.875,17.9375,17.9375,280900
2000-12-13,18.0,19.0,15.375,15.375,15.375,275500
2000-12-14,16.109375,16.125,14.6875,15.0,15.0,225500
2000-12-15,15.625,15.9375,14.0,14.6875,14.6875,167000
2000-12-18,14.96875,15.234375,11.625,11.625,11.625,137800
2000-12-19,12.5,14.5,11.9375,12.25,12.25,315100
2000-12-20,12.1875,12.1875,10.125,10.5,10.5,377800
2000-12-21,11.46875,12.375,10.25,11.0625,11.0625,276200
2000-12-22,11.515625,12.1875,11.125,11.875,11.875,121300
2000-12-26,11.6875,12.25,11.5,11.5,11.5,125200
2000-12-27,11.625,14.0,11.375,13.625,13.625,283800
2000-12-28,13.875,14.125,12.0,13.5,13.5,166300
2000-12-29,13.4375,14.5625,12.25,14.375,14.375,267300
2001-01-02,14.875,14.875,12.875,14.5625,14.5625,193900
2001-01-03,14.0,16.0625,13.125,16.0625,16.0625,197300
2001-01-04,17.1875,17.375,15.5,16.125,16.125,77900
2001-01-05,14.75,14.875,11.25,12.9375,12.9375,309800
2001-01-08,13.0,13.0,12.375,12.375,12.375,162800
2001-01-09,12.5,13.0,12.5,12.6875,12.6875,82300
2001-01-10,12.75,13.25,12.75,13.0,13.0,366300
2001-01-11,13.125,18.25,13.0,18.25,18.25,356400
2001-01-12,18.3125,18.3125,16.0,16.25,16.25,168800
2001-01-16,16.734375,17.625,13.625,16.25,16.25,168400
2001-01-17,16.375,18.8125,15.8125,18.125,18.125,313900
2001-01-18,18.375,21.0,17.75,20.8125,20.8125,288000
2001-01-19,20.984375,22.5,20.0,20.0,20.0,811200
2001-01-22,20.0,21.875,19.375,19.8125,19.8125,261700
2001-01-23,16.875,24.25,16.75,23.0,23.0,975400
2001-01-24,25.0,26.0,23.625,23.875,23.875,312100
2001-01-25,23.125,23.625,19.5625,19.75,19.75,1559700
2001-01-26,18.125,20.5,17.875,20.0625,20.0625,640800
2001-01-29,19.875,21.375,19.75,20.5,20.5,367400
2001-01-30,20.125,22.125,19.5625,20.0625,20.0625,222200
2001-01-31,20.65625,21.9375,20.0625,20.125,20.125,322400
2001-02-01,20.140625,20.25,19.5625,20.0,20.0,257400
2001-02-02,20.0,20.0,18.6875,19.0,19.0,445700
2001-02-05,18.75,18.796875,17.0625,17.875,17.875,163000
2001-02-06,18.1875,18.6875,17.875,17.875,17.875,131600
2001-02-07,17.875,18.5,17.375,17.9375,17.9375,95300
2001-02-08,18.0625,18.125,17.5,17.75,17.75,125900
2001-02-09,17.9375,18.0,17.75,17.9375,17.9375,99000
2001-02-12,18.0625,18.125,17.5,17.5,17.5,152200
2001-02-13,19.734375,19.75,17.75,17.9375,17.9375,75300
2001-02-14,18.25,19.5,16.75,19.328125,19.328125,132800
2001-02-15,19.890625,20.0625,18.75,18.75,18.75,199000
2001-02-16,18.5625,18.6875,17.5,18.25,18.25,57800
2001-02-20,17.90625,17.9375,17.625,17.625,17.625,191700
2001-02-21,17.640625,18.125,17.5,17.75,17.75,192200
2001-02-22,17.625,17.765625,17.1875,17.75,17.75,69200
2001-02-23,17.03125,17.75,16.5625,17.75,17.75,130900
2001-02-26,17.9375,18.0,16.875,17.5625,17.5625,126100
2001-02-27,17.25,17.5,17.0,17.25,17.25,182200
2001-02-28,16.625,17.0,15.75,16.25,16.25,181600
2001-03-01,16.0,16.0,13.875,14.0,14.0,266300
2001-03-02,14.125,15.0,14.125,14.578125,14.578125,98000
2001-03-05,14.96875,17.5625,14.96875,16.375,16.375,225900
2001-03-06,17.0,17.875,17.0,17.4375,17.4375,201300
2001-03-07,18.0,18.0,17.625,17.75,17.75,143200
2001-03-08,17.734375,18.0,17.625,17.8125,17.8125,174600
2001-03-09,16.8125,16.8125,14.875,15.9375,15.9375,174100
2001-03-12,15.875,15.875,14.9375,15.25,15.25,200700
2001-03-13,15.25,15.875,15.25,15.5625,15.5625,122500
2001-03-14,15.5,17.125,15.375,16.625,16.625,286200
2001-03-15,16.6875,16.75,15.8125,15.9375,15.9375,400200
2001-03-16,15.75,15.75,15.0,15.4375,15.4375,340400
2001-03-19,15.5,16.25,15.375,16.125,16.125,249000
2001-03-20,16.25,16.5625,16.0625,16.5,16.5,186300
2001-03-21,16.375,17.0,16.0625,16.375,16.375,96400
2001-03-22,16.125,16.5,15.8125,16.46875,16.46875,133900
2001-03-23,16.390625,19.5,16.390625,18.0,18.0,220000
2001-03-26,18.484375,19.125,18.375,18.796875,18.796875,282400
2001-03-27,18.4375,19.375,18.3125,19.0,19.0,206600
2001-03-28,18.75,19.0,18.0,18.1875,18.1875,175200
2001-03-29,18.140625,18.5625,17.875,18.3125,18.3125,115900
2001-03-30,18.1875,20.375,17.25,19.875,19.875,158000
2001-04-02,20.5625,20.6875,16.3125,16.6875,16.6875,146100
2001-04-03,16.6875,17.25,15.9375,16.8125,16.8125,255400
2001-04-04,16.9375,17.0,14.9375,16.625,16.625,143400
2001-04-05,17.125,19.0,17.125,19.0,19.0,158300
2001-04-06,18.40625,18.4375,17.875,18.0,18.0,66500
2001-04-09,18.489999771118164,18.5,17.510000228881836,17.600000381469727,17.600000381469727,304300
2001-04-10,17.860000610351562,20.5,17.799999237060547,20.5,20.5,173700
2001-04-11,20.809999465942383,23.6299991607666,20.799999237060547,22.0,22.0,289700
2001-04-12,21.799999237060547,24.0,21.549999237060547,22.549999237060547,22.549999237060547,192200
2001-04-16,22.31999969482422,23.149999618530273,21.850000381469727,22.8799991607666,22.8799991607666,211300
2001-04-17,22.799999237060547,24.100000381469727,22.350000381469727,23.6200008392334,23.6200008392334,151400
2001-04-18,23.809999465942383,28.989999771118164,23.799999237060547,27.649999618530273,27.649999618530273,277800
2001-04-19,27.5,27.809999465942383,26.18000030517578,27.110000610351562,27.110000610351562,129500
2001-04-20,26.829999923706055,26.829999923706055,26.030000686645508,26.360000610351562,26.360000610351562,140100
2001-04-23,26.1200008392334,26.1200008392334,22.5,23.31999969482422,23.31999969482422,134800
2001-04-24,23.149999618530273,24.600000381469727,23.100000381469727,23.850000381469727,23.850000381469727,92200
2001-04-25,23.989999771118164,23.989999771118164,19.8799991607666,22.040000915527344,22.040000915527344,292100
2001-04-26,22.93000030517578,24.25,22.790000915527344,23.700000762939453,23.700000762939453,272400
2001-04-27,23.209999084472656,23.299999237060547,19.809999465942383,20.309999465942383,20.309999465942383,1040100
2001-04-30,20.459999084472656,20.809999465942383,18.459999084472656,19.3799991607666,19.3799991607666,274100
2001-05-01,18.75,20.790000915527344,18.75,20.200000762939453,20.200000762939453,502500
2001-05-02,20.43000030517578,21.25,20.100000381469727,20.600000381469727,20.600000381469727,330500
2001-05-03,20.799999237060547,20.799999237060547,18.93000030517578,19.90999984741211,19.90999984741211,111900
2001-05-04,19.68000030517578,20.25,19.020000457763672,19.850000381469727,19.850000381469727,130600
2001-05-07,20.0,20.200000762939453,19.600000381469727,20.100000381469727,20.100000381469727,202100
2001-05-08,20.049999237060547,21.610000610351562,20.030000686645508,20.950000762939453,20.950000762939453,354900
2001-05-09,20.75,20.760000228881836,19.739999771118164,20.020000457763672,20.020000457763672,295000
2001-05-10,20.850000381469727,21.700000762939453,20.299999237060547,20.450000762939453,20.450000762939453,198600
2001-05-11,20.450000762939453,20.5,19.280000686645508,20.09000015258789,20.09000015258789,264100
2001-05-14,19.799999237060547,20.200000762939453,19.799999237060547,20.010000228881836,20.010000228881836,148200
2001-05-15,20.149999618530273,20.239999771118164,18.780000686645508,19.829999923706055,19.829999923706055,304600
2001-05-16,19.959999084472656,21.399999618530273,19.700000762939453,20.700000762939453,20.700000762939453,317900
2001-05-17,20.5,21.43000030517578,20.100000381469727,21.149999618530273,21.149999618530273,602000
2001-05-18,21.079999923706055,22.420000076293945,21.0,22.34000015258789,22.34000015258789,107800
2001-05-21,22.469999313354492,26.399999618530273,22.34000015258789,26.149999618530273,26.149999618530273,487000
2001-05-22,26.100000381469727,26.420000076293945,24.850000381469727,26.270000457763672,26.270000457763672,256800
2001-05-23,26.030000686645508,26.15999984741211,24.100000381469727,25.1299991607666,25.1299991607666,205100
2001-05-24,24.700000762939453,26.0,24.5,25.700000762939453,25.700000762939453,120500
2001-05-25,25.5,26.0,23.700000762939453,24.059999465942383,24.059999465942383,136100
2001-05-29,24.149999618530273,24.149999618530273,22.450000762939453,22.530000686645508,22.530000686645508,233300
2001-05-30,22.459999084472656,22.649999618530273,19.0,19.350000381469727,19.350000381469727,420800
2001-05-31,19.75,20.299999237060547,17.450000762939453,17.65999984741211,17.65999984741211,1004100
2001-06-01,19.0,19.200000762939453,16.5,17.100000381469727,17.100000381469727,413500
2001-06-04,17.09000015258789,17.649999618530273,16.3799991607666,16.3799991607666,16.3799991607666,372000
2001-06-05,16.850000381469727,18.700000762939453,16.649999618530273,18.329999923706055,18.329999923706055,661500
2001-06-06,18.5,18.920000076293945,18.219999313354492,18.5,18.5,421800
2001-06-07,18.40999984741211,18.850000381469727,18.350000381469727,18.75,18.75,188100
2001-06-08,18.780000686645508,18.780000686645508,17.0,17.18000030517578,17.18000030517578,327400
2001-06-11,17.049999237060547,17.84000015258789,16.40999984741211,17.649999618530273,17.649999618530273,156100
2001-06-12,17.239999771118164,18.670000076293945,16.25,17.90999984741211,17.90999984741211,150300
2001-06-13,18.329999923706055,18.420000076293945,17.0,17.0,17.0,30400
2001-06-14,17.010000228881836,17.299999237060547,16.149999618530273,16.670000076293945,16.670000076293945,67400
2001-06-15,16.56999969482422,16.600000381469727,15.5600004196167,16.270000457763672,16.270000457763672,210900
2001-06-18,16.200000762939453,16.200000762939453,15.100000381469727,15.25,15.25,115900
2001-06-19,15.75,16.0,15.399999618530273,15.399999618530273,15.399999618530273,175200
2001-06-20,15.170000076293945,15.399999618530273,14.229999542236328,15.15999984741211,15.15999984741211,314800
2001-06-21,15.029999732971191,15.710000038146973,14.800000190734863,15.020000457763672,15.020000457763672,265100
2001-06-22,15.029999732971191,16.0,15.0,15.5,15.5,339600
2001-06-25,18.260000228881836,19.25,16.5,17.149999618530273,17.149999618530273,627500
2001-06-26,17.049999237060547,20.350000381469727,17.0,19.549999237060547,19.549999237060547,682800
2001-06-27,19.850000381469727,21.1299991607666,19.610000610351562,20.1299991607666,20.1299991607666,436100
2001-06-28,20.030000686645508,21.75,20.030000686645508,20.760000228881836,20.760000228881836,377600
2001-06-29,20.690000534057617,22.979999542236328,20.649999618530273,22.100000381469727,22.100000381469727,446400
2001-07-02,21.790000915527344,23.950000762939453,21.579999923706055,23.059999465942383,23.059999465942383,762000
2001-07-03,23.309999465942383,23.309999465942383,22.049999237060547,23.010000228881836,23.010000228881836,145700
2001-07-05,22.81999969482422,23.15999984741211,20.969999313354492,21.40999984741211,21.40999984741211,365600
2001-07-06,20.8700008392334,21.299999237060547,18.799999237060547,20.950000762939453,20.950000762939453,295900
2001-07-09,21.1200008392334,21.40999984741211,20.3799991607666,20.93000030517578,20.93000030517578,337700
2001-07-10,20.93000030517578,21.18000030517578,20.56999969482422,20.940000534057617,20.940000534057617,247600
2001-07-11,20.920000076293945,20.920000076293945,20.170000076293945,20.450000762939453,20.450000762939453,249600
2001-07-12,20.739999771118164,22.0,20.600000381469727,21.530000686645508,21.530000686645508,445900
2001-07-13,21.420000076293945,23.229999542236328,21.200000762939453,22.34000015258789,22.34000015258789,202700
2001-07-16,22.100000381469727,23.239999771118164,22.100000381469727,23.0,23.0,235600
2001-07-17,22.700000762939453,24.200000762939453,22.5,24.0,24.0,209500
2001-07-18,23.479999542236328,23.8799991607666,22.280000686645508,22.6299991607666,22.6299991607666,444500
2001-07-19,22.790000915527344,23.700000762939453,21.899999618530273,22.93000030517578,22.93000030517578,144800
2001-07-20,22.360000610351562,22.829999923706055,21.950000762939453,22.15999984741211,22.15999984741211,249900
2001-07-23,22.1200008392334,22.1200008392334,21.399999618530273,21.700000762939453,21.700000762939453,114400
2001-07-24,21.530000686645508,21.639999389648438,19.829999923706055,20.639999389648438,20.639999389648438,206300
2001-07-25,20.579999923706055,20.600000381469727,19.09000015258789,20.440000534057617,20.440000534057617,246000
2001-07-26,19.299999237060547,20.049999237060547,18.5,19.84000015258789,19.84000015258789,275800
2001-07-27,20.0,22.0,19.270000457763672,21.979999542236328,21.979999542236328,420000
2001-07-30,21.989999771118164,23.0,21.649999618530273,22.200000762939453,22.200000762939453,220100
2001-07-31,22.149999618530273,22.729999542236328,19.959999084472656,20.18000030517578,20.18000030517578,266200
2001-08-01,21.15999984741211,21.700000762939453,20.719999313354492,21.040000915527344,21.040000915527344,393600
2001-08-02,20.899999618530273,23.0,20.81999969482422,22.450000762939453,22.450000762939453,253400
2001-08-03,22.260000228881836,23.0,21.6200008392334,23.0,23.0,152500
2001-08-06,22.65999984741211,22.65999984741211,21.5,21.850000381469727,21.850000381469727,156000
2001-08-07,21.610000610351562,22.229999542236328,20.399999618530273,20.969999313354492,20.969999313354492,87200
2001-08-08,19.920000076293945,20.450000762939453,19.5,19.850000381469727,19.850000381469727,143800
2001-08-09,19.950000762939453,20.0,19.600000381469727,20.0,20.0,236400
2001-08-10,20.0,20.100000381469727,18.780000686645508,19.450000762939453,19.450000762939453,101000
2001-08-13,19.729999542236328,20.860000610351562,19.649999618530273,19.940000534057617,19.940000534057617,225400
2001-08-14,20.100000381469727,20.270000457763672,19.850000381469727,20.0,20.0,139800
2001-08-15,19.950000762939453,20.389999389648438,19.65999984741211,19.75,19.75,476700
2001-08-16,19.75,20.0,19.5,19.600000381469727,19.600000381469727,216000
2001-08-17,19.459999084472656,19.549999237060547,18.790000915527344,19.149999618530273,19.149999618530273,240000
2001-08-20,19.25,19.440000534057617,19.010000228881836,19.280000686645508,19.280000686645508,392600
2001-08-21,19.290000915527344,19.8799991607666,19.0,19.149999618530273,19.149999618530273,249900
2001-08-22,19.25,20.0,19.100000381469727,19.5,19.5,124400
2001-08-23,19.459999084472656,19.6200008392334,19.190000534057617,19.399999618530273,19.399999618530273,88200
2001-08-24,19.290000915527344,19.600000381469727,19.100000381469727,19.25,19.25,145100
2001-08-27,19.149999618530273,20.450000762939453,19.110000610351562,20.239999771118164,20.239999771118164,133300
2001-08-28,20.0,22.229999542236328,19.979999542236328,20.600000381469727,20.600000381469727,324300
2001-08-29,20.610000610351562,21.18000030517578,20.329999923706055,20.65999984741211,20.65999984741211,225300
2001-08-30,20.59000015258789,20.899999618530273,20.0,20.0,20.0,165700
2001-08-31,20.0,20.549999237060547,19.75,19.989999771118164,19.989999771118164,279100
2001-09-04,20.110000610351562,20.5,19.6200008392334,19.6200008392334,19.6200008392334,93400
2001-09-05,19.6200008392334,19.989999771118164,17.899999618530273,18.670000076293945,18.670000076293945,215600
2001-09-06,18.709999084472656,18.709999084472656,15.90999984741211,17.030000686645508,17.030000686645508,294900
2001-09-07,17.0,17.8799991607666,16.559999465942383,16.969999313354492,16.969999313354492,178600
2001-09-10,16.950000762939453,18.75,16.299999237060547,17.200000762939453,17.200000762939453,142900
2001-09-17,16.5,17.209999084472656,15.720000267028809,16.780000686645508,16.780000686645508,232300
2001-09-18,16.690000534057617,17.540000915527344,16.299999237060547,16.649999618530273,16.649999618530273,209800
2001-09-19,16.700000762939453,17.139999389648438,14.600000381469727,16.770000457763672,16.770000457763672,438500
2001-09-20,16.270000457763672,16.649999618530273,15.600000381469727,15.850000381469727,15.850000381469727,129100
2001-09-21,15.920000076293945,15.930000305175781,14.0,15.100000381469727,15.100000381469727,148000
2001-09-24,14.640000343322754,17.139999389648438,13.890000343322754,16.170000076293945,16.170000076293945,131800
2001-09-25,16.940000534057617,16.940000534057617,15.710000038146973,15.710000038146973,15.710000038146973,100100
2001-09-26,15.6899995803833,16.190000534057617,14.720000267028809,15.34000015258789,15.34000015258789,254600
2001-09-27,15.1899995803833,15.430000305175781,13.550000190734863,13.550000190734863,13.550000190734863,357200
2001-09-28,13.600000381469727,14.84000015258789,12.949999809265137,13.789999961853027,13.789999961853027,715100
2001-10-01,13.680000305175781,13.920000076293945,11.399999618530273,11.8100004196167,11.8100004196167,887000
2001-10-02,11.989999771118164,11.989999771118164,10.75,11.0,11.0,813300
2001-10-03,11.050000190734863,11.899999618530273,10.229999542236328,11.25,11.25,1682300
2001-10-04,11.539999961853027,13.050000190734863,11.449999809265137,12.40999984741211,12.40999984741211,647300
2001-10-05,12.3100004196167,12.729999542236328,11.520000457763672,11.930000305175781,11.930000305175781,192200
2001-10-08,11.800000190734863,13.600000381469727,11.609999656677246,12.569999694824219,12.569999694824219,124300
2001-10-09,11.699999809265137,13.149999618530273,11.399999618530273,12.5600004196167,12.5600004196167,222600
2001-10-10,12.760000228881836,16.100000381469727,12.380000114440918,16.079999923706055,16.079999923706055,392300
2001-10-11,16.670000076293945,19.100000381469727,16.510000228881836,18.270000457763672,18.270000457763672,993300
2001-10-12,18.200000762939453,19.290000915527344,17.719999313354492,18.860000610351562,18.860000610351562,496700
2001-10-15,18.959999084472656,18.959999084472656,17.799999237060547,18.850000381469727,18.850000381469727,291500
2001-10-16,18.559999465942383,19.8799991607666,18.459999084472656,19.770000457763672,19.770000457763672,238500
2001-10-17,20.0,20.5,18.670000076293945,18.899999618530273,18.899999618530273,459700
2001-10-18,18.899999618530273,19.649999618530273,18.40999984741211,19.450000762939453,19.450000762939453,231100
2001-10-19,19.299999237060547,21.079999923706055,18.81999969482422,20.549999237060547,20.549999237060547,174500
2001-10-22,20.049999237060547,20.899999618530273,19.860000610351562,20.549999237060547,20.549999237060547,354400
2001-10-23,21.34000015258789,24.75,21.34000015258789,23.3700008392334,23.3700008392334,1401900
2001-10-24,23.299999237060547,24.6200008392334,23.149999618530273,23.420000076293945,23.420000076293945,577900
2001-10-25,21.989999771118164,25.100000381469727,21.010000228881836,24.06999969482422,24.06999969482422,2474800
2001-10-26,24.219999313354492,25.209999084472656,23.520000457763672,24.290000915527344,24.290000915527344,524200
2001-10-29,24.170000076293945,24.549999237060547,22.290000915527344,22.860000610351562,22.860000610351562,402000
2001-10-30,20.809999465942383,23.040000915527344,20.809999465942383,22.969999313354492,22.969999313354492,491400
2001-10-31,23.09000015258789,24.600000381469727,22.950000762939453,24.399999618530273,24.399999618530273,575200
2001-11-01,23.860000610351562,25.0,23.81999969482422,24.959999084472656,24.959999084472656,337200
2001-11-02,24.43000030517578,25.43000030517578,24.059999465942383,24.979999542236328,24.979999542236328,377600
2001-11-05,25.5,26.299999237060547,25.0,25.959999084472656,25.959999084472656,345600
2001-11-06,25.84000015258789,27.520000457763672,25.100000381469727,27.280000686645508,27.280000686645508,953300
2001-11-07,27.049999237060547,27.489999771118164,26.270000457763672,27.030000686645508,27.030000686645508,320800
2001-11-08,26.690000534057617,28.600000381469727,26.600000381469727,27.56999969482422,27.56999969482422,626400
2001-11-09,27.600000381469727,28.450000762939453,26.760000228881836,28.260000228881836,28.260000228881836,360800
2001-11-12,28.329999923706055,30.06999969482422,27.450000762939453,29.90999984741211,29.90999984741211,403400
2001-11-13,31.0,31.799999237060547,28.950000762939453,29.59000015258789,29.59000015258789,695200
2001-11-14,29.799999237060547,29.799999237060547,27.649999618530273,28.239999771118164,28.239999771118164,839900
2001-11-15,27.25,28.739999771118164,27.25,28.049999237060547,28.049999237060547,548600
2001-11-16,28.0,29.260000228881836,27.200000762939453,28.6200008392334,28.6200008392334,304400
2001-11-19,28.0,28.010000228881836,26.25,26.889999389648438,26.889999389648438,2259600
2001-11-20,26.90999984741211,28.399999618530273,26.75,27.75,27.75,1380700
2001-11-21,28.0,28.0,26.270000457763672,26.989999771118164,26.989999771118164,762200
2001-11-23,26.989999771118164,27.489999771118164,26.700000762939453,27.18000030517578,27.18000030517578,64700
2001-11-26,27.440000534057617,28.059999465942383,27.290000915527344,27.920000076293945,27.920000076293945,370300
2001-11-27,28.010000228881836,28.049999237060547,26.6200008392334,27.5,27.5,522800
2001-11-28,26.989999771118164,27.389999389648438,26.059999465942383,26.25,26.25,493900
2001-11-29,25.899999618530273,26.25,25.059999465942383,26.049999237060547,26.049999237060547,258400
2001-11-30,25.950000762939453,26.200000762939453,25.200000762939453,25.760000228881836,25.760000228881836,353000
2001-12-03,25.40999984741211,26.0,24.649999618530273,25.799999237060547,25.799999237060547,304000
2001-12-04,26.0,27.850000381469727,25.780000686645508,27.200000762939453,27.200000762939453,802400
2001-12-05,27.309999465942383,31.899999618530273,27.299999237060547,31.65999984741211,31.65999984741211,1266900
2001-12-06,31.950000762939453,34.279998779296875,30.959999084472656,31.760000228881836,31.760000228881836,682200
2001-12-07,31.75,33.099998474121094,31.149999618530273,32.560001373291016,32.560001373291016,383700
2001-12-10,31.559999465942383,34.79999923706055,31.399999618530273,32.54999923706055,32.54999923706055,664100
2001-12-11,33.22999954223633,34.900001525878906,32.529998779296875,34.650001525878906,34.650001525878906,1050200
2001-12-12,34.70000076293945,35.790000915527344,33.70000076293945,35.5,35.5,566800
2001-12-13,34.5099983215332,35.08000183105469,33.459999084472656,34.0,34.0,754300
2001-12-14,34.09000015258789,34.20000076293945,31.760000228881836,33.290000915527344,33.290000915527344,721800
2001-12-17,33.13999938964844,35.70000076293945,33.13999938964844,34.970001220703125,34.970001220703125,567500
2001-12-18,35.029998779296875,41.2400016784668,35.0,38.5099983215332,38.5099983215332,2679800
2001-12-19,38.150001525878906,38.189998626708984,36.220001220703125,36.880001068115234,36.880001068115234,810800
2001-12-20,36.439998626708984,36.439998626708984,34.04999923706055,34.349998474121094,34.349998474121094,921100
2001-12-21,34.90999984741211,37.400001525878906,34.90999984741211,37.0,37.0,434100
2001-12-24,36.9900016784668,38.220001220703125,36.79999923706055,38.0,38.0,129300
2001-12-26,37.66999816894531,40.95000076293945,37.66999816894531,40.060001373291016,40.060001373291016,651300
2001-12-27,40.0,40.0,33.97999954223633,34.18000030517578,34.18000030517578,2195400
2001-12-28,34.5,35.2400016784668,32.95000076293945,34.029998779296875,34.029998779296875,695500
2001-12-31,34.130001068115234,34.290000915527344,32.810001373291016,33.709999084472656,33.709999084472656,529500
2002-01-02,34.7599983215332,34.79999923706055,32.79999923706055,34.290000915527344,34.290000915527344,328500
2002-01-03,34.310001373291016,36.70000076293945,34.310001373291016,36.5,36.5,1274600
2002-01-04,36.5,38.849998474121094,36.36000061035156,38.02000045776367,38.02000045776367,1206400
2002-01-07,38.150001525878906,39.650001525878906,37.650001525878906,37.900001525878906,37.900001525878906,622300
2002-01-08,37.900001525878906,38.209999084472656,37.400001525878906,37.83000183105469,37.83000183105469,379800
2002-01-09,38.29999923706055,38.70000076293945,37.439998626708984,37.560001373291016,37.560001373291016,369200
2002-01-10,37.43000030517578,37.56999969482422,34.36000061035156,34.81999969482422,34.81999969482422,659600
2002-01-11,34.84000015258789,35.18000030517578,32.5,32.95000076293945,32.95000076293945,469700
2002-01-14,32.900001525878906,33.7599983215332,31.190000534057617,31.56999969482422,31.56999969482422,643000
2002-01-15,31.709999084472656,33.20000076293945,31.030000686645508,32.83000183105469,32.83000183105469,406700
2002-01-16,32.720001220703125,32.720001220703125,30.739999771118164,30.760000228881836,30.760000228881836,358500
2002-01-17,32.5,32.79999923706055,31.75,32.68000030517578,32.68000030517578,627000
2002-01-18,32.58000183105469,32.59000015258789,31.670000076293945,31.90999984741211,31.90999984741211,456600
2002-01-22,31.920000076293945,31.920000076293945,29.420000076293945,29.799999237060547,29.799999237060547,629300
2002-01-23,31.75,34.959999084472656,31.739999771118164,33.150001525878906,33.150001525878906,1380100
2002-01-24,33.25,35.0,31.459999084472656,31.690000534057617,31.690000534057617,907600
2002-01-25,31.200000762939453,31.200000762939453,29.860000610351562,30.06999969482422,30.06999969482422,1191200
2002-01-28,30.479999542236328,30.649999618530273,29.549999237060547,30.450000762939453,30.450000762939453,296800
2002-01-29,30.450000762939453,31.190000534057617,30.299999237060547,30.639999389648438,30.639999389648438,428900
2002-01-30,30.700000762939453,30.84000015258789,30.0,30.790000915527344,30.790000915527344,642700
2002-01-31,30.889999389648438,31.729999542236328,30.350000381469727,30.799999237060547,30.799999237060547,298000
2002-02-01,31.100000381469727,31.5,30.1299991607666,30.510000228881836,30.510000228881836,400700
2002-02-04,30.5,30.700000762939453,29.68000030517578,30.110000610351562,30.110000610351562,695500
2002-02-05,29.5,29.709999084472656,28.309999465942383,28.5,28.5,663700
2002-02-06,28.600000381469727,28.81999969482422,26.389999389648438,26.760000228881836,26.760000228881836,501000
2002-02-07,26.270000457763672,27.06999969482422,24.200000762939453,24.25,24.25,760700
2002-02-08,24.5,27.68000030517578,23.850000381469727,27.229999542236328,27.229999542236328,671000
2002-02-11,27.219999313354492,28.06999969482422,26.389999389648438,27.049999237060547,27.049999237060547,452800
2002-02-12,26.889999389648438,28.309999465942383,26.700000762939453,27.850000381469727,27.850000381469727,730200
2002-02-13,27.90999984741211,29.8799991607666,27.899999618530273,29.84000015258789,29.84000015258789,324900
2002-02-14,29.739999771118164,29.760000228881836,27.31999969482422,27.469999313354492,27.469999313354492,444100
2002-02-15,27.600000381469727,27.75,26.170000076293945,26.5,26.5,495700
2002-02-19,26.450000762939453,26.459999084472656,24.059999465942383,24.25,24.25,554700
2002-02-20,24.510000228881836,24.600000381469727,22.049999237060547,23.170000076293945,23.170000076293945,1033300
2002-02-21,23.280000686645508,23.299999237060547,21.559999465942383,22.0,22.0,856200
2002-02-22,22.170000076293945,23.969999313354492,21.850000381469727,23.540000915527344,23.540000915527344,541800
2002-02-25,23.889999389648438,25.200000762939453,22.690000534057617,24.81999969482422,24.81999969482422,369300
2002-02-26,24.729999542236328,26.079999923706055,24.40999984741211,25.540000915527344,25.540000915527344,564400
2002-02-27,25.700000762939453,27.8700008392334,25.610000610351562,27.09000015258789,27.09000015258789,821400
2002-02-28,27.579999923706055,27.600000381469727,25.43000030517578,26.020000457763672,26.020000457763672,757900
2002-03-01,27.639999389648438,30.899999618530273,27.559999465942383,30.899999618530273,30.899999618530273,1818200
2002-03-04,30.6200008392334,34.779998779296875,30.299999237060547,34.08000183105469,34.08000183105469,1569800
2002-03-05,34.0,37.189998626708984,33.40999984741211,35.400001525878906,35.400001525878906,1410700
2002-03-06,34.65999984741211,36.34000015258789,34.150001525878906,36.0099983215332,36.0099983215332,676100
2002-03-07,36.43000030517578,37.0,34.209999084472656,34.470001220703125,34.470001220703125,950800
2002-03-08,35.02000045776367,36.400001525878906,34.79999923706055,35.88999938964844,35.88999938964844,1170000
2002-03-11,35.59000015258789,36.0,34.150001525878906,35.5,35.5,683100
2002-03-12,34.540000915527344,35.560001373291016,34.220001220703125,35.06999969482422,35.06999969482422,397500
2002-03-13,34.849998474121094,34.900001525878906,33.06999969482422,33.5099983215332,33.5099983215332,401600
2002-03-14,33.40999984741211,34.97999954223633,33.400001525878906,34.7400016784668,34.7400016784668,303400
2002-03-15,34.22999954223633,35.0,33.599998474121094,35.0,35.0,275000
2002-03-18,35.380001068115234,35.880001068115234,34.45000076293945,35.0,35.0,422100
2002-03-19,35.2400016784668,35.25,34.70000076293945,34.900001525878906,34.900001525878906,193100
2002-03-20,34.66999816894531,34.79999923706055,32.849998474121094,33.25,33.25,536300
2002-03-21,33.279998779296875,35.04999923706055,33.25,34.9900016784668,34.9900016784668,367100
2002-03-22,34.97999954223633,35.040000915527344,33.45000076293945,33.939998626708984,33.939998626708984,529700
2002-03-25,33.939998626708984,34.25,33.0099983215332,33.20000076293945,33.20000076293945,224900
2002-03-26,33.0099983215332,34.43000030517578,32.599998474121094,34.06999969482422,34.06999969482422,247500
2002-03-27,34.060001373291016,34.060001373291016,32.70000076293945,33.0,33.0,518900
2002-03-28,33.599998474121094,35.75,33.279998779296875,35.33000183105469,35.33000183105469,493700
2002-04-01,34.79999923706055,36.36000061035156,34.0,35.5099983215332,35.5099983215332,463800
2002-04-02,35.2400016784668,35.4900016784668,34.310001373291016,34.86000061035156,34.86000061035156,395000
2002-04-03,34.88999938964844,36.630001068115234,34.400001525878906,34.81999969482422,34.81999969482422,457000
2002-04-04,34.70000076293945,35.650001525878906,34.040000915527344,34.939998626708984,34.939998626708984,367900
2002-04-05,34.88999938964844,35.189998626708984,33.650001525878906,34.0099983215332,34.0099983215332,285400
2002-04-08,33.099998474121094,34.439998626708984,32.650001525878906,34.08000183105469,34.08000183105469,489100
2002-04-09,34.0,34.25,32.099998474121094,32.099998474121094,32.099998474121094,296200
2002-04-10,32.349998474121094,32.849998474121094,30.670000076293945,31.920000076293945,31.920000076293945,508500
2002-04-11,31.690000534057617,31.690000534057617,30.110000610351562,30.299999237060547,30.299999237060547,306700
2002-04-12,31.0,32.900001525878906,30.950000762939453,32.0,32.0,558500
2002-04-15,33.0,34.0,32.650001525878906,33.88999938964844,33.88999938964844,430700
2002-04-16,34.400001525878906,37.38999938964844,34.349998474121094,36.599998474121094,36.599998474121094,1277800
2002-04-17,36.79999923706055,37.540000915527344,36.369998931884766,36.58000183105469,36.58000183105469,586200
2002-04-18,36.400001525878906,36.529998779296875,35.130001068115234,36.31999969482422,36.31999969482422,380900
2002-04-19,36.5,37.25,35.5,35.880001068115234,35.880001068115234,597000
2002-04-22,35.650001525878906,36.369998931884766,34.560001373291016,35.65999984741211,35.65999984741211,495400
2002-04-23,36.31999969482422,36.529998779296875,32.52000045776367,32.70000076293945,32.70000076293945,1276600
2002-04-24,32.79999923706055,33.4900016784668,29.399999618530273,30.149999618530273,30.149999618530273,1431800
2002-04-25,30.15999984741211,30.25,27.8700008392334,29.059999465942383,29.059999465942383,2293300
2002-04-26,29.329999923706055,29.75,27.790000915527344,28.809999465942383,28.809999465942383,751400
2002-04-29,29.059999465942383,29.610000610351562,27.5,28.25,28.25,488400
2002-04-30,28.280000686645508,30.200000762939453,28.059999465942383,29.559999465942383,29.559999465942383,774300
2002-05-01,29.739999771118164,30.0,27.829999923706055,29.09000015258789,29.09000015258789,598600
2002-05-02,28.799999237060547,29.90999984741211,27.84000015258789,28.469999313354492,28.469999313354492,833800
2002-05-03,28.889999389648438,28.940000534057617,26.65999984741211,27.100000381469727,27.100000381469727,1204900
2002-05-06,27.110000610351562,27.479999542236328,24.110000610351562,24.5,24.5,1215400
2002-05-07,24.780000686645508,25.0,22.75,23.139999389648438,23.139999389648438,1893500
2002-05-08,24.75,28.690000534057617,24.739999771118164,27.690000534057617,27.690000534057617,2363900
2002-05-09,27.59000015258789,28.5,26.350000381469727,26.360000610351562,26.360000610351562,800500
2002-05-10,26.34000015258789,26.959999084472656,24.649999618530273,25.049999237060547,25.049999237060547,655900
2002-05-13,25.25,25.93000030517578,25.110000610351562,25.5,25.5,670900
2002-05-14,26.56999969482422,29.0,26.559999465942383,27.450000762939453,27.450000762939453,1278200
2002-05-15,26.989999771118164,28.719999313354492,26.450000762939453,28.020000457763672,28.020000457763672,980900
2002-05-16,28.200000762939453,28.350000381469727,27.469999313354492,27.6200008392334,27.6200008392334,456000
2002-05-17,28.799999237060547,28.809999465942383,27.350000381469727,27.959999084472656,27.959999084472656,730400
2002-05-20,27.510000228881836,27.93000030517578,26.520000457763672,26.520000457763672,26.520000457763672,609100
2002-05-21,27.030000686645508,27.520000457763672,26.0,26.5,26.5,444900
2002-05-22,26.440000534057617,26.8799991607666,25.149999618530273,25.700000762939453,25.700000762939453,924600
2002-05-23,25.989999771118164,26.190000534057617,23.81999969482422,25.549999237060547,25.549999237060547,776900
2002-05-24,25.020000457763672,25.020000457763672,24.0,24.040000915527344,24.040000915527344,368100
2002-05-28,24.25,24.5,22.350000381469727,22.889999389648438,22.889999389648438,909800
2002-05-29,22.489999771118164,22.5,21.610000610351562,22.149999618530273,22.149999618530273,825000
2002-05-30,21.989999771118164,24.209999084472656,21.90999984741211,23.299999237060547,23.299999237060547,2359600
2002-05-31,24.399999618530273,26.149999618530273,23.799999237060547,23.8799991607666,23.8799991607666,1905300
2002-06-03,24.010000228881836,24.579999923706055,23.3799991607666,24.079999923706055,24.079999923706055,1000500
2002-06-04,24.100000381469727,25.450000762939453,23.09000015258789,24.950000762939453,24.950000762939453,1853800
2002-06-05,25.1299991607666,25.81999969482422,23.549999237060547,24.75,24.75,1135500
2002-06-06,24.65999984741211,24.950000762939453,24.100000381469727,24.739999771118164,24.739999771118164,1041100
2002-06-07,23.950000762939453,24.649999618530273,22.690000534057617,24.350000381469727,24.350000381469727,1168100
2002-06-10,24.280000686645508,25.25,23.649999618530273,25.059999465942383,25.059999465942383,721500
2002-06-11,25.25,25.5,23.579999923706055,24.0,24.0,1082600
2002-06-12,24.010000228881836,24.18000030517578,22.610000610351562,23.309999465942383,23.309999465942383,1276700
2002-06-13,23.229999542236328,24.670000076293945,22.8700008392334,24.299999237060547,24.299999237060547,956600
2002-06-14,25.049999237060547,25.270000457763672,22.049999237060547,23.260000228881836,23.260000228881836,1995700
2002-06-17,24.149999618530273,27.290000915527344,23.510000228881836,26.690000534057617,26.690000534057617,2106300
2002-06-18,26.75,29.079999923706055,26.690000534057617,26.8700008392334,26.8700008392334,1546200
2002-06-19,25.989999771118164,26.920000076293945,24.549999237060547,24.700000762939453,24.700000762939453,1747800
2002-06-20,24.84000015258789,25.75,23.989999771118164,24.200000762939453,24.200000762939453,910200
2002-06-21,24.399999618530273,25.639999389648438,23.90999984741211,24.290000915527344,24.290000915527344,954400
2002-06-24,24.25,26.40999984741211,23.020000457763672,25.270000457763672,25.270000457763672,1311300
2002-06-25,25.75,26.329999923706055,22.040000915527344,23.15999984741211,23.15999984741211,1372300
2002-06-26,21.959999084472656,25.739999771118164,21.389999389648438,25.510000228881836,25.510000228881836,1917700
2002-06-27,26.170000076293945,27.25,25.469999313354492,26.799999237060547,26.799999237060547,1444600
2002-06-28,26.770000457763672,28.079999923706055,26.299999237060547,27.989999771118164,27.989999771118164,1950700
2002-07-01,27.979999542236328,28.34000015258789,25.270000457763672,25.360000610351562,25.360000610351562,1128600
2002-07-02,25.600000381469727,25.790000915527344,23.450000762939453,23.889999389648438,23.889999389648438,1066300
2002-07-03,23.700000762939453,25.489999771118164,23.260000228881836,24.719999313354492,24.719999313354492,793800
2002-07-05,25.059999465942383,26.8799991607666,25.059999465942383,26.799999237060547,26.799999237060547,358600
2002-07-08,25.899999618530273,27.190000534057617,25.530000686645508,25.889999389648438,25.889999389648438,789100
2002-07-09,25.889999389648438,25.889999389648438,24.350000381469727,24.510000228881836,24.510000228881836,639900
2002-07-10,24.93000030517578,24.969999313354492,23.0,23.06999969482422,23.06999969482422,1081000
2002-07-11,22.989999771118164,26.0,22.479999542236328,25.729999542236328,25.729999542236328,1227800
2002-07-12,26.020000457763672,27.31999969482422,25.049999237060547,25.549999237060547,25.549999237060547,1469000
2002-07-15,25.600000381469727,27.5,25.110000610351562,27.350000381469727,27.350000381469727,1412300
2002-07-16,26.90999984741211,28.0,25.690000534057617,26.5,26.5,1344000
2002-07-17,27.030000686645508,28.31999969482422,26.3700008392334,27.510000228881836,27.510000228881836,1641900
2002-07-18,27.520000457763672,27.979999542236328,26.600000381469727,27.670000076293945,27.670000076293945,954000
2002-07-19,27.270000457763672,29.09000015258789,27.25,27.81999969482422,27.81999969482422,1169100
2002-07-22,27.600000381469727,28.5,25.399999618530273,25.940000534057617,25.940000534057617,970200
2002-07-23,26.299999237060547,27.229999542236328,25.649999618530273,26.030000686645508,26.030000686645508,1741700
2002-07-24,25.360000610351562,28.81999969482422,25.350000381469727,28.639999389648438,28.639999389648438,1546700
2002-07-25,27.75,27.860000610351562,25.84000015258789,26.350000381469727,26.350000381469727,2606000
2002-07-26,26.760000228881836,27.59000015258789,26.010000228881836,26.700000762939453,26.700000762939453,1282300
2002-07-29,27.149999618530273,27.93000030517578,26.690000534057617,27.690000534057617,27.690000534057617,887500
2002-07-30,27.68000030517578,28.920000076293945,26.719999313354492,28.450000762939453,28.450000762939453,725200
2002-07-31,27.8799991607666,27.899999618530273,26.520000457763672,27.510000228881836,27.510000228881836,895200
2002-08-01,27.260000228881836,27.549999237060547,23.440000534057617,23.649999618530273,23.649999618530273,1772100
2002-08-02,23.59000015258789,23.649999618530273,21.520000457763672,22.25,22.25,1603100
2002-08-05,22.040000915527344,22.639999389648438,21.059999465942383,21.299999237060547,21.299999237060547,1384700
2002-08-06,22.010000228881836,23.860000610351562,21.899999618530273,22.950000762939453,22.950000762939453,1330900
2002-08-07,23.670000076293945,24.399999618530273,21.899999618530273,23.299999237060547,23.299999237060547,1103000
2002-08-08,23.200000762939453,24.5,22.18000030517578,24.5,24.5,823700
2002-08-09,23.399999618530273,24.229999542236328,23.0,23.059999465942383,23.059999465942383,1126500
2002-08-12,22.8700008392334,23.950000762939453,22.079999923706055,23.65999984741211,23.65999984741211,793400
2002-08-13,23.950000762939453,24.280000686645508,23.0,23.0,23.0,575000
2002-08-14,23.020000457763672,24.25,22.25,24.049999237060547,24.049999237060547,1311600
2002-08-15,24.020000457763672,24.760000228881836,23.329999923706055,24.040000915527344,24.040000915527344,612700
2002-08-16,23.850000381469727,25.670000076293945,23.3700008392334,25.110000610351562,25.110000610351562,857000
2002-08-19,25.170000076293945,26.950000762939453,24.799999237060547,26.440000534057617,26.440000534057617,627200
2002-08-20,26.229999542236328,26.350000381469727,25.149999618530273,25.75,25.75,580000
2002-08-21,25.770000457763672,26.940000534057617,25.639999389648438,26.5,26.5,627500
2002-08-22,26.399999618530273,26.719999313354492,25.850000381469727,25.959999084472656,25.959999084472656,423500
2002-08-23,25.829999923706055,25.959999084472656,23.90999984741211,24.280000686645508,24.280000686645508,693100
2002-08-26,24.329999923706055,24.540000915527344,22.25,23.239999771118164,23.239999771118164,1531900
2002-08-27,23.15999984741211,23.610000610351562,22.190000534057617,22.6299991607666,22.6299991607666,637500
2002-08-28,22.299999237060547,22.479999542236328,21.34000015258789,21.530000686645508,21.530000686645508,1143700
2002-08-29,21.329999923706055,22.280000686645508,20.81999969482422,21.760000228881836,21.760000228881836,1290800
2002-08-30,21.6200008392334,22.889999389648438,21.1200008392334,22.59000015258789,22.59000015258789,1065900
2002-09-03,22.209999084472656,22.219999313354492,19.600000381469727,20.600000381469727,20.600000381469727,2209900
2002-09-04,20.6200008392334,20.6299991607666,18.149999618530273,19.8700008392334,19.8700008392334,2800500
2002-09-05,19.420000076293945,19.459999084472656,17.68000030517578,19.0,19.0,2670700
2002-09-06,20.549999237060547,21.049999237060547,20.200000762939453,20.670000076293945,20.670000076293945,2007400
2002-09-09,20.549999237060547,21.149999618530273,19.030000686645508,20.889999389648438,20.889999389648438,865400
2002-09-10,21.059999465942383,21.920000076293945,20.920000076293945,21.81999969482422,21.81999969482422,760100
2002-09-11,21.940000534057617,23.09000015258789,21.860000610351562,22.149999618530273,22.149999618530273,828200
2002-09-12,21.860000610351562,21.90999984741211,21.25,21.649999618530273,21.649999618530273,1006800
2002-09-13,19.989999771118164,20.299999237060547,19.450000762939453,19.65999984741211,19.65999984741211,1436600
2002-09-16,19.90999984741211,19.920000076293945,18.579999923706055,18.81999969482422,18.81999969482422,734500
2002-09-17,19.510000228881836,20.100000381469727,18.399999618530273,18.809999465942383,18.809999465942383,676400
2002-09-18,18.75,18.75,17.6200008392334,17.850000381469727,17.850000381469727,690900
2002-09-19,17.809999465942383,18.65999984741211,17.399999618530273,17.530000686645508,17.530000686645508,593500
2002-09-20,18.200000762939453,18.43000030517578,17.56999969482422,17.989999771118164,17.989999771118164,879000
2002-09-23,17.8799991607666,17.90999984741211,16.950000762939453,17.139999389648438,17.139999389648438,533000
2002-09-24,16.950000762939453,17.950000762939453,16.399999618530273,17.049999237060547,17.049999237060547,1179500
2002-09-25,17.600000381469727,19.850000381469727,17.600000381469727,19.079999923706055,19.079999923706055,1893000
2002-09-26,19.149999618530273,20.15999984741211,18.420000076293945,18.780000686645508,18.780000686645508,1112000
2002-09-27,18.700000762939453,18.969999313354492,18.25,18.56999969482422,18.56999969482422,475600
2002-09-30,18.5,18.700000762939453,17.579999923706055,18.329999923706055,18.329999923706055,768800
2002-10-01,18.3799991607666,18.8700008392334,17.559999465942383,18.3700008392334,18.3700008392334,1325100
2002-10-02,18.280000686645508,18.899999618530273,17.969999313354492,18.0,18.0,1106600
2002-10-03,17.989999771118164,18.860000610351562,17.84000015258789,18.3799991607666,18.3799991607666,969800
2002-10-04,18.709999084472656,18.709999084472656,17.649999618530273,17.65999984741211,17.65999984741211,956800
2002-10-07,17.75,18.15999984741211,17.479999542236328,17.6299991607666,17.6299991607666,609000
2002-10-08,18.030000686645508,18.270000457763672,17.100000381469727,17.899999618530273,17.899999618530273,869800
2002-10-09,17.600000381469727,18.75,17.139999389648438,18.65999984741211,18.65999984741211,1034000
2002-10-10,18.700000762939453,21.350000381469727,18.25,20.6200008392334,20.6200008392334,2159000
2002-10-11,21.56999969482422,23.489999771118164,21.559999465942383,22.5,22.5,1744900
2002-10-14,22.149999618530273,23.3799991607666,20.899999618530273,23.100000381469727,23.100000381469727,910300
2002-10-15,23.1200008392334,24.690000534057617,23.1200008392334,24.420000076293945,24.420000076293945,1466200
2002-10-16,22.989999771118164,23.09000015258789,21.75,22.639999389648438,22.639999389648438,950400
2002-10-17,23.510000228881836,24.6200008392334,23.5,24.6200008392334,24.6200008392334,731800
2002-10-18,24.459999084472656,24.90999984741211,23.600000381469727,24.799999237060547,24.799999237060547,654100
2002-10-21,24.68000030517578,26.510000228881836,23.889999389648438,26.510000228881836,26.510000228881836,1263500
2002-10-22,25.739999771118164,25.75,24.09000015258789,24.709999084472656,24.709999084472656,1837500
2002-10-23,21.40999984741211,21.40999984741211,17.989999771118164,20.0,20.0,6013100
2002-10-24,20.100000381469727,20.530000686645508,19.850000381469727,20.190000534057617,20.190000534057617,1603200
2002-10-25,20.0,21.93000030517578,19.84000015258789,21.350000381469727,21.350000381469727,1047100
2002-10-28,21.600000381469727,23.399999618530273,21.59000015258789,22.239999771118164,22.239999771118164,1480900
2002-10-29,22.239999771118164,22.6299991607666,21.020000457763672,21.75,21.75,2250400
2002-10-30,21.790000915527344,22.889999389648438,21.0,22.049999237060547,22.049999237060547,1298800
2002-10-31,21.93000030517578,22.18000030517578,21.170000076293945,21.290000915527344,21.290000915527344,1216400
2002-11-01,21.170000076293945,23.43000030517578,20.860000610351562,23.200000762939453,23.200000762939453,1360600
2002-11-04,23.350000381469727,25.0,23.1299991607666,23.170000076293945,23.170000076293945,1964600
2002-11-05,23.100000381469727,24.510000228881836,21.309999465942383,22.139999389648438,22.139999389648438,1938900
2002-11-06,22.299999237060547,23.850000381469727,21.959999084472656,23.440000534057617,23.440000534057617,1648100
2002-11-07,23.290000915527344,23.520000457763672,22.299999237060547,23.0,23.0,1439800
2002-11-08,22.920000076293945,23.09000015258789,21.639999389648438,21.719999313354492,21.719999313354492,978800
2002-11-11,21.649999618530273,21.670000076293945,19.799999237060547,19.920000076293945,19.920000076293945,799400
2002-11-12,20.450000762939453,21.809999465942383,20.149999618530273,21.0,21.0,722700
2002-11-13,20.799999237060547,21.850000381469727,20.440000534057617,21.25,21.25,1685800
2002-11-14,21.700000762939453,22.690000534057617,21.700000762939453,22.399999618530273,22.399999618530273,845800
2002-11-15,22.280000686645508,22.700000762939453,21.489999771118164,22.450000762939453,22.450000762939453,907400
2002-11-18,22.530000686645508,25.0,22.5,23.739999771118164,23.739999771118164,1332400
2002-11-19,23.100000381469727,23.25,21.5,21.8700008392334,21.8700008392334,1628500
2002-11-20,21.829999923706055,23.25,21.600000381469727,23.25,23.25,1196400
2002-11-21,23.270000457763672,25.989999771118164,22.950000762939453,25.459999084472656,25.459999084472656,1838500
2002-11-22,25.09000015258789,25.5,24.850000381469727,25.15999984741211,25.15999984741211,1260600
2002-11-25,25.600000381469727,27.93000030517578,25.600000381469727,27.889999389648438,27.889999389648438,1507700
2002-11-26,27.559999465942383,27.989999771118164,25.940000534057617,26.0,26.0,1637100
2002-11-27,26.559999465942383,28.799999237060547,26.540000915527344,28.670000076293945,28.670000076293945,1069300
2002-11-29,28.760000228881836,30.25,28.75,29.290000915527344,29.290000915527344,1034400
2002-12-02,29.93000030517578,30.399999618530273,26.43000030517578,26.549999237060547,26.549999237060547,1880700
2002-12-03,26.18000030517578,26.299999237060547,25.0,25.239999771118164,25.239999771118164,1497200
2002-12-04,24.59000015258789,24.600000381469727,22.989999771118164,23.15999984741211,23.15999984741211,2031100
2002-12-05,24.0,24.600000381469727,23.56999969482422,24.209999084472656,24.209999084472656,1171200
2002-12-06,20.690000534057617,23.0,20.200000762939453,21.899999618530273,21.899999618530273,4695200
2002-12-09,21.579999923706055,21.610000610351562,20.200000762939453,20.450000762939453,20.450000762939453,1639100
2002-12-10,21.34000015258789,22.15999984741211,20.479999542236328,21.860000610351562,21.860000610351562,2158500
2002-12-11,21.399999618530273,22.489999771118164,21.399999618530273,22.229999542236328,22.229999542236328,982600
2002-12-12,22.559999465942383,23.43000030517578,22.270000457763672,22.920000076293945,22.920000076293945,932100
2002-12-13,22.459999084472656,22.510000228881836,21.649999618530273,22.110000610351562,22.110000610351562,840300
2002-12-16,22.239999771118164,23.299999237060547,21.93000030517578,23.229999542236328,23.229999542236328,1054300
2002-12-17,23.280000686645508,23.770000457763672,22.010000228881836,22.25,22.25,869600
2002-12-18,21.979999542236328,22.0,20.850000381469727,21.09000015258789,21.09000015258789,734700
2002-12-19,21.219999313354492,21.829999923706055,20.020000457763672,21.170000076293945,21.170000076293945,1319100
2002-12-20,21.260000228881836,21.639999389648438,20.719999313354492,20.860000610351562,20.860000610351562,825900
2002-12-23,21.0,21.1200008392334,20.200000762939453,20.440000534057617,20.440000534057617,734100
2002-12-24,20.59000015258789,20.979999542236328,20.229999542236328,20.329999923706055,20.329999923706055,176200
2002-12-26,20.84000015258789,21.0,19.799999237060547,19.969999313354492,19.969999313354492,423200
2002-12-27,20.1200008392334,20.389999389648438,19.75,19.950000762939453,19.950000762939453,300300
2002-12-30,20.0,20.43000030517578,19.049999237060547,19.31999969482422,19.31999969482422,717600
2002-12-31,19.389999389648438,19.75,19.030000686645508,19.079999923706055,19.079999923706055,754800
2003-01-02,19.25,20.149999618530273,18.889999389648438,20.0,20.0,1217900
2003-01-03,20.190000534057617,20.649999618530273,19.56999969482422,19.729999542236328,19.729999542236328,838500
2003-01-06,20.0,21.440000534057617,19.8799991607666,21.030000686645508,21.030000686645508,1718700
2003-01-07,21.1299991607666,21.920000076293945,21.0,21.469999313354492,21.469999313354492,791300
2003-01-08,21.25,21.790000915527344,20.450000762939453,20.8700008392334,20.8700008392334,1109900
2003-01-09,20.809999465942383,21.719999313354492,20.549999237060547,21.010000228881836,21.010000228881836,1064000
2003-01-10,20.8700008392334,22.239999771118164,20.6200008392334,22.170000076293945,22.170000076293945,1013000
2003-01-13,22.399999618530273,22.780000686645508,21.760000228881836,22.479999542236328,22.479999542236328,1039100
2003-01-14,22.420000076293945,23.299999237060547,22.149999618530273,23.149999618530273,23.149999618530273,1342100
2003-01-15,23.110000610351562,23.739999771118164,23.020000457763672,23.450000762939453,23.450000762939453,1854700
2003-01-16,23.610000610351562,24.65999984741211,22.65999984741211,22.65999984741211,22.65999984741211,1970000
2003-01-17,22.43000030517578,23.15999984741211,22.0,22.799999237060547,22.799999237060547,2048600
2003-01-21,22.8799991607666,23.510000228881836,22.31999969482422,23.280000686645508,23.280000686645508,1137600
2003-01-22,23.190000534057617,23.299999237060547,22.290000915527344,22.489999771118164,22.489999771118164,2075800
2003-01-23,24.610000610351562,25.200000762939453,23.149999618530273,23.600000381469727,23.600000381469727,3301900
2003-01-24,23.600000381469727,24.100000381469727,22.889999389648438,23.559999465942383,23.559999465942383,870700
2003-01-27,23.25,23.770000457763672,23.030000686645508,23.299999237060547,23.299999237060547,998100
2003-01-28,23.489999771118164,24.200000762939453,23.479999542236328,24.100000381469727,24.100000381469727,1271900
2003-01-29,24.0,25.469999313354492,23.84000015258789,25.280000686645508,25.280000686645508,1216300
2003-01-30,25.049999237060547,25.1200008392334,24.329999923706055,24.540000915527344,24.540000915527344,1542800
2003-01-31,24.049999237060547,24.989999771118164,23.989999771118164,24.639999389648438,24.639999389648438,1158900
2003-02-03,24.700000762939453,24.75,22.649999618530273,23.190000534057617,23.190000534057617,3045600
2003-02-04,22.979999542236328,23.149999618530273,22.5,23.09000015258789,23.09000015258789,1232300
2003-02-05,23.079999923706055,24.75,22.959999084472656,23.68000030517578,23.68000030517578,1124900
2003-02-06,23.68000030517578,24.389999389648438,23.479999542236328,23.760000228881836,23.760000228881836,949500
2003-02-07,23.8700008392334,24.100000381469727,23.549999237060547,23.639999389648438,23.639999389648438,507000
2003-02-10,23.700000762939453,24.290000915527344,23.3700008392334,24.290000915527344,24.290000915527344,796800
2003-02-11,24.360000610351562,25.389999389648438,24.040000915527344,24.209999084472656,24.209999084472656,1177500
2003-02-12,24.200000762939453,24.25,23.559999465942383,23.799999237060547,23.799999237060547,893100
2003-02-13,23.84000015258789,24.0,23.110000610351562,23.559999465942383,23.559999465942383,943500
2003-02-14,23.8799991607666,24.68000030517578,23.43000030517578,24.600000381469727,24.600000381469727,609800
2003-02-18,24.600000381469727,25.729999542236328,24.600000381469727,25.6200008392334,25.6200008392334,742300
2003-02-19,25.5,25.649999618530273,25.190000534057617,25.34000015258789,25.34000015258789,624100
2003-02-20,25.399999618530273,28.489999771118164,25.389999389648438,26.649999618530273,26.649999618530273,1357800
2003-02-21,26.5,27.360000610351562,26.200000762939453,26.579999923706055,26.579999923706055,798500
2003-02-24,26.5,27.239999771118164,26.190000534057617,26.6200008392334,26.6200008392334,580300
2003-02-25,26.360000610351562,26.649999618530273,25.850000381469727,26.489999771118164,26.489999771118164,454100
2003-02-26,26.510000228881836,26.8799991607666,25.790000915527344,25.799999237060547,25.799999237060547,653300
2003-02-27,26.100000381469727,26.649999618530273,25.75,26.170000076293945,26.170000076293945,694600
2003-02-28,26.25,27.350000381469727,26.200000762939453,27.1200008392334,27.1200008392334,709500
2003-03-03,27.350000381469727,28.049999237060547,26.309999465942383,26.5,26.5,1311500
2003-03-04,26.5,26.93000030517578,26.059999465942383,26.520000457763672,26.520000457763672,831200
2003-03-05,26.399999618530273,27.219999313354492,26.15999984741211,26.860000610351562,26.860000610351562,587500
2003-03-06,26.700000762939453,27.600000381469727,26.360000610351562,27.579999923706055,27.579999923706055,660800
2003-03-07,26.93000030517578,27.809999465942383,26.670000076293945,27.540000915527344,27.540000915527344,677400
2003-03-10,27.25,27.780000686645508,26.850000381469727,27.0,27.0,541200
2003-03-11,26.899999618530273,27.299999237060547,25.940000534057617,26.18000030517578,26.18000030517578,882500
2003-03-12,26.1200008392334,26.649999618530273,25.299999237060547,25.989999771118164,25.989999771118164,1229300
2003-03-13,26.459999084472656,28.5,26.360000610351562,28.5,28.5,1411600
2003-03-14,28.31999969482422,29.43000030517578,27.8700008392334,29.020000457763672,29.020000457763672,1906900
2003-03-17,28.860000610351562,30.270000457763672,28.760000228881836,29.170000076293945,29.170000076293945,1553300
2003-03-18,29.09000015258789,29.93000030517578,28.25,29.84000015258789,29.84000015258789,1053600
2003-03-19,29.690000534057617,29.75,27.579999923706055,28.68000030517578,28.68000030517578,1486100
2003-03-20,28.6200008392334,28.6200008392334,27.399999618530273,28.06999969482422,28.06999969482422,1300900
2003-03-21,28.34000015258789,28.6299991607666,27.420000076293945,28.049999237060547,28.049999237060547,907000
2003-03-24,27.440000534057617,27.5,25.920000076293945,26.360000610351562,26.360000610351562,1217500
2003-03-25,26.40999984741211,27.459999084472656,26.31999969482422,26.979999542236328,26.979999542236328,899200
2003-03-26,26.81999969482422,27.670000076293945,26.649999618530273,27.549999237060547,27.549999237060547,1103600
2003-03-27,27.290000915527344,27.350000381469727,26.719999313354492,26.969999313354492,26.969999313354492,527900
2003-03-28,26.799999237060547,27.0,26.5,26.90999984741211,26.90999984741211,553900
2003-03-31,26.670000076293945,26.75,26.149999618530273,26.149999618530273,26.149999618530273,702000
2003-04-01,26.049999237060547,26.200000762939453,25.079999923706055,25.84000015258789,25.84000015258789,1217600
2003-04-02,26.459999084472656,27.780000686645508,26.360000610351562,27.5,27.5,881300
2003-04-03,27.719999313354492,28.09000015258789,27.260000228881836,27.6200008392334,27.6200008392334,512900
2003-04-04,27.0,27.709999084472656,26.899999618530273,27.09000015258789,27.09000015258789,382500
2003-04-07,28.0,28.1200008392334,27.200000762939453,27.350000381469727,27.350000381469727,639700
2003-04-08,27.170000076293945,27.18000030517578,25.649999618530273,25.920000076293945,25.920000076293945,1072800
2003-04-09,26.06999969482422,26.219999313354492,25.399999618530273,25.6200008392334,25.6200008392334,831600
2003-04-10,25.670000076293945,26.850000381469727,25.549999237060547,26.34000015258789,26.34000015258789,558100
2003-04-11,26.649999618530273,27.049999237060547,25.600000381469727,26.34000015258789,26.34000015258789,650300
2003-04-14,26.309999465942383,26.790000915527344,25.979999542236328,26.760000228881836,26.760000228881836,789000
2003-04-15,26.549999237060547,26.59000015258789,25.81999969482422,26.15999984741211,26.15999984741211,608000
2003-04-16,26.5,27.700000762939453,26.489999771118164,27.579999923706055,27.579999923706055,956100
2003-04-17,27.260000228881836,28.260000228881836,27.260000228881836,28.100000381469727,28.100000381469727,1064600
2003-04-21,28.010000228881836,28.450000762939453,27.399999618530273,28.309999465942383,28.309999465942383,1352800
2003-04-22,27.889999389648438,29.68000030517578,26.84000015258789,29.440000534057617,29.440000534057617,2017900
2003-04-23,31.149999618530273,32.310001373291016,30.530000686645508,31.170000076293945,31.170000076293945,2882300
2003-04-24,31.100000381469727,31.290000915527344,30.530000686645508,31.149999618530273,31.149999618530273,1466200
2003-04-25,31.200000762939453,31.200000762939453,29.600000381469727,30.299999237060547,30.299999237060547,6148800
2003-04-28,30.190000534057617,30.190000534057617,28.729999542236328,28.799999237060547,28.799999237060547,1959600
2003-04-29,28.75,29.200000762939453,28.270000457763672,28.700000762939453,28.700000762939453,1252600
2003-04-30,28.709999084472656,29.190000534057617,28.329999923706055,28.450000762939453,28.450000762939453,1328400
2003-05-01,28.579999923706055,28.8799991607666,27.59000015258789,28.719999313354492,28.719999313354492,920500
2003-05-02,28.559999465942383,30.399999618530273,28.559999465942383,30.170000076293945,30.170000076293945,992900
2003-05-05,30.059999465942383,31.700000762939453,30.049999237060547,31.31999969482422,31.31999969482422,1520200
2003-05-06,30.940000534057617,31.5,30.549999237060547,31.040000915527344,31.040000915527344,697500
2003-05-07,30.739999771118164,30.75,28.920000076293945,29.040000915527344,29.040000915527344,1752200
2003-05-08,28.899999618530273,28.899999618530273,28.100000381469727,28.420000076293945,28.420000076293945,1897100
2003-05-09,28.299999237060547,29.0,27.889999389648438,28.920000076293945,28.920000076293945,1865000
2003-05-12,28.81999969482422,28.950000762939453,28.0,28.170000076293945,28.170000076293945,1250800
2003-05-13,28.149999618530273,28.8700008392334,28.040000915527344,28.3799991607666,28.3799991607666,1217200
2003-05-14,28.510000228881836,29.399999618530273,27.700000762939453,28.399999618530273,28.399999618530273,1233700
2003-05-15,28.510000228881836,29.219999313354492,28.09000015258789,28.389999389648438,28.389999389648438,1049000
2003-05-16,28.389999389648438,28.389999389648438,26.600000381469727,26.81999969482422,26.81999969482422,1373100
2003-05-19,26.799999237060547,26.940000534057617,26.540000915527344,26.600000381469727,26.600000381469727,1507900
2003-05-20,26.709999084472656,27.020000457763672,25.75,26.350000381469727,26.350000381469727,1061600
2003-05-21,26.399999618530273,26.5,25.93000030517578,26.350000381469727,26.350000381469727,908700
2003-05-22,26.40999984741211,26.68000030517578,25.850000381469727,26.600000381469727,26.600000381469727,918700
2003-05-23,26.700000762939453,27.299999237060547,26.5,26.6299991607666,26.6299991607666,905400
2003-05-27,26.6200008392334,28.989999771118164,26.510000228881836,28.709999084472656,28.709999084472656,1187500
2003-05-28,28.84000015258789,29.25,28.059999465942383,28.43000030517578,28.43000030517578,879500
2003-05-29,28.489999771118164,29.489999771118164,27.93000030517578,28.989999771118164,28.989999771118164,1054500
2003-05-30,29.1299991607666,29.940000534057617,29.1299991607666,29.739999771118164,29.739999771118164,683800
2003-06-02,29.90999984741211,31.5,29.06999969482422,29.270000457763672,29.270000457763672,1717600
2003-06-03,28.959999084472656,29.6299991607666,28.739999771118164,29.350000381469727,29.350000381469727,601700
2003-06-04,29.170000076293945,30.31999969482422,28.989999771118164,30.040000915527344,30.040000915527344,770600
2003-06-05,29.889999389648438,31.299999237060547,29.350000381469727,30.899999618530273,30.899999618530273,1259300
2003-06-06,31.329999923706055,32.560001373291016,28.950000762939453,28.989999771118164,28.989999771118164,2098300
2003-06-09,28.920000076293945,28.920000076293945,27.0,27.420000076293945,27.420000076293945,2121700
2003-06-10,27.5,27.850000381469727,26.280000686645508,27.299999237060547,27.299999237060547,1045000
2003-06-11,26.200000762939453,27.190000534057617,24.549999237060547,27.06999969482422,27.06999969482422,3608700
2003-06-12,27.1200008392334,27.1200008392334,25.93000030517578,26.190000534057617,26.190000534057617,1015000
2003-06-13,26.3700008392334,26.5,24.969999313354492,25.09000015258789,25.09000015258789,1373500
2003-06-16,25.25,25.5,24.709999084472656,24.959999084472656,24.959999084472656,1334000
2003-06-17,25.200000762939453,25.84000015258789,24.219999313354492,24.399999618530273,24.399999618530273,2643000
2003-06-18,24.5,27.8700008392334,24.440000534057617,27.600000381469727,27.600000381469727,3713700
2003-06-19,27.700000762939453,28.31999969482422,26.850000381469727,27.0,27.0,1685400
2003-06-20,27.25,27.809999465942383,26.84000015258789,27.010000228881836,27.010000228881836,944200
2003-06-23,27.190000534057617,27.290000915527344,26.0,26.049999237060547,26.049999237060547,1377500
2003-06-24,26.0,26.75,25.520000457763672,25.700000762939453,25.700000762939453,1035500
2003-06-25,26.299999237060547,26.899999618530273,26.06999969482422,26.360000610351562,26.360000610351562,920500
2003-06-26,26.549999237060547,27.219999313354492,26.149999618530273,27.100000381469727,27.100000381469727,1054900
2003-06-27,27.100000381469727,27.549999237060547,26.709999084472656,26.850000381469727,26.850000381469727,848000
2003-06-30,27.149999618530273,27.639999389648438,26.549999237060547,26.6200008392334,26.6200008392334,1169700
2003-07-01,26.450000762939453,27.700000762939453,26.100000381469727,27.56999969482422,27.56999969482422,1151000
2003-07-02,27.719999313354492,28.5,27.549999237060547,28.350000381469727,28.350000381469727,932300
2003-07-03,28.09000015258789,28.75,27.8799991607666,28.309999465942383,28.309999465942383,717000
2003-07-07,28.770000457763672,29.770000457763672,28.530000686645508,29.549999237060547,29.549999237060547,1180100
2003-07-08,30.3700008392334,31.149999618530273,30.200000762939453,30.889999389648438,30.889999389648438,1771200
2003-07-09,30.959999084472656,32.150001525878906,30.600000381469727,31.979999542236328,31.979999542236328,1555300
2003-07-10,31.690000534057617,32.25,31.100000381469727,31.479999542236328,31.479999542236328,1254500
2003-07-11,31.309999465942383,31.700000762939453,30.450000762939453,31.010000228881836,31.010000228881836,949000
2003-07-14,31.5,33.709999084472656,31.489999771118164,33.38999938964844,33.38999938964844,1704800
2003-07-15,33.5,34.119998931884766,32.22999954223633,32.86000061035156,32.86000061035156,1099000
2003-07-16,33.34000015258789,34.130001068115234,33.04999923706055,34.11000061035156,34.11000061035156,1162300
2003-07-17,33.25,33.54999923706055,31.899999618530273,32.220001220703125,32.220001220703125,709100
2003-07-18,32.20000076293945,33.06999969482422,30.5,32.189998626708984,32.189998626708984,667200
2003-07-21,32.25,32.79999923706055,31.25,32.2400016784668,32.2400016784668,1361300
2003-07-22,35.0,37.939998626708984,34.72999954223633,37.0,37.0,4768600
2003-07-23,36.95000076293945,37.29999923706055,36.7400016784668,37.11000061035156,37.11000061035156,1223300
2003-07-24,37.150001525878906,38.459999084472656,37.0,37.7599983215332,37.7599983215332,1077100
2003-07-25,37.790000915527344,37.97999954223633,36.400001525878906,37.630001068115234,37.630001068115234,771600
2003-07-28,37.45000076293945,38.0,37.11000061035156,37.5,37.5,538800
2003-07-29,37.689998626708984,38.0,36.869998931884766,37.11000061035156,37.11000061035156,626800
2003-07-30,37.16999816894531,37.29999923706055,36.27000045776367,36.7599983215332,36.7599983215332,462400
2003-07-31,37.29999923706055,37.650001525878906,36.599998474121094,36.709999084472656,36.709999084472656,1036100
2003-08-01,36.15999984741211,36.61000061035156,35.79999923706055,36.45000076293945,36.45000076293945,871800
2003-08-04,36.25,36.93000030517578,35.790000915527344,36.83000183105469,36.83000183105469,503700
2003-08-05,36.84000015258789,36.88999938964844,35.56999969482422,35.90999984741211,35.90999984741211,618100
2003-08-06,35.959999084472656,35.959999084472656,34.5,34.619998931884766,34.619998931884766,694600
2003-08-07,34.58000183105469,34.81999969482422,33.79999923706055,34.41999816894531,34.41999816894531,492300
2003-08-08,34.81999969482422,35.06999969482422,33.61000061035156,34.150001525878906,34.150001525878906,941000
2003-08-11,34.099998474121094,34.970001220703125,34.099998474121094,34.619998931884766,34.619998931884766,476200
2003-08-12,34.56999969482422,35.33000183105469,34.56999969482422,35.25,35.25,328300
2003-08-13,35.29999923706055,36.08000183105469,35.18000030517578,35.560001373291016,35.560001373291016,443700
2003-08-14,35.65999984741211,36.40999984741211,35.349998474121094,36.0,36.0,443400
2003-08-15,35.97999954223633,36.630001068115234,35.86000061035156,36.630001068115234,36.630001068115234,222500
2003-08-18,36.43000030517578,38.869998931884766,36.43000030517578,38.5,38.5,986300
2003-08-19,38.75,39.68000030517578,38.70000076293945,39.25,39.25,503400
2003-08-20,39.0,40.38999938964844,38.720001220703125,39.79999923706055,39.79999923706055,860700
2003-08-21,40.09000015258789,43.40999984741211,40.04999923706055,43.25,43.25,1783600
2003-08-22,44.220001220703125,45.349998474121094,43.20000076293945,43.400001525878906,43.400001525878906,2010300
2003-08-25,42.95000076293945,43.13999938964844,40.83000183105469,41.119998931884766,41.119998931884766,1379800
2003-08-26,40.58000183105469,42.33000183105469,40.349998474121094,42.310001373291016,42.310001373291016,963100
2003-08-27,41.90999984741211,43.470001220703125,41.619998931884766,43.400001525878906,43.400001525878906,553500
2003-08-28,43.599998474121094,44.880001068115234,43.52000045776367,44.689998626708984,44.689998626708984,974400
2003-08-29,44.400001525878906,44.849998474121094,43.90999984741211,44.439998626708984,44.439998626708984,421000
2003-09-02,44.849998474121094,44.970001220703125,43.5,44.81999969482422,44.81999969482422,582100
2003-09-03,45.130001068115234,45.15999984741211,43.56999969482422,44.5,44.5,640300
2003-09-04,44.29999923706055,45.84000015258789,44.150001525878906,45.540000915527344,45.540000915527344,1141100
2003-09-05,45.0,48.45000076293945,44.689998626708984,47.77000045776367,47.77000045776367,2467600
2003-09-08,48.20000076293945,49.5,47.77000045776367,49.36000061035156,49.36000061035156,1338800
2003-09-09,49.150001525878906,50.04999923706055,48.2599983215332,49.47999954223633,49.47999954223633,1669600
2003-09-10,49.060001373291016,49.060001373291016,46.66999816894531,46.68000030517578,46.68000030517578,868800
2003-09-11,46.70000076293945,48.27000045776367,46.63999938964844,48.0099983215332,48.0099983215332,1094300
2003-09-12,47.7400016784668,49.2400016784668,47.58000183105469,49.20000076293945,49.20000076293945,668100
2003-09-15,49.189998626708984,50.099998474121094,48.619998931884766,49.33000183105469,49.33000183105469,803800
2003-09-16,49.36000061035156,50.939998626708984,49.310001373291016,50.83000183105469,50.83000183105469,1242900
2003-09-17,50.65999984741211,52.9900016784668,50.599998474121094,51.810001373291016,51.810001373291016,1370400
2003-09-18,51.349998474121094,53.0099983215332,51.11000061035156,52.95000076293945,52.95000076293945,730600
2003-09-19,52.650001525878906,52.65999984741211,51.130001068115234,51.75,51.75,670600
2003-09-22,50.849998474121094,51.689998626708984,50.290000915527344,51.2400016784668,51.2400016784668,645000
2003-09-23,50.849998474121094,52.7400016784668,50.65999984741211,51.650001525878906,51.650001525878906,920500
2003-09-24,51.7599983215332,52.40999984741211,48.93000030517578,48.970001220703125,48.970001220703125,1046600
2003-09-25,49.36000061035156,51.029998779296875,48.2400016784668,48.33000183105469,48.33000183105469,1046900
2003-09-26,47.099998474121094,49.0,47.0,47.439998626708984,47.439998626708984,799400
2003-09-29,47.779998779296875,49.869998931884766,47.779998779296875,49.060001373291016,49.060001373291016,849800
2003-09-30,48.189998626708984,48.22999954223633,44.84000015258789,44.91999816894531,44.91999816894531,2483800
2003-10-01,45.619998931884766,47.18000030517578,45.31999969482422,46.880001068115234,46.880001068115234,1909700
2003-10-02,46.5,47.52000045776367,46.31999969482422,46.90999984741211,46.90999984741211,1160500
2003-10-03,48.04999923706055,48.599998474121094,47.2599983215332,48.400001525878906,48.400001525878906,1516000
2003-10-06,48.650001525878906,49.560001373291016,48.650001525878906,49.29999923706055,49.29999923706055,793700
2003-10-07,48.70000076293945,50.45000076293945,48.70000076293945,50.439998626708984,50.439998626708984,922500
2003-10-08,50.4900016784668,50.70000076293945,48.70000076293945,49.709999084472656,49.709999084472656,494100
2003-10-09,51.06999969482422,51.689998626708984,49.779998779296875,51.099998474121094,51.099998474121094,1231400
2003-10-10,51.099998474121094,51.4900016784668,49.02000045776367,49.369998931884766,49.369998931884766,769000
2003-10-13,49.70000076293945,50.54999923706055,49.59000015258789,50.459999084472656,50.459999084472656,845400
2003-10-14,50.290000915527344,50.56999969482422,49.599998474121094,50.5,50.5,570600
2003-10-15,51.5,53.68000030517578,50.93000030517578,51.380001068115234,51.380001068115234,1529300
2003-10-16,51.119998931884766,52.70000076293945,50.70000076293945,52.58000183105469,52.58000183105469,610200
2003-10-17,52.380001068115234,52.5,49.470001220703125,50.02000045776367,50.02000045776367,1252300
2003-10-20,50.0099983215332,51.25,48.849998474121094,49.95000076293945,49.95000076293945,1589200
2003-10-21,51.720001220703125,55.34000015258789,51.0,55.279998779296875,55.279998779296875,4077000
2003-10-22,54.599998474121094,55.2400016784668,53.33000183105469,53.72999954223633,53.72999954223633,2434100
2003-10-23,51.93000030517578,52.38999938964844,50.63999938964844,52.09000015258789,52.09000015258789,1604700
2003-10-24,51.25,53.13999938964844,50.459999084472656,51.279998779296875,51.279998779296875,1327400
2003-10-27,52.099998474121094,52.84000015258789,52.0,52.18000030517578,52.18000030517578,1002600
2003-10-28,52.86000061035156,56.63999938964844,52.72999954223633,56.41999816894531,56.41999816894531,1762800
2003-10-29,56.0,57.880001068115234,55.20000076293945,57.04999923706055,57.04999923706055,1398700
2003-10-30,58.34000015258789,58.880001068115234,55.66999816894531,56.06999969482422,56.06999969482422,1371900
2003-10-31,56.150001525878906,56.31999969482422,53.970001220703125,54.0,54.0,1058600
2003-11-03,53.65999984741211,55.70000076293945,53.650001525878906,55.66999816894531,55.66999816894531,989800
2003-11-04,55.189998626708984,55.22999954223633,53.02000045776367,54.02000045776367,54.02000045776367,1290200
2003-11-05,53.5099983215332,55.380001068115234,53.20000076293945,55.279998779296875,55.279998779296875,901700
2003-11-06,55.560001373291016,56.29999923706055,52.72999954223633,54.31999969482422,54.31999969482422,1060700
2003-11-07,54.900001525878906,55.29999923706055,52.77000045776367,53.27000045776367,53.27000045776367,813500
2003-11-10,53.470001220703125,53.529998779296875,50.84000015258789,51.150001525878906,51.150001525878906,1367800
2003-11-11,51.220001220703125,52.47999954223633,50.099998474121094,50.380001068115234,50.380001068115234,1580500
2003-11-12,48.95000076293945,52.97999954223633,48.06999969482422,52.52000045776367,52.52000045776367,2640300
2003-11-13,52.29999923706055,53.5,50.849998474121094,51.150001525878906,51.150001525878906,1364800
2003-11-14,52.68000030517578,52.689998626708984,48.5099983215332,48.77000045776367,48.77000045776367,1610300
2003-11-17,48.0,48.52000045776367,45.529998779296875,47.0,47.0,1878500
2003-11-18,47.689998626708984,49.790000915527344,47.29999923706055,47.310001373291016,47.310001373291016,2376000
2003-11-19,47.70000076293945,48.08000183105469,45.54999923706055,46.70000076293945,46.70000076293945,1887100
2003-11-20,46.099998474121094,47.63999938964844,45.5,45.5,45.5,1569100
2003-11-21,46.4900016784668,47.9900016784668,45.630001068115234,47.5,47.5,1614000
2003-11-24,48.45000076293945,49.09000015258789,48.0,48.63999938964844,48.63999938964844,932900
2003-11-25,48.900001525878906,49.400001525878906,48.52000045776367,48.56999969482422,48.56999969482422,762400
2003-11-26,49.38999938964844,49.84000015258789,48.79999923706055,49.29999923706055,49.29999923706055,869600
2003-11-28,49.439998626708984,49.84000015258789,48.5,49.06999969482422,49.06999969482422,315200
2003-12-01,48.939998626708984,49.869998931884766,48.75,48.970001220703125,48.970001220703125,961900
2003-12-02,48.599998474121094,49.58000183105469,48.0099983215332,48.18000030517578,48.18000030517578,949100
2003-12-03,48.5099983215332,48.84000015258789,46.310001373291016,46.540000915527344,46.540000915527344,964900
2003-12-04,46.0,46.56999969482422,42.81999969482422,44.25,44.25,1623100
2003-12-05,43.150001525878906,44.75,42.47999954223633,44.029998779296875,44.029998779296875,1336000
2003-12-08,43.959999084472656,45.08000183105469,43.22999954223633,44.75,44.75,1017900
2003-12-09,45.11000061035156,45.369998931884766,42.52000045776367,42.900001525878906,42.900001525878906,1053000
2003-12-10,43.04999923706055,43.849998474121094,42.15999984741211,43.810001373291016,43.810001373291016,1549900
2003-12-11,43.79999923706055,45.83000183105469,43.560001373291016,45.689998626708984,45.689998626708984,1177500
2003-12-12,45.5,46.09000015258789,43.209999084472656,44.310001373291016,44.310001373291016,1646500
2003-12-15,45.7599983215332,45.970001220703125,42.209999084472656,42.4900016784668,42.4900016784668,1279300
2003-12-16,42.54999923706055,42.70000076293945,39.61000061035156,41.63999938964844,41.63999938964844,2127500
2003-12-17,41.79999923706055,42.11000061035156,40.33000183105469,41.900001525878906,41.900001525878906,1448500
2003-12-18,41.95000076293945,44.79999923706055,41.779998779296875,44.459999084472656,44.459999084472656,1484600
2003-12-19,43.709999084472656,44.22999954223633,42.599998474121094,42.88999938964844,42.88999938964844,1642500
2003-12-22,42.720001220703125,43.09000015258789,41.36000061035156,41.81999969482422,41.81999969482422,1161300
2003-12-23,41.75,42.400001525878906,41.41999816894531,42.400001525878906,42.400001525878906,1009200
2003-12-24,42.599998474121094,43.290000915527344,42.31999969482422,42.83000183105469,42.83000183105469,449500
2003-12-26,42.95000076293945,43.439998626708984,41.849998474121094,42.15999984741211,42.15999984741211,470400
2003-12-29,42.25,42.63999938964844,41.68000030517578,42.54999923706055,42.54999923706055,747800
2003-12-30,42.54999923706055,43.970001220703125,42.459999084472656,43.86000061035156,43.86000061035156,1020100
2003-12-31,44.0,44.400001525878906,42.7599983215332,43.279998779296875,43.279998779296875,850300
2004-01-02,43.060001373291016,44.29999923706055,43.0099983215332,44.29999923706055,44.29999923706055,1021400
2004-01-05,44.900001525878906,46.31999969482422,44.5,45.40999984741211,45.40999984741211,1469800
2004-01-06,45.380001068115234,46.70000076293945,45.02000045776367,46.0,46.0,1038400
2004-01-07,46.04999923706055,46.04999923706055,44.880001068115234,45.650001525878906,45.650001525878906,871100
2004-01-08,46.5,47.130001068115234,45.349998474121094,46.83000183105469,46.83000183105469,1138100
2004-01-09,47.900001525878906,49.650001525878906,47.70000076293945,48.810001373291016,48.810001373291016,1979700
2004-01-12,48.900001525878906,49.40999984741211,48.099998474121094,48.88999938964844,48.88999938964844,1110600
2004-01-13,49.25,49.400001525878906,46.15999984741211,47.540000915527344,47.540000915527344,1656900
2004-01-14,47.5099983215332,48.939998626708984,47.5099983215332,48.56999969482422,48.56999969482422,1076100
2004-01-15,47.86000061035156,49.88999938964844,47.599998474121094,49.52000045776367,49.52000045776367,1251800
2004-01-16,49.90999984741211,50.25,49.0,49.29999923706055,49.29999923706055,1251900
2004-01-20,49.56999969482422,50.720001220703125,49.2599983215332,49.63999938964844,49.63999938964844,1016600
2004-01-21,47.75,47.79999923706055,46.630001068115234,47.41999816894531,47.41999816894531,1554400
2004-01-22,47.54999923706055,48.380001068115234,45.220001220703125,45.41999816894531,45.41999816894531,1444900
2004-01-23,46.0,46.349998474121094,44.77000045776367,44.90999984741211,44.90999984741211,1396300
2004-01-26,44.70000076293945,45.439998626708984,44.0,44.0,44.0,2373000
2004-01-27,53.13999938964844,55.45000076293945,50.900001525878906,51.56999969482422,51.56999969482422,8984200
2004-01-28,51.970001220703125,53.13999938964844,50.0,50.5099983215332,50.5099983215332,1801600
2004-01-29,50.47999954223633,51.56999969482422,48.560001373291016,50.650001525878906,50.650001525878906,1937500
2004-01-30,50.5,51.4900016784668,49.84000015258789,51.25,51.25,1144700
2004-02-02,49.70000076293945,51.20000076293945,49.5,50.47999954223633,50.47999954223633,1248000
2004-02-03,50.540000915527344,50.779998779296875,49.25,49.56999969482422,49.56999969482422,1539900
2004-02-04,49.13999938964844,50.34000015258789,49.08000183105469,49.290000915527344,49.290000915527344,1108500
2004-02-05,49.43000030517578,50.0,48.47999954223633,48.900001525878906,48.900001525878906,1253300
2004-02-06,49.630001068115234,51.650001525878906,49.33000183105469,50.970001220703125,50.970001220703125,2959700
2004-02-09,52.2599983215332,57.560001373291016,52.2400016784668,57.0,57.0,4649400
2004-02-10,56.38999938964844,57.5,55.119998931884766,56.58000183105469,56.58000183105469,1699600
2004-02-11,56.439998626708984,59.900001525878906,56.16999816894531,58.689998626708984,58.689998626708984,2283200
2004-02-12,58.47999954223633,59.91999816894531,58.459999084472656,58.790000915527344,58.790000915527344,1277800
2004-02-13,58.959999084472656,59.400001525878906,57.189998626708984,57.95000076293945,57.95000076293945,978600
2004-02-17,54.959999084472656,55.650001525878906,54.38999938964844,55.220001220703125,55.220001220703125,2300000
2004-02-18,54.91999816894531,55.58000183105469,54.43000030517578,54.81999969482422,54.81999969482422,1102500
2004-02-19,55.4900016784668,56.13999938964844,52.959999084472656,53.029998779296875,53.029998779296875,1132800
2004-02-20,53.81999969482422,53.86000061035156,51.22999954223633,52.290000915527344,52.290000915527344,1444000
2004-02-23,52.529998779296875,54.56999969482422,52.45000076293945,53.16999816894531,53.16999816894531,1687800
2004-02-24,52.900001525878906,54.970001220703125,52.5,54.27000045776367,54.27000045776367,1531600
2004-02-25,54.31999969482422,55.400001525878906,54.25,55.06999969482422,55.06999969482422,908900
2004-02-26,54.810001373291016,57.88999938964844,54.810001373291016,56.619998931884766,56.619998931884766,1843600
2004-02-27,56.88999938964844,57.20000076293945,55.9900016784668,56.369998931884766,56.369998931884766,1294500
2004-03-01,56.04999923706055,58.22999954223633,56.0,57.900001525878906,57.900001525878906,1199800
2004-03-02,58.279998779296875,59.119998931884766,58.040000915527344,58.29999923706055,58.29999923706055,1649800
2004-03-03,58.22999954223633,58.400001525878906,56.65999984741211,57.380001068115234,57.380001068115234,932800
2004-03-04,57.36000061035156,58.099998474121094,56.84000015258789,57.9900016784668,57.9900016784668,724200
2004-03-05,57.630001068115234,57.709999084472656,56.150001525878906,57.31999969482422,57.31999969482422,1028000
2004-03-08,57.47999954223633,57.880001068115234,55.40999984741211,55.40999984741211,55.40999984741211,1082700
2004-03-09,55.70000076293945,56.099998474121094,54.400001525878906,55.66999816894531,55.66999816894531,1527800
2004-03-10,55.70000076293945,55.779998779296875,52.84000015258789,52.90999984741211,52.90999984741211,1385800
2004-03-11,52.56999969482422,54.91999816894531,52.209999084472656,53.2599983215332,53.2599983215332,1176300
2004-03-12,54.040000915527344,54.7599983215332,53.650001525878906,54.619998931884766,54.619998931884766,564200
2004-03-15,54.63999938964844,54.75,52.61000061035156,52.90999984741211,52.90999984741211,674000
2004-03-16,53.369998931884766,55.5,53.36000061035156,54.939998626708984,54.939998626708984,1534900
2004-03-17,55.25,56.619998931884766,55.150001525878906,55.4900016784668,55.4900016784668,869200
2004-03-18,55.310001373291016,55.689998626708984,53.68000030517578,53.880001068115234,53.880001068115234,1279500
2004-03-19,53.86000061035156,54.099998474121094,51.0,51.349998474121094,51.349998474121094,1679700
2004-03-22,51.220001220703125,51.40999984741211,49.380001068115234,50.119998931884766,50.119998931884766,1932400
2004-03-23,51.0099983215332,51.20000076293945,49.45000076293945,49.5,49.5,2036100
2004-03-24,49.70000076293945,51.09000015258789,48.900001525878906,50.130001068115234,50.130001068115234,1050800
2004-03-25,50.54999923706055,52.59000015258789,50.45000076293945,52.130001068115234,52.130001068115234,977700
2004-03-26,52.43000030517578,53.88999938964844,51.849998474121094,52.209999084472656,52.209999084472656,1132600
2004-03-29,52.959999084472656,54.40999984741211,52.119998931884766,52.58000183105469,52.58000183105469,1048700
2004-03-30,52.720001220703125,53.189998626708984,51.81999969482422,53.02000045776367,53.02000045776367,818000
2004-03-31,52.869998931884766,54.060001373291016,51.68000030517578,52.880001068115234,52.880001068115234,909000
2004-04-01,52.41999816894531,55.18000030517578,52.400001525878906,53.88999938964844,53.88999938964844,824400
2004-04-02,55.720001220703125,55.75,54.08000183105469,55.369998931884766,55.369998931884766,881500
2004-04-05,55.40999984741211,57.849998474121094,55.220001220703125,57.77000045776367,57.77000045776367,962400
2004-04-06,56.439998626708984,57.56999969482422,55.959999084472656,57.209999084472656,57.209999084472656,1475100
2004-04-07,57.439998626708984,57.97999954223633,56.27000045776367,57.77000045776367,57.77000045776367,1040400
2004-04-08,58.33000183105469,59.0,57.720001220703125,58.5,58.5,926300
2004-04-12,58.45000076293945,59.150001525878906,57.900001525878906,58.83000183105469,58.83000183105469,547700
2004-04-13,59.09000015258789,59.45000076293945,56.20000076293945,56.84000015258789,56.84000015258789,917800
2004-04-14,56.20000076293945,57.70000076293945,55.72999954223633,56.400001525878906,56.400001525878906,549600
2004-04-15,56.66999816894531,57.45000076293945,54.560001373291016,55.18000030517578,55.18000030517578,801700
2004-04-16,55.220001220703125,55.220001220703125,50.880001068115234,53.279998779296875,53.279998779296875,1754700
2004-04-19,53.5,54.97999954223633,52.2400016784668,54.439998626708984,54.439998626708984,914300
2004-04-20,54.599998474121094,54.869998931884766,52.150001525878906,52.34000015258789,52.34000015258789,999400
2004-04-21,52.75,54.470001220703125,52.70000076293945,54.33000183105469,54.33000183105469,941300
2004-04-22,54.380001068115234,55.849998474121094,53.5099983215332,55.29999923706055,55.29999923706055,742100
2004-04-23,55.060001373291016,56.75,54.869998931884766,56.34000015258789,56.34000015258789,622700
2004-04-26,56.54999923706055,56.7599983215332,55.869998931884766,56.130001068115234,56.130001068115234,1368400
2004-04-27,53.959999084472656,54.4900016784668,52.88999938964844,53.36000061035156,53.36000061035156,4311300
2004-04-28,53.209999084472656,53.290000915527344,50.939998626708984,51.290000915527344,51.290000915527344,1629100
2004-04-29,51.15999984741211,51.959999084472656,49.099998474121094,50.029998779296875,50.029998779296875,1133000
2004-04-30,50.349998474121094,50.380001068115234,46.29999923706055,47.150001525878906,47.150001525878906,2070200
2004-05-03,47.0,48.599998474121094,45.599998474121094,47.13999938964844,47.13999938964844,1924400
2004-05-04,46.93000030517578,49.45000076293945,46.720001220703125,48.459999084472656,48.459999084472656,1611400
2004-05-05,48.40999984741211,50.130001068115234,48.099998474121094,49.79999923706055,49.79999923706055,1098600
2004-05-06,49.310001373291016,49.77000045776367,48.310001373291016,48.72999954223633,48.72999954223633,892900
2004-05-07,48.72999954223633,50.66999816894531,48.29999923706055,48.810001373291016,48.810001373291016,899400
2004-05-10,48.150001525878906,48.70000076293945,47.06999969482422,48.189998626708984,48.189998626708984,1166400
2004-05-11,49.0,50.77000045776367,48.900001525878906,50.689998626708984,50.689998626708984,1133200
2004-05-12,50.56999969482422,50.58000183105469,47.279998779296875,48.400001525878906,48.400001525878906,1930700
2004-05-13,47.5,48.38999938964844,46.79999923706055,47.56999969482422,47.56999969482422,1250400
2004-05-14,47.369998931884766,48.029998779296875,45.560001373291016,45.709999084472656,45.709999084472656,1350300
2004-05-17,45.56999969482422,47.0,44.900001525878906,46.25,46.25,1545700
2004-05-18,46.86000061035156,48.599998474121094,46.5099983215332,47.77000045776367,47.77000045776367,1086200
2004-05-19,48.88999938964844,50.09000015258789,47.86000061035156,47.970001220703125,47.970001220703125,1142500
2004-05-20,48.150001525878906,48.58000183105469,47.25,47.29999923706055,47.29999923706055,546600
2004-05-21,47.599998474121094,48.099998474121094,46.709999084472656,47.25,47.25,723400
2004-05-24,48.04999923706055,49.029998779296875,47.380001068115234,47.58000183105469,47.58000183105469,1244300
2004-05-25,47.61000061035156,49.81999969482422,47.380001068115234,49.790000915527344,49.790000915527344,956400
2004-05-26,49.709999084472656,50.93000030517578,49.52000045776367,50.47999954223633,50.47999954223633,1201000
2004-05-27,50.209999084472656,51.31999969482422,50.11000061035156,51.22999954223633,51.22999954223633,997600
2004-05-28,51.38999938964844,52.65999984741211,50.72999954223633,52.189998626708984,52.189998626708984,1067000
2004-06-01,51.54999923706055,52.75,51.029998779296875,51.900001525878906,51.900001525878906,836400
2004-06-02,51.5099983215332,51.810001373291016,49.880001068115234,50.029998779296875,50.029998779296875,1089800
2004-06-03,50.0,50.099998474121094,47.81999969482422,48.099998474121094,48.099998474121094,1392000
2004-06-04,49.36000061035156,50.40999984741211,48.790000915527344,49.86000061035156,49.86000061035156,787800
2004-06-07,50.220001220703125,51.58000183105469,49.810001373291016,51.5,51.5,538000
2004-06-08,51.150001525878906,51.20000076293945,49.81999969482422,50.400001525878906,50.400001525878906,851100
2004-06-09,50.11000061035156,50.119998931884766,48.06999969482422,48.36000061035156,48.36000061035156,956800
2004-06-10,48.68000030517578,48.97999954223633,46.900001525878906,48.54999923706055,48.54999923706055,1153400
2004-06-14,48.0,48.16999816894531,46.56999969482422,46.959999084472656,46.959999084472656,1149800
2004-06-15,47.0099983215332,47.90999984741211,47.0,47.470001220703125,47.470001220703125,867700
2004-06-16,47.5099983215332,47.5099983215332,46.869998931884766,47.099998474121094,47.099998474121094,798400
2004-06-17,46.849998474121094,47.0,45.599998474121094,45.630001068115234,45.630001068115234,1462600
2004-06-18,45.5099983215332,46.040000915527344,44.93000030517578,44.9900016784668,44.9900016784668,1406200
2004-06-21,45.27000045776367,45.689998626708984,43.58000183105469,43.58000183105469,43.58000183105469,1408700
2004-06-22,43.599998474121094,44.849998474121094,42.880001068115234,44.599998474121094,44.599998474121094,2108300
2004-06-23,44.400001525878906,46.619998931884766,44.400001525878906,46.540000915527344,46.540000915527344,1670900
2004-06-24,46.61000061035156,48.47999954223633,46.349998474121094,47.2599983215332,47.2599983215332,1489700
2004-06-25,47.25,47.90999984741211,46.63999938964844,47.619998931884766,47.619998931884766,1484000
2004-06-28,47.63999938964844,47.70000076293945,45.20000076293945,45.5099983215332,45.5099983215332,1604900
2004-06-29,45.54999923706055,47.20000076293945,45.25,46.22999954223633,46.22999954223633,1796700
2004-06-30,46.2400016784668,46.95000076293945,45.5,46.349998474121094,46.349998474121094,1076300
2004-07-01,46.459999084472656,46.47999954223633,44.31999969482422,45.11000061035156,45.11000061035156,1530900
2004-07-02,45.04999923706055,45.189998626708984,43.560001373291016,43.72999954223633,43.72999954223633,1237800
2004-07-06,43.33000183105469,43.380001068115234,41.869998931884766,42.11000061035156,42.11000061035156,1435200
2004-07-07,42.2400016784668,43.95000076293945,41.88999938964844,42.66999816894531,42.66999816894531,1266600
2004-07-08,42.16999816894531,42.560001373291016,41.310001373291016,41.45000076293945,41.45000076293945,1398900
2004-07-09,41.86000061035156,42.66999816894531,41.599998474121094,42.130001068115234,42.130001068115234,957800
2004-07-12,41.81999969482422,41.900001525878906,40.5099983215332,41.459999084472656,41.459999084472656,1281500
2004-07-13,41.349998474121094,42.310001373291016,41.34000015258789,41.77000045776367,41.77000045776367,764600
2004-07-14,41.220001220703125,41.95000076293945,39.90999984741211,40.43000030517578,40.43000030517578,1349100
2004-07-15,40.2400016784668,41.400001525878906,40.0099983215332,40.810001373291016,40.810001373291016,1360800
2004-07-16,41.16999816894531,41.72999954223633,40.70000076293945,40.900001525878906,40.900001525878906,1319700
2004-07-19,41.5099983215332,41.97999954223633,40.5,41.060001373291016,41.060001373291016,904400
2004-07-20,41.060001373291016,43.599998474121094,40.869998931884766,42.900001525878906,42.900001525878906,1385500
2004-07-21,42.97999954223633,43.349998474121094,40.400001525878906,40.959999084472656,40.959999084472656,1774500
2004-07-22,40.58000183105469,43.400001525878906,40.54999923706055,42.95000076293945,42.95000076293945,1400700
2004-07-23,42.68000030517578,43.0,41.529998779296875,41.709999084472656,41.709999084472656,980700
2004-07-26,41.7599983215332,41.7599983215332,39.58000183105469,39.79999923706055,39.79999923706055,4119200
2004-07-27,35.099998474121094,36.099998474121094,32.400001525878906,35.09000015258789,35.09000015258789,14643300
2004-07-28,34.810001373291016,35.81999969482422,34.310001373291016,35.209999084472656,35.209999084472656,2853800
2004-07-29,35.5,35.970001220703125,34.810001373291016,35.189998626708984,35.189998626708984,1465100
2004-07-30,35.09000015258789,36.02000045776367,35.0,35.290000915527344,35.290000915527344,1187500
2004-08-02,34.93000030517578,35.599998474121094,34.619998931884766,35.18000030517578,35.18000030517578,635500
2004-08-03,35.04999923706055,35.31999969482422,34.529998779296875,34.720001220703125,34.720001220703125,1153000
2004-08-04,34.47999954223633,35.7400016784668,34.279998779296875,35.08000183105469,35.08000183105469,1296700
2004-08-05,35.20000076293945,35.20000076293945,33.56999969482422,33.91999816894531,33.91999816894531,1558100
2004-08-06,33.41999816894531,33.790000915527344,32.380001068115234,32.720001220703125,32.720001220703125,925100
2004-08-09,32.720001220703125,33.13999938964844,32.09000015258789,32.45000076293945,32.45000076293945,888800
2004-08-10,32.59000015258789,33.43000030517578,32.33000183105469,33.16999816894531,33.16999816894531,565500
2004-08-11,31.34000015258789,32.0,30.469999313354492,31.34000015258789,31.34000015258789,1614600
2004-08-12,31.420000076293945,31.6200008392334,30.3799991607666,30.739999771118164,30.739999771118164,697700
2004-08-13,30.610000610351562,30.899999618530273,29.6200008392334,30.389999389648438,30.389999389648438,931700
2004-08-16,30.239999771118164,30.729999542236328,29.940000534057617,30.1200008392334,30.1200008392334,797200
2004-08-17,30.790000915527344,31.81999969482422,30.399999618530273,31.290000915527344,31.290000915527344,1081500
2004-08-18,31.549999237060547,32.04999923706055,31.0,31.90999984741211,31.90999984741211,961900
2004-08-19,31.989999771118164,33.560001373291016,31.549999237060547,32.90999984741211,32.90999984741211,1633900
2004-08-20,32.77000045776367,34.529998779296875,32.72999954223633,34.15999984741211,34.15999984741211,1327700
2004-08-23,34.79999923706055,34.869998931884766,33.79999923706055,34.0,34.0,1161900
2004-08-24,34.5,34.5,32.630001068115234,33.08000183105469,33.08000183105469,753500
2004-08-25,33.20000076293945,34.459999084472656,32.84000015258789,34.369998931884766,34.369998931884766,812500
2004-08-26,34.5099983215332,34.54999923706055,33.369998931884766,34.0,34.0,592500
2004-08-27,34.290000915527344,35.040000915527344,34.11000061035156,34.61000061035156,34.61000061035156,676500
2004-08-30,34.630001068115234,34.630001068115234,33.43000030517578,33.540000915527344,33.540000915527344,807800
2004-08-31,33.720001220703125,33.75,31.93000030517578,32.790000915527344,32.790000915527344,1251900
2004-09-01,32.70000076293945,33.939998626708984,32.2400016784668,33.349998474121094,33.349998474121094,921700
2004-09-02,33.45000076293945,33.45000076293945,31.809999465942383,32.75,32.75,1822000
2004-09-03,31.799999237060547,32.5,31.139999389648438,31.639999389648438,31.639999389648438,1003200
2004-09-07,31.65999984741211,31.81999969482422,30.59000015258789,31.0,31.0,867800
2004-09-08,30.899999618530273,31.389999389648438,29.020000457763672,29.34000015258789,29.34000015258789,2506300
2004-09-09,30.34000015258789,32.150001525878906,30.18000030517578,31.860000610351562,31.860000610351562,2629700
2004-09-10,31.920000076293945,34.59000015258789,31.690000534057617,34.27000045776367,34.27000045776367,1996000
2004-09-13,34.619998931884766,36.439998626708984,34.31999969482422,35.29999923706055,35.29999923706055,2147900
2004-09-14,35.130001068115234,35.790000915527344,34.40999984741211,35.130001068115234,35.130001068115234,881200
2004-09-15,34.38999938964844,35.349998474121094,34.0,34.16999816894531,34.16999816894531,1874100
2004-09-16,34.060001373291016,35.06999969482422,33.9900016784668,34.06999969482422,34.06999969482422,945900
2004-09-17,34.02000045776367,35.43000030517578,33.900001525878906,34.7599983215332,34.7599983215332,1886500
2004-09-20,34.5099983215332,38.099998474121094,34.13999938964844,37.209999084472656,37.209999084472656,2325000
2004-09-21,37.20000076293945,37.939998626708984,36.45000076293945,36.93000030517578,36.93000030517578,2070500
2004-09-22,36.810001373291016,36.9900016784668,35.59000015258789,35.61000061035156,35.61000061035156,1080600
2004-09-23,35.599998474121094,36.380001068115234,35.31999969482422,35.84000015258789,35.84000015258789,1045700
2004-09-24,35.849998474121094,36.650001525878906,35.029998779296875,35.52000045776367,35.52000045776367,1994800
2004-09-27,34.939998626708984,35.66999816894531,34.779998779296875,34.97999954223633,34.97999954223633,1246100
2004-09-28,34.95000076293945,35.119998931884766,33.290000915527344,34.470001220703125,34.470001220703125,1469900
2004-09-29,32.86000061035156,34.470001220703125,32.720001220703125,33.310001373291016,33.310001373291016,3305500
2004-09-30,32.880001068115234,33.75,32.439998626708984,33.09000015258789,33.09000015258789,1610700
2004-10-01,33.5099983215332,35.77000045776367,33.29999923706055,35.630001068115234,35.630001068115234,2563700
2004-10-04,35.93000030517578,37.5,35.810001373291016,36.630001068115234,36.630001068115234,1844400
2004-10-05,36.630001068115234,36.7400016784668,35.2599983215332,36.13999938964844,36.13999938964844,1053100
2004-10-06,36.09000015258789,36.15999984741211,34.630001068115234,36.11000061035156,36.11000061035156,1178800
2004-10-07,35.900001525878906,36.849998474121094,35.2400016784668,35.40999984741211,35.40999984741211,745800
2004-10-08,34.709999084472656,35.2599983215332,33.5099983215332,33.81999969482422,33.81999969482422,1186800
2004-10-11,33.84000015258789,34.13999938964844,33.029998779296875,33.83000183105469,33.83000183105469,867200
2004-10-12,33.04999923706055,33.290000915527344,32.2599983215332,33.060001373291016,33.060001373291016,1158400
2004-10-13,34.31999969482422,34.88999938964844,33.849998474121094,34.290000915527344,34.290000915527344,1567400
2004-10-14,34.22999954223633,34.45000076293945,32.209999084472656,32.459999084472656,32.459999084472656,1893700
2004-10-15,32.459999084472656,32.540000915527344,30.860000610351562,32.13999938964844,32.13999938964844,2450600
2004-10-18,32.34000015258789,33.5,31.969999313354492,33.47999954223633,33.47999954223633,1525000
2004-10-19,33.59000015258789,34.45000076293945,33.16999816894531,33.880001068115234,33.880001068115234,1714600
2004-10-20,33.54999923706055,35.0,33.5099983215332,34.61000061035156,34.61000061035156,1550300
2004-10-21,34.939998626708984,36.400001525878906,34.439998626708984,36.22999954223633,36.22999954223633,1327700
2004-10-22,36.400001525878906,36.439998626708984,34.709999084472656,35.02000045776367,35.02000045776367,1756900
2004-10-25,35.0,36.029998779296875,34.33000183105469,34.439998626708984,34.439998626708984,2599900
2004-10-26,27.75,28.799999237060547,26.889999389648438,27.8799991607666,27.8799991607666,8147900
2004-10-27,27.950000762939453,28.239999771118164,27.270000457763672,28.100000381469727,28.100000381469727,1891600
2004-10-28,27.889999389648438,29.469999313354492,27.75,28.979999542236328,28.979999542236328,1770000
2004-10-29,28.81999969482422,30.200000762939453,28.81999969482422,29.969999313354492,29.969999313354492,1997800
2004-11-01,30.0,30.219999313354492,29.5,29.969999313354492,29.969999313354492,1023000
2004-11-02,29.979999542236328,31.020000457763672,29.68000030517578,30.899999618530273,30.899999618530273,1670600
2004-11-03,31.389999389648438,31.940000534057617,30.489999771118164,30.81999969482422,30.81999969482422,1705700
2004-11-04,30.549999237060547,31.0,30.06999969482422,30.610000610351562,30.610000610351562,862000
2004-11-05,30.979999542236328,31.6299991607666,30.729999542236328,31.149999618530273,31.149999618530273,828800
2004-11-08,31.450000762939453,31.5,31.06999969482422,31.440000534057617,31.440000534057617,695900
2004-11-09,31.299999237060547,31.5,30.579999923706055,30.940000534057617,30.940000534057617,712800
2004-11-10,30.950000762939453,30.950000762939453,30.09000015258789,30.309999465942383,30.309999465942383,858300
2004-11-11,30.170000076293945,31.200000762939453,30.06999969482422,30.93000030517578,30.93000030517578,1442100
2004-11-12,30.889999389648438,31.56999969482422,30.56999969482422,31.3799991607666,31.3799991607666,1133200
2004-11-15,31.309999465942383,31.690000534057617,30.889999389648438,31.0,31.0,2007700
2004-11-16,31.0,31.540000915527344,30.34000015258789,31.0,31.0,1213300
2004-11-17,31.290000915527344,32.86000061035156,31.149999618530273,31.940000534057617,31.940000534057617,1480400
2004-11-18,31.940000534057617,32.33000183105469,31.450000762939453,32.33000183105469,32.33000183105469,1331300
2004-11-19,32.27000045776367,32.540000915527344,30.520000457763672,30.81999969482422,30.81999969482422,2047900
2004-11-22,30.799999237060547,30.799999237060547,30.0,30.31999969482422,30.31999969482422,1760300
2004-11-23,30.360000610351562,30.700000762939453,29.600000381469727,30.0,30.0,1287100
2004-11-24,30.200000762939453,30.799999237060547,30.06999969482422,30.190000534057617,30.190000534057617,625900
2004-11-26,30.579999923706055,30.579999923706055,30.010000228881836,30.110000610351562,30.110000610351562,321800
2004-11-29,30.579999923706055,31.149999618530273,29.940000534057617,30.229999542236328,30.229999542236328,1556500
2004-11-30,30.479999542236328,30.600000381469727,29.719999313354492,30.139999389648438,30.139999389648438,961400
2004-12-01,30.329999923706055,32.58000183105469,30.139999389648438,32.41999816894531,32.41999816894531,1544200
2004-12-02,32.290000915527344,33.720001220703125,32.220001220703125,32.58000183105469,32.58000183105469,1413300
2004-12-03,33.20000076293945,33.68000030517578,32.119998931884766,32.650001525878906,32.650001525878906,1251500
2004-12-06,32.650001525878906,33.81999969482422,32.099998474121094,33.59000015258789,33.59000015258789,1315400
2004-12-07,33.599998474121094,34.77000045776367,33.18000030517578,33.38999938964844,33.38999938964844,1473600
2004-12-08,33.349998474121094,33.58000183105469,32.529998779296875,32.849998474121094,32.849998474121094,1114100
2004-12-09,32.0,32.279998779296875,31.260000228881836,31.90999984741211,31.90999984741211,2559100
2004-12-10,31.920000076293945,32.130001068115234,31.309999465942383,31.770000457763672,31.770000457763672,1125400
2004-12-13,32.09000015258789,32.619998931884766,31.690000534057617,32.27000045776367,32.27000045776367,893700
2004-12-14,34.209999084472656,35.75,33.95000076293945,34.88999938964844,34.88999938964844,3788000
2004-12-15,35.61000061035156,36.25,35.02000045776367,35.619998931884766,35.619998931884766,1732600
2004-12-16,35.4900016784668,35.939998626708984,34.75,34.90999984741211,34.90999984741211,1021800
2004-12-17,34.650001525878906,35.0,34.02000045776367,34.279998779296875,34.279998779296875,727700
2004-12-20,34.599998474121094,35.02000045776367,34.349998474121094,34.61000061035156,34.61000061035156,820300
2004-12-21,34.95000076293945,35.06999969482422,34.189998626708984,34.5,34.5,962300
2004-12-22,34.4900016784668,35.099998474121094,34.369998931884766,34.880001068115234,34.880001068115234,538900
2004-12-23,35.11000061035156,35.400001525878906,34.70000076293945,35.02000045776367,35.02000045776367,478600
2004-12-27,35.45000076293945,35.5,34.689998626708984,35.029998779296875,35.029998779296875,751300
2004-12-28,35.34000015258789,35.34000015258789,34.5099983215332,35.150001525878906,35.150001525878906,554100
2004-12-29,35.04999923706055,35.349998474121094,34.75,35.08000183105469,35.08000183105469,910900
2004-12-30,35.119998931884766,35.40999984741211,34.93000030517578,35.15999984741211,35.15999984741211,379400
2004-12-31,35.099998474121094,35.4900016784668,35.08000183105469,35.310001373291016,35.310001373291016,419100
2005-01-03,35.540000915527344,35.779998779296875,34.25,34.290000915527344,34.290000915527344,908700
2005-01-04,34.40999984741211,34.41999816894531,33.060001373291016,33.2599983215332,33.2599983215332,1827900
2005-01-05,33.0,33.56999969482422,32.060001373291016,32.2599983215332,32.2599983215332,1556500
2005-01-06,32.56999969482422,32.75,32.029998779296875,32.13999938964844,32.13999938964844,1019900
2005-01-07,32.40999984741211,32.52000045776367,31.559999465942383,31.700000762939453,31.700000762939453,1158400
2005-01-10,31.780000686645508,31.979999542236328,31.190000534057617,31.200000762939453,31.200000762939453,872100
2005-01-11,31.06999969482422,31.290000915527344,30.450000762939453,30.899999618530273,30.899999618530273,901700
2005-01-12,31.350000381469727,31.5,30.25,31.079999923706055,31.079999923706055,642600
2005-01-13,31.100000381469727,31.6200008392334,30.59000015258789,30.989999771118164,30.989999771118164,1049700
2005-01-14,31.09000015258789,31.09000015258789,30.149999618530273,30.469999313354492,30.469999313354492,1552400
2005-01-18,30.389999389648438,31.489999771118164,30.200000762939453,31.079999923706055,31.079999923706055,1279100
2005-01-19,31.149999618530273,31.31999969482422,29.770000457763672,29.790000915527344,29.790000915527344,1055200
2005-01-20,29.299999237060547,29.790000915527344,28.440000534057617,28.579999923706055,28.579999923706055,2491500
2005-01-21,28.950000762939453,28.950000762939453,28.25,28.260000228881836,28.260000228881836,3415300
2005-01-24,28.510000228881836,29.18000030517578,26.8799991607666,27.229999542236328,27.229999542236328,5084300
2005-01-25,32.20000076293945,32.459999084472656,30.700000762939453,31.190000534057617,31.190000534057617,8517500
2005-01-26,31.360000610351562,33.400001525878906,31.280000686645508,33.119998931884766,33.119998931884766,2841000
2005-01-27,33.040000915527344,33.5,32.689998626708984,33.310001373291016,33.310001373291016,1293900
2005-01-28,33.52000045776367,33.52000045776367,32.599998474121094,33.130001068115234,33.130001068115234,1108200
2005-01-31,33.52000045776367,34.47999954223633,33.41999816894531,34.099998474121094,34.099998474121094,1608100
2005-02-01,34.11000061035156,34.40999984741211,33.77000045776367,33.95000076293945,33.95000076293945,875400
2005-02-02,34.15999984741211,34.29999923706055,33.58000183105469,33.869998931884766,33.869998931884766,999200
2005-02-03,33.849998474121094,33.900001525878906,32.849998474121094,33.29999923706055,33.29999923706055,1054700
2005-02-04,33.5099983215332,35.27000045776367,33.290000915527344,35.150001525878906,35.150001525878906,1304800
2005-02-07,35.16999816894531,35.630001068115234,34.630001068115234,34.939998626708984,34.939998626708984,1070500
2005-02-08,35.04999923706055,36.15999984741211,34.900001525878906,35.5,35.5,1531100
2005-02-09,35.349998474121094,35.349998474121094,34.400001525878906,34.560001373291016,34.560001373291016,1255500
2005-02-10,34.58000183105469,34.900001525878906,34.15999984741211,34.369998931884766,34.369998931884766,998400
2005-02-11,34.189998626708984,36.599998474121094,34.099998474121094,36.25,36.25,2066800
2005-02-14,35.900001525878906,36.04999923706055,35.119998931884766,35.5,35.5,1256900
2005-02-15,35.40999984741211,36.58000183105469,35.40999984741211,35.709999084472656,35.709999084472656,1388800
2005-02-16,35.52000045776367,35.59000015258789,34.52000045776367,35.040000915527344,35.040000915527344,1545700
2005-02-17,34.939998626708984,35.20000076293945,34.25,34.2599983215332,34.2599983215332,1035400
2005-02-18,34.279998779296875,35.47999954223633,34.22999954223633,34.7599983215332,34.7599983215332,953200
2005-02-22,34.439998626708984,36.25,34.22999954223633,34.59000015258789,34.59000015258789,1462800
2005-02-23,34.52000045776367,34.93000030517578,33.810001373291016,34.11000061035156,34.11000061035156,838200
2005-02-24,34.189998626708984,35.099998474121094,33.66999816894531,35.0,35.0,1042800
2005-02-25,35.20000076293945,36.209999084472656,34.91999816894531,36.20000076293945,36.20000076293945,1296500
2005-02-28,35.81999969482422,36.400001525878906,34.66999816894531,35.099998474121094,35.099998474121094,1077100
2005-03-01,35.2599983215332,35.95000076293945,34.75,35.310001373291016,35.310001373291016,1130200
2005-03-02,34.81999969482422,35.66999816894531,34.529998779296875,35.33000183105469,35.33000183105469,941700
2005-03-03,35.400001525878906,35.47999954223633,34.38999938964844,34.83000183105469,34.83000183105469,976500
2005-03-04,35.18000030517578,35.599998474121094,34.290000915527344,34.88999938964844,34.88999938964844,1302400
2005-03-07,34.88999938964844,36.33000183105469,34.790000915527344,35.060001373291016,35.060001373291016,2373200
2005-03-08,34.88999938964844,35.93000030517578,33.70000076293945,34.029998779296875,34.029998779296875,2785500
2005-03-09,34.130001068115234,34.150001525878906,32.27000045776367,32.40999984741211,32.40999984741211,2295400
2005-03-10,32.400001525878906,32.790000915527344,31.219999313354492,32.4900016784668,32.4900016784668,1765300
2005-03-11,32.41999816894531,32.95000076293945,31.56999969482422,31.790000915527344,31.790000915527344,1398000
2005-03-14,31.75,32.08000183105469,31.3799991607666,31.459999084472656,31.459999084472656,842300
2005-03-15,31.600000381469727,31.75,30.860000610351562,31.049999237060547,31.049999237060547,878900
2005-03-16,30.75,31.3799991607666,30.709999084472656,30.81999969482422,30.81999969482422,1205100
2005-03-17,30.829999923706055,31.1299991607666,30.229999542236328,30.450000762939453,30.450000762939453,1262000
2005-03-18,30.43000030517578,30.59000015258789,29.280000686645508,29.389999389648438,29.389999389648438,1349300
2005-03-21,29.6299991607666,30.079999923706055,29.299999237060547,29.360000610351562,29.360000610351562,1237900
2005-03-22,29.399999618530273,30.100000381469727,29.0,29.020000457763672,29.020000457763672,1089700
2005-03-23,28.8700008392334,30.68000030517578,28.860000610351562,30.530000686645508,30.530000686645508,1762600
2005-03-24,30.829999923706055,30.829999923706055,29.899999618530273,29.899999618530273,29.899999618530273,989200
2005-03-28,29.889999389648438,30.510000228881836,29.8700008392334,30.0,30.0,748900
2005-03-29,29.850000381469727,30.149999618530273,28.75,29.0,29.0,1045700
2005-03-30,29.139999389648438,29.93000030517578,29.1200008392334,29.729999542236328,29.729999542236328,856400
2005-03-31,29.6299991607666,29.979999542236328,29.440000534057617,29.709999084472656,29.709999084472656,887600
2005-04-01,29.84000015258789,30.200000762939453,29.600000381469727,29.850000381469727,29.850000381469727,1490100
2005-04-04,29.940000534057617,30.1299991607666,29.420000076293945,29.93000030517578,29.93000030517578,1070900
2005-04-05,29.959999084472656,29.959999084472656,28.8799991607666,29.059999465942383,29.059999465942383,966000
2005-04-06,29.360000610351562,29.360000610351562,28.549999237060547,28.56999969482422,28.56999969482422,976800
2005-04-07,28.549999237060547,29.0,28.420000076293945,28.950000762939453,28.950000762939453,1063800
2005-04-08,28.899999618530273,29.360000610351562,28.809999465942383,28.809999465942383,28.809999465942383,761700
2005-04-11,28.739999771118164,29.149999618530273,28.15999984741211,28.350000381469727,28.350000381469727,742700
2005-04-12,28.469999313354492,28.75,28.09000015258789,28.670000076293945,28.670000076293945,1003200
2005-04-13,28.639999389648438,28.639999389648438,27.799999237060547,27.920000076293945,27.920000076293945,976400
2005-04-14,27.8799991607666,27.950000762939453,27.040000915527344,27.149999618530273,27.149999618530273,963400
2005-04-15,26.790000915527344,27.559999465942383,26.709999084472656,27.34000015258789,27.34000015258789,1913000
2005-04-18,27.549999237060547,28.329999923706055,27.34000015258789,28.059999465942383,28.059999465942383,1393200
2005-04-19,28.790000915527344,29.950000762939453,28.639999389648438,29.920000076293945,29.920000076293945,1893800
2005-04-20,30.15999984741211,30.540000915527344,30.049999237060547,30.219999313354492,30.219999313354492,2237400
2005-04-21,30.799999237060547,31.420000076293945,30.649999618530273,31.229999542236328,31.229999542236328,2261200
2005-04-22,31.190000534057617,31.270000457763672,29.989999771118164,30.510000228881836,30.510000228881836,1464000
2005-04-25,30.75,31.020000457763672,30.100000381469727,30.799999237060547,30.799999237060547,2138200
2005-04-26,26.940000534057617,27.209999084472656,25.520000457763672,25.899999618530273,25.899999618530273,10050900
2005-04-27,25.75,25.760000228881836,24.93000030517578,25.3700008392334,25.3700008392334,2318300
2005-04-28,25.170000076293945,25.950000762939453,25.0,25.190000534057617,25.190000534057617,1517700
2005-04-29,25.3799991607666,25.709999084472656,24.889999389648438,25.399999618530273,25.399999618530273,1670300
2005-05-02,25.360000610351562,25.610000610351562,24.6200008392334,25.06999969482422,25.06999969482422,1439900
2005-05-03,25.049999237060547,25.489999771118164,24.770000457763672,25.010000228881836,25.010000228881836,1069700
2005-05-04,25.020000457763672,25.399999618530273,24.889999389648438,25.239999771118164,25.239999771118164,1387200
2005-05-05,25.1200008392334,25.489999771118164,24.8799991607666,25.030000686645508,25.030000686645508,947700
2005-05-06,25.219999313354492,25.25,24.90999984741211,25.100000381469727,25.100000381469727,685200
2005-05-09,25.0,25.260000228881836,24.790000915527344,25.1299991607666,25.1299991607666,496200
2005-05-10,25.0,25.25,24.850000381469727,25.059999465942383,25.059999465942383,684200
2005-05-11,25.079999923706055,25.209999084472656,24.75,24.8799991607666,24.8799991607666,605400
2005-05-12,24.81999969482422,25.670000076293945,24.81999969482422,25.489999771118164,25.489999771118164,745300
2005-05-13,25.5,26.399999618530273,25.5,25.950000762939453,25.950000762939453,929600
2005-05-16,26.079999923706055,26.170000076293945,25.799999237060547,26.110000610351562,26.110000610351562,740200
2005-05-17,26.020000457763672,26.15999984741211,25.600000381469727,25.979999542236328,25.979999542236328,537300
2005-05-18,26.020000457763672,26.989999771118164,26.020000457763672,26.90999984741211,26.90999984741211,650600
2005-05-19,26.920000076293945,27.610000610351562,26.899999618530273,27.170000076293945,27.170000076293945,672300
2005-05-20,27.110000610351562,27.399999618530273,26.81999969482422,27.329999923706055,27.329999923706055,329900
2005-05-23,27.389999389648438,27.6299991607666,27.0,27.270000457763672,27.270000457763672,636300
2005-05-24,27.209999084472656,27.540000915527344,26.75,27.3700008392334,27.3700008392334,451900
2005-05-25,27.34000015258789,27.670000076293945,26.799999237060547,27.610000610351562,27.610000610351562,515300
2005-05-26,27.75,28.65999984741211,27.610000610351562,28.3799991607666,28.3799991607666,644600
2005-05-27,28.3799991607666,28.469999313354492,27.90999984741211,27.989999771118164,27.989999771118164,300200
2005-05-31,27.989999771118164,28.290000915527344,27.729999542236328,27.729999542236328,27.729999542236328,388900
2005-06-01,27.56999969482422,28.389999389648438,27.510000228881836,27.8700008392334,27.8700008392334,357000
2005-06-02,27.719999313354492,28.049999237060547,27.43000030517578,27.950000762939453,27.950000762939453,661600
2005-06-03,28.1299991607666,28.1299991607666,27.469999313354492,27.489999771118164,27.489999771118164,724900
2005-06-06,27.440000534057617,27.729999542236328,27.25,27.360000610351562,27.360000610351562,475400
2005-06-07,27.5,28.559999465942383,27.309999465942383,28.010000228881836,28.010000228881836,723200
2005-06-08,28.5,28.75,28.270000457763672,28.5,28.5,618000
2005-06-09,28.579999923706055,28.579999923706055,28.100000381469727,28.200000762939453,28.200000762939453,794400
2005-06-10,28.139999389648438,28.299999237060547,27.65999984741211,27.799999237060547,27.799999237060547,668600
2005-06-13,27.65999984741211,28.8799991607666,27.649999618530273,28.520000457763672,28.520000457763672,694100
2005-06-14,28.3799991607666,28.739999771118164,28.3799991607666,28.540000915527344,28.540000915527344,702500
2005-06-15,28.59000015258789,28.940000534057617,27.959999084472656,28.280000686645508,28.280000686645508,859000
2005-06-16,28.450000762939453,28.93000030517578,28.18000030517578,28.65999984741211,28.65999984741211,614300
2005-06-17,28.700000762939453,28.8799991607666,28.290000915527344,28.530000686645508,28.530000686645508,505700
2005-06-20,28.350000381469727,28.469999313354492,28.0,28.06999969482422,28.06999969482422,787500
2005-06-21,28.209999084472656,28.290000915527344,27.90999984741211,28.020000457763672,28.020000457763672,650800
2005-06-22,28.100000381469727,28.149999618530273,27.739999771118164,27.969999313354492,27.969999313354492,555000
2005-06-23,28.030000686645508,28.479999542236328,27.65999984741211,27.700000762939453,27.700000762939453,800400
2005-06-24,27.559999465942383,27.799999237060547,26.760000228881836,27.110000610351562,27.110000610351562,2341400
2005-06-27,27.110000610351562,27.149999618530273,26.3700008392334,26.459999084472656,26.459999084472656,495900
2005-06-28,26.43000030517578,26.90999984741211,26.389999389648438,26.760000228881836,26.760000228881836,392700
2005-06-29,26.760000228881836,26.940000534057617,26.3799991607666,26.440000534057617,26.440000534057617,706500
2005-06-30,26.40999984741211,26.719999313354492,26.190000534057617,26.209999084472656,26.209999084472656,1017700
2005-07-01,26.489999771118164,26.489999771118164,25.809999465942383,25.8700008392334,25.8700008392334,809500
2005-07-05,25.8700008392334,26.549999237060547,25.65999984741211,26.059999465942383,26.059999465942383,1033500
2005-07-06,26.059999465942383,26.520000457763672,25.959999084472656,26.1200008392334,26.1200008392334,1759000
2005-07-07,25.809999465942383,26.270000457763672,25.459999084472656,25.75,25.75,1618100
2005-07-08,25.75,26.65999984741211,25.75,26.649999618530273,26.649999618530273,3029800
2005-07-11,26.829999923706055,27.219999313354492,26.639999389648438,27.09000015258789,27.09000015258789,1334900
2005-07-12,27.149999618530273,28.079999923706055,26.790000915527344,27.93000030517578,27.93000030517578,1441400
2005-07-13,28.010000228881836,28.3700008392334,27.329999923706055,27.6200008392334,27.6200008392334,1105000
2005-07-14,28.040000915527344,28.899999618530273,27.690000534057617,27.889999389648438,27.889999389648438,1599800
2005-07-15,27.760000228881836,28.100000381469727,27.270000457763672,28.0,28.0,892600
2005-07-18,27.920000076293945,27.920000076293945,26.799999237060547,27.1299991607666,27.1299991607666,2124700
2005-07-19,27.270000457763672,27.43000030517578,27.020000457763672,27.350000381469727,27.350000381469727,1619200
2005-07-20,26.8700008392334,27.270000457763672,26.540000915527344,26.700000762939453,26.700000762939453,2174700
2005-07-21,26.8700008392334,27.399999618530273,26.469999313354492,26.899999618530273,26.899999618530273,1604600
2005-07-22,25.969999313354492,27.649999618530273,25.520000457763672,27.600000381469727,27.600000381469727,4004000
2005-07-25,29.06999969482422,30.1200008392334,28.8700008392334,29.489999771118164,29.489999771118164,3618200
2005-07-26,29.559999465942383,29.989999771118164,29.31999969482422,29.559999465942383,29.559999465942383,1544000
2005-07-27,29.790000915527344,29.790000915527344,28.8700008392334,29.68000030517578,29.68000030517578,1286900
2005-07-28,29.75,29.75,29.0,29.329999923706055,29.329999923706055,764700
2005-07-29,29.1299991607666,29.479999542236328,28.959999084472656,29.270000457763672,29.270000457763672,729200
2005-08-01,29.190000534057617,29.489999771118164,28.950000762939453,28.989999771118164,28.989999771118164,725400
2005-08-02,29.0,29.559999465942383,28.920000076293945,29.520000457763672,29.520000457763672,673400
2005-08-03,29.399999618530273,29.549999237060547,29.020000457763672,29.200000762939453,29.200000762939453,819100
2005-08-04,29.0,29.139999389648438,28.5,28.790000915527344,28.790000915527344,978300
2005-08-05,28.68000030517578,28.739999771118164,28.15999984741211,28.690000534057617,28.690000534057617,575800
2005-08-08,28.579999923706055,29.049999237060547,28.520000457763672,28.59000015258789,28.59000015258789,706000
2005-08-09,28.68000030517578,29.170000076293945,28.579999923706055,28.739999771118164,28.739999771118164,406300
2005-08-10,28.989999771118164,28.989999771118164,28.149999618530273,28.290000915527344,28.290000915527344,654700
2005-08-11,28.200000762939453,29.010000228881836,28.139999389648438,28.940000534057617,28.940000534057617,619300
2005-08-12,28.860000610351562,28.860000610351562,28.139999389648438,28.40999984741211,28.40999984741211,676400
2005-08-15,29.56999969482422,31.360000610351562,29.149999618530273,31.15999984741211,31.15999984741211,2663500
2005-08-16,30.899999618530273,31.100000381469727,30.3799991607666,30.600000381469727,30.600000381469727,1274400
2005-08-17,30.43000030517578,31.049999237060547,30.43000030517578,30.65999984741211,30.65999984741211,722300
2005-08-18,30.600000381469727,30.8700008392334,30.299999237060547,30.510000228881836,30.510000228881836,1043700
2005-08-19,30.5,30.799999237060547,30.43000030517578,30.6299991607666,30.6299991607666,881300
2005-08-22,30.75,32.38999938964844,30.75,31.950000762939453,31.950000762939453,1801000
2005-08-23,31.850000381469727,32.25,31.229999542236328,31.25,31.25,1018700
2005-08-24,31.059999465942383,31.420000076293945,30.600000381469727,31.100000381469727,31.100000381469727,1412200
2005-08-25,31.100000381469727,31.299999237060547,30.690000534057617,30.860000610351562,30.860000610351562,585900
2005-08-26,30.889999389648438,31.0,30.5,30.59000015258789,30.59000015258789,565400
2005-08-29,30.350000381469727,31.25,30.110000610351562,31.18000030517578,31.18000030517578,608400
2005-08-30,31.030000686645508,31.3700008392334,30.520000457763672,30.6200008392334,30.6200008392334,678900
2005-08-31,30.6200008392334,31.31999969482422,30.6200008392334,31.030000686645508,31.030000686645508,674800
2005-09-01,30.959999084472656,31.329999923706055,30.719999313354492,31.0,31.0,620000
2005-09-02,30.90999984741211,31.31999969482422,30.90999984741211,31.030000686645508,31.030000686645508,702900
2005-09-06,31.040000915527344,31.719999313354492,31.040000915527344,31.579999923706055,31.579999923706055,443300
2005-09-07,31.5,31.950000762939453,31.149999618530273,31.8700008392334,31.8700008392334,557500
2005-09-08,31.850000381469727,33.099998474121094,31.81999969482422,32.560001373291016,32.560001373291016,869900
2005-09-09,32.7599983215332,33.97999954223633,32.11000061035156,32.5099983215332,32.5099983215332,1422700
2005-09-12,32.41999816894531,32.7599983215332,32.310001373291016,32.36000061035156,32.36000061035156,652200
2005-09-13,32.52000045776367,33.04999923706055,32.04999923706055,32.81999969482422,32.81999969482422,1388500
2005-09-14,32.65999984741211,33.20000076293945,32.099998474121094,32.27000045776367,32.27000045776367,714400
2005-09-15,32.25,32.56999969482422,31.450000762939453,31.469999313354492,31.469999313354492,597700
2005-09-16,31.709999084472656,32.22999954223633,31.0,31.989999771118164,31.989999771118164,953200
2005-09-19,32.11000061035156,32.36000061035156,31.040000915527344,31.209999084472656,31.209999084472656,426800
2005-09-20,31.170000076293945,31.75,31.110000610351562,31.149999618530273,31.149999618530273,486200
2005-09-21,31.09000015258789,31.270000457763672,30.809999465942383,31.0,31.0,849000
2005-09-22,30.899999618530273,31.329999923706055,30.149999618530273,30.469999313354492,30.469999313354492,627000
2005-09-23,30.639999389648438,31.59000015258789,30.290000915527344,31.510000228881836,31.510000228881836,486600
2005-09-26,31.559999465942383,31.8799991607666,30.3799991607666,30.440000534057617,30.440000534057617,511700
2005-09-27,30.520000457763672,30.520000457763672,29.530000686645508,29.809999465942383,29.809999465942383,793800
2005-09-28,29.780000686645508,30.260000228881836,29.549999237060547,29.649999618530273,29.649999618530273,569000
2005-09-29,29.579999923706055,31.149999618530273,29.510000228881836,30.709999084472656,30.709999084472656,684600
2005-09-30,30.450000762939453,30.489999771118164,29.850000381469727,30.389999389648438,30.389999389648438,918300
2005-10-03,30.75,32.029998779296875,30.75,30.899999618530273,30.899999618530273,1306900
2005-10-04,30.829999923706055,31.1299991607666,30.440000534057617,30.709999084472656,30.709999084472656,904900
2005-10-05,30.559999465942383,30.81999969482422,29.600000381469727,29.899999618530273,29.899999618530273,873200
2005-10-06,30.1200008392334,30.170000076293945,28.510000228881836,29.0,29.0,1209200
2005-10-07,29.270000457763672,29.56999969482422,28.68000030517578,28.90999984741211,28.90999984741211,601500
2005-10-10,28.969999313354492,28.969999313354492,27.8700008392334,28.309999465942383,28.309999465942383,1056500
2005-10-11,28.209999084472656,28.479999542236328,26.920000076293945,27.200000762939453,27.200000762939453,2162800
2005-10-12,27.010000228881836,27.34000015258789,26.510000228881836,27.149999618530273,27.149999618530273,2086200
2005-10-13,27.149999618530273,28.610000610351562,27.110000610351562,28.420000076293945,28.420000076293945,1302000
2005-10-14,28.350000381469727,28.649999618530273,27.170000076293945,27.540000915527344,27.540000915527344,1318900
2005-10-17,27.479999542236328,27.600000381469727,27.1200008392334,27.399999618530273,27.399999618530273,971600
2005-10-18,27.299999237060547,27.549999237060547,26.860000610351562,27.299999237060547,27.299999237060547,1008200
2005-10-19,27.010000228881836,27.209999084472656,26.610000610351562,27.0,27.0,1326300
2005-10-20,26.770000457763672,27.950000762939453,26.770000457763672,27.670000076293945,27.670000076293945,1943800
2005-10-21,27.719999313354492,27.950000762939453,26.559999465942383,26.68000030517578,26.68000030517578,1515700
2005-10-24,31.200000762939453,33.41999816894531,30.479999542236328,32.31999969482422,32.31999969482422,8538000
2005-10-25,32.18000030517578,32.29999923706055,31.0,31.450000762939453,31.450000762939453,1768900
2005-10-26,31.399999618530273,32.900001525878906,31.290000915527344,32.369998931884766,32.369998931884766,2105400
2005-10-27,31.790000915527344,32.11000061035156,31.040000915527344,31.15999984741211,31.15999984741211,942900
2005-10-28,31.170000076293945,31.520000457763672,30.149999618530273,31.43000030517578,31.43000030517578,985700
2005-10-31,31.34000015258789,32.7400016784668,31.34000015258789,32.16999816894531,32.16999816894531,1672900
2005-11-01,32.0,32.16999816894531,31.260000228881836,31.90999984741211,31.90999984741211,778100
2005-11-02,31.8700008392334,33.25,31.8700008392334,32.9900016784668,32.9900016784668,1240800
2005-11-03,32.95000076293945,33.97999954223633,32.95000076293945,33.66999816894531,33.66999816894531,1068800
2005-11-04,33.630001068115234,33.869998931884766,33.119998931884766,33.540000915527344,33.540000915527344,712300
2005-11-07,33.47999954223633,34.79999923706055,33.47999954223633,34.599998474121094,34.599998474121094,1380200
2005-11-08,34.54999923706055,35.4900016784668,34.529998779296875,34.869998931884766,34.869998931884766,1762000
2005-11-09,35.0,35.5,34.7400016784668,35.040000915527344,35.040000915527344,987800
2005-11-10,35.099998474121094,35.66999816894531,34.77000045776367,35.45000076293945,35.45000076293945,1132700
2005-11-11,35.45000076293945,36.0,35.2400016784668,35.779998779296875,35.779998779296875,793200
2005-11-14,35.779998779296875,36.439998626708984,35.689998626708984,36.310001373291016,36.310001373291016,896800
2005-11-15,36.34000015258789,37.95000076293945,36.18000030517578,37.189998626708984,37.189998626708984,1793400
2005-11-16,37.18000030517578,37.810001373291016,36.060001373291016,36.40999984741211,36.40999984741211,976100
2005-11-17,36.439998626708984,37.84000015258789,36.290000915527344,37.63999938964844,37.63999938964844,1106400
2005-11-18,37.650001525878906,38.29999923706055,37.119998931884766,37.650001525878906,37.650001525878906,985200
2005-11-21,37.689998626708984,38.189998626708984,37.029998779296875,38.06999969482422,38.06999969482422,694800
2005-11-22,37.97999954223633,39.380001068115234,37.79999923706055,38.7599983215332,38.7599983215332,1331000
2005-11-23,38.72999954223633,39.290000915527344,38.20000076293945,38.59000015258789,38.59000015258789,895700
2005-11-25,38.529998779296875,38.790000915527344,38.130001068115234,38.77000045776367,38.77000045776367,206700
2005-11-28,38.79999923706055,38.79999923706055,37.43000030517578,37.779998779296875,37.779998779296875,718100
2005-11-29,37.939998626708984,38.189998626708984,37.43000030517578,37.58000183105469,37.58000183105469,588300
2005-11-30,38.400001525878906,39.599998474121094,38.29999923706055,38.849998474121094,38.849998474121094,1407000
2005-12-01,38.900001525878906,41.86000061035156,38.900001525878906,41.0,41.0,2058600
2005-12-02,41.150001525878906,41.2400016784668,40.54999923706055,41.02000045776367,41.02000045776367,740500
2005-12-05,41.09000015258789,41.400001525878906,40.13999938964844,40.59000015258789,40.59000015258789,541500
2005-12-06,39.2400016784668,40.650001525878906,39.060001373291016,39.79999923706055,39.79999923706055,1181800
2005-12-07,39.79999923706055,40.130001068115234,39.029998779296875,39.75,39.75,663900
2005-12-08,39.540000915527344,40.849998474121094,38.18000030517578,39.099998474121094,39.099998474121094,1184400
2005-12-09,39.16999816894531,39.70000076293945,38.68000030517578,39.15999984741211,39.15999984741211,569300
2005-12-12,39.41999816894531,39.529998779296875,38.880001068115234,39.38999938964844,39.38999938964844,554800
2005-12-13,39.279998779296875,39.400001525878906,38.70000076293945,38.77000045776367,38.77000045776367,648800
2005-12-14,38.61000061035156,39.189998626708984,38.22999954223633,38.83000183105469,38.83000183105469,603700
2005-12-15,38.75,39.04999923706055,37.2599983215332,37.66999816894531,37.66999816894531,1035000
2005-12-16,37.7599983215332,38.72999954223633,36.93000030517578,38.43000030517578,38.43000030517578,1178300
2005-12-19,38.439998626708984,38.439998626708984,36.70000076293945,36.810001373291016,36.810001373291016,1272200
2005-12-20,36.689998626708984,37.70000076293945,35.72999954223633,36.779998779296875,36.779998779296875,741300
2005-12-21,36.66999816894531,37.7400016784668,36.61000061035156,37.52000045776367,37.52000045776367,723800
2005-12-22,37.47999954223633,37.97999954223633,37.31999969482422,37.970001220703125,37.970001220703125,333300
2005-12-23,38.0,38.47999954223633,37.9900016784668,38.27000045776367,38.27000045776367,305200
2005-12-27,38.27000045776367,38.75,37.0,37.349998474121094,37.349998474121094,695700
2005-12-28,37.22999954223633,37.4900016784668,36.72999954223633,37.36000061035156,37.36000061035156,802800
2005-12-29,37.45000076293945,38.029998779296875,37.27000045776367,37.45000076293945,37.45000076293945,504100
2005-12-30,37.400001525878906,37.41999816894531,36.33000183105469,36.65999984741211,36.65999984741211,438300
2006-01-03,36.79999923706055,38.290000915527344,36.20000076293945,38.029998779296875,38.029998779296875,1473100
2006-01-04,38.27000045776367,38.900001525878906,37.31999969482422,37.959999084472656,37.959999084472656,869300
2006-01-05,38.060001373291016,39.77000045776367,37.86000061035156,39.56999969482422,39.56999969482422,919300
2006-01-06,39.56999969482422,40.5,39.02000045776367,40.34000015258789,40.34000015258789,796400
2006-01-09,39.79999923706055,40.84000015258789,39.650001525878906,40.040000915527344,40.040000915527344,723300
2006-01-10,39.70000076293945,41.380001068115234,39.599998474121094,41.18000030517578,41.18000030517578,1102600
2006-01-11,41.16999816894531,42.540000915527344,40.63999938964844,42.18000030517578,42.18000030517578,1245000
2006-01-12,42.099998474121094,42.29999923706055,40.7400016784668,41.16999816894531,41.16999816894531,1043400
2006-01-13,41.279998779296875,41.54999923706055,40.349998474121094,40.97999954223633,40.97999954223633,701000
2006-01-17,40.70000076293945,40.70000076293945,39.43000030517578,40.22999954223633,40.22999954223633,744300
2006-01-18,40.0,41.310001373291016,39.56999969482422,40.400001525878906,40.400001525878906,1324800
2006-01-19,40.65999984741211,42.689998626708984,40.65999984741211,42.08000183105469,42.08000183105469,1043400
2006-01-20,41.849998474121094,42.02000045776367,39.7599983215332,39.91999816894531,39.91999816894531,878900
2006-01-23,40.20000076293945,40.439998626708984,39.43000030517578,40.04999923706055,40.04999923706055,886100
2006-01-24,42.380001068115234,42.9900016784668,41.290000915527344,41.540000915527344,41.540000915527344,2191900
2006-01-25,48.27000045776367,51.029998779296875,48.13999938964844,49.040000915527344,49.040000915527344,10099400
2006-01-26,49.029998779296875,51.75,48.70000076293945,51.33000183105469,51.33000183105469,3292800
2006-01-27,51.119998931884766,52.77000045776367,51.0099983215332,52.20000076293945,52.20000076293945,2098000
2006-01-30,51.970001220703125,52.0,50.810001373291016,50.9900016784668,50.9900016784668,1336200
2006-01-31,50.40999984741211,50.880001068115234,48.790000915527344,49.22999954223633,49.22999954223633,1283100
2006-02-01,49.0,50.08000183105469,48.290000915527344,48.97999954223633,48.97999954223633,1214000
2006-02-02,48.939998626708984,50.33000183105469,47.279998779296875,47.790000915527344,47.790000915527344,1545500
2006-02-03,47.459999084472656,49.79999923706055,47.099998474121094,49.400001525878906,49.400001525878906,1870800
2006-02-06,49.619998931884766,50.0,47.630001068115234,48.310001373291016,48.310001373291016,1214600
2006-02-07,48.59000015258789,49.029998779296875,47.97999954223633,48.84000015258789,48.84000015258789,1339600
2006-02-08,48.970001220703125,49.18000030517578,47.81999969482422,48.36000061035156,48.36000061035156,849900
2006-02-09,48.31999969482422,50.400001525878906,48.31999969482422,48.369998931884766,48.369998931884766,1040200
2006-02-10,48.439998626708984,48.560001373291016,45.93000030517578,46.79999923706055,46.79999923706055,1668900
2006-02-13,46.81999969482422,46.81999969482422,44.689998626708984,44.91999816894531,44.91999816894531,1350800
2006-02-14,44.9900016784668,46.13999938964844,44.9900016784668,45.63999938964844,45.63999938964844,1456600
2006-02-15,45.54999923706055,47.34000015258789,45.54999923706055,47.209999084472656,47.209999084472656,1261100
2006-02-16,47.470001220703125,48.36000061035156,47.310001373291016,48.220001220703125,48.220001220703125,864300
2006-02-17,47.91999816894531,48.22999954223633,46.66999816894531,46.970001220703125,46.970001220703125,619700
2006-02-21,47.31999969482422,47.31999969482422,45.349998474121094,45.5,45.5,737100
2006-02-22,45.95000076293945,46.84000015258789,44.25,46.40999984741211,46.40999984741211,1142700
2006-02-23,46.220001220703125,47.349998474121094,45.79999923706055,46.349998474121094,46.349998474121094,982000
2006-02-24,46.349998474121094,47.86000061035156,46.04999923706055,47.4900016784668,47.4900016784668,896300
2006-02-27,47.41999816894531,48.58000183105469,47.0,48.400001525878906,48.400001525878906,883100
2006-02-28,48.31999969482422,49.16999816894531,47.93000030517578,47.97999954223633,47.97999954223633,868000
2006-03-01,48.189998626708984,50.91999816894531,47.849998474121094,50.310001373291016,50.310001373291016,1535500
2006-03-02,49.849998474121094,50.79999923706055,49.189998626708984,49.900001525878906,49.900001525878906,1056800
2006-03-03,49.54999923706055,50.16999816894531,49.349998474121094,49.959999084472656,49.959999084472656,1191400
2006-03-06,50.0,50.04999923706055,48.68000030517578,49.31999969482422,49.31999969482422,1113100
2006-03-07,49.08000183105469,49.16999816894531,46.9900016784668,47.5,47.5,864400
2006-03-08,47.119998931884766,48.45000076293945,46.2599983215332,48.13999938964844,48.13999938964844,1001200
2006-03-09,48.209999084472656,50.400001525878906,47.65999984741211,48.22999954223633,48.22999954223633,1940200
2006-03-10,48.439998626708984,49.40999984741211,47.79999923706055,48.20000076293945,48.20000076293945,722900
2006-03-13,48.349998474121094,48.97999954223633,47.59000015258789,47.91999816894531,47.91999816894531,892300
2006-03-14,47.880001068115234,50.099998474121094,47.880001068115234,50.0099983215332,50.0099983215332,1320200
2006-03-15,50.220001220703125,50.779998779296875,49.40999984741211,50.189998626708984,50.189998626708984,1073500
2006-03-16,50.209999084472656,50.70000076293945,47.459999084472656,47.58000183105469,47.58000183105469,977800
2006-03-17,47.58000183105469,48.709999084472656,46.310001373291016,47.810001373291016,47.810001373291016,1309100
2006-03-20,48.029998779296875,48.47999954223633,47.369998931884766,47.63999938964844,47.63999938964844,637500
2006-03-21,47.70000076293945,50.16999816894531,47.310001373291016,47.70000076293945,47.70000076293945,1948700
2006-03-22,47.849998474121094,49.47999954223633,47.310001373291016,49.2599983215332,49.2599983215332,1320500
2006-03-23,49.150001525878906,52.13999938964844,49.150001525878906,52.04999923706055,52.04999923706055,2152900
2006-03-24,52.5,52.599998474121094,50.810001373291016,52.2400016784668,52.2400016784668,1891200
2006-03-27,52.349998474121094,53.650001525878906,51.81999969482422,51.900001525878906,51.900001525878906,897100
2006-03-28,51.83000183105469,51.83000183105469,49.720001220703125,50.27000045776367,50.27000045776367,1389500
2006-03-29,50.54999923706055,55.95000076293945,50.529998779296875,55.880001068115234,55.880001068115234,3332100
2006-03-30,56.0,56.060001373291016,53.5,53.869998931884766,53.869998931884766,1680000
2006-03-31,54.099998474121094,55.22999954223633,53.400001525878906,54.95000076293945,54.95000076293945,1267400
2006-04-03,55.029998779296875,55.5,54.099998474121094,54.29999923706055,54.29999923706055,1624000
2006-04-04,55.0,59.099998474121094,55.0,57.5,57.5,3730900
2006-04-05,59.029998779296875,60.0,58.470001220703125,59.77000045776367,59.77000045776367,2331600
2006-04-06,59.560001373291016,60.0,58.2599983215332,59.2599983215332,59.2599983215332,1185800
2006-04-07,59.279998779296875,59.400001525878906,56.599998474121094,57.59000015258789,57.59000015258789,867400
2006-04-10,57.40999984741211,57.54999923706055,55.7599983215332,56.25,56.25,864100
2006-04-11,56.25,56.880001068115234,54.43000030517578,55.56999969482422,55.56999969482422,1110800
2006-04-12,54.060001373291016,55.58000183105469,53.81999969482422,54.61000061035156,54.61000061035156,1818300
2006-04-13,54.70000076293945,55.939998626708984,54.63999938964844,55.4900016784668,55.4900016784668,1383400
2006-04-17,55.900001525878906,55.900001525878906,53.279998779296875,54.18000030517578,54.18000030517578,1000800
2006-04-18,54.7400016784668,56.34000015258789,54.29999923706055,56.099998474121094,56.099998474121094,1437500
2006-04-19,56.27000045776367,58.189998626708984,55.290000915527344,57.2599983215332,57.2599983215332,2312400
2006-04-20,56.900001525878906,58.7599983215332,56.560001373291016,57.43000030517578,57.43000030517578,1420500
2006-04-21,57.93000030517578,57.93000030517578,54.79999923706055,56.22999954223633,56.22999954223633,2579700
2006-04-24,51.88999938964844,51.939998626708984,48.79999923706055,50.18000030517578,50.18000030517578,7463900
2006-04-25,50.220001220703125,50.36000061035156,48.84000015258789,49.900001525878906,49.900001525878906,2192600
2006-04-26,50.0,51.130001068115234,46.970001220703125,47.91999816894531,47.91999816894531,1944100
2006-04-27,47.529998779296875,47.939998626708984,46.290000915527344,46.650001525878906,46.650001525878906,3568100
2006-04-28,46.130001068115234,47.189998626708984,46.040000915527344,46.61000061035156,46.61000061035156,837500
2006-05-01,46.36000061035156,47.77000045776367,46.02000045776367,46.68000030517578,46.68000030517578,1431800
2006-05-02,46.68000030517578,47.939998626708984,46.52000045776367,47.0099983215332,47.0099983215332,1015400
2006-05-03,46.970001220703125,47.0099983215332,46.04999923706055,46.4900016784668,46.4900016784668,1732400
2006-05-04,46.650001525878906,46.869998931884766,45.130001068115234,45.290000915527344,45.290000915527344,1401100
2006-05-05,45.459999084472656,45.97999954223633,44.880001068115234,45.20000076293945,45.20000076293945,735200
2006-05-08,45.0099983215332,45.20000076293945,43.09000015258789,43.47999954223633,43.47999954223633,1746300
2006-05-09,43.59000015258789,44.209999084472656,42.900001525878906,43.290000915527344,43.290000915527344,1093400
2006-05-10,43.31999969482422,43.4900016784668,41.9900016784668,42.15999984741211,42.15999984741211,1028300
2006-05-11,42.41999816894531,42.43000030517578,40.70000076293945,40.77000045776367,40.77000045776367,1370400
2006-05-12,40.709999084472656,42.11000061035156,40.06999969482422,41.130001068115234,41.130001068115234,1572600
2006-05-15,40.900001525878906,41.130001068115234,39.970001220703125,40.349998474121094,40.349998474121094,1261300
2006-05-16,40.31999969482422,41.880001068115234,40.29999923706055,41.33000183105469,41.33000183105469,1889400
2006-05-17,41.0,41.81999969482422,40.13999938964844,40.400001525878906,40.400001525878906,1641300
2006-05-18,40.66999816894531,41.18000030517578,39.5099983215332,39.66999816894531,39.66999816894531,940400
2006-05-19,39.959999084472656,41.41999816894531,39.04999923706055,40.040000915527344,40.040000915527344,1462500
2006-05-22,39.529998779296875,39.689998626708984,37.970001220703125,39.18000030517578,39.18000030517578,1319400
2006-05-23,39.650001525878906,40.27000045776367,38.349998474121094,38.439998626708984,38.439998626708984,1521700
2006-05-24,38.599998474121094,40.0,37.939998626708984,38.939998626708984,38.939998626708984,1688000
2006-05-25,39.689998626708984,39.91999816894531,38.2599983215332,38.61000061035156,38.61000061035156,1387900
2006-05-26,38.77000045776367,39.43000030517578,38.0,39.290000915527344,39.290000915527344,877400
2006-05-30,39.15999984741211,39.709999084472656,38.970001220703125,39.0,39.0,1388000
2006-05-31,39.0,39.5,38.22999954223633,39.0099983215332,39.0099983215332,1174400
2006-06-01,39.08000183105469,40.560001373291016,38.810001373291016,40.43000030517578,40.43000030517578,1478200
2006-06-02,40.95000076293945,41.0,37.77000045776367,37.9900016784668,37.9900016784668,2807700
2006-06-05,37.63999938964844,37.77000045776367,36.279998779296875,36.5,36.5,2004200
2006-06-06,36.36000061035156,36.97999954223633,35.099998474121094,36.16999816894531,36.16999816894531,3594400
2006-06-07,36.90999984741211,39.08000183105469,36.0,36.58000183105469,36.58000183105469,3969900
2006-06-08,36.5,37.34000015258789,35.02000045776367,36.9900016784668,36.9900016784668,2364300
2006-06-09,37.099998474121094,38.150001525878906,35.95000076293945,36.2599983215332,36.2599983215332,1672900
2006-06-12,36.279998779296875,36.29999923706055,34.2599983215332,34.599998474121094,34.599998474121094,2238800
2006-06-13,34.43000030517578,35.150001525878906,33.2400016784668,33.5,33.5,1981300
2006-06-14,33.75,34.189998626708984,33.18000030517578,33.779998779296875,33.779998779296875,2483800
2006-06-15,34.0,35.56999969482422,33.79999923706055,35.0,35.0,3518700
2006-06-16,34.41999816894531,34.61000061035156,32.810001373291016,33.040000915527344,33.040000915527344,3812900
2006-06-19,33.04999923706055,33.369998931884766,31.600000381469727,31.829999923706055,31.829999923706055,3831400
2006-06-20,31.799999237060547,32.5099983215332,31.299999237060547,31.559999465942383,31.559999465942383,2203200
2006-06-21,31.700000762939453,33.83000183105469,31.559999465942383,33.54999923706055,33.54999923706055,3198600
2006-06-22,33.290000915527344,34.13999938964844,32.849998474121094,34.029998779296875,34.029998779296875,2448500
2006-06-23,33.88999938964844,34.849998474121094,33.22999954223633,34.41999816894531,34.41999816894531,2086300
2006-06-26,35.0,35.400001525878906,34.779998779296875,34.810001373291016,34.810001373291016,1627600
2006-06-27,34.810001373291016,34.810001373291016,33.20000076293945,34.02000045776367,34.02000045776367,2038100
2006-06-28,34.209999084472656,34.209999084472656,31.600000381469727,32.54999923706055,32.54999923706055,2787400
2006-06-29,32.83000183105469,34.790000915527344,32.599998474121094,34.599998474121094,34.599998474121094,1957700
2006-06-30,34.72999954223633,35.150001525878906,33.56999969482422,35.150001525878906,35.150001525878906,4523100
2006-07-03,34.84000015258789,34.84000015258789,34.119998931884766,34.52000045776367,34.52000045776367,647100
2006-07-05,34.130001068115234,34.22999954223633,32.790000915527344,33.189998626708984,33.189998626708984,1717900
2006-07-06,33.349998474121094,34.40999984741211,33.29999923706055,33.790000915527344,33.790000915527344,1114000
2006-07-07,33.75,33.93000030517578,32.95000076293945,33.77000045776367,33.77000045776367,1255300
2006-07-10,33.9900016784668,34.349998474121094,33.0,33.47999954223633,33.47999954223633,1630800
2006-07-11,33.31999969482422,34.33000183105469,32.70000076293945,34.2599983215332,34.2599983215332,1526500
2006-07-12,34.0,34.36000061035156,32.939998626708984,33.56999969482422,33.56999969482422,1949100
2006-07-13,33.47999954223633,33.47999954223633,31.93000030517578,32.099998474121094,32.099998474121094,2141100
2006-07-14,32.209999084472656,32.56999969482422,31.15999984741211,31.520000457763672,31.520000457763672,1784200
2006-07-17,31.399999618530273,32.290000915527344,31.280000686645508,31.56999969482422,31.56999969482422,777100
2006-07-18,31.719999313354492,31.719999313354492,29.65999984741211,30.889999389648438,30.889999389648438,2613800
2006-07-19,30.790000915527344,32.65999984741211,30.770000457763672,32.27000045776367,32.27000045776367,1742100
2006-07-20,32.310001373291016,33.939998626708984,31.110000610351562,31.260000228881836,31.260000228881836,2286000
2006-07-21,31.049999237060547,31.110000610351562,28.43000030517578,29.5,29.5,3914400
2006-07-24,33.130001068115234,36.029998779296875,33.130001068115234,35.70000076293945,35.70000076293945,9743900
2006-07-25,35.41999816894531,36.0099983215332,34.400001525878906,35.29999923706055,35.29999923706055,2436200
2006-07-26,35.34000015258789,37.54999923706055,35.0099983215332,37.29999923706055,37.29999923706055,2419700
2006-07-27,37.380001068115234,38.18000030517578,36.279998779296875,36.720001220703125,36.720001220703125,1266700
2006-07-28,37.0,37.869998931884766,36.45000076293945,37.720001220703125,37.720001220703125,628200
2006-07-31,37.5099983215332,37.7599983215332,36.29999923706055,36.91999816894531,36.91999816894531,852900
2006-08-01,36.68000030517578,37.150001525878906,35.06999969482422,35.54999923706055,35.54999923706055,1284200
2006-08-02,35.77000045776367,36.47999954223633,35.40999984741211,35.93000030517578,35.93000030517578,1160000
2006-08-03,35.790000915527344,36.40999984741211,35.40999984741211,36.130001068115234,36.130001068115234,1129500
2006-08-04,36.599998474121094,36.7599983215332,34.25,34.959999084472656,34.959999084472656,1729700
2006-08-07,34.529998779296875,35.20000076293945,34.119998931884766,34.59000015258789,34.59000015258789,994200
2006-08-08,34.75,35.43000030517578,34.470001220703125,35.099998474121094,35.099998474121094,1197500
2006-08-09,35.439998626708984,36.130001068115234,34.91999816894531,35.279998779296875,35.279998779296875,1519500
2006-08-10,35.06999969482422,35.279998779296875,34.43000030517578,34.81999969482422,34.81999969482422,852800
2006-08-11,34.529998779296875,34.7400016784668,33.560001373291016,33.72999954223633,33.72999954223633,978100
2006-08-14,34.0,34.400001525878906,33.400001525878906,33.720001220703125,33.720001220703125,880500
2006-08-15,34.150001525878906,34.88999938964844,33.779998779296875,34.459999084472656,34.459999084472656,2090600
2006-08-16,34.779998779296875,35.29999923706055,34.20000076293945,35.119998931884766,35.119998931884766,1557100
2006-08-17,36.439998626708984,38.75,36.099998474121094,37.189998626708984,37.189998626708984,4442900
2006-08-18,37.16999816894531,37.189998626708984,35.43000030517578,35.84000015258789,35.84000015258789,2361500
2006-08-21,35.599998474121094,35.7599983215332,34.97999954223633,35.310001373291016,35.310001373291016,1178000
2006-08-22,35.16999816894531,35.75,34.20000076293945,34.279998779296875,34.279998779296875,1295700
2006-08-23,34.20000076293945,34.630001068115234,32.29999923706055,33.0099983215332,33.0099983215332,2665500
2006-08-24,33.04999923706055,33.25,32.61000061035156,33.0,33.0,1183100
2006-08-25,32.779998779296875,33.52000045776367,32.43000030517578,33.08000183105469,33.08000183105469,1255200
2006-08-28,33.029998779296875,33.349998474121094,32.95000076293945,33.279998779296875,33.279998779296875,1332500
2006-08-29,33.29999923706055,34.630001068115234,33.25,34.4900016784668,34.4900016784668,1796600
2006-08-30,34.599998474121094,35.900001525878906,34.52000045776367,35.220001220703125,35.220001220703125,1855700
2006-08-31,35.810001373291016,35.900001525878906,34.72999954223633,35.27000045776367,35.27000045776367,1895200
2006-09-01,35.09000015258789,35.2400016784668,32.900001525878906,33.0099983215332,33.0099983215332,3021700
2006-09-05,32.93000030517578,33.290000915527344,32.31999969482422,33.119998931884766,33.119998931884766,2597700
2006-09-06,32.83000183105469,32.93000030517578,31.0,31.1200008392334,31.1200008392334,3158900
2006-09-07,30.989999771118164,33.0,30.049999237060547,31.579999923706055,31.579999923706055,5590900
2006-09-08,31.440000534057617,31.479999542236328,30.479999542236328,30.540000915527344,30.540000915527344,1829300
2006-09-11,30.399999618530273,32.09000015258789,30.25,30.899999618530273,30.899999618530273,2849700
2006-09-12,31.0,32.18000030517578,30.889999389648438,31.829999923706055,31.829999923706055,1438900
2006-09-13,31.709999084472656,33.20000076293945,31.65999984741211,32.900001525878906,32.900001525878906,2540700
2006-09-14,32.90999984741211,33.25,32.25,32.41999816894531,32.41999816894531,2041400
2006-09-15,32.5,32.939998626708984,31.850000381469727,32.150001525878906,32.150001525878906,2492300
2006-09-18,32.29999923706055,33.08000183105469,31.700000762939453,32.689998626708984,32.689998626708984,1618500
2006-09-19,32.66999816894531,32.959999084472656,31.739999771118164,31.969999313354492,31.969999313354492,1562400
2006-09-20,32.34000015258789,32.84000015258789,31.860000610351562,32.09000015258789,32.09000015258789,2611100
2006-09-21,30.8799991607666,32.22999954223633,30.700000762939453,31.969999313354492,31.969999313354492,6224400
2006-09-22,32.06999969482422,32.22999954223633,30.739999771118164,30.84000015258789,30.84000015258789,2134200
2006-09-25,30.600000381469727,32.25,30.559999465942383,32.099998474121094,32.099998474121094,2470300
2006-09-26,32.0,32.15999984741211,31.139999389648438,31.770000457763672,31.770000457763672,2109200
2006-09-27,31.600000381469727,31.899999618530273,31.06999969482422,31.190000534057617,31.190000534057617,1970400
2006-09-28,31.190000534057617,31.309999465942383,30.760000228881836,31.010000228881836,31.010000228881836,1860000
2006-09-29,31.100000381469727,31.260000228881836,30.799999237060547,31.020000457763672,31.020000457763672,1424300
2006-10-02,30.790000915527344,31.0,30.299999237060547,30.350000381469727,30.350000381469727,944700
2006-10-03,30.25,30.25,29.770000457763672,30.0,30.0,1696700
2006-10-04,29.90999984741211,31.8700008392334,29.780000686645508,31.780000686645508,31.780000686645508,2672900
2006-10-05,31.639999389648438,32.83000183105469,31.56999969482422,32.810001373291016,32.810001373291016,2194200
2006-10-06,32.560001373291016,33.880001068115234,32.54999923706055,33.15999984741211,33.15999984741211,2222300
2006-10-09,33.0099983215332,33.75,32.779998779296875,33.220001220703125,33.220001220703125,1011100
2006-10-10,33.189998626708984,33.34000015258789,32.79999923706055,33.0,33.0,1100700
2006-10-11,32.75,34.25,32.7400016784668,33.43000030517578,33.43000030517578,1252400
2006-10-12,33.529998779296875,34.400001525878906,33.5,34.25,34.25,795800
2006-10-13,34.11000061035156,36.150001525878906,34.04999923706055,36.02000045776367,36.02000045776367,3079700
2006-10-16,35.880001068115234,36.54999923706055,35.81999969482422,36.2599983215332,36.2599983215332,1767000
2006-10-17,35.90999984741211,35.91999816894531,34.880001068115234,34.97999954223633,34.97999954223633,1865200
2006-10-18,35.290000915527344,35.47999954223633,33.349998474121094,33.65999984741211,33.65999984741211,2130100
2006-10-19,33.529998779296875,34.369998931884766,33.11000061035156,34.040000915527344,34.040000915527344,1011200
2006-10-20,34.0099983215332,34.369998931884766,32.68000030517578,32.779998779296875,32.779998779296875,2608900
2006-10-23,30.56999969482422,34.59000015258789,30.209999084472656,33.54999923706055,33.54999923706055,7790600
2006-10-24,33.40999984741211,34.08000183105469,32.84000015258789,33.150001525878906,33.150001525878906,2153600
2006-10-25,33.08000183105469,33.77000045776367,32.72999954223633,33.25,33.25,1870700
2006-10-26,33.08000183105469,33.45000076293945,32.560001373291016,33.0,33.0,1701900
2006-10-27,32.689998626708984,33.0,32.150001525878906,32.34000015258789,32.34000015258789,1230400
2006-10-30,32.5,32.86000061035156,32.290000915527344,32.79999923706055,32.79999923706055,1132500
2006-10-31,33.060001373291016,33.06999969482422,32.5099983215332,32.630001068115234,32.630001068115234,696600
2006-11-01,32.72999954223633,32.9900016784668,32.15999984741211,32.439998626708984,32.439998626708984,1608400
2006-11-02,32.29999923706055,32.439998626708984,31.81999969482422,32.22999954223633,32.22999954223633,1511500
2006-11-03,32.5099983215332,32.59000015258789,31.600000381469727,32.029998779296875,32.029998779296875,1159200
2006-11-06,32.220001220703125,32.88999938964844,31.860000610351562,32.709999084472656,32.709999084472656,1129600
2006-11-07,32.84000015258789,33.63999938964844,32.75,33.150001525878906,33.150001525878906,1363700
2006-11-08,32.95000076293945,33.27000045776367,32.52000045776367,32.97999954223633,32.97999954223633,826200
2006-11-09,33.06999969482422,33.310001373291016,31.959999084472656,31.989999771118164,31.989999771118164,944900
2006-11-10,32.08000183105469,32.86000061035156,31.8799991607666,32.81999969482422,32.81999969482422,1084900
2006-11-13,32.849998474121094,33.47999954223633,32.560001373291016,33.459999084472656,33.459999084472656,897400
2006-11-14,33.40999984741211,34.310001373291016,32.86000061035156,34.04999923706055,34.04999923706055,1042000
2006-11-15,34.349998474121094,34.849998474121094,34.0,34.20000076293945,34.20000076293945,1061300
2006-11-16,34.45000076293945,34.470001220703125,33.72999954223633,34.16999816894531,34.16999816894531,734800
2006-11-17,34.04999923706055,34.11000061035156,33.56999969482422,34.08000183105469,34.08000183105469,522200
2006-11-20,33.88999938964844,35.290000915527344,33.65999984741211,35.209999084472656,35.209999084472656,1046800
2006-11-21,35.08000183105469,35.189998626708984,34.09000015258789,34.2400016784668,34.2400016784668,832800
2006-11-22,34.33000183105469,34.61000061035156,33.900001525878906,34.59000015258789,34.59000015258789,517900
2006-11-24,34.380001068115234,35.08000183105469,34.220001220703125,34.84000015258789,34.84000015258789,179900
2006-11-27,34.52000045776367,35.08000183105469,33.15999984741211,33.15999984741211,33.15999984741211,823500
2006-11-28,33.25,33.27000045776367,32.09000015258789,33.0099983215332,33.0099983215332,1138800
2006-11-29,33.27000045776367,33.52000045776367,32.20000076293945,32.63999938964844,32.63999938964844,969500
2006-11-30,32.7400016784668,32.939998626708984,32.0099983215332,32.220001220703125,32.220001220703125,1696900
2006-12-01,32.29999923706055,32.400001525878906,31.190000534057617,31.510000228881836,31.510000228881836,1491300
2006-12-04,31.639999389648438,32.970001220703125,31.469999313354492,32.68000030517578,32.68000030517578,1493500
2006-12-05,32.849998474121094,32.849998474121094,32.33000183105469,32.459999084472656,32.459999084472656,781000
2006-12-06,32.47999954223633,34.310001373291016,32.47999954223633,33.91999816894531,33.91999816894531,1777900
2006-12-07,34.02000045776367,35.0099983215332,34.02000045776367,34.56999969482422,34.56999969482422,1879500
2006-12-08,34.29999923706055,35.119998931884766,34.25,34.52000045776367,34.52000045776367,1066000
2006-12-11,34.54999923706055,35.119998931884766,34.27000045776367,34.34000015258789,34.34000015258789,802300
2006-12-12,34.2400016784668,35.4900016784668,34.22999954223633,34.72999954223633,34.72999954223633,1492100
2006-12-13,34.90999984741211,35.189998626708984,33.95000076293945,34.04999923706055,34.04999923706055,1015700
2006-12-14,34.189998626708984,34.77000045776367,34.04999923706055,34.68000030517578,34.68000030517578,759900
2006-12-15,34.880001068115234,35.27000045776367,34.45000076293945,34.790000915527344,34.790000915527344,1367800
2006-12-18,34.79999923706055,35.900001525878906,34.79999923706055,35.08000183105469,35.08000183105469,1224900
2006-12-19,34.84000015258789,35.20000076293945,34.349998474121094,35.04999923706055,35.04999923706055,1052600
2006-12-20,35.06999969482422,35.529998779296875,34.90999984741211,35.189998626708984,35.189998626708984,838500
2006-12-21,35.119998931884766,35.29999923706055,34.58000183105469,34.66999816894531,34.66999816894531,540100
2006-12-22,34.7400016784668,34.7400016784668,33.70000076293945,33.970001220703125,33.970001220703125,883600
2006-12-26,33.88999938964844,34.400001525878906,33.75,34.18000030517578,34.18000030517578,402600
2006-12-27,34.400001525878906,34.790000915527344,34.06999969482422,34.54999923706055,34.54999923706055,462700
2006-12-28,34.5,34.83000183105469,34.41999816894531,34.540000915527344,34.540000915527344,267800
2006-12-29,34.5,35.34000015258789,34.439998626708984,34.650001525878906,34.650001525878906,655600
2007-01-03,34.900001525878906,35.52000045776367,34.04999923706055,34.45000076293945,34.45000076293945,1776200
2007-01-04,34.33000183105469,35.709999084472656,34.02000045776367,35.34000015258789,35.34000015258789,1248100
2007-01-05,35.029998779296875,35.11000061035156,33.02000045776367,33.36000061035156,33.36000061035156,2780700
2007-01-08,33.36000061035156,33.70000076293945,33.0099983215332,33.209999084472656,33.209999084472656,1304000
2007-01-09,33.06999969482422,33.220001220703125,32.43000030517578,33.04999923706055,33.04999923706055,1395400
2007-01-10,32.93000030517578,33.900001525878906,32.5,33.70000076293945,33.70000076293945,914600
2007-01-11,33.70000076293945,33.790000915527344,33.099998474121094,33.439998626708984,33.439998626708984,1205000
2007-01-12,33.220001220703125,34.459999084472656,33.099998474121094,34.459999084472656,34.459999084472656,1262600
2007-01-16,34.439998626708984,34.439998626708984,33.880001068115234,34.060001373291016,34.060001373291016,961200
2007-01-17,33.86000061035156,34.68000030517578,33.779998779296875,34.470001220703125,34.470001220703125,1319400
2007-01-18,34.31999969482422,34.31999969482422,33.130001068115234,33.36000061035156,33.36000061035156,1296600
2007-01-19,33.40999984741211,33.7400016784668,33.09000015258789,33.31999969482422,33.31999969482422,1565900
2007-01-22,33.380001068115234,33.470001220703125,32.81999969482422,33.11000061035156,33.11000061035156,670700
2007-01-23,33.099998474121094,33.72999954223633,32.959999084472656,33.5099983215332,33.5099983215332,786900
2007-01-24,33.97999954223633,35.04999923706055,33.869998931884766,34.97999954223633,34.97999954223633,1806700
2007-01-25,35.0,35.560001373291016,34.220001220703125,34.560001373291016,34.560001373291016,1244400
2007-01-26,34.33000183105469,35.16999816894531,34.119998931884766,34.72999954223633,34.72999954223633,873700
2007-01-29,34.790000915527344,35.56999969482422,34.70000076293945,35.15999984741211,35.15999984741211,2659700
2007-01-30,35.2599983215332,35.70000076293945,35.060001373291016,35.279998779296875,35.279998779296875,2465000
2007-01-31,31.8799991607666,32.2400016784668,30.739999771118164,32.11000061035156,32.11000061035156,7060200
2007-02-01,32.279998779296875,32.779998779296875,32.0,32.470001220703125,32.470001220703125,2199000
2007-02-02,32.369998931884766,33.779998779296875,32.18000030517578,33.15999984741211,33.15999984741211,3059700
2007-02-05,33.119998931884766,33.66999816894531,32.779998779296875,33.45000076293945,33.45000076293945,1874600
2007-02-06,33.459999084472656,33.52000045776367,32.7599983215332,33.15999984741211,33.15999984741211,1714800
2007-02-07,33.25,33.439998626708984,32.72999954223633,33.2400016784668,33.2400016784668,1689600
2007-02-08,32.099998474121094,32.5,30.610000610351562,32.13999938964844,32.13999938964844,9505500
2007-02-09,32.63999938964844,33.38999938964844,31.969999313354492,32.02000045776367,32.02000045776367,3354100
2007-02-12,32.47999954223633,32.5099983215332,31.200000762939453,31.450000762939453,31.450000762939453,2383300
2007-02-13,31.3799991607666,31.780000686645508,30.950000762939453,31.3700008392334,31.3700008392334,1553800
2007-02-14,31.5,32.220001220703125,31.309999465942383,31.979999542236328,31.979999542236328,1829600
2007-02-15,31.920000076293945,32.40999984741211,31.8799991607666,32.11000061035156,32.11000061035156,938600
2007-02-16,32.060001373291016,32.290000915527344,31.700000762939453,31.989999771118164,31.989999771118164,1369600
2007-02-20,31.8799991607666,32.06999969482422,31.469999313354492,32.040000915527344,32.040000915527344,1394100
2007-02-21,31.84000015258789,31.920000076293945,31.360000610351562,31.610000610351562,31.610000610351562,859100
2007-02-22,31.989999771118164,32.66999816894531,31.90999984741211,32.13999938964844,32.13999938964844,1920300
2007-02-23,32.34000015258789,32.45000076293945,31.899999618530273,32.18000030517578,32.18000030517578,1004300
2007-02-26,32.38999938964844,32.5,31.469999313354492,32.08000183105469,32.08000183105469,1054200
2007-02-27,31.459999084472656,31.809999465942383,30.700000762939453,30.940000534057617,30.940000534057617,1795900
2007-02-28,31.110000610351562,31.110000610351562,29.959999084472656,30.200000762939453,30.200000762939453,1797300
2007-03-01,29.860000610351562,30.31999969482422,29.139999389648438,30.049999237060547,30.049999237060547,1942300
2007-03-02,30.0,30.06999969482422,29.510000228881836,29.59000015258789,29.59000015258789,942100
2007-03-05,29.260000228881836,29.899999618530273,28.84000015258789,28.899999618530273,28.899999618530273,1397500
2007-03-06,29.15999984741211,29.81999969482422,29.149999618530273,29.639999389648438,29.639999389648438,874100
2007-03-07,29.399999618530273,30.1299991607666,29.3799991607666,29.56999969482422,29.56999969482422,1683600
2007-03-08,29.93000030517578,29.969999313354492,29.59000015258789,29.649999618530273,29.649999618530273,708500
2007-03-09,29.959999084472656,30.079999923706055,29.56999969482422,29.989999771118164,29.989999771118164,1205700
2007-03-12,29.850000381469727,30.239999771118164,29.850000381469727,30.139999389648438,30.139999389648438,970800
2007-03-13,29.899999618530273,30.09000015258789,28.8799991607666,29.149999618530273,29.149999618530273,1522100
2007-03-14,29.06999969482422,29.6299991607666,28.920000076293945,29.440000534057617,29.440000534057617,1040900
2007-03-15,29.350000381469727,29.920000076293945,29.329999923706055,29.790000915527344,29.790000915527344,790500
2007-03-16,29.860000610351562,30.049999237060547,29.389999389648438,29.989999771118164,29.989999771118164,867700
2007-03-19,30.100000381469727,30.34000015258789,29.270000457763672,29.489999771118164,29.489999771118164,1230900
2007-03-20,29.31999969482422,29.709999084472656,29.15999984741211,29.389999389648438,29.389999389648438,730900
2007-03-21,29.510000228881836,30.1200008392334,29.239999771118164,29.850000381469727,29.850000381469727,823700
2007-03-22,29.959999084472656,29.959999084472656,29.540000915527344,29.709999084472656,29.709999084472656,596200
2007-03-23,29.829999923706055,30.420000076293945,29.75,30.139999389648438,30.139999389648438,989700
2007-03-26,30.200000762939453,30.719999313354492,29.850000381469727,30.299999237060547,30.299999237060547,1109200
2007-03-27,30.260000228881836,30.8700008392334,30.079999923706055,30.360000610351562,30.360000610351562,687400
2007-03-28,30.15999984741211,30.700000762939453,30.15999984741211,30.6200008392334,30.6200008392334,1374000
2007-03-29,30.799999237060547,30.889999389648438,29.56999969482422,29.809999465942383,29.809999465942383,1338300
2007-03-30,29.950000762939453,30.110000610351562,29.790000915527344,29.920000076293945,29.920000076293945,535200
2007-04-02,29.889999389648438,30.059999465942383,29.489999771118164,29.75,29.75,564600
2007-04-03,29.809999465942383,30.229999542236328,29.690000534057617,29.760000228881836,29.760000228881836,710300
2007-04-04,29.809999465942383,30.020000457763672,29.700000762939453,29.799999237060547,29.799999237060547,699200
2007-04-05,29.700000762939453,30.170000076293945,29.700000762939453,30.09000015258789,30.09000015258789,1075000
2007-04-09,29.989999771118164,30.549999237060547,29.989999771118164,30.3799991607666,30.3799991607666,933600
2007-04-10,30.290000915527344,30.440000534057617,30.260000228881836,30.360000610351562,30.360000610351562,442900
2007-04-11,30.31999969482422,30.649999618530273,30.280000686645508,30.520000457763672,30.520000457763672,685900
2007-04-12,30.440000534057617,31.8799991607666,30.360000610351562,31.829999923706055,31.829999923706055,2024900
2007-04-13,31.75,31.889999389648438,31.360000610351562,31.639999389648438,31.639999389648438,1476100
2007-04-16,31.729999542236328,31.950000762939453,31.510000228881836,31.760000228881836,31.760000228881836,464000
2007-04-17,31.68000030517578,31.950000762939453,31.360000610351562,31.8799991607666,31.8799991607666,682900
2007-04-18,32.0099983215332,32.779998779296875,31.780000686645508,32.4900016784668,32.4900016784668,1566700
2007-04-19,32.31999969482422,32.599998474121094,32.099998474121094,32.290000915527344,32.290000915527344,1084900
2007-04-20,32.380001068115234,32.58000183105469,31.690000534057617,32.0099983215332,32.0099983215332,946100
2007-04-23,31.920000076293945,32.0,31.469999313354492,31.579999923706055,31.579999923706055,1743500
2007-04-24,32.09000015258789,33.16999816894531,31.889999389648438,33.0099983215332,33.0099983215332,2912400
2007-04-25,34.04999923706055,34.380001068115234,32.79999923706055,33.25,33.25,2937900
2007-04-26,33.25,33.400001525878906,32.84000015258789,33.290000915527344,33.290000915527344,1011800
2007-04-27,33.11000061035156,33.400001525878906,32.91999816894531,33.290000915527344,33.290000915527344,696700
2007-04-30,33.290000915527344,33.439998626708984,32.77000045776367,32.810001373291016,32.810001373291016,1155000
2007-05-01,32.7599983215332,32.79999923706055,31.959999084472656,32.630001068115234,32.630001068115234,1607200
2007-05-02,32.5,33.22999954223633,32.470001220703125,32.93000030517578,32.93000030517578,526600
2007-05-03,32.91999816894531,32.97999954223633,32.36000061035156,32.5099983215332,32.5099983215332,1254500
2007-05-04,32.540000915527344,32.7599983215332,32.380001068115234,32.650001525878906,32.650001525878906,673600
2007-05-07,32.380001068115234,32.65999984741211,32.380001068115234,32.61000061035156,32.61000061035156,746900
2007-05-08,32.43000030517578,32.720001220703125,32.29999923706055,32.61000061035156,32.61000061035156,549900
2007-05-09,32.439998626708984,33.439998626708984,32.36000061035156,33.36000061035156,33.36000061035156,1210100
2007-05-10,33.290000915527344,33.79999923706055,32.81999969482422,33.45000076293945,33.45000076293945,1785200
2007-05-11,33.11000061035156,33.720001220703125,33.02000045776367,33.619998931884766,33.619998931884766,922900
2007-05-14,33.84000015258789,34.380001068115234,33.5,34.29999923706055,34.29999923706055,1753700
2007-05-15,34.02000045776367,34.4900016784668,33.7599983215332,34.040000915527344,34.040000915527344,1546600
2007-05-16,33.939998626708984,34.290000915527344,33.91999816894531,34.2400016784668,34.2400016784668,980800
2007-05-17,34.16999816894531,34.97999954223633,34.119998931884766,34.689998626708984,34.689998626708984,1423000
2007-05-18,34.7400016784668,35.459999084472656,34.58000183105469,35.20000076293945,35.20000076293945,2049700
2007-05-21,35.060001373291016,36.5,35.060001373291016,35.5099983215332,35.5099983215332,1723800
2007-05-22,35.630001068115234,35.970001220703125,35.150001525878906,35.33000183105469,35.33000183105469,1656700
2007-05-23,35.290000915527344,35.40999984741211,34.790000915527344,34.84000015258789,34.84000015258789,1043500
2007-05-24,34.810001373291016,34.970001220703125,33.880001068115234,34.060001373291016,34.060001373291016,1166600
2007-05-25,34.09000015258789,34.470001220703125,33.86000061035156,34.310001373291016,34.310001373291016,590000
2007-05-29,34.2599983215332,34.41999816894531,33.970001220703125,34.220001220703125,34.220001220703125,725600
2007-05-30,33.939998626708984,34.2400016784668,33.70000076293945,34.16999816894531,34.16999816894531,620900
2007-05-31,34.36000061035156,34.7400016784668,34.31999969482422,34.619998931884766,34.619998931884766,690200
2007-06-01,34.4900016784668,34.810001373291016,34.470001220703125,34.599998474121094,34.599998474121094,669400
2007-06-04,34.58000183105469,35.0,34.310001373291016,34.36000061035156,34.36000061035156,830800
2007-06-05,34.27000045776367,34.72999954223633,33.689998626708984,34.02000045776367,34.02000045776367,892500
2007-06-06,33.97999954223633,34.310001373291016,33.650001525878906,33.79999923706055,33.79999923706055,647500
2007-06-07,33.7599983215332,34.119998931884766,32.52000045776367,32.58000183105469,32.58000183105469,1686700
2007-06-08,32.599998474121094,33.4900016784668,32.58000183105469,33.18000030517578,33.18000030517578,968200
2007-06-11,33.060001373291016,33.470001220703125,32.84000015258789,33.13999938964844,33.13999938964844,487200
2007-06-12,32.65999984741211,33.2400016784668,32.63999938964844,33.0,33.0,943200
2007-06-13,33.2400016784668,33.619998931884766,33.13999938964844,33.380001068115234,33.380001068115234,578700
2007-06-14,33.349998474121094,33.900001525878906,33.290000915527344,33.54999923706055,33.54999923706055,332500
2007-06-15,33.7599983215332,34.20000076293945,33.7599983215332,34.040000915527344,34.040000915527344,777200
2007-06-18,34.0,34.33000183105469,33.720001220703125,34.09000015258789,34.09000015258789,462600
2007-06-19,33.90999984741211,34.0,33.540000915527344,33.810001373291016,33.810001373291016,726100
2007-06-20,33.95000076293945,35.290000915527344,33.900001525878906,34.7599983215332,34.7599983215332,1871500
2007-06-21,34.779998779296875,35.650001525878906,34.720001220703125,35.31999969482422,35.31999969482422,1111400
2007-06-22,35.349998474121094,35.380001068115234,34.150001525878906,34.650001525878906,34.650001525878906,1414700
2007-06-25,34.400001525878906,35.720001220703125,34.400001525878906,35.09000015258789,35.09000015258789,1548300
2007-06-26,35.220001220703125,35.22999954223633,34.45000076293945,34.79999923706055,34.79999923706055,1029200
2007-06-27,34.65999984741211,35.47999954223633,34.5099983215332,35.25,35.25,1088200
2007-06-28,35.29999923706055,35.65999984741211,35.099998474121094,35.150001525878906,35.150001525878906,690700
2007-06-29,35.060001373291016,35.29999923706055,34.36000061035156,34.61000061035156,34.61000061035156,926900
2007-07-02,34.54999923706055,35.04999923706055,34.52000045776367,34.599998474121094,34.599998474121094,524500
2007-07-03,34.41999816894531,34.63999938964844,34.16999816894531,34.560001373291016,34.560001373291016,505800
2007-07-05,34.56999969482422,34.56999969482422,33.93000030517578,34.16999816894531,34.16999816894531,940700
2007-07-06,34.220001220703125,34.400001525878906,34.130001068115234,34.31999969482422,34.31999969482422,715200
2007-07-09,34.400001525878906,34.79999923706055,34.400001525878906,34.61000061035156,34.61000061035156,758000
2007-07-10,34.22999954223633,35.060001373291016,34.22999954223633,34.68000030517578,34.68000030517578,834000
2007-07-11,34.790000915527344,35.02000045776367,34.5,34.779998779296875,34.779998779296875,768500
2007-07-12,34.939998626708984,35.58000183105469,34.779998779296875,35.5,35.5,1043900
2007-07-13,35.5,35.95000076293945,35.439998626708984,35.63999938964844,35.63999938964844,804100
2007-07-16,35.599998474121094,35.880001068115234,35.380001068115234,35.41999816894531,35.41999816894531,607900
2007-07-17,35.439998626708984,36.439998626708984,35.439998626708984,36.130001068115234,36.130001068115234,1135100
2007-07-18,35.97999954223633,36.439998626708984,35.84000015258789,36.349998474121094,36.349998474121094,1300600
2007-07-19,36.349998474121094,37.849998474121094,36.33000183105469,37.380001068115234,37.380001068115234,1993600
2007-07-20,37.31999969482422,37.66999816894531,36.86000061035156,37.08000183105469,37.08000183105469,981800
2007-07-23,37.540000915527344,37.72999954223633,36.88999938964844,37.439998626708984,37.439998626708984,1242000
2007-07-24,37.060001373291016,37.25,36.40999984741211,36.599998474121094,36.599998474121094,1184000
2007-07-25,37.150001525878906,37.630001068115234,35.29999923706055,35.95000076293945,35.95000076293945,2241800
2007-07-26,35.529998779296875,36.540000915527344,35.27000045776367,35.630001068115234,35.630001068115234,1750200
2007-07-27,35.63999938964844,35.939998626708984,34.88999938964844,34.90999984741211,34.90999984741211,1130600
2007-07-30,34.79999923706055,36.189998626708984,34.79999923706055,35.81999969482422,35.81999969482422,1373700
2007-07-31,35.91999816894531,36.29999923706055,34.7599983215332,34.83000183105469,34.83000183105469,1271100
2007-08-01,34.650001525878906,35.189998626708984,34.22999954223633,34.81999969482422,34.81999969482422,1251600
2007-08-02,34.88999938964844,35.40999984741211,34.689998626708984,35.220001220703125,35.220001220703125,1128400
2007-08-03,35.2599983215332,35.2599983215332,34.22999954223633,34.310001373291016,34.310001373291016,1071700
2007-08-06,34.439998626708984,34.68000030517578,33.5099983215332,34.31999969482422,34.31999969482422,1625300
2007-08-07,34.290000915527344,34.9900016784668,33.36000061035156,34.84000015258789,34.84000015258789,1630500
2007-08-08,35.09000015258789,36.9900016784668,35.02000045776367,36.41999816894531,36.41999816894531,1886400
2007-08-09,35.83000183105469,38.09000015258789,35.81999969482422,37.560001373291016,37.560001373291016,2420100
2007-08-10,36.83000183105469,37.939998626708984,36.27000045776367,36.880001068115234,36.880001068115234,1342600
2007-08-13,36.939998626708984,37.15999984741211,35.529998779296875,35.880001068115234,35.880001068115234,994000
2007-08-14,35.7400016784668,36.63999938964844,35.4900016784668,35.68000030517578,35.68000030517578,664000
2007-08-15,35.630001068115234,36.220001220703125,35.47999954223633,35.5,35.5,1084400
2007-08-16,35.38999938964844,35.7400016784668,33.959999084472656,34.369998931884766,34.369998931884766,2110900
2007-08-17,35.0,35.20000076293945,34.40999984741211,34.68000030517578,34.68000030517578,1060100
2007-08-20,34.880001068115234,35.09000015258789,34.43000030517578,34.619998931884766,34.619998931884766,802800
2007-08-21,34.47999954223633,34.880001068115234,34.439998626708984,34.689998626708984,34.689998626708984,426600
2007-08-22,35.06999969482422,35.310001373291016,34.81999969482422,35.099998474121094,35.099998474121094,821200
2007-08-23,35.279998779296875,35.43000030517578,34.75,34.86000061035156,34.86000061035156,712700
2007-08-24,35.040000915527344,35.2400016784668,34.72999954223633,35.09000015258789,35.09000015258789,523400
2007-08-27,35.040000915527344,35.439998626708984,34.38999938964844,34.529998779296875,34.529998779296875,546100
2007-08-28,34.43000030517578,34.560001373291016,34.040000915527344,34.130001068115234,34.130001068115234,486200
2007-08-29,34.400001525878906,35.029998779296875,34.15999984741211,34.880001068115234,34.880001068115234,637100
2007-08-30,34.810001373291016,35.7400016784668,34.599998474121094,35.41999816894531,35.41999816894531,717700
2007-08-31,35.33000183105469,37.150001525878906,35.18000030517578,36.91999816894531,36.91999816894531,1497400
2007-09-04,36.63999938964844,37.84000015258789,36.63999938964844,37.58000183105469,37.58000183105469,1037800
2007-09-05,37.59000015258789,37.91999816894531,37.189998626708984,37.59000015258789,37.59000015258789,673300
2007-09-06,37.540000915527344,38.16999816894531,37.02000045776367,38.099998474121094,38.099998474121094,898800
2007-09-07,37.7400016784668,38.15999984741211,37.5,38.08000183105469,38.08000183105469,924600
2007-09-10,38.16999816894531,38.68000030517578,37.099998474121094,38.150001525878906,38.150001525878906,992200
2007-09-11,38.040000915527344,38.939998626708984,38.040000915527344,38.63999938964844,38.63999938964844,1005700
2007-09-12,38.65999984741211,39.41999816894531,38.36000061035156,38.5,38.5,837900
2007-09-13,38.65999984741211,39.79999923706055,38.65999984741211,39.709999084472656,39.709999084472656,1595300
2007-09-14,39.529998779296875,40.41999816894531,39.290000915527344,40.22999954223633,40.22999954223633,1705600
2007-09-17,40.11000061035156,40.91999816894531,40.11000061035156,40.599998474121094,40.599998474121094,890600
2007-09-18,40.86000061035156,41.36000061035156,39.93000030517578,41.279998779296875,41.279998779296875,1503900
2007-09-19,41.45000076293945,42.290000915527344,41.040000915527344,41.560001373291016,41.560001373291016,1124900
2007-09-20,41.54999923706055,41.560001373291016,41.029998779296875,41.41999816894531,41.41999816894531,578400
2007-09-21,41.79999923706055,42.18000030517578,41.40999984741211,41.59000015258789,41.59000015258789,1223500
2007-09-24,41.529998779296875,41.75,41.0,41.560001373291016,41.560001373291016,706200
2007-09-25,41.310001373291016,42.95000076293945,41.130001068115234,42.7599983215332,42.7599983215332,1008500
2007-09-26,42.81999969482422,42.81999969482422,42.189998626708984,42.279998779296875,42.279998779296875,663200
2007-09-27,42.47999954223633,42.90999984741211,42.41999816894531,42.540000915527344,42.540000915527344,530900
2007-09-28,42.47999954223633,42.47999954223633,41.650001525878906,41.7599983215332,41.7599983215332,789900
2007-10-01,41.77000045776367,43.47999954223633,41.630001068115234,43.08000183105469,43.08000183105469,718700
2007-10-02,43.0,44.02000045776367,42.7599983215332,43.939998626708984,43.939998626708984,715900
2007-10-03,43.72999954223633,43.93000030517578,42.619998931884766,42.849998474121094,42.849998474121094,806600
2007-10-04,41.38999938964844,42.88999938964844,40.970001220703125,42.599998474121094,42.599998474121094,1206300
2007-10-05,42.70000076293945,43.36000061035156,42.540000915527344,42.97999954223633,42.97999954223633,661000
2007-10-08,43.0,44.06999969482422,42.849998474121094,43.540000915527344,43.540000915527344,542600
2007-10-09,43.209999084472656,43.599998474121094,41.880001068115234,42.08000183105469,42.08000183105469,1568700
2007-10-10,41.91999816894531,42.459999084472656,41.72999954223633,42.20000076293945,42.20000076293945,1115500
2007-10-11,42.459999084472656,42.84000015258789,40.79999923706055,41.029998779296875,41.029998779296875,856700
2007-10-12,41.2400016784668,41.880001068115234,40.9900016784668,41.41999816894531,41.41999816894531,791500
2007-10-15,41.77000045776367,42.220001220703125,41.099998474121094,41.2400016784668,41.2400016784668,848700
2007-10-16,41.189998626708984,42.15999984741211,40.90999984741211,41.34000015258789,41.34000015258789,524000
2007-10-17,41.65999984741211,42.86000061035156,41.58000183105469,41.72999954223633,41.72999954223633,920600
2007-10-18,41.4900016784668,42.22999954223633,41.189998626708984,41.529998779296875,41.529998779296875,804900
2007-10-19,41.529998779296875,41.599998474121094,40.529998779296875,40.599998474121094,40.599998474121094,638000
2007-10-22,40.54999923706055,42.04999923706055,40.38999938964844,41.0099983215332,41.0099983215332,1037200
2007-10-23,41.47999954223633,41.56999969482422,39.560001373291016,41.33000183105469,41.33000183105469,2338100
2007-10-24,43.5,44.66999816894531,41.939998626708984,43.81999969482422,43.81999969482422,4510300
2007-10-25,44.36000061035156,45.150001525878906,43.959999084472656,44.459999084472656,44.459999084472656,2168900
2007-10-26,44.70000076293945,44.88999938964844,43.189998626708984,43.2599983215332,43.2599983215332,1287600
2007-10-29,43.56999969482422,43.91999816894531,43.04999923706055,43.52000045776367,43.52000045776367,827400
2007-10-30,43.220001220703125,43.54999923706055,42.869998931884766,42.9900016784668,42.9900016784668,802300
2007-10-31,43.27000045776367,43.91999816894531,42.79999923706055,43.70000076293945,43.70000076293945,921200
2007-11-01,43.20000076293945,43.650001525878906,42.720001220703125,42.849998474121094,42.849998474121094,724600
2007-11-02,43.0,43.0,41.7599983215332,42.209999084472656,42.209999084472656,1057600
2007-11-05,42.20000076293945,42.43000030517578,41.279998779296875,41.33000183105469,41.33000183105469,1446600
2007-11-06,41.43000030517578,42.04999923706055,41.43000030517578,41.83000183105469,41.83000183105469,558000
2007-11-07,41.4900016784668,41.9900016784668,41.130001068115234,41.18000030517578,41.18000030517578,656600
2007-11-08,41.369998931884766,41.7400016784668,39.20000076293945,39.560001373291016,39.560001373291016,1781300
2007-11-09,39.099998474121094,39.380001068115234,38.720001220703125,38.900001525878906,38.900001525878906,1125500
2007-11-12,38.849998474121094,38.93000030517578,37.68000030517578,37.81999969482422,37.81999969482422,1078600
2007-11-13,38.0,38.790000915527344,38.0,38.47999954223633,38.47999954223633,1063300
2007-11-14,38.7599983215332,38.790000915527344,37.86000061035156,37.970001220703125,37.970001220703125,872400
2007-11-15,37.95000076293945,38.11000061035156,36.81999969482422,37.060001373291016,37.060001373291016,1069900
2007-11-16,37.2599983215332,37.54999923706055,36.560001373291016,37.02000045776367,37.02000045776367,798400
2007-11-19,36.70000076293945,37.220001220703125,36.43000030517578,36.43000030517578,36.43000030517578,686300
2007-11-20,36.439998626708984,37.130001068115234,35.79999923706055,36.0,36.0,1283800
2007-11-21,35.83000183105469,36.29999923706055,35.09000015258789,35.939998626708984,35.939998626708984,826100
2007-11-23,36.15999984741211,36.939998626708984,35.9900016784668,36.560001373291016,36.560001373291016,468100
2007-11-26,36.459999084472656,37.13999938964844,36.29999923706055,36.310001373291016,36.310001373291016,906600
2007-11-27,36.40999984741211,36.959999084472656,36.09000015258789,36.84000015258789,36.84000015258789,635300
2007-11-28,37.18000030517578,37.630001068115234,36.880001068115234,37.18000030517578,37.18000030517578,1131600
2007-11-29,37.040000915527344,37.4900016784668,36.689998626708984,37.189998626708984,37.189998626708984,533100
2007-11-30,37.4900016784668,37.66999816894531,36.83000183105469,37.13999938964844,37.13999938964844,1084300
2007-12-03,36.93000030517578,38.040000915527344,36.900001525878906,37.45000076293945,37.45000076293945,1099600
2007-12-04,37.36000061035156,37.900001525878906,37.15999984741211,37.83000183105469,37.83000183105469,1069200
2007-12-05,38.040000915527344,38.189998626708984,36.86000061035156,37.29999923706055,37.29999923706055,1255600
2007-12-06,37.290000915527344,38.040000915527344,37.15999984741211,37.91999816894531,37.91999816894531,585800
2007-12-07,38.099998474121094,38.630001068115234,37.86000061035156,38.20000076293945,38.20000076293945,903000
2007-12-10,38.43000030517578,39.0099983215332,38.369998931884766,38.61000061035156,38.61000061035156,445600
2007-12-11,38.29999923706055,39.08000183105469,37.939998626708984,37.939998626708984,37.939998626708984,653400
2007-12-12,38.459999084472656,38.91999816894531,37.59000015258789,37.97999954223633,37.97999954223633,683700
2007-12-13,37.79999923706055,38.09000015258789,37.2599983215332,37.540000915527344,37.540000915527344,682700
2007-12-14,37.2599983215332,37.52000045776367,36.7599983215332,36.84000015258789,36.84000015258789,878900
2007-12-17,36.68000030517578,36.810001373291016,35.9900016784668,36.0,36.0,679500
2007-12-18,36.400001525878906,36.400001525878906,35.70000076293945,35.790000915527344,35.790000915527344,943500
2007-12-19,35.79999923706055,36.599998474121094,35.79999923706055,36.189998626708984,36.189998626708984,986300
2007-12-20,35.900001525878906,36.66999816894531,35.900001525878906,36.41999816894531,36.41999816894531,776400
2007-12-21,37.36000061035156,37.5,36.86000061035156,36.97999954223633,36.97999954223633,1353500
2007-12-24,36.97999954223633,37.81999969482422,36.90999984741211,37.2599983215332,37.2599983215332,531800
2007-12-26,37.0,37.380001068115234,36.79999923706055,37.31999969482422,37.31999969482422,735000
2007-12-27,37.16999816894531,37.79999923706055,36.75,37.439998626708984,37.439998626708984,988200
2007-12-28,37.58000183105469,37.970001220703125,37.52000045776367,37.66999816894531,37.66999816894531,698700
2007-12-31,37.540000915527344,37.66999816894531,37.29999923706055,37.43000030517578,37.43000030517578,627300
2008-01-02,37.279998779296875,37.93000030517578,36.16999816894531,36.869998931884766,36.869998931884766,989200
2008-01-03,36.900001525878906,37.27000045776367,36.4900016784668,36.4900016784668,36.4900016784668,743500
2008-01-04,35.849998474121094,36.0099983215332,34.66999816894531,34.75,34.75,992000
2008-01-07,34.849998474121094,35.0,33.2400016784668,33.59000015258789,33.59000015258789,1210300
2008-01-08,33.599998474121094,33.9900016784668,31.940000534057617,31.959999084472656,31.959999084472656,1117000
2008-01-09,31.979999542236328,32.4900016784668,30.780000686645508,31.350000381469727,31.350000381469727,1417400
2008-01-10,31.260000228881836,31.450000762939453,30.889999389648438,31.299999237060547,31.299999237060547,1355000
2008-01-11,31.170000076293945,31.239999771118164,29.84000015258789,29.989999771118164,29.989999771118164,983100
2008-01-14,30.260000228881836,30.420000076293945,29.56999969482422,30.25,30.25,1018800
2008-01-15,29.950000762939453,30.170000076293945,28.020000457763672,28.229999542236328,28.229999542236328,1733500
2008-01-16,27.950000762939453,28.09000015258789,26.190000534057617,27.010000228881836,27.010000228881836,3517600
2008-01-17,27.170000076293945,27.790000915527344,26.780000686645508,26.899999618530273,26.899999618530273,1753900
2008-01-18,27.149999618530273,27.25,26.479999542236328,26.670000076293945,26.670000076293945,1660500
2008-01-22,25.389999389648438,27.200000762939453,25.389999389648438,26.799999237060547,26.799999237060547,1502400
2008-01-23,26.219999313354492,27.229999542236328,26.059999465942383,26.889999389648438,26.889999389648438,1509900
2008-01-24,27.010000228881836,29.56999969482422,26.729999542236328,29.190000534057617,29.190000534057617,2184500
2008-01-25,29.459999084472656,29.899999618530273,27.889999389648438,27.940000534057617,27.940000534057617,1185600
2008-01-28,27.950000762939453,29.079999923706055,27.56999969482422,28.90999984741211,28.90999984741211,1194600
2008-01-29,29.18000030517578,29.18000030517578,28.190000534057617,28.469999313354492,28.469999313354492,794800
2008-01-30,32.0,32.25,31.0,31.850000381469727,31.850000381469727,3171000
2008-01-31,31.200000762939453,31.6200008392334,30.549999237060547,31.239999771118164,31.239999771118164,2500100
2008-02-01,31.260000228881836,31.709999084472656,30.93000030517578,31.6299991607666,31.6299991607666,1100900
2008-02-04,31.84000015258789,31.84000015258789,31.110000610351562,31.299999237060547,31.299999237060547,883200
2008-02-05,30.899999618530273,31.200000762939453,30.0,30.0,30.0,1399800
2008-02-06,30.100000381469727,30.59000015258789,29.610000610351562,29.770000457763672,29.770000457763672,1267400
2008-02-07,29.56999969482422,30.75,28.84000015258789,30.31999969482422,30.31999969482422,1024000
2008-02-08,30.190000534057617,31.3799991607666,30.190000534057617,30.899999618530273,30.899999618530273,807800
2008-02-11,30.899999618530273,32.119998931884766,30.899999618530273,32.029998779296875,32.029998779296875,943700
2008-02-12,32.04999923706055,33.09000015258789,31.510000228881836,31.68000030517578,31.68000030517578,1474600
2008-02-13,31.700000762939453,32.65999984741211,31.68000030517578,32.54999923706055,32.54999923706055,851800
2008-02-14,32.689998626708984,33.099998474121094,32.33000183105469,32.33000183105469,32.33000183105469,634200
2008-02-15,32.36000061035156,32.5,31.670000076293945,31.959999084472656,31.959999084472656,799400
2008-02-19,32.04999923706055,32.27000045776367,31.059999465942383,31.190000534057617,31.190000534057617,1048200
2008-02-20,31.0,31.799999237060547,30.979999542236328,31.790000915527344,31.790000915527344,723800
2008-02-21,31.950000762939453,32.459999084472656,31.309999465942383,31.510000228881836,31.510000228881836,516000
2008-02-22,31.540000915527344,31.700000762939453,30.079999923706055,30.719999313354492,30.719999313354492,1271900
2008-02-25,30.700000762939453,31.739999771118164,30.399999618530273,31.600000381469727,31.600000381469727,1025400
2008-02-26,31.5,32.66999816894531,31.5,32.29999923706055,32.29999923706055,888100
2008-02-27,32.099998474121094,33.31999969482422,32.099998474121094,32.869998931884766,32.869998931884766,743200
2008-02-28,32.650001525878906,32.779998779296875,31.610000610351562,31.68000030517578,31.68000030517578,840700
2008-02-29,31.489999771118164,31.700000762939453,30.799999237060547,30.950000762939453,30.950000762939453,728700
2008-03-03,30.889999389648438,31.219999313354492,30.5,30.649999618530273,30.649999618530273,817900
2008-03-04,30.5,30.829999923706055,29.8799991607666,30.200000762939453,30.200000762939453,1414700
2008-03-05,30.299999237060547,31.34000015258789,30.079999923706055,30.3700008392334,30.3700008392334,1255300
2008-03-06,30.260000228881836,30.440000534057617,29.579999923706055,29.600000381469727,29.600000381469727,977500
2008-03-07,29.510000228881836,29.979999542236328,28.729999542236328,29.049999237060547,29.049999237060547,1170000
2008-03-10,29.040000915527344,29.420000076293945,28.600000381469727,28.6299991607666,28.6299991607666,674300
2008-03-11,28.649999618530273,29.3799991607666,28.579999923706055,29.0,29.0,1245600
2008-03-12,28.959999084472656,29.260000228881836,28.65999984741211,28.84000015258789,28.84000015258789,1014100
2008-03-13,28.549999237060547,29.399999618530273,28.399999618530273,29.190000534057617,29.190000534057617,1284200
2008-03-14,29.25,30.350000381469727,28.790000915527344,29.959999084472656,29.959999084472656,2072900
2008-03-17,29.260000228881836,30.6299991607666,29.059999465942383,30.34000015258789,30.34000015258789,1514800
2008-03-18,30.639999389648438,32.08000183105469,30.450000762939453,32.029998779296875,32.029998779296875,1439800
2008-03-19,31.899999618530273,32.02000045776367,30.829999923706055,30.950000762939453,30.950000762939453,1451800
2008-03-20,30.899999618530273,31.920000076293945,30.59000015258789,31.670000076293945,31.670000076293945,1560800
2008-03-24,32.20000076293945,32.79999923706055,31.690000534057617,31.729999542236328,31.729999542236328,1800600
2008-03-25,31.68000030517578,33.4900016784668,31.5,33.06999969482422,33.06999969482422,1696300
2008-03-26,32.58000183105469,32.79999923706055,31.079999923706055,31.920000076293945,31.920000076293945,2426700
2008-03-27,31.989999771118164,32.439998626708984,31.520000457763672,31.59000015258789,31.59000015258789,1408200
2008-03-28,31.700000762939453,32.04999923706055,30.989999771118164,31.1299991607666,31.1299991607666,1098700
2008-03-31,30.950000762939453,31.56999969482422,30.899999618530273,31.540000915527344,31.540000915527344,846700
2008-04-01,31.690000534057617,32.38999938964844,31.469999313354492,32.34000015258789,32.34000015258789,937500
2008-04-02,32.439998626708984,32.5,31.780000686645508,32.0099983215332,32.0099983215332,768000
2008-04-03,31.639999389648438,33.31999969482422,31.639999389648438,33.06999969482422,33.06999969482422,1093400
2008-04-04,33.13999938964844,33.709999084472656,32.40999984741211,33.29999923706055,33.29999923706055,591200
2008-04-07,33.5,33.54999923706055,32.47999954223633,32.779998779296875,32.779998779296875,918500
2008-04-08,32.47999954223633,33.150001525878906,32.31999969482422,33.0099983215332,33.0099983215332,1365900
2008-04-09,33.16999816894531,33.310001373291016,32.810001373291016,33.08000183105469,33.08000183105469,947900
2008-04-10,33.02000045776367,33.18000030517578,32.529998779296875,33.06999969482422,33.06999969482422,936900
2008-04-11,32.790000915527344,32.9900016784668,31.889999389648438,32.0,32.0,416700
2008-04-14,32.060001373291016,32.220001220703125,31.450000762939453,31.549999237060547,31.549999237060547,465700
2008-04-15,31.530000686645508,32.02000045776367,31.309999465942383,31.809999465942383,31.809999465942383,660600
2008-04-16,32.11000061035156,33.0099983215332,32.02000045776367,32.79999923706055,32.79999923706055,720000
2008-04-17,32.619998931884766,32.88999938964844,31.809999465942383,32.18000030517578,32.18000030517578,386100
2008-04-18,32.779998779296875,33.04999923706055,32.279998779296875,32.810001373291016,32.810001373291016,401600
2008-04-21,32.810001373291016,33.95000076293945,32.70000076293945,33.810001373291016,33.810001373291016,798400
2008-04-22,33.68000030517578,33.720001220703125,32.20000076293945,32.31999969482422,32.31999969482422,1233900
2008-04-23,32.45000076293945,33.84000015258789,32.41999816894531,33.4900016784668,33.4900016784668,821400
2008-04-24,33.470001220703125,34.08000183105469,32.4900016784668,33.849998474121094,33.849998474121094,1200800
2008-04-25,33.970001220703125,34.31999969482422,33.099998474121094,34.29999923706055,34.29999923706055,955100
2008-04-28,34.380001068115234,35.02000045776367,34.2400016784668,34.779998779296875,34.779998779296875,1064200
2008-04-29,34.900001525878906,35.70000076293945,34.58000183105469,35.25,35.25,1640300
2008-04-30,35.34000015258789,35.650001525878906,33.380001068115234,33.77000045776367,33.77000045776367,2743600
2008-05-01,33.650001525878906,35.0,33.310001373291016,34.65999984741211,34.65999984741211,1095400
2008-05-02,34.849998474121094,34.849998474121094,33.43000030517578,33.810001373291016,33.810001373291016,1283200
2008-05-05,33.9900016784668,34.79999923706055,33.619998931884766,34.38999938964844,34.38999938964844,824800
2008-05-06,33.79999923706055,35.040000915527344,33.43000030517578,34.849998474121094,34.849998474121094,785700
2008-05-07,35.36000061035156,35.9900016784668,34.849998474121094,34.959999084472656,34.959999084472656,1158600
2008-05-08,35.04999923706055,35.45000076293945,34.349998474121094,34.95000076293945,34.95000076293945,792200
2008-05-09,34.900001525878906,35.33000183105469,34.540000915527344,35.02000045776367,35.02000045776367,677100
2008-05-12,34.939998626708984,35.720001220703125,34.88999938964844,35.63999938964844,35.63999938964844,470300
2008-05-13,35.720001220703125,36.08000183105469,35.45000076293945,35.959999084472656,35.959999084472656,697500
2008-05-14,36.060001373291016,36.66999816894531,35.790000915527344,36.0099983215332,36.0099983215332,712200
2008-05-15,35.709999084472656,36.459999084472656,35.709999084472656,36.33000183105469,36.33000183105469,667700
2008-05-16,36.54999923706055,36.88999938964844,36.150001525878906,36.810001373291016,36.810001373291016,796400
2008-05-19,36.900001525878906,37.34000015258789,36.68000030517578,37.040000915527344,37.040000915527344,917600
2008-05-20,36.540000915527344,37.189998626708984,36.540000915527344,37.09000015258789,37.09000015258789,1743800
2008-05-21,37.25,37.650001525878906,36.849998474121094,36.939998626708984,36.939998626708984,1612100
2008-05-22,37.0,37.349998474121094,36.459999084472656,36.5099983215332,36.5099983215332,947400
2008-05-23,36.52000045776367,36.970001220703125,36.33000183105469,36.66999816894531,36.66999816894531,1065400
2008-05-27,36.790000915527344,37.33000183105469,36.06999969482422,36.63999938964844,36.63999938964844,1249100
2008-05-28,36.66999816894531,36.9900016784668,36.380001068115234,36.880001068115234,36.880001068115234,858700
2008-05-29,36.79999923706055,36.9900016784668,36.380001068115234,36.630001068115234,36.630001068115234,608900
2008-05-30,36.66999816894531,37.13999938964844,36.310001373291016,36.849998474121094,36.849998474121094,774000
2008-06-02,36.619998931884766,36.9900016784668,35.650001525878906,35.88999938964844,35.88999938964844,1130200
2008-06-03,36.040000915527344,36.130001068115234,35.5099983215332,35.83000183105469,35.83000183105469,1181300
2008-06-04,35.83000183105469,36.459999084472656,35.75,36.15999984741211,36.15999984741211,1080000
2008-06-05,36.38999938964844,36.86000061035156,36.150001525878906,36.84000015258789,36.84000015258789,959700
2008-06-06,36.529998779296875,36.84000015258789,35.77000045776367,35.83000183105469,35.83000183105469,897300
2008-06-09,35.81999969482422,35.91999816894531,34.779998779296875,35.2400016784668,35.2400016784668,959000
2008-06-10,35.13999938964844,35.220001220703125,34.5099983215332,34.70000076293945,34.70000076293945,773900
2008-06-11,34.599998474121094,35.0099983215332,33.29999923706055,33.33000183105469,33.33000183105469,1763100
2008-06-12,33.5,34.040000915527344,33.18000030517578,33.41999816894531,33.41999816894531,1135400
2008-06-13,33.59000015258789,34.04999923706055,33.529998779296875,34.029998779296875,34.029998779296875,1217000
2008-06-16,33.900001525878906,34.65999984741211,33.900001525878906,34.47999954223633,34.47999954223633,640200
2008-06-17,34.52000045776367,34.810001373291016,34.0,34.18000030517578,34.18000030517578,518700
2008-06-18,34.08000183105469,34.34000015258789,33.41999816894531,33.4900016784668,33.4900016784668,984400
2008-06-19,34.939998626708984,37.029998779296875,34.86000061035156,36.93000030517578,36.93000030517578,2979500
2008-06-20,36.79999923706055,36.81999969482422,35.810001373291016,36.11000061035156,36.11000061035156,1225100
2008-06-23,36.150001525878906,36.47999954223633,35.619998931884766,35.81999969482422,35.81999969482422,689800
2008-06-24,35.58000183105469,36.439998626708984,35.22999954223633,35.84000015258789,35.84000015258789,1120600
2008-06-25,37.400001525878906,39.2400016784668,37.0,38.220001220703125,38.220001220703125,3057300
2008-06-26,38.0,38.150001525878906,36.560001373291016,36.84000015258789,36.84000015258789,1615300
2008-06-27,36.56999969482422,36.790000915527344,35.84000015258789,36.459999084472656,36.459999084472656,1380600
2008-06-30,36.439998626708984,36.90999984741211,35.90999984741211,36.09000015258789,36.09000015258789,828000
2008-07-01,35.650001525878906,36.040000915527344,34.599998474121094,35.779998779296875,35.779998779296875,1924000
2008-07-02,35.77000045776367,35.86000061035156,34.27000045776367,34.349998474121094,34.349998474121094,1413300
2008-07-03,34.290000915527344,34.65999984741211,33.060001373291016,34.20000076293945,34.20000076293945,955800
2008-07-07,34.380001068115234,34.91999816894531,33.61000061035156,34.130001068115234,34.130001068115234,945600
2008-07-08,34.040000915527344,34.79999923706055,33.810001373291016,34.560001373291016,34.560001373291016,846700
2008-07-09,34.650001525878906,34.66999816894531,33.06999969482422,33.150001525878906,33.150001525878906,745200
2008-07-10,33.08000183105469,33.33000183105469,32.09000015258789,32.810001373291016,32.810001373291016,1370800
2008-07-11,32.4900016784668,33.09000015258789,31.770000457763672,32.56999969482422,32.56999969482422,984800
2008-07-14,32.93000030517578,32.93000030517578,31.270000457763672,31.90999984741211,31.90999984741211,1268400
2008-07-15,31.6200008392334,32.84000015258789,31.3700008392334,32.130001068115234,32.130001068115234,1101300
2008-07-16,32.290000915527344,32.849998474121094,31.899999618530273,32.470001220703125,32.470001220703125,1206500
2008-07-17,32.56999969482422,33.529998779296875,32.380001068115234,33.220001220703125,33.220001220703125,1114800
2008-07-18,33.0,33.13999938964844,32.29999923706055,32.650001525878906,32.650001525878906,653300
2008-07-21,32.75,33.08000183105469,32.16999816894531,32.77000045776367,32.77000045776367,844700
2008-07-22,32.36000061035156,32.86000061035156,31.989999771118164,32.7400016784668,32.7400016784668,938200
2008-07-23,32.70000076293945,33.06999969482422,32.29999923706055,32.439998626708984,32.439998626708984,1163600
2008-07-24,32.849998474121094,32.849998474121094,31.450000762939453,31.549999237060547,31.549999237060547,852800
2008-07-25,31.56999969482422,32.150001525878906,31.149999618530273,32.11000061035156,32.11000061035156,698600
2008-07-28,32.0,32.0,31.0,31.1200008392334,31.1200008392334,535200
2008-07-29,31.25,32.38999938964844,30.989999771118164,32.27000045776367,32.27000045776367,1059500
2008-07-30,34.66999816894531,34.66999816894531,32.18000030517578,33.310001373291016,33.310001373291016,2379200
2008-07-31,33.0099983215332,33.709999084472656,32.470001220703125,32.709999084472656,32.709999084472656,1261700
2008-08-01,32.63999938964844,32.88999938964844,32.27000045776367,32.56999969482422,32.56999969482422,840100
2008-08-04,32.52000045776367,33.0,32.130001068115234,32.40999984741211,32.40999984741211,705300
2008-08-05,32.619998931884766,32.88999938964844,32.290000915527344,32.81999969482422,32.81999969482422,566200
2008-08-06,32.93000030517578,33.36000061035156,32.43000030517578,33.04999923706055,33.04999923706055,889500
2008-08-07,32.75,33.93000030517578,32.650001525878906,33.25,33.25,989500
2008-08-08,33.25,34.15999984741211,33.04999923706055,34.0099983215332,34.0099983215332,860300
2008-08-11,33.75,34.869998931884766,33.56999969482422,34.599998474121094,34.599998474121094,633600
2008-08-12,34.58000183105469,34.88999938964844,34.25,34.630001068115234,34.630001068115234,597500
2008-08-13,34.5099983215332,35.0,34.220001220703125,34.779998779296875,34.779998779296875,763100
2008-08-14,34.65999984741211,35.22999954223633,34.599998474121094,34.95000076293945,34.95000076293945,850700
2008-08-15,35.04999923706055,35.15999984741211,34.209999084472656,34.38999938964844,34.38999938964844,610200
2008-08-18,34.36000061035156,34.540000915527344,33.66999816894531,34.06999969482422,34.06999969482422,502200
2008-08-19,33.84000015258789,34.029998779296875,33.25,33.52000045776367,33.52000045776367,560700
2008-08-20,33.58000183105469,34.15999984741211,33.27000045776367,33.790000915527344,33.790000915527344,491500
2008-08-21,33.54999923706055,33.95000076293945,33.33000183105469,33.81999969482422,33.81999969482422,359600
2008-08-22,33.900001525878906,34.650001525878906,33.900001525878906,34.43000030517578,34.43000030517578,581400
2008-08-25,34.43000030517578,34.47999954223633,34.0,34.189998626708984,34.189998626708984,539600
2008-08-26,34.08000183105469,34.08000183105469,33.119998931884766,33.52000045776367,33.52000045776367,613400
2008-08-27,33.59000015258789,34.150001525878906,33.349998474121094,33.7599983215332,33.7599983215332,538400
2008-08-28,33.959999084472656,34.15999984741211,33.59000015258789,34.099998474121094,34.099998474121094,582500
2008-08-29,33.95000076293945,33.9900016784668,32.810001373291016,33.709999084472656,33.709999084472656,1318300
2008-09-02,34.099998474121094,34.150001525878906,33.25,33.58000183105469,33.58000183105469,1072700
2008-09-03,33.45000076293945,33.619998931884766,31.3700008392334,31.5,31.5,1957300
2008-09-04,31.280000686645508,32.13999938964844,31.229999542236328,31.25,31.25,1829800
2008-09-05,30.959999084472656,31.809999465942383,30.1299991607666,31.59000015258789,31.59000015258789,1948700
2008-09-08,31.329999923706055,32.060001373291016,31.149999618530273,31.489999771118164,31.489999771118164,1540900
2008-09-09,31.299999237060547,31.299999237060547,30.18000030517578,30.309999465942383,30.309999465942383,943200
2008-09-10,30.450000762939453,30.700000762939453,30.030000686645508,30.40999984741211,30.40999984741211,655200
2008-09-11,29.809999465942383,31.010000228881836,29.75,30.920000076293945,30.920000076293945,789600
2008-09-12,30.760000228881836,31.25,30.43000030517578,31.200000762939453,31.200000762939453,640700
2008-09-15,29.93000030517578,30.899999618530273,29.93000030517578,30.040000915527344,30.040000915527344,803600
2008-09-16,29.709999084472656,30.25,29.25,29.6299991607666,29.6299991607666,1906200
2008-09-17,29.260000228881836,30.040000915527344,29.09000015258789,29.649999618530273,29.649999618530273,1407100
2008-09-18,29.559999465942383,31.639999389648438,29.559999465942383,31.600000381469727,31.600000381469727,1223600
2008-09-19,32.13999938964844,33.099998474121094,30.780000686645508,31.18000030517578,31.18000030517578,1503000
2008-09-22,31.15999984741211,31.739999771118164,30.450000762939453,30.540000915527344,30.540000915527344,621700
2008-09-23,30.610000610351562,31.110000610351562,30.420000076293945,30.610000610351562,30.610000610351562,616800
2008-09-24,30.8700008392334,31.079999923706055,30.110000610351562,30.260000228881836,30.260000228881836,666900
2008-09-25,30.459999084472656,30.489999771118164,29.8799991607666,30.100000381469727,30.100000381469727,649700
2008-09-26,29.799999237060547,31.100000381469727,29.600000381469727,31.079999923706055,31.079999923706055,1064700
2008-09-29,30.709999084472656,30.709999084472656,29.56999969482422,29.850000381469727,29.850000381469727,1340100
2008-09-30,30.280000686645508,30.889999389648438,29.950000762939453,30.700000762939453,30.700000762939453,823400
2008-10-01,30.399999618530273,30.81999969482422,30.059999465942383,30.440000534057617,30.440000534057617,871000
2008-10-02,30.299999237060547,30.31999969482422,28.739999771118164,28.8700008392334,28.8700008392334,796600
2008-10-03,29.270000457763672,30.15999984741211,29.0,29.15999984741211,29.15999984741211,913500
2008-10-06,28.75,28.93000030517578,25.889999389648438,27.520000457763672,27.520000457763672,1520100
2008-10-07,27.799999237060547,27.799999237060547,26.149999618530273,26.149999618530273,26.149999618530273,1284100
2008-10-08,25.639999389648438,27.15999984741211,25.520000457763672,26.510000228881836,26.510000228881836,1603800
2008-10-09,26.6200008392334,27.299999237060547,26.059999465942383,26.280000686645508,26.280000686645508,1539400
2008-10-10,25.549999237060547,26.850000381469727,24.65999984741211,26.079999923706055,26.079999923706055,1620400
2008-10-13,27.18000030517578,27.8700008392334,26.600000381469727,27.84000015258789,27.84000015258789,996500
2008-10-14,28.170000076293945,28.479999542236328,26.93000030517578,27.100000381469727,27.100000381469727,1155200
2008-10-15,26.899999618530273,27.260000228881836,24.690000534057617,24.829999923706055,24.829999923706055,1321000
2008-10-16,24.760000228881836,26.489999771118164,23.979999542236328,26.40999984741211,26.40999984741211,946200
2008-10-17,25.950000762939453,26.829999923706055,25.610000610351562,25.829999923706055,25.829999923706055,663700
2008-10-20,26.260000228881836,26.469999313354492,25.579999923706055,26.280000686645508,26.280000686645508,609100
2008-10-21,25.709999084472656,25.93000030517578,24.229999542236328,24.299999237060547,24.299999237060547,1326100
2008-10-22,24.079999923706055,24.850000381469727,23.209999084472656,23.40999984741211,23.40999984741211,892400
2008-10-23,23.440000534057617,23.729999542236328,20.290000915527344,21.56999969482422,21.56999969482422,2416800
2008-10-24,20.1200008392334,22.809999465942383,20.09000015258789,22.229999542236328,22.229999542236328,1137900
2008-10-27,21.850000381469727,23.0,21.670000076293945,22.110000610351562,22.110000610351562,898000
2008-10-28,22.3700008392334,23.3799991607666,21.5,23.200000762939453,23.200000762939453,1263200
2008-10-29,23.989999771118164,25.09000015258789,23.59000015258789,24.649999618530273,24.649999618530273,1949200
2008-10-30,25.100000381469727,25.56999969482422,24.510000228881836,25.170000076293945,25.170000076293945,1024600
2008-10-31,25.0,26.479999542236328,25.0,25.959999084472656,25.959999084472656,1313000
2008-11-03,25.959999084472656,26.170000076293945,25.239999771118164,25.610000610351562,25.610000610351562,581300
2008-11-04,25.799999237060547,26.579999923706055,25.40999984741211,26.510000228881836,26.510000228881836,852600
2008-11-05,26.1299991607666,26.420000076293945,25.469999313354492,25.530000686645508,25.530000686645508,879900
2008-11-06,25.450000762939453,25.59000015258789,23.68000030517578,23.770000457763672,23.770000457763672,922400
2008-11-07,24.0,24.700000762939453,23.770000457763672,24.290000915527344,24.290000915527344,795700
2008-11-10,24.530000686645508,24.670000076293945,22.719999313354492,22.809999465942383,22.809999465942383,1117700
2008-11-11,22.610000610351562,23.200000762939453,22.260000228881836,22.639999389648438,22.639999389648438,806700
2008-11-12,22.299999237060547,22.639999389648438,21.5,21.639999389648438,21.639999389648438,1263400
2008-11-13,21.610000610351562,22.559999465942383,20.389999389648438,22.520000457763672,22.520000457763672,1220700
2008-11-14,22.260000228881836,22.540000915527344,21.100000381469727,21.5,21.5,1374200
2008-11-17,21.399999618530273,22.020000457763672,21.15999984741211,21.540000915527344,21.540000915527344,1182200
2008-11-18,21.700000762939453,22.100000381469727,20.739999771118164,21.290000915527344,21.290000915527344,1060400
2008-11-19,21.239999771118164,21.65999984741211,19.670000076293945,19.690000534057617,19.690000534057617,695500
2008-11-20,19.5,19.959999084472656,18.389999389648438,18.43000030517578,18.43000030517578,985100
2008-11-21,18.59000015258789,18.950000762939453,17.479999542236328,18.8799991607666,18.8799991607666,1324600
2008-11-24,18.829999923706055,19.760000228881836,18.459999084472656,19.579999923706055,19.579999923706055,746300
2008-11-25,19.809999465942383,20.5,19.579999923706055,20.25,20.25,1307100
2008-11-26,20.030000686645508,21.239999771118164,19.959999084472656,21.170000076293945,21.170000076293945,627300
2008-11-28,20.989999771118164,21.1200008392334,20.75,20.959999084472656,20.959999084472656,197600
2008-12-01,20.6200008392334,20.6200008392334,19.239999771118164,19.239999771118164,19.239999771118164,813900
2008-12-02,19.43000030517578,19.469999313354492,18.739999771118164,19.139999389648438,19.139999389648438,726900
2008-12-03,18.75,19.440000534057617,18.649999618530273,19.389999389648438,19.389999389648438,659600
2008-12-04,19.18000030517578,19.309999465942383,17.31999969482422,17.540000915527344,17.540000915527344,1157300
2008-12-05,17.43000030517578,17.90999984741211,17.049999237060547,17.760000228881836,17.760000228881836,927900
2008-12-08,17.719999313354492,18.09000015258789,17.43000030517578,17.700000762939453,17.700000762939453,703800
2008-12-09,17.709999084472656,19.190000534057617,17.709999084472656,18.889999389648438,18.889999389648438,1337500
2008-12-10,18.670000076293945,19.940000534057617,18.670000076293945,19.540000915527344,19.540000915527344,1133900
2008-12-11,19.290000915527344,20.09000015258789,19.290000915527344,19.639999389648438,19.639999389648438,1010600
2008-12-12,19.280000686645508,21.329999923706055,19.25,21.1299991607666,21.1299991607666,1174300
2008-12-15,21.139999389648438,21.31999969482422,20.639999389648438,21.06999969482422,21.06999969482422,883200
2008-12-16,21.25,22.65999984741211,21.15999984741211,22.65999984741211,22.65999984741211,965600
2008-12-17,22.479999542236328,25.739999771118164,22.280000686645508,25.18000030517578,25.18000030517578,2311100
2008-12-18,25.09000015258789,25.18000030517578,23.68000030517578,24.209999084472656,24.209999084472656,1431100
2008-12-19,24.290000915527344,25.0,23.950000762939453,24.610000610351562,24.610000610351562,1441500
2008-12-22,24.610000610351562,24.610000610351562,22.979999542236328,23.549999237060547,23.549999237060547,685100
2008-12-23,23.799999237060547,23.989999771118164,23.059999465942383,23.280000686645508,23.280000686645508,584700
2008-12-24,23.3700008392334,23.979999542236328,23.040000915527344,23.979999542236328,23.979999542236328,270600
2008-12-26,23.8700008392334,23.899999618530273,23.350000381469727,23.670000076293945,23.670000076293945,154600
2008-12-29,23.540000915527344,23.65999984741211,22.90999984741211,23.43000030517578,23.43000030517578,548600
2008-12-30,23.770000457763672,24.670000076293945,23.639999389648438,24.610000610351562,24.610000610351562,514000
2008-12-31,24.489999771118164,25.1200008392334,24.25,24.780000686645508,24.780000686645508,475200
2009-01-02,24.940000534057617,25.700000762939453,24.40999984741211,25.559999465942383,25.559999465942383,404400
2009-01-05,25.3700008392334,26.0,25.030000686645508,25.389999389648438,25.389999389648438,867700
2009-01-06,25.469999313354492,26.56999969482422,25.290000915527344,26.299999237060547,26.299999237060547,849800
2009-01-07,26.079999923706055,26.09000015258789,23.579999923706055,24.25,24.25,1595000
2009-01-08,24.1299991607666,24.6299991607666,23.34000015258789,24.549999237060547,24.549999237060547,1106500
2009-01-09,24.6200008392334,24.729999542236328,23.18000030517578,23.649999618530273,23.649999618530273,687300
2009-01-12,23.59000015258789,23.760000228881836,23.1299991607666,23.489999771118164,23.489999771118164,829100
2009-01-13,23.40999984741211,24.420000076293945,23.149999618530273,23.639999389648438,23.639999389648438,1104800
2009-01-14,23.43000030517578,23.459999084472656,22.350000381469727,22.549999237060547,22.549999237060547,902300
2009-01-15,22.540000915527344,23.1299991607666,22.09000015258789,22.989999771118164,22.989999771118164,696700
2009-01-16,23.06999969482422,23.440000534057617,22.459999084472656,23.139999389648438,23.139999389648438,745700
2009-01-20,23.059999465942383,23.34000015258789,21.790000915527344,21.899999618530273,21.899999618530273,912500
2009-01-21,22.229999542236328,22.700000762939453,21.709999084472656,22.65999984741211,22.65999984741211,809900
2009-01-22,22.280000686645508,22.989999771118164,22.0,22.600000381469727,22.600000381469727,728300
2009-01-23,22.239999771118164,23.940000534057617,22.18000030517578,23.489999771118164,23.489999771118164,811000
2009-01-26,23.489999771118164,24.59000015258789,23.459999084472656,23.829999923706055,23.829999923706055,625100
2009-01-27,23.799999237060547,24.520000457763672,23.75,24.360000610351562,24.360000610351562,723800
2009-01-28,24.549999237060547,25.079999923706055,24.489999771118164,24.799999237060547,24.799999237060547,771800
2009-01-29,24.579999923706055,24.579999923706055,23.530000686645508,23.600000381469727,23.600000381469727,567300
2009-01-30,23.8799991607666,24.100000381469727,22.860000610351562,23.030000686645508,23.030000686645508,989600
2009-02-02,22.649999618530273,23.34000015258789,22.549999237060547,23.15999984741211,23.15999984741211,1052800
2009-02-03,23.149999618530273,23.530000686645508,22.68000030517578,23.09000015258789,23.09000015258789,2068000
2009-02-04,22.8700008392334,24.600000381469727,22.700000762939453,23.479999542236328,23.479999542236328,1745400
2009-02-05,23.389999389648438,24.75,23.219999313354492,24.139999389648438,24.139999389648438,930700
2009-02-06,24.329999923706055,25.739999771118164,24.329999923706055,25.649999618530273,25.649999618530273,1269700
2009-02-09,25.68000030517578,25.68000030517578,24.559999465942383,25.09000015258789,25.09000015258789,734500
2009-02-10,24.780000686645508,25.31999969482422,23.850000381469727,24.139999389648438,24.139999389648438,1192000
2009-02-11,24.15999984741211,24.56999969482422,23.3700008392334,23.75,23.75,848500
2009-02-12,23.540000915527344,24.549999237060547,23.5,24.450000762939453,24.450000762939453,1045100
2009-02-13,24.399999618530273,25.450000762939453,24.260000228881836,24.799999237060547,24.799999237060547,842000
2009-02-17,24.5,24.5,22.8700008392334,22.959999084472656,22.959999084472656,1346900
2009-02-18,22.940000534057617,23.15999984741211,22.309999465942383,22.729999542236328,22.729999542236328,791400
2009-02-19,22.93000030517578,22.959999084472656,21.93000030517578,22.040000915527344,22.040000915527344,859000
2009-02-20,21.809999465942383,22.399999618530273,21.670000076293945,22.149999618530273,22.149999618530273,816800
2009-02-23,22.329999923706055,22.329999923706055,21.219999313354492,21.270000457763672,21.270000457763672,734000
2009-02-24,21.360000610351562,22.360000610351562,21.290000915527344,22.260000228881836,22.260000228881836,824700
2009-02-25,22.079999923706055,22.729999542236328,21.81999969482422,22.270000457763672,22.270000457763672,646900
2009-02-26,22.420000076293945,23.040000915527344,21.68000030517578,21.790000915527344,21.790000915527344,499100
2009-02-27,21.510000228881836,22.479999542236328,21.389999389648438,21.899999618530273,21.899999618530273,568400
2009-03-02,21.450000762939453,21.649999618530273,20.399999618530273,20.510000228881836,20.510000228881836,426900
2009-03-03,20.729999542236328,21.520000457763672,20.610000610351562,21.09000015258789,21.09000015258789,932500
2009-03-04,21.34000015258789,22.40999984741211,21.329999923706055,22.079999923706055,22.079999923706055,579400
2009-03-05,21.610000610351562,22.389999389648438,21.610000610351562,21.690000534057617,21.690000534057617,679900
2009-03-06,21.81999969482422,22.309999465942383,21.399999618530273,21.799999237060547,21.799999237060547,1406200
2009-03-09,21.860000610351562,22.540000915527344,21.420000076293945,21.90999984741211,21.90999984741211,748800
2009-03-10,22.100000381469727,24.049999237060547,22.059999465942383,23.940000534057617,23.940000534057617,995600
2009-03-11,23.940000534057617,25.399999618530273,23.770000457763672,25.09000015258789,25.09000015258789,1426700
2009-03-12,25.0,26.270000457763672,24.90999984741211,26.139999389648438,26.139999389648438,1065900
2009-03-13,26.219999313354492,26.219999313354492,25.6200008392334,25.920000076293945,25.920000076293945,772300
2009-03-16,25.270000457763672,25.860000610351562,24.829999923706055,25.079999923706055,25.079999923706055,829900
2009-03-17,25.25,26.0,24.75,25.920000076293945,25.920000076293945,542800
2009-03-18,25.950000762939453,27.520000457763672,25.329999923706055,27.329999923706055,27.329999923706055,1136400
2009-03-19,27.56999969482422,28.030000686645508,27.280000686645508,27.920000076293945,27.920000076293945,1400000
2009-03-20,27.75,28.1299991607666,26.389999389648438,26.920000076293945,26.920000076293945,1515100
2009-03-23,27.1299991607666,27.739999771118164,26.8799991607666,27.739999771118164,27.739999771118164,1014900
2009-03-24,27.450000762939453,27.520000457763672,26.489999771118164,27.110000610351562,27.110000610351562,964200
2009-03-25,25.940000534057617,27.06999969482422,25.790000915527344,26.389999389648438,26.389999389648438,1338800
2009-03-26,26.829999923706055,27.739999771118164,26.520000457763672,27.68000030517578,27.68000030517578,1076500
2009-03-27,27.780000686645508,27.780000686645508,26.8799991607666,26.959999084472656,26.959999084472656,677800
2009-03-30,26.68000030517578,26.850000381469727,25.889999389648438,26.40999984741211,26.40999984741211,789900
2009-03-31,26.81999969482422,27.059999465942383,26.399999618530273,26.399999618530273,26.399999618530273,590300
2009-04-01,26.239999771118164,26.649999618530273,25.799999237060547,26.59000015258789,26.59000015258789,972700
2009-04-02,26.809999465942383,28.049999237060547,26.809999465942383,27.6299991607666,27.6299991607666,887100
2009-04-03,27.709999084472656,27.860000610351562,27.040000915527344,27.84000015258789,27.84000015258789,665800
2009-04-06,27.850000381469727,27.850000381469727,26.700000762939453,27.110000610351562,27.110000610351562,698000
2009-04-07,26.81999969482422,26.90999984741211,26.190000534057617,26.3799991607666,26.3799991607666,847000
2009-04-08,26.719999313354492,27.31999969482422,26.559999465942383,27.15999984741211,27.15999984741211,674200
2009-04-09,27.440000534057617,28.8700008392334,27.40999984741211,28.530000686645508,28.530000686645508,934200
2009-04-13,28.479999542236328,28.479999542236328,27.440000534057617,28.260000228881836,28.260000228881836,600900
2009-04-14,28.059999465942383,28.540000915527344,27.670000076293945,28.09000015258789,28.09000015258789,410000
2009-04-15,26.479999542236328,27.40999984741211,26.40999984741211,27.270000457763672,27.270000457763672,1098900
2009-04-16,27.610000610351562,28.219999313354492,27.270000457763672,28.149999618530273,28.149999618530273,521200
2009-04-17,28.190000534057617,28.809999465942383,27.93000030517578,28.530000686645508,28.530000686645508,755500
2009-04-20,28.010000228881836,28.229999542236328,27.18000030517578,27.520000457763672,27.520000457763672,763600
2009-04-21,27.479999542236328,28.09000015258789,26.899999618530273,27.579999923706055,27.579999923706055,719500
2009-04-22,27.290000915527344,28.889999389648438,26.959999084472656,28.450000762939453,28.450000762939453,763100
2009-04-23,28.489999771118164,28.489999771118164,27.020000457763672,27.84000015258789,27.84000015258789,1130000
2009-04-24,27.84000015258789,28.84000015258789,27.170000076293945,28.670000076293945,28.670000076293945,776200
2009-04-27,28.25,29.09000015258789,28.059999465942383,28.450000762939453,28.450000762939453,481600
2009-04-28,28.309999465942383,29.290000915527344,28.020000457763672,29.020000457763672,29.020000457763672,1177700
2009-04-29,32.40999984741211,33.90999984741211,31.0,33.29999923706055,33.29999923706055,4126300
2009-04-30,33.83000183105469,33.91999816894531,32.4900016784668,33.2599983215332,33.2599983215332,1900000
2009-05-01,33.09000015258789,33.849998474121094,33.0,33.61000061035156,33.61000061035156,887900
2009-05-04,33.41999816894531,34.75,33.29999923706055,34.31999969482422,34.31999969482422,1433100
2009-05-05,34.47999954223633,34.47999954223633,33.380001068115234,34.20000076293945,34.20000076293945,1254600
2009-05-06,34.41999816894531,34.5,33.25,33.560001373291016,33.560001373291016,922700
2009-05-07,33.86000061035156,33.93000030517578,31.799999237060547,32.04999923706055,32.04999923706055,1272500
2009-05-08,32.25,32.43000030517578,30.809999465942383,31.139999389648438,31.139999389648438,1293100
2009-05-11,30.940000534057617,31.06999969482422,30.3799991607666,30.520000457763672,30.520000457763672,1464300
2009-05-12,30.809999465942383,30.979999542236328,29.399999618530273,29.850000381469727,29.850000381469727,1268500
2009-05-13,29.770000457763672,29.920000076293945,29.229999542236328,29.450000762939453,29.450000762939453,905000
2009-05-14,29.489999771118164,30.149999618530273,29.3799991607666,29.899999618530273,29.899999618530273,970700
2009-05-15,29.93000030517578,30.940000534057617,29.68000030517578,30.110000610351562,30.110000610351562,1359000
2009-05-18,30.229999542236328,31.139999389648438,30.06999969482422,31.100000381469727,31.100000381469727,1228800
2009-05-19,31.139999389648438,31.770000457763672,30.690000534057617,31.40999984741211,31.40999984741211,975900
2009-05-20,31.920000076293945,32.52000045776367,31.139999389648438,31.360000610351562,31.360000610351562,974800
2009-05-21,31.1299991607666,31.360000610351562,30.68000030517578,31.299999237060547,31.299999237060547,939000
2009-05-22,31.299999237060547,31.799999237060547,30.8799991607666,31.440000534057617,31.440000534057617,608800
2009-05-26,32.09000015258789,33.58000183105469,31.90999984741211,33.380001068115234,33.380001068115234,1147900
2009-05-27,33.33000183105469,34.0099983215332,33.0099983215332,33.15999984741211,33.15999984741211,811300
2009-05-28,33.369998931884766,33.56999969482422,32.45000076293945,33.400001525878906,33.400001525878906,578600
2009-05-29,33.369998931884766,34.09000015258789,32.939998626708984,33.619998931884766,33.619998931884766,983400
2009-06-01,33.7400016784668,35.650001525878906,33.7400016784668,35.33000183105469,35.33000183105469,1321000
2009-06-02,35.13999938964844,35.5,34.65999984741211,34.880001068115234,34.880001068115234,1031300
2009-06-03,34.849998474121094,35.59000015258789,34.33000183105469,35.20000076293945,35.20000076293945,1292800
2009-06-04,35.08000183105469,35.93000030517578,34.91999816894531,35.779998779296875,35.779998779296875,920500
2009-06-05,35.959999084472656,36.0,35.119998931884766,35.5099983215332,35.5099983215332,775700
2009-06-08,35.45000076293945,36.279998779296875,34.90999984741211,36.040000915527344,36.040000915527344,850600
2009-06-09,35.91999816894531,38.470001220703125,35.91999816894531,37.790000915527344,37.790000915527344,1569100
2009-06-10,38.459999084472656,39.150001525878906,37.279998779296875,38.04999923706055,38.04999923706055,1082700
2009-06-11,38.04999923706055,38.77000045776367,37.70000076293945,38.27000045776367,38.27000045776367,612000
2009-06-12,37.9900016784668,37.9900016784668,36.9900016784668,37.86000061035156,37.86000061035156,652200
2009-06-15,38.439998626708984,38.869998931884766,37.130001068115234,37.9900016784668,37.9900016784668,880100
2009-06-16,38.33000183105469,38.709999084472656,37.68000030517578,37.91999816894531,37.91999816894531,917100
2009-06-17,38.279998779296875,38.4900016784668,35.65999984741211,37.689998626708984,37.689998626708984,3139600
2009-06-18,37.5,37.900001525878906,36.40999984741211,36.54999923706055,36.54999923706055,1716800
2009-06-19,36.810001373291016,37.61000061035156,36.810001373291016,37.27000045776367,37.27000045776367,1011600
2009-06-22,37.13999938964844,37.5,36.59000015258789,36.599998474121094,36.599998474121094,1066100
2009-06-23,36.72999954223633,37.13999938964844,36.40999984741211,36.77000045776367,36.77000045776367,1395400
2009-06-24,37.34000015258789,38.560001373291016,37.13999938964844,37.7599983215332,37.7599983215332,1069800
2009-06-25,38.220001220703125,38.810001373291016,37.939998626708984,38.630001068115234,38.630001068115234,1001200
2009-06-26,38.369998931884766,39.27000045776367,38.25,38.75,38.75,705700
2009-06-29,38.95000076293945,39.0099983215332,38.11000061035156,38.209999084472656,38.209999084472656,748500
2009-06-30,38.29999923706055,39.0,37.41999816894531,37.97999954223633,37.97999954223633,946000
2009-07-01,38.29999923706055,39.290000915527344,38.25,38.33000183105469,38.33000183105469,939800
2009-07-02,38.13999938964844,38.66999816894531,37.599998474121094,37.9900016784668,37.9900016784668,799000
2009-07-06,37.91999816894531,37.97999954223633,36.04999923706055,36.72999954223633,36.72999954223633,1187600
2009-07-07,36.61000061035156,37.2400016784668,35.970001220703125,36.029998779296875,36.029998779296875,692900
2009-07-08,36.150001525878906,36.150001525878906,34.59000015258789,35.18000030517578,35.18000030517578,1234200
2009-07-09,35.27000045776367,36.209999084472656,35.27000045776367,36.13999938964844,36.13999938964844,1479600
2009-07-10,35.869998931884766,36.86000061035156,35.79999923706055,36.470001220703125,36.470001220703125,809000
2009-07-13,36.33000183105469,37.20000076293945,35.41999816894531,37.20000076293945,37.20000076293945,865300
2009-07-14,36.90999984741211,37.709999084472656,36.7599983215332,37.45000076293945,37.45000076293945,952800
2009-07-15,38.08000183105469,38.779998779296875,37.79999923706055,38.650001525878906,38.650001525878906,947700
2009-07-16,38.380001068115234,39.29999923706055,37.939998626708984,39.130001068115234,39.130001068115234,910600
2009-07-17,39.130001068115234,39.380001068115234,38.540000915527344,39.369998931884766,39.369998931884766,612700
2009-07-20,39.349998474121094,39.72999954223633,38.66999816894531,39.209999084472656,39.209999084472656,615900
2009-07-21,39.2599983215332,39.33000183105469,38.220001220703125,39.08000183105469,39.08000183105469,645800
2009-07-22,39.0,40.72999954223633,38.790000915527344,40.150001525878906,40.150001525878906,1431500
2009-07-23,40.11000061035156,40.970001220703125,39.619998931884766,40.29999923706055,40.29999923706055,1324600
2009-07-24,39.83000183105469,40.0099983215332,38.650001525878906,39.95000076293945,39.95000076293945,920300
2009-07-27,39.91999816894531,40.16999816894531,38.52000045776367,39.61000061035156,39.61000061035156,779000
2009-07-28,39.470001220703125,40.04999923706055,39.36000061035156,39.810001373291016,39.810001373291016,1194200
2009-07-29,39.38999938964844,43.2599983215332,39.29999923706055,42.849998474121094,42.849998474121094,3067900
2009-07-30,43.02000045776367,43.380001068115234,42.290000915527344,42.41999816894531,42.41999816894531,1026700
2009-07-31,42.400001525878906,43.189998626708984,42.0,42.83000183105469,42.83000183105469,753100
2009-08-03,42.7599983215332,43.25,42.279998779296875,43.209999084472656,43.209999084472656,718000
2009-08-04,42.75,43.68000030517578,42.70000076293945,42.869998931884766,42.869998931884766,584400
2009-08-05,42.79999923706055,42.97999954223633,41.630001068115234,41.959999084472656,41.959999084472656,473500
2009-08-06,41.790000915527344,42.560001373291016,40.79999923706055,40.869998931884766,40.869998931884766,595100
2009-08-07,41.119998931884766,41.849998474121094,40.790000915527344,41.439998626708984,41.439998626708984,534600
2009-08-10,41.439998626708984,41.7400016784668,40.83000183105469,41.2599983215332,41.2599983215332,312700
2009-08-11,41.060001373291016,41.380001068115234,40.119998931884766,40.83000183105469,40.83000183105469,641600
2009-08-12,40.959999084472656,41.63999938964844,40.77000045776367,41.2599983215332,41.2599983215332,588400
2009-08-13,41.630001068115234,42.189998626708984,41.0,42.13999938964844,42.13999938964844,807300
2009-08-14,41.84000015258789,42.0099983215332,40.84000015258789,41.43000030517578,41.43000030517578,845800
2009-08-17,40.70000076293945,41.20000076293945,40.59000015258789,40.81999969482422,40.81999969482422,404300
2009-08-18,40.869998931884766,41.630001068115234,40.77000045776367,41.59000015258789,41.59000015258789,375700
2009-08-19,41.15999984741211,41.560001373291016,40.75,41.5,41.5,266700
2009-08-20,41.31999969482422,41.91999816894531,41.08000183105469,41.7599983215332,41.7599983215332,453500
2009-08-21,42.060001373291016,43.029998779296875,41.65999984741211,42.90999984741211,42.90999984741211,448400
2009-08-24,42.869998931884766,43.290000915527344,42.45000076293945,42.560001373291016,42.560001373291016,389400
2009-08-25,42.84000015258789,43.29999923706055,42.349998474121094,42.68000030517578,42.68000030517578,385500
2009-08-26,42.439998626708984,43.0099983215332,42.349998474121094,42.59000015258789,42.59000015258789,1088300
2009-08-27,42.5,43.13999938964844,42.150001525878906,43.0099983215332,43.0099983215332,981300
2009-08-28,43.5099983215332,45.38999938964844,43.43000030517578,44.65999984741211,44.65999984741211,2738700
2009-08-31,44.63999938964844,45.380001068115234,43.869998931884766,45.060001373291016,45.060001373291016,1305200
2009-09-01,44.66999816894531,46.20000076293945,43.939998626708984,44.16999816894531,44.16999816894531,1254200
2009-09-02,44.209999084472656,45.22999954223633,43.90999984741211,44.650001525878906,44.650001525878906,942900
2009-09-03,44.959999084472656,45.470001220703125,44.66999816894531,45.439998626708984,45.439998626708984,720800
2009-09-04,45.65999984741211,46.77000045776367,45.099998474121094,46.7400016784668,46.7400016784668,545000
2009-09-08,46.97999954223633,48.84000015258789,46.880001068115234,48.81999969482422,48.81999969482422,1778100
2009-09-09,48.5099983215332,49.08000183105469,47.880001068115234,48.529998779296875,48.529998779296875,1367800
2009-09-10,48.41999816894531,48.88999938964844,48.18000030517578,48.650001525878906,48.650001525878906,766600
2009-09-11,48.58000183105469,48.630001068115234,47.290000915527344,47.58000183105469,47.58000183105469,719400
2009-09-14,47.540000915527344,48.04999923706055,47.349998474121094,48.0099983215332,48.0099983215332,564200
2009-09-15,47.77000045776367,48.63999938964844,47.77000045776367,47.959999084472656,47.959999084472656,553000
2009-09-16,48.59000015258789,49.0,46.130001068115234,47.540000915527344,47.540000915527344,2124400
2009-09-17,47.5,48.5,47.099998474121094,47.119998931884766,47.119998931884766,779100
2009-09-18,47.349998474121094,47.70000076293945,46.150001525878906,46.650001525878906,46.650001525878906,899200
2009-09-21,46.779998779296875,47.61000061035156,46.560001373291016,47.400001525878906,47.400001525878906,1369200
2009-09-22,47.880001068115234,47.88999938964844,47.11000061035156,47.290000915527344,47.290000915527344,711200
2009-09-23,47.20000076293945,47.77000045776367,46.790000915527344,46.83000183105469,46.83000183105469,672400
2009-09-24,46.97999954223633,47.08000183105469,45.029998779296875,45.47999954223633,45.47999954223633,999500
2009-09-25,45.5099983215332,45.869998931884766,45.11000061035156,45.4900016784668,45.4900016784668,534600
2009-09-28,45.790000915527344,46.880001068115234,45.790000915527344,46.4900016784668,46.4900016784668,421200
2009-09-29,46.630001068115234,46.959999084472656,45.900001525878906,46.06999969482422,46.06999969482422,248800
2009-09-30,46.25,47.04999923706055,45.56999969482422,46.36000061035156,46.36000061035156,364600
2009-10-01,46.099998474121094,46.2599983215332,44.279998779296875,44.52000045776367,44.52000045776367,1633100
2009-10-02,44.099998474121094,44.68000030517578,43.119998931884766,43.130001068115234,43.130001068115234,990200
2009-10-05,43.38999938964844,44.7400016784668,42.439998626708984,44.66999816894531,44.66999816894531,897900
2009-10-06,45.150001525878906,45.70000076293945,44.90999984741211,45.459999084472656,45.459999084472656,1107700
2009-10-07,45.22999954223633,45.52000045776367,44.38999938964844,44.560001373291016,44.560001373291016,527600
2009-10-08,44.91999816894531,45.27000045776367,44.34000015258789,44.56999969482422,44.56999969482422,1372900
2009-10-09,44.45000076293945,45.900001525878906,44.349998474121094,45.849998474121094,45.849998474121094,1101500
2009-10-12,45.869998931884766,47.0,45.709999084472656,46.40999984741211,46.40999984741211,595100
2009-10-13,46.45000076293945,47.0,46.0,46.29999923706055,46.29999923706055,791500
2009-10-14,46.869998931884766,47.91999816894531,46.349998474121094,47.77000045776367,47.77000045776367,1265700
2009-10-15,47.36000061035156,47.47999954223633,45.61000061035156,46.20000076293945,46.20000076293945,880000
2009-10-16,45.779998779296875,45.86000061035156,44.18000030517578,44.40999984741211,44.40999984741211,1008700
2009-10-19,44.59000015258789,45.16999816894531,44.029998779296875,44.810001373291016,44.810001373291016,623000
2009-10-20,45.15999984741211,45.38999938964844,44.34000015258789,44.560001373291016,44.560001373291016,388200
2009-10-21,44.40999984741211,45.060001373291016,43.45000076293945,43.5,43.5,834700
2009-10-22,43.5,43.5,42.5,42.79999923706055,42.79999923706055,1348700
2009-10-23,42.86000061035156,42.95000076293945,41.84000015258789,42.09000015258789,42.09000015258789,1120000
2009-10-26,42.029998779296875,42.790000915527344,41.5,42.09000015258789,42.09000015258789,547700
2009-10-27,42.2599983215332,42.4900016784668,41.31999969482422,41.380001068115234,41.380001068115234,917800
2009-10-28,41.34000015258789,42.90999984741211,40.560001373291016,41.04999923706055,41.04999923706055,2609600
2009-10-29,41.439998626708984,42.099998474121094,41.04999923706055,41.68000030517578,41.68000030517578,1151700
2009-10-30,41.56999969482422,42.2400016784668,41.439998626708984,41.900001525878906,41.900001525878906,1458800
2009-11-02,41.77000045776367,42.4900016784668,41.43000030517578,41.91999816894531,41.91999816894531,931400
2009-11-03,41.58000183105469,41.72999954223633,40.88999938964844,41.59000015258789,41.59000015258789,1289000
2009-11-04,42.0099983215332,42.7599983215332,41.380001068115234,41.41999816894531,41.41999816894531,1497800
2009-11-05,41.68000030517578,42.470001220703125,41.33000183105469,41.9900016784668,41.9900016784668,1031000
2009-11-06,41.720001220703125,42.369998931884766,41.630001068115234,41.900001525878906,41.900001525878906,619200
2009-11-09,42.400001525878906,43.29999923706055,42.18000030517578,42.970001220703125,42.970001220703125,889100
2009-11-10,42.68000030517578,43.470001220703125,42.61000061035156,43.18000030517578,43.18000030517578,1009000
2009-11-11,43.54999923706055,44.040000915527344,42.849998474121094,43.22999954223633,43.22999954223633,833900
2009-11-12,43.439998626708984,43.709999084472656,42.650001525878906,42.68000030517578,42.68000030517578,533000
2009-11-13,42.869998931884766,43.45000076293945,42.63999938964844,43.2599983215332,43.2599983215332,454400
2009-11-16,43.2599983215332,44.41999816894531,43.099998474121094,44.09000015258789,44.09000015258789,611200
2009-11-17,44.0,44.2400016784668,43.70000076293945,44.09000015258789,44.09000015258789,381800
2009-11-18,44.0,44.0,43.25,43.66999816894531,43.66999816894531,383400
2009-11-19,43.09000015258789,43.130001068115234,41.5,42.310001373291016,42.310001373291016,909700
2009-11-20,41.72999954223633,42.369998931884766,41.560001373291016,42.220001220703125,42.220001220703125,373900
2009-11-23,42.36000061035156,43.2400016784668,42.27000045776367,42.84000015258789,42.84000015258789,395600
2009-11-24,42.790000915527344,43.16999816894531,42.54999923706055,43.0,43.0,430500
2009-11-25,43.18000030517578,43.279998779296875,42.7400016784668,43.130001068115234,43.130001068115234,187200
2009-11-27,42.220001220703125,42.97999954223633,41.83000183105469,42.599998474121094,42.599998474121094,215400
2009-11-30,42.43000030517578,42.43000030517578,41.439998626708984,42.22999954223633,42.22999954223633,925200
2009-12-01,42.58000183105469,43.86000061035156,42.22999954223633,43.470001220703125,43.470001220703125,616200
2009-12-02,43.29999923706055,44.0,43.18000030517578,43.66999816894531,43.66999816894531,519900
2009-12-03,43.70000076293945,44.4900016784668,43.560001373291016,43.65999984741211,43.65999984741211,494000
2009-12-04,44.15999984741211,45.06999969482422,44.130001068115234,44.95000076293945,44.95000076293945,1000200
2009-12-07,45.0,45.41999816894531,44.43000030517578,44.630001068115234,44.630001068115234,601600
2009-12-08,44.47999954223633,45.029998779296875,43.970001220703125,44.75,44.75,432000
2009-12-09,44.61000061035156,45.33000183105469,44.41999816894531,45.290000915527344,45.290000915527344,486800
2009-12-10,45.31999969482422,45.75,45.029998779296875,45.119998931884766,45.119998931884766,303800
2009-12-11,45.189998626708984,45.47999954223633,44.81999969482422,45.060001373291016,45.060001373291016,319000
2009-12-14,45.15999984741211,45.880001068115234,44.900001525878906,45.630001068115234,45.630001068115234,450100
2009-12-15,45.25,45.61000061035156,44.91999816894531,45.16999816894531,45.16999816894531,513500
2009-12-16,45.20000076293945,46.18000030517578,45.13999938964844,45.56999969482422,45.56999969482422,676900
2009-12-17,45.43000030517578,45.93000030517578,44.81999969482422,45.04999923706055,45.04999923706055,509100
2009-12-18,45.40999984741211,46.099998474121094,45.08000183105469,46.06999969482422,46.06999969482422,699300
2009-12-21,46.150001525878906,47.58000183105469,46.0,47.150001525878906,47.150001525878906,722300
2009-12-22,47.15999984741211,47.61000061035156,47.150001525878906,47.38999938964844,47.38999938964844,335600
2009-12-23,47.4900016784668,47.900001525878906,46.959999084472656,47.7599983215332,47.7599983215332,566000
2009-12-24,47.88999938964844,48.33000183105469,47.72999954223633,48.20000076293945,48.20000076293945,92700
2009-12-28,48.400001525878906,48.650001525878906,47.790000915527344,47.970001220703125,47.970001220703125,334000
2009-12-29,48.0,48.150001525878906,47.81999969482422,48.119998931884766,48.119998931884766,239900
2009-12-30,47.9900016784668,48.86000061035156,47.9900016784668,48.720001220703125,48.720001220703125,398000
2009-12-31,48.84000015258789,49.060001373291016,48.29999923706055,48.380001068115234,48.380001068115234,359500
2010-01-04,47.45000076293945,48.68000030517578,46.959999084472656,48.0099983215332,48.0099983215332,959500
2010-01-05,47.900001525878906,47.970001220703125,47.33000183105469,47.709999084472656,47.709999084472656,658700
2010-01-06,47.54999923706055,48.439998626708984,47.33000183105469,48.0,48.0,672200
2010-01-07,47.79999923706055,48.060001373291016,47.310001373291016,47.779998779296875,47.779998779296875,428200
2010-01-08,47.84000015258789,48.09000015258789,47.58000183105469,48.040000915527344,48.040000915527344,394400
2010-01-11,48.0,48.099998474121094,47.209999084472656,47.439998626708984,47.439998626708984,392900
2010-01-12,47.16999816894531,47.349998474121094,45.529998779296875,45.7400016784668,45.7400016784668,707000
2010-01-13,46.0,46.41999816894531,45.43000030517578,46.220001220703125,46.220001220703125,498800
2010-01-14,46.119998931884766,46.33000183105469,45.13999938964844,45.689998626708984,45.689998626708984,822800
2010-01-15,45.56999969482422,45.720001220703125,44.08000183105469,44.79999923706055,44.79999923706055,1185400
2010-01-19,44.79999923706055,45.34000015258789,44.529998779296875,44.88999938964844,44.88999938964844,638100
2010-01-20,44.58000183105469,45.279998779296875,44.099998474121094,45.130001068115234,45.130001068115234,484000
2010-01-21,45.29999923706055,46.150001525878906,44.810001373291016,45.459999084472656,45.459999084472656,606000
2010-01-22,45.47999954223633,45.880001068115234,43.970001220703125,44.08000183105469,44.08000183105469,779700
2010-01-25,44.29999923706055,45.0,44.220001220703125,44.29999923706055,44.29999923706055,443700
2010-01-26,44.2599983215332,44.66999816894531,43.79999923706055,44.439998626708984,44.439998626708984,449300
2010-01-27,44.470001220703125,45.119998931884766,44.0,44.619998931884766,44.619998931884766,337800
2010-01-28,44.529998779296875,44.880001068115234,42.790000915527344,43.5,43.5,681100
2010-01-29,43.65999984741211,44.040000915527344,41.97999954223633,42.2400016784668,42.2400016784668,638000
2010-02-01,42.380001068115234,44.0,42.380001068115234,43.880001068115234,43.880001068115234,713400
2010-02-02,43.77000045776367,45.099998474121094,43.599998474121094,44.349998474121094,44.349998474121094,1258100
2010-02-03,42.599998474121094,45.2599983215332,42.58000183105469,45.06999969482422,45.06999969482422,1819500
2010-02-04,44.5,44.83000183105469,43.81999969482422,44.09000015258789,44.09000015258789,1657000
2010-02-05,44.220001220703125,44.59000015258789,43.54999923706055,44.529998779296875,44.529998779296875,685900
2010-02-08,44.599998474121094,45.040000915527344,44.0,44.310001373291016,44.310001373291016,461900
2010-02-09,44.61000061035156,45.2400016784668,44.38999938964844,44.5099983215332,44.5099983215332,547400
2010-02-10,44.41999816894531,44.9900016784668,44.02000045776367,44.560001373291016,44.560001373291016,588500
2010-02-11,43.56999969482422,44.9900016784668,43.529998779296875,44.439998626708984,44.439998626708984,1411500
2010-02-12,44.18000030517578,45.63999938964844,43.709999084472656,45.2400016784668,45.2400016784668,1044000
2010-02-16,45.2400016784668,46.220001220703125,45.04999923706055,45.91999816894531,45.91999816894531,566500
2010-02-17,46.040000915527344,46.310001373291016,45.400001525878906,45.7599983215332,45.7599983215332,501000
2010-02-18,45.75,45.9900016784668,45.369998931884766,45.939998626708984,45.939998626708984,507700
2010-02-19,45.959999084472656,46.349998474121094,45.54999923706055,45.75,45.75,644300
2010-02-22,46.09000015258789,46.33000183105469,45.66999816894531,46.08000183105469,46.08000183105469,662000
2010-02-23,45.849998474121094,46.15999984741211,44.7400016784668,45.15999984741211,45.15999984741211,562700
2010-02-24,45.380001068115234,46.400001525878906,45.380001068115234,46.099998474121094,46.099998474121094,607000
2010-02-25,45.869998931884766,46.119998931884766,45.09000015258789,46.040000915527344,46.040000915527344,536000
2010-02-26,46.0,46.0,45.290000915527344,45.439998626708984,45.439998626708984,677600
2010-03-01,45.56999969482422,46.27000045776367,45.560001373291016,45.79999923706055,45.79999923706055,661800
2010-03-02,45.81999969482422,46.369998931884766,45.70000076293945,46.27000045776367,46.27000045776367,1578200
2010-03-03,46.439998626708984,46.939998626708984,46.38999938964844,46.5,46.5,864400
2010-03-04,46.4900016784668,46.79999923706055,46.0099983215332,46.34000015258789,46.34000015258789,439500
2010-03-05,46.56999969482422,47.0,46.310001373291016,46.45000076293945,46.45000076293945,435600
2010-03-08,46.40999984741211,47.16999816894531,46.369998931884766,47.029998779296875,47.029998779296875,1013500
2010-03-09,46.709999084472656,47.060001373291016,46.25,46.65999984741211,46.65999984741211,652600
2010-03-10,46.470001220703125,47.310001373291016,46.470001220703125,46.79999923706055,46.79999923706055,620200
2010-03-11,46.810001373291016,46.84000015258789,45.91999816894531,46.34000015258789,46.34000015258789,693700
2010-03-12,46.33000183105469,46.630001068115234,46.02000045776367,46.25,46.25,391100
2010-03-15,46.0099983215332,46.16999816894531,45.599998474121094,45.970001220703125,45.970001220703125,605200
2010-03-16,45.7599983215332,47.09000015258789,45.7599983215332,47.08000183105469,47.08000183105469,837900
2010-03-17,47.22999954223633,48.11000061035156,47.209999084472656,47.650001525878906,47.650001525878906,865500
2010-03-18,47.75,47.86000061035156,47.25,47.61000061035156,47.61000061035156,530200
2010-03-19,47.66999816894531,47.66999816894531,46.650001525878906,46.84000015258789,46.84000015258789,805300
2010-03-22,46.709999084472656,48.2599983215332,46.65999984741211,48.11000061035156,48.11000061035156,699700
2010-03-23,48.25,49.099998474121094,48.220001220703125,49.0,49.0,1045400
2010-03-24,48.79999923706055,48.88999938964844,48.349998474121094,48.369998931884766,48.369998931884766,1111100
2010-03-25,48.77000045776367,49.060001373291016,48.279998779296875,48.290000915527344,48.290000915527344,752400
2010-03-26,48.25,48.4900016784668,47.33000183105469,47.720001220703125,47.720001220703125,813000
2010-03-29,47.970001220703125,48.470001220703125,47.970001220703125,48.31999969482422,48.31999969482422,483600
2010-03-30,48.41999816894531,48.88999938964844,47.869998931884766,48.279998779296875,48.279998779296875,372500
2010-03-31,48.150001525878906,48.380001068115234,47.630001068115234,47.66999816894531,47.66999816894531,776200
2010-04-01,47.939998626708984,48.68000030517578,47.15999984741211,47.84000015258789,47.84000015258789,777600
2010-04-05,47.84000015258789,50.0,47.709999084472656,49.84000015258789,49.84000015258789,1567000
2010-04-06,49.900001525878906,50.20000076293945,49.52000045776367,49.959999084472656,49.959999084472656,542700
2010-04-07,49.95000076293945,51.0,49.790000915527344,50.4900016784668,50.4900016784668,909200
2010-04-08,50.27000045776367,50.290000915527344,49.529998779296875,49.7400016784668,49.7400016784668,576000
2010-04-09,49.7599983215332,50.900001525878906,49.66999816894531,50.88999938964844,50.88999938964844,768300
2010-04-12,50.91999816894531,51.209999084472656,50.33000183105469,50.470001220703125,50.470001220703125,517700
2010-04-13,50.47999954223633,50.61000061035156,50.189998626708984,50.5099983215332,50.5099983215332,400100
2010-04-14,50.77000045776367,52.34000015258789,50.7599983215332,52.11000061035156,52.11000061035156,806400
2010-04-15,51.93000030517578,53.16999816894531,51.75,52.689998626708984,52.689998626708984,773500
2010-04-16,52.290000915527344,52.40999984741211,51.599998474121094,52.04999923706055,52.04999923706055,473900
2010-04-19,51.119998931884766,51.380001068115234,49.349998474121094,50.34000015258789,50.34000015258789,1220500
2010-04-20,50.439998626708984,51.290000915527344,50.29999923706055,50.88999938964844,50.88999938964844,680600
2010-04-21,50.97999954223633,51.369998931884766,50.09000015258789,50.41999816894531,50.41999816894531,750300
2010-04-22,50.060001373291016,51.63999938964844,49.34000015258789,51.34000015258789,51.34000015258789,770500
2010-04-23,51.2400016784668,51.599998474121094,50.7599983215332,51.47999954223633,51.47999954223633,416500
2010-04-26,50.90999984741211,51.560001373291016,50.81999969482422,51.099998474121094,51.099998474121094,794000
2010-04-27,51.04999923706055,51.619998931884766,50.619998931884766,50.709999084472656,50.709999084472656,1255700
2010-04-28,51.34000015258789,51.68000030517578,49.439998626708984,50.099998474121094,50.099998474121094,1543400
2010-04-29,50.08000183105469,50.38999938964844,49.310001373291016,49.68000030517578,49.68000030517578,1410000
2010-04-30,49.88999938964844,49.900001525878906,48.11000061035156,48.349998474121094,48.349998474121094,1454600
2010-05-03,48.31999969482422,49.18000030517578,48.119998931884766,48.52000045776367,48.52000045776367,741400
2010-05-04,48.119998931884766,48.130001068115234,46.5,47.34000015258789,47.34000015258789,978900
2010-05-05,46.869998931884766,47.790000915527344,46.25,46.91999816894531,46.91999816894531,868300
2010-05-06,46.79999923706055,47.43000030517578,43.220001220703125,45.95000076293945,45.95000076293945,1253600
2010-05-07,45.79999923706055,46.25,43.54999923706055,45.060001373291016,45.060001373291016,1234500
2010-05-10,46.70000076293945,47.790000915527344,46.11000061035156,47.02000045776367,47.02000045776367,991500
2010-05-11,46.56999969482422,47.63999938964844,46.29999923706055,46.959999084472656,46.959999084472656,680800
2010-05-12,47.20000076293945,47.9900016784668,47.18000030517578,47.79999923706055,47.79999923706055,789800
2010-05-13,47.66999816894531,47.959999084472656,46.91999816894531,47.150001525878906,47.150001525878906,633500
2010-05-14,46.86000061035156,46.86000061035156,45.27000045776367,46.06999969482422,46.06999969482422,793000
2010-05-17,45.9900016784668,46.59000015258789,45.15999984741211,46.560001373291016,46.560001373291016,925800
2010-05-18,46.7599983215332,46.939998626708984,45.189998626708984,45.209999084472656,45.209999084472656,936200
2010-05-19,45.04999923706055,45.720001220703125,44.220001220703125,45.189998626708984,45.189998626708984,816200
2010-05-20,44.66999816894531,44.88999938964844,43.81999969482422,44.02000045776367,44.02000045776367,868200
2010-05-21,43.79999923706055,44.91999816894531,43.25,44.119998931884766,44.119998931884766,1488500
2010-05-24,44.119998931884766,44.61000061035156,43.68000030517578,43.68000030517578,43.68000030517578,630100
2010-05-25,43.099998474121094,44.290000915527344,42.439998626708984,44.150001525878906,44.150001525878906,1541800
2010-05-26,44.18000030517578,45.470001220703125,44.18000030517578,44.40999984741211,44.40999984741211,1085400
2010-05-27,45.22999954223633,45.83000183105469,45.22999954223633,45.68000030517578,45.68000030517578,709300
2010-05-28,45.58000183105469,45.900001525878906,44.95000076293945,45.43000030517578,45.43000030517578,656600
2010-06-01,45.36000061035156,45.90999984741211,44.70000076293945,44.779998779296875,44.779998779296875,659900
2010-06-02,45.029998779296875,45.41999816894531,44.45000076293945,45.40999984741211,45.40999984741211,654100
2010-06-03,45.54999923706055,46.189998626708984,45.439998626708984,46.0,46.0,699500
2010-06-04,45.38999938964844,46.040000915527344,44.66999816894531,44.84000015258789,44.84000015258789,908700
2010-06-07,45.09000015258789,45.209999084472656,43.38999938964844,43.540000915527344,43.540000915527344,1122000
2010-06-08,43.5,43.689998626708984,42.400001525878906,43.119998931884766,43.119998931884766,852800
2010-06-09,43.34000015258789,44.150001525878906,42.849998474121094,42.970001220703125,42.970001220703125,679400
2010-06-10,43.5,43.959999084472656,43.2599983215332,43.599998474121094,43.599998474121094,397800
2010-06-11,43.31999969482422,44.099998474121094,43.15999984741211,43.900001525878906,43.900001525878906,372400
2010-06-14,44.29999923706055,44.790000915527344,44.02000045776367,44.060001373291016,44.060001373291016,478100
2010-06-15,44.2400016784668,46.0099983215332,44.13999938964844,45.70000076293945,45.70000076293945,948900
2010-06-16,45.34000015258789,46.189998626708984,45.18000030517578,45.900001525878906,45.900001525878906,373100
2010-06-17,46.150001525878906,46.29999923706055,45.459999084472656,46.029998779296875,46.029998779296875,210500
2010-06-18,46.02000045776367,46.20000076293945,45.36000061035156,45.43000030517578,45.43000030517578,614800
2010-06-21,45.810001373291016,45.95000076293945,44.61000061035156,44.869998931884766,44.869998931884766,456700
2010-06-22,44.810001373291016,45.5099983215332,44.099998474121094,44.150001525878906,44.150001525878906,440000
2010-06-23,44.0099983215332,44.33000183105469,43.290000915527344,44.04999923706055,44.04999923706055,676600
2010-06-24,43.790000915527344,44.150001525878906,42.7400016784668,43.20000076293945,43.20000076293945,618000
2010-06-25,43.22999954223633,43.77000045776367,42.77000045776367,43.31999969482422,43.31999969482422,448300
2010-06-28,43.34000015258789,43.970001220703125,43.02000045776367,43.5,43.5,216500
2010-06-29,42.95000076293945,42.9900016784668,41.20000076293945,41.40999984741211,41.40999984741211,1320000
2010-06-30,41.22999954223633,41.529998779296875,40.5099983215332,40.560001373291016,40.560001373291016,1197200
2010-07-01,40.68000030517578,41.11000061035156,39.84000015258789,40.619998931884766,40.619998931884766,945300
2010-07-02,40.939998626708984,40.97999954223633,40.13999938964844,40.7400016784668,40.7400016784668,517900
2010-07-06,41.22999954223633,41.81999969482422,40.45000076293945,40.790000915527344,40.790000915527344,676200
2010-07-07,40.83000183105469,42.20000076293945,40.810001373291016,42.08000183105469,42.08000183105469,578800
2010-07-08,42.310001373291016,42.58000183105469,41.40999984741211,42.310001373291016,42.310001373291016,986000
2010-07-09,42.310001373291016,42.83000183105469,42.150001525878906,42.79999923706055,42.79999923706055,497200
2010-07-12,42.7599983215332,43.439998626708984,42.47999954223633,42.95000076293945,42.95000076293945,616900
2010-07-13,43.25,43.779998779296875,42.88999938964844,43.47999954223633,43.47999954223633,684600
2010-07-14,43.61000061035156,44.279998779296875,43.290000915527344,43.38999938964844,43.38999938964844,1062800
2010-07-15,43.45000076293945,43.81999969482422,42.849998474121094,43.72999954223633,43.72999954223633,517300
2010-07-16,43.630001068115234,43.650001525878906,42.400001525878906,42.4900016784668,42.4900016784668,741900
2010-07-19,42.58000183105469,43.529998779296875,42.540000915527344,43.45000076293945,43.45000076293945,382600
2010-07-20,42.91999816894531,43.36000061035156,42.15999984741211,43.33000183105469,43.33000183105469,284900
2010-07-21,43.5,43.54999923706055,42.119998931884766,42.20000076293945,42.20000076293945,807600
2010-07-22,42.4900016784668,42.83000183105469,42.11000061035156,42.52000045776367,42.52000045776367,1276200
2010-07-23,42.4900016784668,42.70000076293945,41.9900016784668,42.54999923706055,42.54999923706055,833500
2010-07-26,42.560001373291016,43.400001525878906,42.209999084472656,43.29999923706055,43.29999923706055,593100
2010-07-27,43.52000045776367,43.70000076293945,42.65999984741211,42.75,42.75,1250800
2010-07-28,40.02000045776367,42.25,40.02000045776367,41.27000045776367,41.27000045776367,2392800
2010-07-29,41.36000061035156,41.36000061035156,40.099998474121094,40.5,40.5,1399000
2010-07-30,40.369998931884766,40.400001525878906,39.790000915527344,40.04999923706055,40.04999923706055,1472700
2010-08-02,40.5099983215332,41.09000015258789,40.27000045776367,40.779998779296875,40.779998779296875,809200
2010-08-03,40.7400016784668,40.77000045776367,40.290000915527344,40.56999969482422,40.56999969482422,431200
2010-08-04,40.599998474121094,41.220001220703125,40.31999969482422,41.13999938964844,41.13999938964844,505800
2010-08-05,41.119998931884766,41.4900016784668,40.939998626708984,41.15999984741211,41.15999984741211,391000
2010-08-06,40.900001525878906,41.56999969482422,40.599998474121094,41.310001373291016,41.310001373291016,548200
2010-08-09,41.4900016784668,41.70000076293945,40.970001220703125,41.54999923706055,41.54999923706055,347600
2010-08-10,41.279998779296875,41.279998779296875,40.220001220703125,40.79999923706055,40.79999923706055,616900
2010-08-11,40.31999969482422,40.31999969482422,39.52000045776367,39.779998779296875,39.779998779296875,847600
2010-08-12,39.369998931884766,39.529998779296875,39.0,39.45000076293945,39.45000076293945,842200
2010-08-13,39.369998931884766,39.70000076293945,39.2599983215332,39.40999984741211,39.40999984741211,593500
2010-08-16,39.27000045776367,39.79999923706055,39.08000183105469,39.40999984741211,39.40999984741211,440200
2010-08-17,39.619998931884766,39.90999984741211,39.36000061035156,39.599998474121094,39.599998474121094,574400
2010-08-18,39.650001525878906,40.16999816894531,39.52000045776367,39.970001220703125,39.970001220703125,402000
2010-08-19,39.880001068115234,40.02000045776367,39.33000183105469,39.56999969482422,39.56999969482422,612500
2010-08-20,39.38999938964844,40.029998779296875,39.38999938964844,39.790000915527344,39.790000915527344,524300
2010-08-23,39.91999816894531,40.0,39.34000015258789,39.400001525878906,39.400001525878906,457800
2010-08-24,38.9900016784668,39.25,38.529998779296875,38.880001068115234,38.880001068115234,699900
2010-08-25,38.68000030517578,39.02000045776367,38.33000183105469,38.9900016784668,38.9900016784668,874000
2010-08-26,39.119998931884766,39.279998779296875,38.68000030517578,38.849998474121094,38.849998474121094,557200
2010-08-27,39.08000183105469,39.5,38.2400016784668,39.27000045776367,39.27000045776367,716800
2010-08-30,39.060001373291016,39.20000076293945,38.5099983215332,38.54999923706055,38.54999923706055,398700
2010-08-31,38.41999816894531,38.689998626708984,37.83000183105469,38.13999938964844,38.13999938964844,699400
2010-09-01,38.630001068115234,39.15999984741211,38.529998779296875,38.65999984741211,38.65999984741211,716900
2010-09-02,38.869998931884766,39.36000061035156,38.77000045776367,39.130001068115234,39.130001068115234,706800
2010-09-03,39.65999984741211,40.459999084472656,39.560001373291016,39.90999984741211,39.90999984741211,929100
2010-09-07,39.689998626708984,39.93000030517578,38.33000183105469,38.47999954223633,38.47999954223633,1689800
2010-09-08,35.869998931884766,36.34000015258789,34.18000030517578,35.619998931884766,35.619998931884766,6153300
2010-09-09,35.38999938964844,35.689998626708984,34.099998474121094,34.88999938964844,34.88999938964844,2549600
2010-09-10,34.83000183105469,35.0,34.189998626708984,34.849998474121094,34.849998474121094,1791000
2010-09-13,35.209999084472656,35.7599983215332,35.06999969482422,35.380001068115234,35.380001068115234,1307100
2010-09-14,35.22999954223633,36.16999816894531,35.22999954223633,35.93000030517578,35.93000030517578,1407800
2010-09-15,35.7599983215332,36.02000045776367,35.4900016784668,35.95000076293945,35.95000076293945,516100
2010-09-16,35.900001525878906,36.22999954223633,35.63999938964844,36.099998474121094,36.099998474121094,615200
2010-09-17,36.209999084472656,36.45000076293945,35.689998626708984,35.97999954223633,35.97999954223633,1128400
2010-09-20,36.02000045776367,36.369998931884766,35.619998931884766,36.220001220703125,36.220001220703125,505200
2010-09-21,36.29999923706055,36.84000015258789,36.060001373291016,36.40999984741211,36.40999984741211,683800
2010-09-22,36.22999954223633,36.470001220703125,35.38999938964844,35.86000061035156,35.86000061035156,833400
2010-09-23,35.56999969482422,36.36000061035156,35.43000030517578,35.90999984741211,35.90999984741211,875200
2010-09-24,36.189998626708984,37.2400016784668,36.189998626708984,37.189998626708984,37.189998626708984,680800
2010-09-27,37.150001525878906,37.45000076293945,36.849998474121094,37.11000061035156,37.11000061035156,417000
2010-09-28,37.29999923706055,37.689998626708984,36.79999923706055,37.54999923706055,37.54999923706055,434100
2010-09-29,37.34000015258789,37.939998626708984,37.189998626708984,37.40999984741211,37.40999984741211,445000
2010-09-30,37.400001525878906,37.849998474121094,36.529998779296875,36.650001525878906,36.650001525878906,840300
2010-10-01,36.959999084472656,36.959999084472656,35.65999984741211,36.369998931884766,36.369998931884766,1068900
2010-10-04,36.15999984741211,36.560001373291016,35.81999969482422,36.27000045776367,36.27000045776367,621100
2010-10-05,36.5099983215332,37.08000183105469,36.29999923706055,36.880001068115234,36.880001068115234,404400
2010-10-06,36.88999938964844,36.88999938964844,35.97999954223633,36.13999938964844,36.13999938964844,491500
2010-10-07,36.279998779296875,36.369998931884766,35.720001220703125,36.099998474121094,36.099998474121094,730800
2010-10-08,35.959999084472656,36.47999954223633,35.65999984741211,36.279998779296875,36.279998779296875,475900
2010-10-11,36.349998474121094,36.84000015258789,36.27000045776367,36.540000915527344,36.540000915527344,263700
2010-10-12,36.56999969482422,37.40999984741211,36.119998931884766,37.20000076293945,37.20000076293945,675700
2010-10-13,37.439998626708984,37.540000915527344,36.27000045776367,37.369998931884766,37.369998931884766,881000
2010-10-14,37.380001068115234,37.83000183105469,37.15999984741211,37.5099983215332,37.5099983215332,773100
2010-10-15,37.810001373291016,39.689998626708984,37.5,38.599998474121094,38.599998474121094,1843600
2010-10-18,38.47999954223633,38.77000045776367,37.790000915527344,37.869998931884766,37.869998931884766,880400
2010-10-19,37.529998779296875,37.9900016784668,37.130001068115234,37.27000045776367,37.27000045776367,817100
2010-10-20,37.400001525878906,37.790000915527344,36.900001525878906,37.720001220703125,37.720001220703125,638200
2010-10-21,37.970001220703125,38.08000183105469,37.09000015258789,37.47999954223633,37.47999954223633,665000
2010-10-22,37.599998474121094,38.52000045776367,37.25,38.45000076293945,38.45000076293945,447500
2010-10-25,38.619998931884766,39.18000030517578,38.58000183105469,38.880001068115234,38.880001068115234,541500
2010-10-26,38.70000076293945,39.689998626708984,38.400001525878906,39.02000045776367,39.02000045776367,1163900
2010-10-27,38.209999084472656,40.939998626708984,38.0,39.709999084472656,39.709999084472656,2425300
2010-10-28,39.709999084472656,39.86000061035156,39.04999923706055,39.7599983215332,39.7599983215332,806900
2010-10-29,39.61000061035156,40.15999984741211,39.61000061035156,39.900001525878906,39.900001525878906,656100
2010-11-01,39.90999984741211,40.20000076293945,39.4900016784668,40.150001525878906,40.150001525878906,578000
2010-11-02,40.290000915527344,40.790000915527344,40.25,40.619998931884766,40.619998931884766,764900
2010-11-03,40.540000915527344,40.9900016784668,40.529998779296875,40.81999969482422,40.81999969482422,588900
2010-11-04,41.130001068115234,41.88999938964844,41.06999969482422,41.68000030517578,41.68000030517578,766300
2010-11-05,41.56999969482422,41.90999984741211,41.34000015258789,41.68000030517578,41.68000030517578,366500
2010-11-08,41.56999969482422,41.869998931884766,41.380001068115234,41.77000045776367,41.77000045776367,385900
2010-11-09,41.77000045776367,41.97999954223633,41.459999084472656,41.75,41.75,676400
2010-11-10,41.72999954223633,41.77000045776367,41.099998474121094,41.75,41.75,496700
2010-11-11,41.34000015258789,41.70000076293945,40.83000183105469,41.599998474121094,41.599998474121094,349100
2010-11-12,41.5,41.79999923706055,41.150001525878906,41.61000061035156,41.61000061035156,692400
2010-11-15,41.43000030517578,41.81999969482422,41.310001373291016,41.380001068115234,41.380001068115234,390300
2010-11-16,41.16999816894531,41.36000061035156,40.61000061035156,40.77000045776367,40.77000045776367,524200
2010-11-17,40.75,41.220001220703125,40.63999938964844,40.900001525878906,40.900001525878906,259300
2010-11-18,41.310001373291016,41.970001220703125,41.310001373291016,41.869998931884766,41.869998931884766,593500
2010-11-19,41.959999084472656,42.380001068115234,41.779998779296875,42.16999816894531,42.16999816894531,320300
2010-11-22,41.939998626708984,42.849998474121094,41.779998779296875,42.689998626708984,42.689998626708984,610900
2010-11-23,42.369998931884766,43.290000915527344,42.279998779296875,42.619998931884766,42.619998931884766,1106500
2010-11-24,42.900001525878906,43.34000015258789,42.630001068115234,43.310001373291016,43.310001373291016,481400
2010-11-26,42.93000030517578,43.380001068115234,42.93000030517578,43.16999816894531,43.16999816894531,143400
2010-11-29,43.0,43.33000183105469,42.68000030517578,43.2400016784668,43.2400016784668,327400
2010-11-30,42.83000183105469,42.959999084472656,42.189998626708984,42.47999954223633,42.47999954223633,742800
2010-12-01,42.88999938964844,44.209999084472656,42.88999938964844,43.7400016784668,43.7400016784668,617800
2010-12-02,43.79999923706055,44.970001220703125,43.75,44.630001068115234,44.630001068115234,497100
2010-12-03,44.47999954223633,45.470001220703125,44.47999954223633,45.36000061035156,45.36000061035156,443000
2010-12-06,45.41999816894531,46.70000076293945,45.2599983215332,46.59000015258789,46.59000015258789,984700
2010-12-07,46.95000076293945,47.470001220703125,46.529998779296875,46.630001068115234,46.630001068115234,778900
2010-12-08,46.72999954223633,47.20000076293945,46.369998931884766,46.41999816894531,46.41999816894531,895900
2010-12-09,46.72999954223633,47.0099983215332,46.4900016784668,46.9900016784668,46.9900016784668,581100
2010-12-10,46.970001220703125,47.11000061035156,46.65999984741211,46.84000015258789,46.84000015258789,394500
2010-12-13,46.95000076293945,47.189998626708984,46.540000915527344,46.599998474121094,46.599998474121094,323800
2010-12-14,46.619998931884766,46.869998931884766,46.119998931884766,46.61000061035156,46.61000061035156,667300
2010-12-15,46.470001220703125,46.7599983215332,45.93000030517578,46.099998474121094,46.099998474121094,718300
2010-12-16,46.22999954223633,46.349998474121094,45.709999084472656,45.91999816894531,45.91999816894531,498200
2010-12-17,45.88999938964844,46.04999923706055,45.59000015258789,45.61000061035156,45.61000061035156,432900
2010-12-20,45.66999816894531,46.18000030517578,45.31999969482422,46.04999923706055,46.04999923706055,345000
2010-12-21,46.22999954223633,46.630001068115234,46.08000183105469,46.2400016784668,46.2400016784668,225800
2010-12-22,46.209999084472656,46.9900016784668,46.13999938964844,46.93000030517578,46.93000030517578,458100
2010-12-23,46.77000045776367,46.939998626708984,46.279998779296875,46.45000076293945,46.45000076293945,250300
2010-12-27,46.38999938964844,46.72999954223633,46.150001525878906,46.54999923706055,46.54999923706055,293100
2010-12-28,46.56999969482422,46.77000045776367,46.119998931884766,46.130001068115234,46.130001068115234,346100
2010-12-29,46.099998474121094,46.43000030517578,46.02000045776367,46.11000061035156,46.11000061035156,353700
2010-12-30,46.09000015258789,46.470001220703125,46.09000015258789,46.279998779296875,46.279998779296875,227000
2010-12-31,46.150001525878906,46.34000015258789,45.81999969482422,46.02000045776367,46.02000045776367,286400
2011-01-03,46.290000915527344,46.52000045776367,46.27000045776367,46.45000076293945,46.45000076293945,456700
2011-01-04,46.5099983215332,46.599998474121094,45.459999084472656,45.63999938964844,45.63999938964844,717400
2011-01-05,45.689998626708984,47.84000015258789,45.65999984741211,47.529998779296875,47.529998779296875,1053100
2011-01-06,47.650001525878906,49.77000045776367,47.63999938964844,49.2400016784668,49.2400016784668,990000
2011-01-07,49.380001068115234,49.75,48.45000076293945,48.91999816894531,48.91999816894531,516600
2011-01-10,48.79999923706055,49.11000061035156,48.41999816894531,49.08000183105469,49.08000183105469,512400
2011-01-11,49.2599983215332,49.72999954223633,49.08000183105469,49.439998626708984,49.439998626708984,438200
2011-01-12,49.72999954223633,49.95000076293945,49.18000030517578,49.790000915527344,49.790000915527344,260200
2011-01-13,49.83000183105469,49.9900016784668,49.220001220703125,49.810001373291016,49.810001373291016,308400
2011-01-14,49.66999816894531,50.27000045776367,49.66999816894531,49.869998931884766,49.869998931884766,493100
2011-01-18,49.63999938964844,50.209999084472656,49.380001068115234,49.619998931884766,49.619998931884766,542500
2011-01-19,49.470001220703125,49.63999938964844,48.400001525878906,48.5,48.5,560100
2011-01-20,48.220001220703125,48.59000015258789,46.97999954223633,47.72999954223633,47.72999954223633,606500
2011-01-21,47.880001068115234,48.15999984741211,47.41999816894531,47.52000045776367,47.52000045776367,406900
2011-01-24,47.459999084472656,48.119998931884766,47.2400016784668,47.7599983215332,47.7599983215332,766900
2011-01-25,47.7400016784668,47.7400016784668,46.70000076293945,47.619998931884766,47.619998931884766,1012400
2011-01-26,45.97999954223633,46.5,43.130001068115234,44.20000076293945,44.20000076293945,3169300
2011-01-27,44.33000183105469,45.099998474121094,44.11000061035156,44.63999938964844,44.63999938964844,853200
2011-01-28,44.619998931884766,44.75,43.099998474121094,43.650001525878906,43.650001525878906,722700
2011-01-31,45.0,45.470001220703125,43.59000015258789,44.47999954223633,44.47999954223633,865000
2011-02-01,44.75,45.13999938964844,44.540000915527344,44.88999938964844,44.88999938964844,540200
2011-02-02,44.86000061035156,45.47999954223633,44.68000030517578,45.08000183105469,45.08000183105469,626000
2011-02-03,45.0,45.13999938964844,44.279998779296875,44.7400016784668,44.7400016784668,470300
2011-02-04,44.709999084472656,45.849998474121094,44.4900016784668,45.7400016784668,45.7400016784668,460000
2011-02-07,45.97999954223633,46.09000015258789,45.45000076293945,45.61000061035156,45.61000061035156,467700
2011-02-08,45.599998474121094,45.880001068115234,45.16999816894531,45.86000061035156,45.86000061035156,288600
2011-02-09,45.720001220703125,45.90999984741211,45.4900016784668,45.77000045776367,45.77000045776367,220200
2011-02-10,45.45000076293945,45.619998931884766,44.849998474121094,45.369998931884766,45.369998931884766,368100
2011-02-11,45.150001525878906,45.849998474121094,44.869998931884766,45.79999923706055,45.79999923706055,282300
2011-02-14,45.84000015258789,46.65999984741211,45.7400016784668,46.52000045776367,46.52000045776367,367200
2011-02-15,46.34000015258789,46.560001373291016,45.65999984741211,45.72999954223633,45.72999954223633,255100
2011-02-16,45.68000030517578,46.40999984741211,45.43000030517578,46.2599983215332,46.2599983215332,298200
2011-02-17,46.09000015258789,47.060001373291016,45.90999984741211,46.75,46.75,337600
2011-02-18,46.72999954223633,46.72999954223633,45.59000015258789,45.68000030517578,45.68000030517578,288000
2011-02-22,45.08000183105469,45.220001220703125,43.97999954223633,44.11000061035156,44.11000061035156,314500
2011-02-23,44.04999923706055,44.04999923706055,42.5099983215332,43.54999923706055,43.54999923706055,536200
2011-02-24,43.40999984741211,44.130001068115234,43.099998474121094,44.0099983215332,44.0099983215332,494500
2011-02-25,44.29999923706055,45.79999923706055,44.29999923706055,45.72999954223633,45.72999954223633,469100
2011-02-28,45.81999969482422,46.22999954223633,45.16999816894531,45.400001525878906,45.400001525878906,464200
2011-03-01,45.47999954223633,45.58000183105469,43.810001373291016,44.0,44.0,301400
2011-03-02,44.0,45.0,43.689998626708984,44.4900016784668,44.4900016784668,251000
2011-03-03,44.880001068115234,45.439998626708984,44.869998931884766,45.400001525878906,45.400001525878906,259800
2011-03-04,45.33000183105469,45.33000183105469,44.52000045776367,44.790000915527344,44.790000915527344,352800
2011-03-07,44.9900016784668,44.9900016784668,43.0,44.0,44.0,446300
2011-03-08,43.939998626708984,44.63999938964844,43.54999923706055,44.31999969482422,44.31999969482422,642800
2011-03-09,44.189998626708984,44.189998626708984,43.209999084472656,43.630001068115234,43.630001068115234,285100
2011-03-10,43.08000183105469,43.38999938964844,42.529998779296875,43.11000061035156,43.11000061035156,333500
2011-03-11,42.869998931884766,43.689998626708984,42.709999084472656,43.5,43.5,215000
2011-03-14,43.20000076293945,44.08000183105469,43.119998931884766,43.68000030517578,43.68000030517578,353700
2011-03-15,42.5099983215332,43.47999954223633,42.0099983215332,43.209999084472656,43.209999084472656,341500
2011-03-16,43.040000915527344,43.70000076293945,42.439998626708984,42.470001220703125,42.470001220703125,554100
2011-03-17,43.20000076293945,43.22999954223633,41.849998474121094,41.880001068115234,41.880001068115234,536200
2011-03-18,42.290000915527344,42.34000015258789,41.47999954223633,41.779998779296875,41.779998779296875,600800
2011-03-21,42.290000915527344,42.540000915527344,41.95000076293945,42.29999923706055,42.29999923706055,715500
2011-03-22,42.43000030517578,42.560001373291016,42.0099983215332,42.13999938964844,42.13999938964844,330900
2011-03-23,42.0099983215332,42.43000030517578,41.560001373291016,42.13999938964844,42.13999938964844,309000
2011-03-24,42.38999938964844,42.77000045776367,42.040000915527344,42.560001373291016,42.560001373291016,331300
2011-03-25,42.59000015258789,43.18000030517578,42.459999084472656,43.09000015258789,43.09000015258789,489000
2011-03-28,43.13999938964844,43.36000061035156,42.70000076293945,42.95000076293945,42.95000076293945,410700
2011-03-29,42.90999984741211,43.380001068115234,42.400001525878906,43.290000915527344,43.290000915527344,275300
2011-03-30,43.36000061035156,43.720001220703125,42.7599983215332,43.59000015258789,43.59000015258789,415600
2011-03-31,43.43000030517578,43.720001220703125,43.040000915527344,43.209999084472656,43.209999084472656,293000
2011-04-01,43.31999969482422,43.529998779296875,42.40999984741211,42.540000915527344,42.540000915527344,293900
2011-04-04,42.619998931884766,42.619998931884766,41.650001525878906,41.790000915527344,41.790000915527344,462200
2011-04-05,42.0099983215332,42.75,42.0099983215332,42.41999816894531,42.41999816894531,617600
2011-04-06,42.650001525878906,43.439998626708984,42.5099983215332,43.400001525878906,43.400001525878906,271500
2011-04-07,43.59000015258789,44.16999816894531,43.310001373291016,43.349998474121094,43.349998474121094,548900
2011-04-08,43.61000061035156,43.77000045776367,43.13999938964844,43.33000183105469,43.33000183105469,147800
2011-04-11,43.34000015258789,43.54999923706055,42.880001068115234,43.09000015258789,43.09000015258789,127400
2011-04-12,42.83000183105469,42.93000030517578,41.959999084472656,42.099998474121094,42.099998474121094,356900
2011-04-13,42.15999984741211,42.459999084472656,41.65999984741211,42.290000915527344,42.290000915527344,373300
2011-04-14,41.970001220703125,41.97999954223633,41.369998931884766,41.68000030517578,41.68000030517578,417600
2011-04-15,41.77000045776367,42.119998931884766,41.38999938964844,41.959999084472656,41.959999084472656,217700
2011-04-18,41.40999984741211,41.61000061035156,40.75,41.209999084472656,41.209999084472656,320900
2011-04-19,41.15999984741211,41.36000061035156,40.880001068115234,41.33000183105469,41.33000183105469,301600
2011-04-20,41.779998779296875,42.220001220703125,41.66999816894531,41.97999954223633,41.97999954223633,596500
2011-04-21,42.25,42.599998474121094,41.880001068115234,42.43000030517578,42.43000030517578,283000
2011-04-25,42.40999984741211,43.27000045776367,42.31999969482422,43.11000061035156,43.11000061035156,416500
2011-04-26,43.15999984741211,44.150001525878906,43.029998779296875,43.810001373291016,43.810001373291016,646300
2011-04-27,44.34000015258789,46.279998779296875,43.0099983215332,43.5,43.5,1323800
2011-04-28,43.349998474121094,43.599998474121094,43.15999984741211,43.310001373291016,43.310001373291016,556200
2011-04-29,43.290000915527344,43.900001525878906,43.150001525878906,43.58000183105469,43.58000183105469,633000
2011-05-02,43.5099983215332,43.5099983215332,42.029998779296875,42.06999969482422,42.06999969482422,604700
2011-05-03,41.90999984741211,42.209999084472656,41.130001068115234,41.400001525878906,41.400001525878906,418900
2011-05-04,41.5,41.83000183105469,40.970001220703125,41.709999084472656,41.709999084472656,324800
2011-05-05,41.58000183105469,42.0,41.38999938964844,41.75,41.75,468200
2011-05-06,42.650001525878906,43.43000030517578,42.33000183105469,42.79999923706055,42.79999923706055,534000
2011-05-09,42.72999954223633,42.91999816894531,42.34000015258789,42.900001525878906,42.900001525878906,322800
2011-05-10,42.939998626708984,43.220001220703125,42.4900016784668,43.060001373291016,43.060001373291016,361200
2011-05-11,42.970001220703125,43.33000183105469,42.599998474121094,42.90999984741211,42.90999984741211,252600
2011-05-12,42.75,43.779998779296875,42.65999984741211,43.709999084472656,43.709999084472656,329000
2011-05-13,43.75,43.900001525878906,43.18000030517578,43.68000030517578,43.68000030517578,412000
2011-05-16,43.5,44.369998931884766,43.5,43.9900016784668,43.9900016784668,741900
2011-05-17,43.72999954223633,44.13999938964844,43.459999084472656,43.619998931884766,43.619998931884766,454600
2011-05-18,43.75,45.52000045776367,43.54999923706055,45.279998779296875,45.279998779296875,657200
2011-05-19,45.189998626708984,45.2400016784668,44.38999938964844,44.5,44.5,388100
2011-05-20,44.349998474121094,44.63999938964844,43.880001068115234,44.16999816894531,44.16999816894531,287400
2011-05-23,43.869998931884766,43.91999816894531,43.5,43.63999938964844,43.63999938964844,232200
2011-05-24,43.7599983215332,43.7599983215332,42.7400016784668,42.790000915527344,42.790000915527344,366700
2011-05-25,42.68000030517578,42.9900016784668,42.0099983215332,42.4900016784668,42.4900016784668,474700
2011-05-26,42.36000061035156,42.61000061035156,42.2599983215332,42.47999954223633,42.47999954223633,172600
2011-05-27,42.720001220703125,42.970001220703125,42.5,42.709999084472656,42.709999084472656,136700
2011-05-31,42.93000030517578,43.150001525878906,42.380001068115234,42.97999954223633,42.97999954223633,389400
2011-06-01,42.7400016784668,42.97999954223633,41.54999923706055,41.630001068115234,41.630001068115234,251000
2011-06-02,41.56999969482422,41.86000061035156,40.70000076293945,41.29999923706055,41.29999923706055,525100
2011-06-03,40.709999084472656,41.060001373291016,40.209999084472656,40.33000183105469,40.33000183105469,338800
2011-06-06,40.209999084472656,40.2400016784668,39.439998626708984,39.5,39.5,355200
2011-06-07,39.779998779296875,39.91999816894531,39.25,39.5099983215332,39.5099983215332,253300
2011-06-08,39.439998626708984,39.52000045776367,38.70000076293945,39.04999923706055,39.04999923706055,342200
2011-06-09,39.25,39.599998474121094,38.9900016784668,39.45000076293945,39.45000076293945,284900
2011-06-10,39.38999938964844,39.790000915527344,38.91999816894531,39.43000030517578,39.43000030517578,735500
2011-06-13,39.540000915527344,39.81999969482422,38.95000076293945,39.13999938964844,39.13999938964844,331800
2011-06-14,39.439998626708984,39.9900016784668,39.369998931884766,39.52000045776367,39.52000045776367,196600
2011-06-15,39.13999938964844,39.5,38.81999969482422,39.0,39.0,276800
2011-06-16,38.84000015258789,39.04999923706055,38.25,38.40999984741211,38.40999984741211,421200
2011-06-17,38.720001220703125,38.720001220703125,37.68000030517578,37.81999969482422,37.81999969482422,565000
2011-06-20,37.70000076293945,38.97999954223633,37.560001373291016,38.560001373291016,38.560001373291016,582000
2011-06-21,38.84000015258789,39.40999984741211,38.529998779296875,39.2599983215332,39.2599983215332,376300
2011-06-22,39.060001373291016,39.47999954223633,38.9900016784668,39.130001068115234,39.130001068115234,402000
2011-06-23,38.66999816894531,39.77000045776367,38.540000915527344,39.75,39.75,601000
2011-06-24,39.689998626708984,39.90999984741211,38.84000015258789,39.060001373291016,39.060001373291016,674400
2011-06-27,39.09000015258789,39.25,38.619998931884766,38.689998626708984,38.689998626708984,536500
2011-06-28,38.939998626708984,39.619998931884766,38.91999816894531,39.470001220703125,39.470001220703125,306900
2011-06-29,39.599998474121094,39.97999954223633,39.439998626708984,39.52000045776367,39.52000045776367,252700
2011-06-30,39.91999816894531,41.86000061035156,39.880001068115234,41.2599983215332,41.2599983215332,915900
2011-07-01,41.31999969482422,41.849998474121094,40.91999816894531,41.58000183105469,41.58000183105469,338400
2011-07-05,41.68000030517578,42.29999923706055,41.45000076293945,41.97999954223633,41.97999954223633,526300
2011-07-06,42.029998779296875,42.220001220703125,41.560001373291016,42.060001373291016,42.060001373291016,533400
2011-07-07,42.310001373291016,42.880001068115234,42.08000183105469,42.77000045776367,42.77000045776367,470700
2011-07-08,42.0,42.119998931884766,41.4900016784668,42.0099983215332,42.0099983215332,470100
2011-07-11,41.45000076293945,42.08000183105469,41.41999816894531,41.56999969482422,41.56999969482422,389200
2011-07-12,41.290000915527344,41.290000915527344,40.119998931884766,40.15999984741211,40.15999984741211,1028400
2011-07-13,40.29999923706055,40.650001525878906,39.79999923706055,39.90999984741211,39.90999984741211,364500
2011-07-14,39.75,40.33000183105469,39.06999969482422,39.34000015258789,39.34000015258789,619300
2011-07-15,39.529998779296875,39.650001525878906,39.040000915527344,39.4900016784668,39.4900016784668,306500
2011-07-18,39.349998474121094,39.439998626708984,38.65999984741211,39.09000015258789,39.09000015258789,330800
2011-07-19,39.36000061035156,40.93000030517578,39.36000061035156,40.7599983215332,40.7599983215332,614200
2011-07-20,40.84000015258789,41.11000061035156,40.15999984741211,40.529998779296875,40.529998779296875,258300
2011-07-21,40.369998931884766,40.970001220703125,40.18000030517578,40.880001068115234,40.880001068115234,380700
2011-07-22,40.91999816894531,42.0,40.720001220703125,41.72999954223633,41.72999954223633,656600
2011-07-25,37.70000076293945,37.779998779296875,35.959999084472656,36.189998626708984,36.189998626708984,3797500
2011-07-26,36.5099983215332,36.650001525878906,36.20000076293945,36.5099983215332,36.5099983215332,1214400
2011-07-27,36.11000061035156,36.22999954223633,35.54999923706055,35.86000061035156,35.86000061035156,919000
2011-07-28,35.90999984741211,36.61000061035156,35.66999816894531,35.88999938964844,35.88999938964844,694800
2011-07-29,35.58000183105469,35.88999938964844,35.31999969482422,35.40999984741211,35.40999984741211,646200
2011-08-01,35.88999938964844,36.0099983215332,34.970001220703125,35.45000076293945,35.45000076293945,420300
2011-08-02,35.209999084472656,35.709999084472656,34.650001525878906,34.75,34.75,593600
2011-08-03,34.869998931884766,35.5099983215332,34.52000045776367,35.08000183105469,35.08000183105469,747100
2011-08-04,34.689998626708984,34.91999816894531,33.7599983215332,33.7599983215332,33.7599983215332,997400
2011-08-05,34.33000183105469,34.470001220703125,32.13999938964844,32.939998626708984,32.939998626708984,952200
2011-08-08,32.11000061035156,32.59000015258789,30.8700008392334,31.219999313354492,31.219999313354492,1274400
2011-08-09,31.700000762939453,32.34000015258789,30.360000610351562,32.25,32.25,1085100
2011-08-10,31.639999389648438,33.119998931884766,31.059999465942383,31.889999389648438,31.889999389648438,968700
2011-08-11,32.16999816894531,33.599998474121094,32.150001525878906,33.209999084472656,33.209999084472656,917900
2011-08-12,33.5099983215332,33.93000030517578,32.75,32.93000030517578,32.93000030517578,599100
2011-08-15,33.15999984741211,34.209999084472656,33.08000183105469,34.15999984741211,34.15999984741211,459200
2011-08-16,33.7599983215332,34.220001220703125,33.290000915527344,33.52000045776367,33.52000045776367,594900
2011-08-17,33.689998626708984,34.220001220703125,33.11000061035156,33.38999938964844,33.38999938964844,494900
2011-08-18,32.54999923706055,32.63999938964844,31.6299991607666,31.760000228881836,31.760000228881836,549600
2011-08-19,31.459999084472656,32.630001068115234,31.200000762939453,31.56999969482422,31.56999969482422,483400
2011-08-22,32.31999969482422,32.900001525878906,31.920000076293945,32.150001525878906,32.150001525878906,402800
2011-08-23,32.220001220703125,34.029998779296875,32.09000015258789,33.880001068115234,33.880001068115234,660900
2011-08-24,33.84000015258789,34.04999923706055,33.11000061035156,33.91999816894531,33.91999816894531,525700
2011-08-25,33.97999954223633,34.150001525878906,32.65999984741211,32.79999923706055,32.79999923706055,520900
2011-08-26,32.5,33.459999084472656,32.11000061035156,33.11000061035156,33.11000061035156,525500
2011-08-29,33.41999816894531,35.0099983215332,33.41999816894531,34.95000076293945,34.95000076293945,815500
2011-08-30,34.720001220703125,35.45000076293945,34.56999969482422,35.279998779296875,35.279998779296875,661000
2011-08-31,35.400001525878906,35.68000030517578,34.130001068115234,34.56999969482422,34.56999969482422,291600
2011-09-01,34.56999969482422,34.79999923706055,33.41999816894531,33.4900016784668,33.4900016784668,436500
2011-09-02,32.7599983215332,33.0,32.119998931884766,32.40999984741211,32.40999984741211,334600
2011-09-06,31.479999542236328,31.950000762939453,31.260000228881836,31.90999984741211,31.90999984741211,398100
2011-09-07,32.43000030517578,33.38999938964844,32.43000030517578,33.310001373291016,33.310001373291016,597400
2011-09-08,33.15999984741211,33.849998474121094,32.810001373291016,33.040000915527344,33.040000915527344,405200
2011-09-09,32.810001373291016,33.58000183105469,32.529998779296875,32.970001220703125,32.970001220703125,415000
2011-09-12,32.529998779296875,34.310001373291016,32.529998779296875,34.15999984741211,34.15999984741211,827600
2011-09-13,34.33000183105469,35.439998626708984,34.0,35.20000076293945,35.20000076293945,817900
2011-09-14,35.459999084472656,36.310001373291016,35.2599983215332,35.91999816894531,35.91999816894531,719500
2011-09-15,36.29999923706055,36.650001525878906,35.630001068115234,36.54999923706055,36.54999923706055,590800
2011-09-16,36.619998931884766,37.15999984741211,36.59000015258789,36.86000061035156,36.86000061035156,656800
2011-09-19,36.2599983215332,36.79999923706055,35.900001525878906,36.47999954223633,36.47999954223633,483700
2011-09-20,36.59000015258789,37.220001220703125,35.959999084472656,36.59000015258789,36.59000015258789,802400
2011-09-21,36.63999938964844,36.880001068115234,35.45000076293945,35.470001220703125,35.470001220703125,681700
2011-09-22,34.47999954223633,35.119998931884766,33.650001525878906,34.31999969482422,34.31999969482422,586000
2011-09-23,34.11000061035156,35.25,34.0,35.13999938964844,35.13999938964844,211300
2011-09-26,35.31999969482422,35.560001373291016,34.380001068115234,35.18000030517578,35.18000030517578,309200
2011-09-27,35.880001068115234,36.65999984741211,35.5,35.650001525878906,35.650001525878906,312100
2011-09-28,35.81999969482422,35.88999938964844,34.40999984741211,34.5099983215332,34.5099983215332,317400
2011-09-29,35.099998474121094,35.619998931884766,33.58000183105469,34.22999954223633,34.22999954223633,280100
2011-09-30,33.83000183105469,34.04999923706055,33.40999984741211,33.540000915527344,33.540000915527344,274000
2011-10-03,33.27000045776367,33.72999954223633,32.099998474121094,32.38999938964844,32.38999938964844,572000
2011-10-04,31.940000534057617,33.38999938964844,31.920000076293945,33.380001068115234,33.380001068115234,439900
2011-10-05,33.400001525878906,34.18000030517578,32.75,33.849998474121094,33.849998474121094,423300
2011-10-06,33.83000183105469,34.060001373291016,33.41999816894531,33.79999923706055,33.79999923706055,441000
2011-10-07,33.93000030517578,34.349998474121094,33.27000045776367,33.77000045776367,33.77000045776367,291700
2011-10-10,34.33000183105469,34.77000045776367,34.11000061035156,34.5,34.5,385800
2011-10-11,34.34000015258789,34.90999984741211,34.099998474121094,34.31999969482422,34.31999969482422,331000
2011-10-12,34.650001525878906,35.040000915527344,34.47999954223633,34.599998474121094,34.599998474121094,413000
2011-10-13,34.380001068115234,35.75,34.380001068115234,35.33000183105469,35.33000183105469,395600
2011-10-14,35.79999923706055,35.79999923706055,34.95000076293945,35.43000030517578,35.43000030517578,294700
2011-10-17,35.220001220703125,35.45000076293945,34.52000045776367,34.709999084472656,34.709999084472656,347000
2011-10-18,34.689998626708984,35.220001220703125,34.119998931884766,34.86000061035156,34.86000061035156,330200
2011-10-19,34.84000015258789,34.880001068115234,33.939998626708984,34.099998474121094,34.099998474121094,481000
2011-10-20,34.0099983215332,34.209999084472656,32.810001373291016,33.77000045776367,33.77000045776367,476300
2011-10-21,34.18000030517578,34.900001525878906,33.9900016784668,34.77000045776367,34.77000045776367,365600
2011-10-24,34.880001068115234,36.689998626708984,34.75,36.33000183105469,36.33000183105469,451200
2011-10-25,36.33000183105469,37.150001525878906,35.77000045776367,36.4900016784668,36.4900016784668,767900
2011-10-26,38.0099983215332,41.70000076293945,38.0,40.4900016784668,40.4900016784668,2068500
2011-10-27,42.95000076293945,44.70000076293945,42.0099983215332,43.790000915527344,43.790000915527344,1057900
2011-10-28,43.7400016784668,44.220001220703125,43.25,43.72999954223633,43.72999954223633,485800
2011-10-31,43.0,43.529998779296875,42.650001525878906,42.75,42.75,593400
2011-11-01,41.47999954223633,41.959999084472656,40.470001220703125,41.189998626708984,41.189998626708984,640600
2011-11-02,41.7599983215332,42.0,40.560001373291016,41.060001373291016,41.060001373291016,685800
2011-11-03,41.459999084472656,42.02000045776367,40.880001068115234,41.869998931884766,41.869998931884766,594300
2011-11-04,41.38999938964844,43.18000030517578,41.369998931884766,42.93000030517578,42.93000030517578,680000
2011-11-07,42.869998931884766,42.97999954223633,41.58000183105469,42.470001220703125,42.470001220703125,462100
2011-11-08,42.77000045776367,42.77000045776367,41.54999923706055,42.58000183105469,42.58000183105469,224200
2011-11-09,41.59000015258789,42.400001525878906,41.31999969482422,41.43000030517578,41.43000030517578,695600
2011-11-10,41.97999954223633,42.470001220703125,41.119998931884766,41.970001220703125,41.970001220703125,338500
2011-11-11,42.310001373291016,43.790000915527344,42.029998779296875,43.099998474121094,43.099998474121094,445300
2011-11-14,42.97999954223633,43.439998626708984,42.400001525878906,42.66999816894531,42.66999816894531,235900
2011-11-15,42.20000076293945,44.31999969482422,42.18000030517578,44.06999969482422,44.06999969482422,359000
2011-11-16,43.619998931884766,45.099998474121094,43.560001373291016,43.75,43.75,495100
2011-11-17,43.61000061035156,43.61000061035156,42.33000183105469,43.099998474121094,43.099998474121094,542800
2011-11-18,43.369998931884766,43.369998931884766,42.33000183105469,42.77000045776367,42.77000045776367,407200
2011-11-21,42.16999816894531,42.459999084472656,41.0099983215332,41.70000076293945,41.70000076293945,363800
2011-11-22,41.52000045776367,41.83000183105469,40.91999816894531,41.40999984741211,41.40999984741211,373700
2011-11-23,40.9900016784668,41.2400016784668,40.220001220703125,40.65999984741211,40.65999984741211,346800
2011-11-25,40.439998626708984,41.04999923706055,40.25,40.29999923706055,40.29999923706055,101600
2011-11-28,41.459999084472656,41.95000076293945,40.9900016784668,41.400001525878906,41.400001525878906,274400
2011-11-29,41.5099983215332,41.68000030517578,40.66999816894531,41.15999984741211,41.15999984741211,196500
2011-11-30,42.400001525878906,43.45000076293945,42.36000061035156,43.220001220703125,43.220001220703125,404700
2011-12-01,42.9900016784668,43.61000061035156,42.54999923706055,42.720001220703125,42.720001220703125,232300
2011-12-02,43.18000030517578,43.470001220703125,42.34000015258789,42.40999984741211,42.40999984741211,245100
2011-12-05,43.04999923706055,43.310001373291016,42.2599983215332,42.720001220703125,42.720001220703125,227200
2011-12-06,42.849998474121094,43.04999923706055,42.470001220703125,42.689998626708984,42.689998626708984,305200
2011-12-07,42.38999938964844,42.939998626708984,41.7599983215332,42.7599983215332,42.7599983215332,259900
2011-12-08,41.02000045776367,43.65999984741211,40.310001373291016,43.02000045776367,43.02000045776367,945500
2011-12-09,42.90999984741211,43.45000076293945,42.0099983215332,43.290000915527344,43.290000915527344,235200
2011-12-12,42.630001068115234,42.650001525878906,41.33000183105469,42.33000183105469,42.33000183105469,362800
2011-12-13,42.61000061035156,42.630001068115234,40.70000076293945,41.11000061035156,41.11000061035156,368800
2011-12-14,40.939998626708984,41.459999084472656,40.36000061035156,40.61000061035156,40.61000061035156,442300
2011-12-15,41.22999954223633,41.2400016784668,40.59000015258789,40.9900016784668,40.9900016784668,262300
2011-12-16,41.189998626708984,42.41999816894531,41.099998474121094,42.33000183105469,42.33000183105469,778000
2011-12-19,42.4900016784668,42.61000061035156,40.7599983215332,41.02000045776367,41.02000045776367,268000
2011-12-20,41.59000015258789,42.970001220703125,41.47999954223633,42.70000076293945,42.70000076293945,193300
2011-12-21,42.61000061035156,42.91999816894531,41.689998626708984,42.7599983215332,42.7599983215332,214900
2011-12-22,42.7400016784668,44.45000076293945,42.689998626708984,43.9900016784668,43.9900016784668,309200
2011-12-23,44.22999954223633,44.27000045776367,43.77000045776367,43.97999954223633,43.97999954223633,114600
2011-12-27,43.91999816894531,44.56999969482422,43.310001373291016,43.970001220703125,43.970001220703125,123200
2011-12-28,43.939998626708984,43.939998626708984,43.459999084472656,43.5099983215332,43.5099983215332,109400
2011-12-29,43.54999923706055,44.119998931884766,43.31999969482422,43.9900016784668,43.9900016784668,76500
2011-12-30,44.029998779296875,44.040000915527344,43.400001525878906,43.41999816894531,43.41999816894531,130200
2012-01-03,44.220001220703125,44.70000076293945,43.369998931884766,43.95000076293945,43.95000076293945,224700
2012-01-04,43.65999984741211,43.88999938964844,43.08000183105469,43.709999084472656,43.709999084472656,137900
2012-01-05,43.63999938964844,44.22999954223633,43.47999954223633,44.16999816894531,44.16999816894531,393000
2012-01-06,44.11000061035156,44.650001525878906,43.310001373291016,43.65999984741211,43.65999984741211,335600
2012-01-09,43.79999923706055,44.40999984741211,43.58000183105469,43.90999984741211,43.90999984741211,417800
2012-01-10,44.220001220703125,44.470001220703125,43.75,43.95000076293945,43.95000076293945,281200
2012-01-11,43.66999816894531,44.45000076293945,43.459999084472656,44.2400016784668,44.2400016784668,440700
2012-01-12,44.439998626708984,44.439998626708984,43.63999938964844,44.119998931884766,44.119998931884766,180300
2012-01-13,43.709999084472656,43.810001373291016,42.31999969482422,42.369998931884766,42.369998931884766,314500
2012-01-17,42.720001220703125,43.11000061035156,42.47999954223633,42.4900016784668,42.4900016784668,286200
2012-01-18,42.56999969482422,44.88999938964844,42.540000915527344,44.7599983215332,44.7599983215332,546400
2012-01-19,44.900001525878906,45.5,44.7599983215332,45.290000915527344,45.290000915527344,256200
2012-01-20,45.130001068115234,45.4900016784668,45.0,45.29999923706055,45.29999923706055,201300
2012-01-23,45.220001220703125,45.59000015258789,45.02000045776367,45.369998931884766,45.369998931884766,271300
2012-01-24,45.22999954223633,47.29999923706055,45.22999954223633,47.06999969482422,47.06999969482422,1156300
2012-01-25,48.13999938964844,48.5,45.93000030517578,46.77000045776367,46.77000045776367,936900
2012-01-26,47.0,47.619998931884766,44.5099983215332,44.790000915527344,44.790000915527344,766000
2012-01-27,44.689998626708984,45.790000915527344,44.540000915527344,45.150001525878906,45.150001525878906,546200
2012-01-30,44.7599983215332,44.970001220703125,43.7599983215332,44.72999954223633,44.72999954223633,445400
2012-01-31,44.849998474121094,44.88999938964844,43.470001220703125,43.84000015258789,43.84000015258789,397300
2012-02-01,44.16999816894531,44.619998931884766,43.77000045776367,44.31999969482422,44.31999969482422,350000
2012-02-02,44.220001220703125,45.0,43.9900016784668,44.11000061035156,44.11000061035156,192600
2012-02-03,44.5,45.5,44.5,45.4900016784668,45.4900016784668,381200
2012-02-06,45.279998779296875,45.459999084472656,44.849998474121094,45.02000045776367,45.02000045776367,156700
2012-02-07,44.83000183105469,45.439998626708984,44.630001068115234,45.22999954223633,45.22999954223633,236100
2012-02-08,45.209999084472656,45.689998626708984,45.0099983215332,45.5,45.5,365200
2012-02-09,45.4900016784668,45.939998626708984,45.13999938964844,45.880001068115234,45.880001068115234,311000
2012-02-10,45.400001525878906,45.58000183105469,44.279998779296875,44.5099983215332,44.5099983215332,245000
2012-02-13,44.790000915527344,45.540000915527344,43.849998474121094,44.83000183105469,44.83000183105469,153800
2012-02-14,44.630001068115234,44.849998474121094,44.02000045776367,44.41999816894531,44.41999816894531,213500
2012-02-15,44.630001068115234,45.27000045776367,44.45000076293945,45.04999923706055,45.04999923706055,237400
2012-02-16,44.4900016784668,46.06999969482422,44.4900016784668,45.90999984741211,45.90999984741211,293000
2012-02-17,46.06999969482422,46.36000061035156,45.59000015258789,45.88999938964844,45.88999938964844,187400
2012-02-21,45.63999938964844,46.16999816894531,45.119998931884766,45.970001220703125,45.970001220703125,321700
2012-02-22,45.79999923706055,46.599998474121094,45.040000915527344,45.79999923706055,45.79999923706055,285700
2012-02-23,45.79999923706055,46.63999938964844,45.38999938964844,46.630001068115234,46.630001068115234,286300
2012-02-24,46.470001220703125,46.540000915527344,45.29999923706055,45.79999923706055,45.79999923706055,368000
2012-02-27,45.41999816894531,46.04999923706055,45.0099983215332,45.66999816894531,45.66999816894531,266700
2012-02-28,45.65999984741211,46.150001525878906,45.060001373291016,45.560001373291016,45.560001373291016,294100
2012-02-29,45.61000061035156,45.61000061035156,44.61000061035156,44.79999923706055,44.79999923706055,301000
2012-03-01,44.849998474121094,45.33000183105469,44.5099983215332,44.720001220703125,44.720001220703125,151500
2012-03-02,44.5099983215332,45.0,42.9900016784668,43.25,43.25,337800
2012-03-05,43.2400016784668,43.34000015258789,41.81999969482422,41.900001525878906,41.900001525878906,417400
2012-03-06,41.560001373291016,42.04999923706055,41.06999969482422,41.650001525878906,41.650001525878906,305700
2012-03-07,41.84000015258789,41.900001525878906,41.4900016784668,41.54999923706055,41.54999923706055,314600
2012-03-08,41.97999954223633,42.36000061035156,41.52000045776367,41.77000045776367,41.77000045776367,369500
2012-03-09,41.689998626708984,41.880001068115234,41.56999969482422,41.779998779296875,41.779998779296875,273400
2012-03-12,41.90999984741211,42.04999923706055,41.41999816894531,41.72999954223633,41.72999954223633,539100
2012-03-13,42.0,42.400001525878906,41.7599983215332,41.959999084472656,41.959999084472656,362100
2012-03-14,41.849998474121094,42.36000061035156,41.38999938964844,41.52000045776367,41.52000045776367,215200
2012-03-15,41.689998626708984,42.72999954223633,41.36000061035156,42.25,42.25,392400
2012-03-16,42.2599983215332,42.34000015258789,41.650001525878906,41.90999984741211,41.90999984741211,251300
2012-03-19,42.029998779296875,42.9900016784668,41.709999084472656,42.5099983215332,42.5099983215332,168100
2012-03-20,42.290000915527344,42.7400016784668,41.81999969482422,42.380001068115234,42.380001068115234,129300
2012-03-21,43.25,44.33000183105469,43.11000061035156,43.43000030517578,43.43000030517578,350100
2012-03-22,43.029998779296875,43.40999984741211,42.630001068115234,42.95000076293945,42.95000076293945,153100
2012-03-23,42.779998779296875,43.13999938964844,42.56999969482422,43.040000915527344,43.040000915527344,120000
2012-03-26,43.290000915527344,44.06999969482422,43.04999923706055,43.779998779296875,43.779998779296875,155800
2012-03-27,43.810001373291016,44.060001373291016,43.70000076293945,43.849998474121094,43.849998474121094,167600
2012-03-28,43.72999954223633,43.77000045776367,43.25,43.560001373291016,43.560001373291016,125400
2012-03-29,43.369998931884766,43.790000915527344,42.9900016784668,43.709999084472656,43.709999084472656,174000
2012-03-30,43.9900016784668,43.9900016784668,42.970001220703125,43.0,43.0,226100
2012-04-02,42.91999816894531,43.41999816894531,42.220001220703125,42.95000076293945,42.95000076293945,203600
2012-04-03,42.83000183105469,42.83000183105469,42.130001068115234,42.380001068115234,42.380001068115234,290300
2012-04-04,42.02000045776367,42.099998474121094,41.31999969482422,41.529998779296875,41.529998779296875,364000
2012-04-05,41.47999954223633,41.689998626708984,41.099998474121094,41.61000061035156,41.61000061035156,127300
2012-04-09,41.04999923706055,41.2400016784668,40.56999969482422,40.95000076293945,40.95000076293945,220300
2012-04-10,40.939998626708984,41.16999816894531,40.56999969482422,40.58000183105469,40.58000183105469,277700
2012-04-11,41.91999816894531,43.349998474121094,41.91999816894531,42.56999969482422,42.56999969482422,590300
2012-04-12,42.720001220703125,43.189998626708984,42.27000045776367,43.06999969482422,43.06999969482422,188200
2012-04-13,42.869998931884766,43.0,41.45000076293945,41.4900016784668,41.4900016784668,251700
2012-04-16,41.61000061035156,42.0,41.41999816894531,41.599998474121094,41.599998474121094,252800
2012-04-17,41.79999923706055,42.86000061035156,41.66999816894531,42.369998931884766,42.369998931884766,307200
2012-04-18,41.959999084472656,42.130001068115234,41.650001525878906,41.779998779296875,41.779998779296875,280500
2012-04-19,41.939998626708984,42.560001373291016,41.40999984741211,41.70000076293945,41.70000076293945,256900
2012-04-20,41.93000030517578,41.93000030517578,41.08000183105469,41.15999984741211,41.15999984741211,266900
2012-04-23,40.7599983215332,40.90999984741211,39.970001220703125,40.36000061035156,40.36000061035156,338600
2012-04-24,40.560001373291016,40.56999969482422,40.099998474121094,40.36000061035156,40.36000061035156,286200
2012-04-25,41.130001068115234,41.189998626708984,33.25,33.65999984741211,33.65999984741211,3740600
2012-04-26,33.66999816894531,35.63999938964844,33.65999984741211,34.72999954223633,34.72999954223633,1726000
2012-04-27,35.04999923706055,35.380001068115234,34.59000015258789,35.16999816894531,35.16999816894531,1194400
2012-04-30,35.189998626708984,35.81999969482422,35.02000045776367,35.4900016784668,35.4900016784668,676800
2012-05-01,35.380001068115234,35.7400016784668,35.119998931884766,35.56999969482422,35.56999969482422,598700
2012-05-02,35.22999954223633,35.880001068115234,35.029998779296875,35.72999954223633,35.72999954223633,551300
2012-05-03,35.619998931884766,35.65999984741211,35.27000045776367,35.31999969482422,35.31999969482422,522100
2012-05-04,35.09000015258789,35.27000045776367,34.529998779296875,34.849998474121094,34.849998474121094,501100
2012-05-07,34.75,34.900001525878906,34.43000030517578,34.599998474121094,34.599998474121094,363000
2012-05-08,34.459999084472656,34.59000015258789,33.95000076293945,34.400001525878906,34.400001525878906,436000
2012-05-09,33.97999954223633,34.459999084472656,33.79999923706055,34.33000183105469,34.33000183105469,543500
2012-05-10,34.52000045776367,34.599998474121094,33.68000030517578,34.16999816894531,34.16999816894531,227000
2012-05-11,34.04999923706055,34.709999084472656,33.959999084472656,34.290000915527344,34.290000915527344,224600
2012-05-14,33.79999923706055,33.869998931884766,33.380001068115234,33.689998626708984,33.689998626708984,246700
2012-05-15,33.619998931884766,34.119998931884766,33.29999923706055,34.029998779296875,34.029998779296875,354100
2012-05-16,34.04999923706055,34.47999954223633,33.959999084472656,34.0099983215332,34.0099983215332,408400
2012-05-17,34.029998779296875,34.7400016784668,33.58000183105469,33.59000015258789,33.59000015258789,443900
2012-05-18,33.529998779296875,33.77000045776367,32.439998626708984,32.54999923706055,32.54999923706055,414800
2012-05-21,32.5099983215332,33.0,32.0,32.93000030517578,32.93000030517578,371400
2012-05-22,32.790000915527344,33.119998931884766,32.720001220703125,32.97999954223633,32.97999954223633,404500
2012-05-23,32.63999938964844,33.86000061035156,32.58000183105469,33.84000015258789,33.84000015258789,617000
2012-05-24,33.84000015258789,34.369998931884766,33.349998474121094,33.9900016784668,33.9900016784668,675900
2012-05-25,33.90999984741211,34.52000045776367,33.54999923706055,34.16999816894531,34.16999816894531,368000
2012-05-29,34.560001373291016,35.349998474121094,34.54999923706055,35.25,35.25,408600
2012-05-30,34.91999816894531,35.06999969482422,34.16999816894531,34.56999969482422,34.56999969482422,337800
2012-05-31,34.36000061035156,34.810001373291016,33.58000183105469,34.529998779296875,34.529998779296875,382500
2012-06-01,33.93000030517578,33.95000076293945,32.93000030517578,33.06999969482422,33.06999969482422,397700
2012-06-04,33.189998626708984,33.84000015258789,33.08000183105469,33.58000183105469,33.58000183105469,271000
2012-06-05,33.369998931884766,34.880001068115234,33.150001525878906,34.650001525878906,34.650001525878906,359800
2012-06-06,34.84000015258789,35.849998474121094,34.83000183105469,35.540000915527344,35.540000915527344,253400
2012-06-07,35.849998474121094,36.20000076293945,35.060001373291016,35.130001068115234,35.130001068115234,197900
2012-06-08,35.0099983215332,36.040000915527344,35.0099983215332,35.84000015258789,35.84000015258789,178100
2012-06-11,36.060001373291016,36.189998626708984,35.40999984741211,35.45000076293945,35.45000076293945,399500
2012-06-12,35.720001220703125,36.52000045776367,35.43000030517578,36.279998779296875,36.279998779296875,207200
2012-06-13,36.27000045776367,36.439998626708984,35.709999084472656,35.84000015258789,35.84000015258789,305300
2012-06-14,35.810001373291016,36.619998931884766,35.27000045776367,36.18000030517578,36.18000030517578,280700
2012-06-15,36.150001525878906,36.970001220703125,35.849998474121094,36.880001068115234,36.880001068115234,330600
2012-06-18,36.650001525878906,37.619998931884766,36.5099983215332,37.369998931884766,37.369998931884766,223500
2012-06-19,37.540000915527344,37.810001373291016,36.90999984741211,37.47999954223633,37.47999954223633,136800
2012-06-20,37.470001220703125,38.310001373291016,37.18000030517578,37.959999084472656,37.959999084472656,234100
2012-06-21,38.029998779296875,38.04999923706055,36.2400016784668,36.36000061035156,36.36000061035156,140400
2012-06-22,36.459999084472656,37.709999084472656,36.290000915527344,37.65999984741211,37.65999984741211,263800
2012-06-25,37.18000030517578,37.43000030517578,35.79999923706055,36.189998626708984,36.189998626708984,334700
2012-06-26,36.29999923706055,37.13999938964844,36.11000061035156,36.59000015258789,36.59000015258789,351900
2012-06-27,36.720001220703125,37.22999954223633,36.459999084472656,36.84000015258789,36.84000015258789,276700
2012-06-28,36.650001525878906,36.97999954223633,35.849998474121094,36.529998779296875,36.529998779296875,277700
2012-06-29,37.15999984741211,38.02000045776367,37.02000045776367,37.849998474121094,37.849998474121094,256700
2012-07-02,37.86000061035156,37.86000061035156,37.220001220703125,37.7400016784668,37.7400016784668,287200
2012-07-03,37.70000076293945,38.310001373291016,37.630001068115234,38.279998779296875,38.279998779296875,182500
2012-07-05,38.13999938964844,38.599998474121094,37.630001068115234,38.38999938964844,38.38999938964844,185900
2012-07-06,38.060001373291016,38.209999084472656,36.7599983215332,37.040000915527344,37.040000915527344,287700
2012-07-09,37.029998779296875,37.650001525878906,36.779998779296875,37.16999816894531,37.16999816894531,314000
2012-07-10,37.16999816894531,37.540000915527344,36.08000183105469,36.22999954223633,36.22999954223633,481100
2012-07-11,36.22999954223633,36.59000015258789,35.470001220703125,35.97999954223633,35.97999954223633,340600
2012-07-12,35.70000076293945,35.79999923706055,35.06999969482422,35.29999923706055,35.29999923706055,211300
2012-07-13,35.47999954223633,36.209999084472656,35.2599983215332,36.0,36.0,189300
2012-07-16,35.95000076293945,36.25,35.2400016784668,35.810001373291016,35.810001373291016,138400
2012-07-17,35.95000076293945,36.31999969482422,35.279998779296875,35.86000061035156,35.86000061035156,205500
2012-07-18,35.790000915527344,37.54999923706055,35.790000915527344,36.9900016784668,36.9900016784668,195600
2012-07-19,37.27000045776367,37.720001220703125,36.810001373291016,36.88999938964844,36.88999938964844,311700
2012-07-20,36.65999984741211,36.72999954223633,36.130001068115234,36.380001068115234,36.380001068115234,154300
2012-07-23,35.5,35.75,35.02000045776367,35.27000045776367,35.27000045776367,291800
2012-07-24,35.20000076293945,35.36000061035156,34.54999923706055,34.939998626708984,34.939998626708984,504600
2012-07-25,38.97999954223633,39.880001068115234,37.349998474121094,37.599998474121094,37.599998474121094,1435100
2012-07-26,38.43000030517578,38.43000030517578,36.810001373291016,37.61000061035156,37.61000061035156,400600
2012-07-27,37.709999084472656,37.79999923706055,37.09000015258789,37.65999984741211,37.65999984741211,373800
2012-07-30,37.529998779296875,37.849998474121094,36.47999954223633,36.84000015258789,36.84000015258789,217700
2012-07-31,36.83000183105469,37.560001373291016,36.779998779296875,36.95000076293945,36.95000076293945,192800
2012-08-01,37.040000915527344,37.13999938964844,36.25,36.47999954223633,36.47999954223633,255000
2012-08-02,36.220001220703125,37.130001068115234,36.02000045776367,36.52000045776367,36.52000045776367,192300
2012-08-03,37.0,37.79999923706055,36.650001525878906,37.45000076293945,37.45000076293945,213500
2012-08-06,37.65999984741211,38.560001373291016,37.45000076293945,38.33000183105469,38.33000183105469,226500
2012-08-07,38.400001525878906,39.630001068115234,38.400001525878906,39.2599983215332,39.2599983215332,269900
2012-08-08,39.150001525878906,39.36000061035156,38.97999954223633,39.060001373291016,39.060001373291016,153300
2012-08-09,39.08000183105469,39.540000915527344,38.83000183105469,39.18000030517578,39.18000030517578,176400
2012-08-10,39.11000061035156,39.279998779296875,38.869998931884766,39.220001220703125,39.220001220703125,132200
2012-08-13,39.099998474121094,39.150001525878906,38.59000015258789,38.9900016784668,38.9900016784668,158600
2012-08-14,39.099998474121094,39.65999984741211,38.81999969482422,38.9900016784668,38.9900016784668,247200
2012-08-15,39.0,39.849998474121094,38.56999969482422,39.369998931884766,39.369998931884766,263900
2012-08-16,39.459999084472656,39.9900016784668,39.349998474121094,39.849998474121094,39.849998474121094,192900
2012-08-17,39.90999984741211,40.33000183105469,39.650001525878906,40.209999084472656,40.209999084472656,166100
2012-08-20,39.90999984741211,40.099998474121094,39.56999969482422,39.7599983215332,39.7599983215332,208300
2012-08-21,39.790000915527344,40.349998474121094,38.959999084472656,39.029998779296875,39.029998779296875,250400
2012-08-22,38.970001220703125,39.220001220703125,38.54999923706055,38.7400016784668,38.7400016784668,182100
2012-08-23,38.599998474121094,38.810001373291016,37.869998931884766,38.15999984741211,38.15999984741211,216900
2012-08-24,38.13999938964844,38.209999084472656,37.70000076293945,38.099998474121094,38.099998474121094,188700
2012-08-27,38.2400016784668,38.83000183105469,37.880001068115234,37.95000076293945,37.95000076293945,201800
2012-08-28,37.9900016784668,38.2599983215332,37.79999923706055,38.060001373291016,38.060001373291016,230300
2012-08-29,38.15999984741211,39.08000183105469,37.810001373291016,38.88999938964844,38.88999938964844,328100
2012-08-30,38.54999923706055,38.70000076293945,37.7400016784668,37.93000030517578,37.93000030517578,174800
2012-08-31,38.25,38.560001373291016,37.689998626708984,38.2400016784668,38.2400016784668,175400
2012-09-04,38.119998931884766,38.75,37.380001068115234,38.459999084472656,38.459999084472656,145300
2012-09-05,38.400001525878906,38.61000061035156,37.459999084472656,37.540000915527344,37.540000915527344,247500
2012-09-06,37.869998931884766,38.65999984741211,37.869998931884766,38.56999969482422,38.56999969482422,236800
2012-09-07,38.349998474121094,38.779998779296875,37.84000015258789,38.34000015258789,38.34000015258789,335300
2012-09-10,38.16999816894531,38.59000015258789,37.810001373291016,38.15999984741211,38.15999984741211,155800
2012-09-11,38.11000061035156,38.31999969482422,37.849998474121094,38.040000915527344,38.040000915527344,107700
2012-09-12,38.400001525878906,38.970001220703125,38.060001373291016,38.790000915527344,38.790000915527344,157000
2012-09-13,38.81999969482422,39.13999938964844,38.369998931884766,38.84000015258789,38.84000015258789,202600
2012-09-14,38.849998474121094,39.709999084472656,38.849998474121094,39.380001068115234,39.380001068115234,116700
2012-09-17,39.20000076293945,39.20000076293945,38.2400016784668,38.47999954223633,38.47999954223633,134800
2012-09-18,37.27000045776367,38.61000061035156,37.27000045776367,38.349998474121094,38.349998474121094,275900
2012-09-19,38.290000915527344,38.720001220703125,38.0099983215332,38.119998931884766,38.119998931884766,177300
2012-09-20,37.86000061035156,38.41999816894531,37.2599983215332,37.47999954223633,37.47999954223633,126600
2012-09-21,37.7599983215332,37.970001220703125,37.27000045776367,37.58000183105469,37.58000183105469,1023700
2012-09-24,37.369998931884766,37.900001525878906,37.310001373291016,37.470001220703125,37.470001220703125,199400
2012-09-25,37.689998626708984,37.869998931884766,36.16999816894531,36.18000030517578,36.18000030517578,168200
2012-09-26,36.06999969482422,36.38999938964844,35.29999923706055,35.86000061035156,35.86000061035156,172000
2012-09-27,36.029998779296875,37.02000045776367,36.029998779296875,36.90999984741211,36.90999984741211,180700
2012-09-28,36.68000030517578,37.08000183105469,36.29999923706055,36.7599983215332,36.7599983215332,246700
2012-10-01,36.83000183105469,36.900001525878906,36.099998474121094,36.59000015258789,36.59000015258789,301300
2012-10-02,36.61000061035156,37.189998626708984,36.58000183105469,37.040000915527344,37.040000915527344,222400
2012-10-03,37.0,37.209999084472656,36.66999816894531,37.040000915527344,37.040000915527344,153700
2012-10-04,37.18000030517578,37.459999084472656,36.709999084472656,37.31999969482422,37.31999969482422,138500
2012-10-05,37.400001525878906,37.7400016784668,37.09000015258789,37.209999084472656,37.209999084472656,124700
2012-10-08,37.900001525878906,37.900001525878906,36.91999816894531,37.0099983215332,37.0099983215332,186700
2012-10-09,36.88999938964844,36.939998626708984,36.029998779296875,36.220001220703125,36.220001220703125,151300
2012-10-10,36.15999984741211,36.40999984741211,35.709999084472656,35.79999923706055,35.79999923706055,133000
2012-10-11,36.15999984741211,36.529998779296875,36.0099983215332,36.290000915527344,36.290000915527344,101500
2012-10-12,36.2400016784668,36.40999984741211,36.029998779296875,36.209999084472656,36.209999084472656,124700
2012-10-15,36.15999984741211,36.79999923706055,36.04999923706055,36.689998626708984,36.689998626708984,145600
2012-10-16,36.75,37.56999969482422,36.75,37.06999969482422,37.06999969482422,322200
2012-10-17,36.88999938964844,37.2400016784668,36.459999084472656,36.7599983215332,36.7599983215332,210700
2012-10-18,36.66999816894531,36.720001220703125,35.349998474121094,35.599998474121094,35.599998474121094,283200
2012-10-19,35.40999984741211,35.63999938964844,35.0,35.540000915527344,35.540000915527344,379300
2012-10-22,35.41999816894531,36.0099983215332,35.27000045776367,35.63999938964844,35.63999938964844,227800
2012-10-23,35.18000030517578,36.90999984741211,35.18000030517578,36.11000061035156,36.11000061035156,403500
2012-10-24,39.66999816894531,41.630001068115234,39.02000045776367,41.029998779296875,41.029998779296875,1535200
2012-10-25,41.849998474121094,41.849998474121094,40.08000183105469,40.400001525878906,40.400001525878906,667800
2012-10-26,40.61000061035156,41.540000915527344,40.61000061035156,40.7599983215332,40.7599983215332,557200
2012-10-31,40.689998626708984,40.689998626708984,39.41999816894531,40.41999816894531,40.41999816894531,469800
2012-11-01,40.38999938964844,42.09000015258789,40.189998626708984,41.810001373291016,41.810001373291016,636300
2012-11-02,41.720001220703125,41.810001373291016,40.540000915527344,40.779998779296875,40.779998779296875,491000
2012-11-05,40.83000183105469,41.25,40.599998474121094,41.060001373291016,41.060001373291016,335600
2012-11-06,41.189998626708984,41.900001525878906,40.9900016784668,41.189998626708984,41.189998626708984,348100
2012-11-07,40.900001525878906,41.20000076293945,40.33000183105469,40.90999984741211,40.90999984741211,396700
2012-11-08,41.060001373291016,41.5,40.7400016784668,40.779998779296875,40.779998779296875,181500
2012-11-09,40.599998474121094,41.369998931884766,40.5,41.119998931884766,41.119998931884766,311800
2012-11-12,41.150001525878906,41.630001068115234,40.939998626708984,41.11000061035156,41.11000061035156,128800
2012-11-13,40.75,41.33000183105469,40.75,40.90999984741211,40.90999984741211,173200
2012-11-14,41.290000915527344,41.290000915527344,40.040000915527344,40.20000076293945,40.20000076293945,252600
2012-11-15,40.0,40.68000030517578,39.58000183105469,39.63999938964844,39.63999938964844,177900
2012-11-16,39.86000061035156,39.970001220703125,38.75,39.47999954223633,39.47999954223633,201600
2012-11-19,39.88999938964844,40.29999923706055,39.459999084472656,40.06999969482422,40.06999969482422,147800
2012-11-20,39.91999816894531,40.22999954223633,39.36000061035156,40.02000045776367,40.02000045776367,141900
2012-11-21,40.060001373291016,40.22999954223633,39.619998931884766,40.13999938964844,40.13999938964844,63900
2012-11-23,40.13999938964844,40.869998931884766,39.869998931884766,40.849998474121094,40.849998474121094,83000
2012-11-26,41.02000045776367,41.97999954223633,40.529998779296875,41.400001525878906,41.400001525878906,343600
2012-11-27,41.29999923706055,41.529998779296875,40.61000061035156,40.650001525878906,40.650001525878906,195800
2012-11-28,40.22999954223633,40.380001068115234,39.04999923706055,40.34000015258789,40.34000015258789,503600
2012-11-29,40.66999816894531,41.20000076293945,39.689998626708984,41.130001068115234,41.130001068115234,133700
2012-11-30,41.060001373291016,41.869998931884766,40.79999923706055,41.81999969482422,41.81999969482422,286500
2012-12-03,41.91999816894531,41.93000030517578,41.150001525878906,41.41999816894531,41.41999816894531,161900
2012-12-04,41.349998474121094,42.0,41.15999984741211,41.66999816894531,41.66999816894531,184100
2012-12-05,41.709999084472656,42.0,41.34000015258789,41.45000076293945,41.45000076293945,137300
2012-12-06,41.5,42.099998474121094,41.119998931884766,41.83000183105469,41.83000183105469,153100
2012-12-07,41.95000076293945,42.08000183105469,41.439998626708984,41.81999969482422,41.81999969482422,116800
2012-12-10,41.88999938964844,42.0,41.650001525878906,41.970001220703125,41.970001220703125,108300
2012-12-11,42.099998474121094,42.810001373291016,41.91999816894531,42.560001373291016,42.560001373291016,284700
2012-12-12,42.869998931884766,42.95000076293945,41.88999938964844,42.290000915527344,42.290000915527344,277100
2012-12-13,42.59000015258789,42.880001068115234,41.970001220703125,42.25,42.25,230600
2012-12-14,42.20000076293945,42.75,41.97999954223633,42.52000045776367,42.52000045776367,223700
2012-12-17,42.54999923706055,42.63999938964844,41.86000061035156,42.08000183105469,42.08000183105469,193100
2012-12-18,42.220001220703125,42.93000030517578,41.959999084472656,42.7400016784668,42.7400016784668,259200
2012-12-19,42.849998474121094,42.95000076293945,42.310001373291016,42.36000061035156,42.36000061035156,124300
2012-12-20,42.27000045776367,42.720001220703125,41.810001373291016,42.400001525878906,42.400001525878906,274800
2012-12-21,41.560001373291016,42.47999954223633,41.099998474121094,41.7400016784668,41.7400016784668,900000
2012-12-24,41.810001373291016,42.220001220703125,41.61000061035156,42.029998779296875,42.029998779296875,63200
2012-12-26,42.06999969482422,42.97999954223633,41.709999084472656,41.959999084472656,41.959999084472656,179500
2012-12-27,42.02000045776367,42.09000015258789,41.2400016784668,41.66999816894531,41.66999816894531,180500
2012-12-28,41.400001525878906,41.869998931884766,41.33000183105469,41.4900016784668,41.4900016784668,117300
2012-12-31,41.31999969482422,42.0,41.150001525878906,41.79999923706055,41.79999923706055,308800
2013-01-02,42.560001373291016,43.52000045776367,42.09000015258789,43.52000045776367,43.52000045776367,628200
2013-01-03,43.52000045776367,43.9900016784668,43.060001373291016,43.439998626708984,43.439998626708984,302700
2013-01-04,43.79999923706055,43.79999923706055,42.93000030517578,43.09000015258789,43.09000015258789,168400
2013-01-07,42.72999954223633,43.0,42.25,42.34000015258789,42.34000015258789,205600
2013-01-08,42.209999084472656,42.630001068115234,41.58000183105469,41.61000061035156,41.61000061035156,292600
2013-01-09,41.560001373291016,41.779998779296875,41.09000015258789,41.33000183105469,41.33000183105469,285900
2013-01-10,41.849998474121094,42.08000183105469,41.040000915527344,41.459999084472656,41.459999084472656,312600
2013-01-11,41.5,41.790000915527344,41.099998474121094,41.470001220703125,41.470001220703125,160400
2013-01-14,41.209999084472656,41.63999938964844,40.83000183105469,41.38999938964844,41.38999938964844,141300
2013-01-15,40.9900016784668,41.41999816894531,40.83000183105469,40.9900016784668,40.9900016784668,208700
2013-01-16,41.0,41.380001068115234,40.79999923706055,41.209999084472656,41.209999084472656,208000
2013-01-17,41.459999084472656,42.630001068115234,41.36000061035156,42.16999816894531,42.16999816894531,391800
2013-01-18,41.79999923706055,42.5099983215332,41.75,42.439998626708984,42.439998626708984,270800
2013-01-22,42.36000061035156,42.439998626708984,41.95000076293945,42.09000015258789,42.09000015258789,172400
2013-01-23,42.0,42.34000015258789,41.95000076293945,42.13999938964844,42.13999938964844,91300
2013-01-24,42.0099983215332,42.20000076293945,41.61000061035156,42.04999923706055,42.04999923706055,310400
2013-01-25,42.099998474121094,43.040000915527344,42.04999923706055,42.810001373291016,42.810001373291016,193500
2013-01-28,43.18000030517578,43.900001525878906,43.18000030517578,43.7400016784668,43.7400016784668,367600
2013-01-29,43.599998474121094,43.869998931884766,42.97999954223633,43.34000015258789,43.34000015258789,222000
2013-01-30,43.209999084472656,47.40999984741211,43.209999084472656,44.81999969482422,44.81999969482422,1691000
2013-01-31,45.029998779296875,45.029998779296875,43.2599983215332,43.63999938964844,43.63999938964844,835900
2013-02-01,43.7599983215332,44.18000030517578,43.599998474121094,43.88999938964844,43.88999938964844,619700
2013-02-04,43.58000183105469,44.33000183105469,43.209999084472656,43.43000030517578,43.43000030517578,597800
2013-02-05,43.56999969482422,44.16999816894531,43.45000076293945,44.060001373291016,44.060001373291016,463300
2013-02-06,43.880001068115234,44.20000076293945,43.27000045776367,43.75,43.75,309700
2013-02-07,43.61000061035156,43.79999923706055,42.939998626708984,43.290000915527344,43.290000915527344,152000
2013-02-08,43.45000076293945,43.79999923706055,43.36000061035156,43.650001525878906,43.650001525878906,242900
2013-02-11,43.619998931884766,43.790000915527344,43.2400016784668,43.459999084472656,43.459999084472656,169000
2013-02-12,43.36000061035156,44.09000015258789,43.36000061035156,43.97999954223633,43.97999954223633,311400
2013-02-13,44.06999969482422,44.18000030517578,42.959999084472656,43.90999984741211,43.90999984741211,263000
2013-02-14,43.68000030517578,44.040000915527344,43.45000076293945,44.02000045776367,44.02000045776367,322200
2013-02-15,43.9900016784668,43.9900016784668,43.0099983215332,43.400001525878906,43.400001525878906,196400
2013-02-19,43.119998931884766,43.720001220703125,43.119998931884766,43.65999984741211,43.65999984741211,292700
2013-02-20,43.63999938964844,43.91999816894531,42.630001068115234,42.9900016784668,42.9900016784668,393100
2013-02-21,42.91999816894531,43.25,41.77000045776367,42.20000076293945,42.20000076293945,353700
2013-02-22,42.4900016784668,43.09000015258789,42.02000045776367,42.27000045776367,42.27000045776367,275700
2013-02-25,42.36000061035156,42.36000061035156,41.56999969482422,41.59000015258789,41.59000015258789,290300
2013-02-26,41.790000915527344,41.95000076293945,41.2400016784668,41.849998474121094,41.849998474121094,290400
2013-02-27,41.77000045776367,42.349998474121094,41.77000045776367,42.060001373291016,42.060001373291016,242300
2013-02-28,42.0099983215332,42.36000061035156,41.47999954223633,41.52000045776367,41.52000045776367,269200
2013-03-01,41.25,41.529998779296875,40.2599983215332,41.09000015258789,41.09000015258789,353200
2013-03-04,41.369998931884766,42.41999816894531,41.0099983215332,41.099998474121094,41.099998474121094,629100
2013-03-05,41.22999954223633,41.70000076293945,40.90999984741211,41.68000030517578,41.68000030517578,281500
2013-03-06,41.779998779296875,41.900001525878906,41.349998474121094,41.4900016784668,41.4900016784668,303300
2013-03-07,41.70000076293945,42.060001373291016,41.45000076293945,41.95000076293945,41.95000076293945,342800
2013-03-08,42.22999954223633,42.5,41.63999938964844,41.959999084472656,41.959999084472656,297100
2013-03-11,41.849998474121094,42.16999816894531,41.61000061035156,41.810001373291016,41.810001373291016,204000
2013-03-12,41.689998626708984,41.900001525878906,41.40999984741211,41.72999954223633,41.72999954223633,185700
2013-03-13,41.86000061035156,41.869998931884766,41.459999084472656,41.709999084472656,41.709999084472656,180300
2013-03-14,41.95000076293945,42.18000030517578,41.84000015258789,42.02000045776367,42.02000045776367,221600
2013-03-15,41.79999923706055,41.880001068115234,41.04999923706055,41.2400016784668,41.2400016784668,320000
2013-03-18,40.83000183105469,41.2599983215332,40.689998626708984,41.0099983215332,41.0099983215332,162200
2013-03-19,41.11000061035156,41.150001525878906,40.08000183105469,40.959999084472656,40.959999084472656,284800
2013-03-20,41.16999816894531,41.310001373291016,40.2599983215332,41.209999084472656,41.209999084472656,300700
2013-03-21,40.91999816894531,40.91999816894531,39.900001525878906,40.290000915527344,40.290000915527344,247800
2013-03-22,40.41999816894531,40.72999954223633,39.93000030517578,40.040000915527344,40.040000915527344,230400
2013-03-25,40.189998626708984,40.31999969482422,39.84000015258789,40.04999923706055,40.04999923706055,249700
2013-03-26,40.15999984741211,40.400001525878906,40.119998931884766,40.2400016784668,40.2400016784668,314200
2013-03-27,40.099998474121094,40.7400016784668,39.650001525878906,40.56999969482422,40.56999969482422,340300
2013-03-28,40.5,41.43000030517578,40.380001068115234,41.36000061035156,41.36000061035156,319600
2013-04-01,41.16999816894531,41.220001220703125,40.349998474121094,40.560001373291016,40.560001373291016,317900
2013-04-02,40.81999969482422,40.81999969482422,39.779998779296875,39.9900016784668,39.9900016784668,225500
2013-04-03,39.970001220703125,39.970001220703125,38.77000045776367,39.0099983215332,39.0099983215332,221800
2013-04-04,38.939998626708984,39.47999954223633,38.7599983215332,39.38999938964844,39.38999938964844,138000
2013-04-05,38.709999084472656,39.29999923706055,38.040000915527344,39.25,39.25,284100
2013-04-08,39.27000045776367,40.349998474121094,39.2400016784668,40.310001373291016,40.310001373291016,213600
2013-04-09,40.25,40.689998626708984,39.90999984741211,40.40999984741211,40.40999984741211,114300
2013-04-10,40.470001220703125,41.65999984741211,40.45000076293945,41.61000061035156,41.61000061035156,255900
2013-04-11,42.08000183105469,43.95000076293945,41.959999084472656,43.400001525878906,43.400001525878906,754100
2013-04-12,44.0,44.0,42.22999954223633,42.439998626708984,42.439998626708984,467600
2013-04-15,42.2400016784668,42.47999954223633,41.93000030517578,42.029998779296875,42.029998779296875,422200
2013-04-16,42.33000183105469,42.41999816894531,41.72999954223633,42.29999923706055,42.29999923706055,152000
2013-04-17,42.0099983215332,42.0099983215332,40.529998779296875,40.75,40.75,299100
2013-04-18,40.88999938964844,41.11000061035156,40.18000030517578,40.630001068115234,40.630001068115234,254800
2013-04-19,40.599998474121094,41.08000183105469,39.90999984741211,40.93000030517578,40.93000030517578,186300
2013-04-22,41.040000915527344,41.22999954223633,39.869998931884766,40.90999984741211,40.90999984741211,228500
2013-04-23,41.209999084472656,42.27000045776367,41.119998931884766,42.02000045776367,42.02000045776367,379100
2013-04-24,40.0,42.72999954223633,38.63999938964844,39.4900016784668,39.4900016784668,1102200
2013-04-25,39.41999816894531,39.63999938964844,39.08000183105469,39.5,39.5,583100
2013-04-26,39.369998931884766,39.47999954223633,39.189998626708984,39.31999969482422,39.31999969482422,290300
2013-04-29,39.560001373291016,39.63999938964844,39.29999923706055,39.470001220703125,39.470001220703125,200200
2013-04-30,39.380001068115234,39.720001220703125,39.209999084472656,39.709999084472656,39.709999084472656,248700
2013-05-01,39.52000045776367,39.91999816894531,38.88999938964844,38.959999084472656,38.959999084472656,282400
2013-05-02,38.91999816894531,39.5,38.869998931884766,39.43000030517578,39.43000030517578,227600
2013-05-03,39.709999084472656,39.790000915527344,39.470001220703125,39.68000030517578,39.68000030517578,307400
2013-05-06,39.70000076293945,40.2599983215332,39.68000030517578,40.04999923706055,40.04999923706055,491000
2013-05-07,40.20000076293945,40.400001525878906,40.04999923706055,40.38999938964844,40.38999938964844,316600
2013-05-08,40.31999969482422,41.02000045776367,40.13999938964844,41.0,41.0,253500
2013-05-09,40.869998931884766,41.779998779296875,40.84000015258789,41.220001220703125,41.220001220703125,289900
2013-05-10,41.22999954223633,41.40999984741211,40.869998931884766,41.189998626708984,41.189998626708984,152000
2013-05-13,41.040000915527344,41.189998626708984,40.650001525878906,40.709999084472656,40.709999084472656,166900
2013-05-14,40.59000015258789,41.060001373291016,40.380001068115234,40.63999938964844,40.63999938964844,271300
2013-05-15,40.349998474121094,41.380001068115234,40.349998474121094,41.36000061035156,41.36000061035156,237500
2013-05-16,41.150001525878906,41.79999923706055,41.060001373291016,41.459999084472656,41.459999084472656,208100
2013-05-17,41.5,42.0,41.209999084472656,41.939998626708984,41.939998626708984,265000
2013-05-20,41.869998931884766,42.880001068115234,41.630001068115234,42.66999816894531,42.66999816894531,529700
2013-05-21,42.81999969482422,43.65999984741211,42.560001373291016,43.2599983215332,43.2599983215332,416200
2013-05-22,43.16999816894531,43.95000076293945,42.97999954223633,43.40999984741211,43.40999984741211,673100
2013-05-23,43.040000915527344,43.150001525878906,42.70000076293945,42.900001525878906,42.900001525878906,540900
2013-05-24,42.54999923706055,42.880001068115234,41.84000015258789,41.939998626708984,41.939998626708984,184600
2013-05-28,42.279998779296875,42.47999954223633,41.619998931884766,41.68000030517578,41.68000030517578,460400
2013-05-29,41.43000030517578,42.029998779296875,41.43000030517578,41.900001525878906,41.900001525878906,249900
2013-05-30,42.0,43.150001525878906,42.0,43.0,43.0,177600
2013-05-31,42.84000015258789,43.220001220703125,42.470001220703125,43.04999923706055,43.04999923706055,223300
2013-06-03,42.95000076293945,43.11000061035156,42.189998626708984,42.779998779296875,42.779998779296875,188800
2013-06-04,43.060001373291016,43.5,42.38999938964844,42.650001525878906,42.650001525878906,288000
2013-06-05,42.439998626708984,42.63999938964844,41.9900016784668,42.290000915527344,42.290000915527344,147500
2013-06-06,42.27000045776367,42.650001525878906,41.81999969482422,42.5,42.5,175500
2013-06-07,42.65999984741211,43.0099983215332,42.16999816894531,42.75,42.75,127200
2013-06-10,42.810001373291016,43.22999954223633,42.40999984741211,43.0099983215332,43.0099983215332,236000
2013-06-11,42.45000076293945,42.63999938964844,41.81999969482422,41.939998626708984,41.939998626708984,96200
2013-06-12,42.279998779296875,42.279998779296875,40.869998931884766,41.15999984741211,41.15999984741211,186800
2013-06-13,41.06999969482422,41.459999084472656,40.689998626708984,41.41999816894531,41.41999816894531,286100
2013-06-14,41.29999923706055,41.75,41.09000015258789,41.66999816894531,41.66999816894531,141000
2013-06-17,41.90999984741211,42.29999923706055,41.45000076293945,42.09000015258789,42.09000015258789,220600
2013-06-18,42.20000076293945,42.970001220703125,42.20000076293945,42.709999084472656,42.709999084472656,160700
2013-06-19,42.83000183105469,43.0,42.279998779296875,42.290000915527344,42.290000915527344,178700
2013-06-20,41.86000061035156,42.959999084472656,41.040000915527344,41.2599983215332,41.2599983215332,185000
2013-06-21,41.349998474121094,41.7400016784668,40.86000061035156,41.5099983215332,41.5099983215332,289700
2013-06-24,41.27000045776367,41.439998626708984,40.15999984741211,40.65999984741211,40.65999984741211,203100
2013-06-25,40.970001220703125,41.13999938964844,40.20000076293945,41.08000183105469,41.08000183105469,231400
2013-06-26,41.38999938964844,41.38999938964844,40.599998474121094,40.65999984741211,40.65999984741211,224200
2013-06-27,40.959999084472656,41.310001373291016,40.439998626708984,41.16999816894531,41.16999816894531,83600
2013-06-28,40.9900016784668,41.7599983215332,40.970001220703125,41.40999984741211,41.40999984741211,244400
2013-07-01,41.619998931884766,43.0099983215332,41.619998931884766,42.91999816894531,42.91999816894531,293500
2013-07-02,43.029998779296875,43.380001068115234,42.52000045776367,42.7400016784668,42.7400016784668,204900
2013-07-03,42.7400016784668,43.02000045776367,42.560001373291016,42.720001220703125,42.720001220703125,70300
2013-07-05,42.91999816894531,43.93000030517578,42.84000015258789,43.91999816894531,43.91999816894531,219100
2013-07-08,43.880001068115234,43.880001068115234,43.36000061035156,43.40999984741211,43.40999984741211,135300
2013-07-09,43.70000076293945,44.369998931884766,43.59000015258789,44.04999923706055,44.04999923706055,122800
2013-07-10,43.97999954223633,44.56999969482422,43.77000045776367,44.45000076293945,44.45000076293945,107200
2013-07-11,44.75,45.11000061035156,44.25,44.52000045776367,44.52000045776367,206000
2013-07-12,44.59000015258789,45.54999923706055,44.29999923706055,45.209999084472656,45.209999084472656,154400
2013-07-15,45.189998626708984,45.529998779296875,44.72999954223633,45.349998474121094,45.349998474121094,101500
2013-07-16,45.130001068115234,45.56999969482422,45.130001068115234,45.4900016784668,45.4900016784668,125700
2013-07-17,45.529998779296875,45.88999938964844,45.15999984741211,45.47999954223633,45.47999954223633,117000
2013-07-18,45.400001525878906,45.970001220703125,45.33000183105469,45.650001525878906,45.650001525878906,364600
2013-07-19,45.45000076293945,46.209999084472656,45.33000183105469,45.56999969482422,45.56999969482422,304500
2013-07-22,45.54999923706055,45.900001525878906,45.20000076293945,45.4900016784668,45.4900016784668,141500
2013-07-23,45.77000045776367,45.93000030517578,45.11000061035156,45.400001525878906,45.400001525878906,407900
2013-07-24,45.540000915527344,45.630001068115234,44.5,44.650001525878906,44.650001525878906,254100
2013-07-25,42.439998626708984,42.47999954223633,38.52000045776367,39.38999938964844,39.38999938964844,1369600
2013-07-26,39.209999084472656,40.22999954223633,39.130001068115234,39.459999084472656,39.459999084472656,437700
2013-07-29,39.209999084472656,39.81999969482422,39.09000015258789,39.16999816894531,39.16999816894531,548200
2013-07-30,39.33000183105469,39.45000076293945,39.04999923706055,39.29999923706055,39.29999923706055,229700
2013-07-31,39.22999954223633,39.529998779296875,38.900001525878906,39.060001373291016,39.060001373291016,236600
2013-08-01,39.38999938964844,40.5,39.369998931884766,40.25,40.25,426000
2013-08-02,39.970001220703125,40.349998474121094,39.75,40.119998931884766,40.119998931884766,227100
2013-08-05,40.08000183105469,40.470001220703125,40.029998779296875,40.08000183105469,40.08000183105469,165500
2013-08-06,40.04999923706055,40.130001068115234,39.33000183105469,39.86000061035156,39.86000061035156,251900
2013-08-07,39.84000015258789,40.06999969482422,39.22999954223633,39.45000076293945,39.45000076293945,175700
2013-08-08,39.72999954223633,39.93000030517578,38.810001373291016,39.150001525878906,39.150001525878906,196000
2013-08-09,39.20000076293945,39.4900016784668,38.95000076293945,39.369998931884766,39.369998931884766,272100
2013-08-12,39.33000183105469,40.43000030517578,39.2599983215332,40.33000183105469,40.33000183105469,256200
2013-08-13,40.290000915527344,40.56999969482422,40.0099983215332,40.36000061035156,40.36000061035156,128000
2013-08-14,40.209999084472656,40.619998931884766,40.09000015258789,40.25,40.25,137000
2013-08-15,39.849998474121094,40.0,39.16999816894531,39.310001373291016,39.310001373291016,181600
2013-08-16,39.22999954223633,40.029998779296875,39.22999954223633,39.970001220703125,39.970001220703125,148200
2013-08-19,40.099998474121094,40.56999969482422,39.279998779296875,39.29999923706055,39.29999923706055,150500
2013-08-20,39.279998779296875,40.29999923706055,39.119998931884766,39.68000030517578,39.68000030517578,111900
2013-08-21,39.47999954223633,39.81999969482422,38.970001220703125,39.54999923706055,39.54999923706055,287100
2013-08-22,39.459999084472656,40.29999923706055,39.310001373291016,40.029998779296875,40.029998779296875,127700
2013-08-23,40.029998779296875,40.2599983215332,39.380001068115234,39.68000030517578,39.68000030517578,259200
2013-08-26,39.72999954223633,40.0099983215332,39.459999084472656,39.68000030517578,39.68000030517578,133500
2013-08-27,39.400001525878906,39.400001525878906,38.400001525878906,38.650001525878906,38.650001525878906,238100
2013-08-28,38.529998779296875,39.40999984741211,38.5099983215332,39.04999923706055,39.04999923706055,187400
2013-08-29,39.040000915527344,39.540000915527344,39.040000915527344,39.380001068115234,39.380001068115234,147900
2013-08-30,39.439998626708984,39.470001220703125,38.56999969482422,38.689998626708984,38.689998626708984,125100
2013-09-03,39.18000030517578,39.810001373291016,38.15999984741211,38.45000076293945,38.45000076293945,437000
2013-09-04,38.470001220703125,39.849998474121094,38.459999084472656,39.689998626708984,39.689998626708984,278100
2013-09-05,39.630001068115234,39.880001068115234,39.220001220703125,39.31999969482422,39.31999969482422,306000
2013-09-06,39.47999954223633,40.349998474121094,38.81999969482422,40.130001068115234,40.130001068115234,356700
2013-09-09,40.15999984741211,40.599998474121094,40.130001068115234,40.27000045776367,40.27000045776367,173600
2013-09-10,40.41999816894531,40.93000030517578,40.349998474121094,40.88999938964844,40.88999938964844,162600
2013-09-11,40.63999938964844,41.0,40.4900016784668,40.650001525878906,40.650001525878906,148900
2013-09-12,40.7599983215332,40.91999816894531,40.5,40.689998626708984,40.689998626708984,141000
2013-09-13,40.81999969482422,41.15999984741211,40.560001373291016,41.150001525878906,41.150001525878906,138400
2013-09-16,41.540000915527344,41.70000076293945,41.150001525878906,41.45000076293945,41.45000076293945,144500
2013-09-17,41.45000076293945,41.81999969482422,41.2400016784668,41.68000030517578,41.68000030517578,89600
2013-09-18,41.56999969482422,41.959999084472656,41.2400016784668,41.650001525878906,41.650001525878906,169200
2013-09-19,41.650001525878906,41.790000915527344,41.0099983215332,41.529998779296875,41.529998779296875,109300
2013-09-20,41.560001373291016,41.880001068115234,41.099998474121094,41.68000030517578,41.68000030517578,653100
2013-09-23,41.779998779296875,42.060001373291016,41.2599983215332,41.630001068115234,41.630001068115234,149500
2013-09-24,41.540000915527344,42.130001068115234,41.13999938964844,41.630001068115234,41.630001068115234,154400
2013-09-25,41.630001068115234,42.27000045776367,41.310001373291016,41.65999984741211,41.65999984741211,182600
2013-09-26,41.81999969482422,42.15999984741211,41.27000045776367,41.81999969482422,41.81999969482422,85100
2013-09-27,41.72999954223633,42.369998931884766,41.529998779296875,42.22999954223633,42.22999954223633,222700
2013-09-30,41.83000183105469,42.970001220703125,41.650001525878906,42.709999084472656,42.709999084472656,271600
2013-10-01,42.7400016784668,43.0099983215332,42.43000030517578,42.689998626708984,42.689998626708984,357200
2013-10-02,42.630001068115234,42.81999969482422,42.33000183105469,42.810001373291016,42.810001373291016,232900
2013-10-03,42.689998626708984,42.720001220703125,41.72999954223633,42.189998626708984,42.189998626708984,302400
2013-10-04,42.290000915527344,42.709999084472656,41.720001220703125,42.540000915527344,42.540000915527344,359800
2013-10-07,42.22999954223633,42.849998474121094,41.86000061035156,42.4900016784668,42.4900016784668,257300
2013-10-08,42.56999969482422,42.790000915527344,42.22999954223633,42.36000061035156,42.36000061035156,337500
2013-10-09,42.369998931884766,42.529998779296875,41.81999969482422,42.189998626708984,42.189998626708984,397600
2013-10-10,42.5099983215332,43.0,42.11000061035156,42.869998931884766,42.869998931884766,213400
2013-10-11,42.63999938964844,43.68000030517578,42.47999954223633,43.5099983215332,43.5099983215332,217400
2013-10-14,42.93000030517578,43.869998931884766,42.93000030517578,43.61000061035156,43.61000061035156,291800
2013-10-15,43.36000061035156,43.72999954223633,42.9900016784668,43.290000915527344,43.290000915527344,292100
2013-10-16,43.369998931884766,43.84000015258789,43.209999084472656,43.77000045776367,43.77000045776367,189400
2013-10-17,43.400001525878906,43.810001373291016,43.06999969482422,43.68000030517578,43.68000030517578,196700
2013-10-18,43.72999954223633,43.79999923706055,43.2599983215332,43.65999984741211,43.65999984741211,210700
2013-10-21,43.47999954223633,44.189998626708984,43.349998474121094,43.959999084472656,43.959999084472656,197500
2013-10-22,43.7599983215332,43.95000076293945,42.06999969482422,42.189998626708984,42.189998626708984,471700
2013-10-23,41.81999969482422,42.15999984741211,41.130001068115234,41.4900016784668,41.4900016784668,549900
2013-10-24,39.38999938964844,40.5099983215332,39.0,39.209999084472656,39.209999084472656,1125500
2013-10-25,39.18000030517578,40.0,38.61000061035156,39.34000015258789,39.34000015258789,620000
2013-10-28,39.25,39.599998474121094,38.70000076293945,39.599998474121094,39.599998474121094,344900
2013-10-29,39.779998779296875,40.11000061035156,39.58000183105469,40.09000015258789,40.09000015258789,505500
2013-10-30,40.279998779296875,40.63999938964844,39.81999969482422,40.15999984741211,40.15999984741211,280400
2013-10-31,40.16999816894531,40.720001220703125,39.9900016784668,40.220001220703125,40.220001220703125,375500
2013-11-01,40.25,40.52000045776367,39.650001525878906,39.9900016784668,39.9900016784668,311000
2013-11-04,40.060001373291016,40.33000183105469,40.0,40.150001525878906,40.150001525878906,214000
2013-11-05,39.90999984741211,40.189998626708984,39.63999938964844,39.83000183105469,39.83000183105469,225600
2013-11-06,39.81999969482422,40.040000915527344,39.31999969482422,39.65999984741211,39.65999984741211,308500
2013-11-07,39.619998931884766,39.619998931884766,39.2400016784668,39.31999969482422,39.31999969482422,160500
2013-11-08,39.400001525878906,39.97999954223633,39.369998931884766,39.90999984741211,39.90999984741211,144000
2013-11-11,39.81999969482422,39.869998931884766,39.380001068115234,39.59000015258789,39.59000015258789,153400
2013-11-12,39.400001525878906,40.09000015258789,39.400001525878906,40.0099983215332,40.0099983215332,137400
2013-11-13,39.65999984741211,40.09000015258789,39.65999984741211,39.79999923706055,39.79999923706055,200700
2013-11-14,39.470001220703125,39.63999938964844,39.099998474121094,39.5,39.5,230300
2013-11-15,39.56999969482422,39.56999969482422,39.150001525878906,39.369998931884766,39.369998931884766,209500
2013-11-18,39.47999954223633,39.65999984741211,39.040000915527344,39.11000061035156,39.11000061035156,188600
2013-11-19,39.040000915527344,39.27000045776367,37.56999969482422,37.849998474121094,37.849998474121094,311900
2013-11-20,38.029998779296875,38.41999816894531,37.88999938964844,38.20000076293945,38.20000076293945,225800
2013-11-21,38.5,38.83000183105469,37.93000030517578,38.630001068115234,38.630001068115234,197100
2013-11-22,38.61000061035156,38.65999984741211,38.2599983215332,38.380001068115234,38.380001068115234,252600
2013-11-25,38.349998474121094,38.54999923706055,38.11000061035156,38.540000915527344,38.540000915527344,237500
2013-11-26,38.4900016784668,39.130001068115234,38.290000915527344,38.7400016784668,38.7400016784668,234700
2013-11-27,38.689998626708984,39.189998626708984,38.36000061035156,38.959999084472656,38.959999084472656,293100
2013-11-29,39.02000045776367,39.529998779296875,38.97999954223633,39.04999923706055,39.04999923706055,127300
2013-12-02,39.02000045776367,39.900001525878906,38.709999084472656,39.189998626708984,39.189998626708984,332900
2013-12-03,39.029998779296875,39.63999938964844,39.029998779296875,39.45000076293945,39.45000076293945,152700
2013-12-04,39.34000015258789,40.150001525878906,39.34000015258789,39.93000030517578,39.93000030517578,264100
2013-12-05,39.95000076293945,40.5,39.70000076293945,40.31999969482422,40.31999969482422,286400
2013-12-06,40.599998474121094,40.90999984741211,40.310001373291016,40.560001373291016,40.560001373291016,233300
2013-12-09,40.630001068115234,41.939998626708984,40.470001220703125,41.349998474121094,41.349998474121094,647700
2013-12-10,41.310001373291016,42.040000915527344,40.790000915527344,41.599998474121094,41.599998474121094,384000
2013-12-11,41.70000076293945,41.91999816894531,40.84000015258789,40.9900016784668,40.9900016784668,230000
2013-12-12,40.849998474121094,40.90999984741211,40.11000061035156,40.20000076293945,40.20000076293945,327400
2013-12-13,40.2599983215332,40.970001220703125,40.15999984741211,40.720001220703125,40.720001220703125,217400
2013-12-16,40.97999954223633,41.849998474121094,40.75,41.689998626708984,41.689998626708984,311000
2013-12-17,41.70000076293945,42.5,41.70000076293945,42.150001525878906,42.150001525878906,443100
2013-12-18,42.79999923706055,42.79999923706055,41.560001373291016,42.4900016784668,42.4900016784668,343700
2013-12-19,42.36000061035156,42.36000061035156,40.88999938964844,41.099998474121094,41.099998474121094,410800
2013-12-20,40.72999954223633,41.810001373291016,40.72999954223633,41.599998474121094,41.599998474121094,524200
2013-12-23,41.689998626708984,42.349998474121094,41.459999084472656,42.13999938964844,42.13999938964844,260100
2013-12-24,42.060001373291016,42.5,41.83000183105469,42.11000061035156,42.11000061035156,72300
2013-12-26,42.2599983215332,42.58000183105469,41.869998931884766,42.11000061035156,42.11000061035156,219600
2013-12-27,42.119998931884766,42.38999938964844,41.90999984741211,42.349998474121094,42.349998474121094,139900
2013-12-30,42.369998931884766,43.470001220703125,42.369998931884766,43.380001068115234,43.380001068115234,228700
2013-12-31,43.5,43.66999816894531,43.060001373291016,43.310001373291016,43.310001373291016,279200
2014-01-02,43.209999084472656,43.209999084472656,41.189998626708984,41.939998626708984,41.939998626708984,585500
2014-01-03,42.060001373291016,42.72999954223633,41.88999938964844,42.459999084472656,42.459999084472656,196700
2014-01-06,42.58000183105469,42.83000183105469,42.130001068115234,42.38999938964844,42.38999938964844,264900
2014-01-07,42.54999923706055,42.790000915527344,42.130001068115234,42.4900016784668,42.4900016784668,215100
2014-01-08,42.400001525878906,42.7599983215332,42.15999984741211,42.619998931884766,42.619998931884766,217600
2014-01-09,42.689998626708984,42.75,41.869998931884766,42.61000061035156,42.61000061035156,298900
2014-01-10,42.75,42.75,42.09000015258789,42.41999816894531,42.41999816894531,300600
2014-01-13,42.400001525878906,42.91999816894531,42.08000183105469,42.31999969482422,42.31999969482422,188800
2014-01-14,42.79999923706055,43.939998626708984,42.79999923706055,43.88999938964844,43.88999938964844,460100
2014-01-15,44.18000030517578,46.119998931884766,44.0,45.09000015258789,45.09000015258789,1214900
2014-01-16,44.779998779296875,45.2400016784668,44.47999954223633,44.63999938964844,44.63999938964844,270200
2014-01-17,44.439998626708984,45.61000061035156,44.290000915527344,45.0,45.0,246000
2014-01-21,45.0,45.5,44.75,45.06999969482422,45.06999969482422,425400
2014-01-22,45.150001525878906,45.47999954223633,44.470001220703125,44.849998474121094,44.849998474121094,506700
2014-01-23,44.779998779296875,45.2400016784668,44.439998626708984,44.61000061035156,44.61000061035156,268400
2014-01-24,44.40999984741211,44.41999816894531,43.2400016784668,43.33000183105469,43.33000183105469,431100
2014-01-27,43.72999954223633,43.75,42.779998779296875,43.369998931884766,43.369998931884766,387500
2014-01-28,43.369998931884766,43.540000915527344,42.83000183105469,43.040000915527344,43.040000915527344,403700
2014-01-29,47.0,47.45000076293945,44.779998779296875,46.150001525878906,46.150001525878906,1325300
2014-01-30,46.68000030517578,48.06999969482422,45.91999816894531,48.02000045776367,48.02000045776367,837800
2014-01-31,47.52000045776367,48.15999984741211,47.150001525878906,47.2400016784668,47.2400016784668,289400
2014-02-03,47.060001373291016,47.41999816894531,45.439998626708984,45.70000076293945,45.70000076293945,699800
2014-02-04,45.790000915527344,47.06999969482422,45.41999816894531,46.560001373291016,46.560001373291016,611400
2014-02-05,46.47999954223633,46.77000045776367,45.43000030517578,46.040000915527344,46.040000915527344,333800
2014-02-06,46.13999938964844,47.04999923706055,45.849998474121094,46.47999954223633,46.47999954223633,289100
2014-02-07,46.709999084472656,47.130001068115234,46.40999984741211,47.099998474121094,47.099998474121094,349900
2014-02-10,47.0,47.619998931884766,46.630001068115234,46.68000030517578,46.68000030517578,509800
2014-02-11,46.279998779296875,47.13999938964844,46.279998779296875,47.060001373291016,47.060001373291016,330400
2014-02-12,47.209999084472656,47.939998626708984,47.209999084472656,47.77000045776367,47.77000045776367,291000
2014-02-13,47.5,48.720001220703125,47.5,47.939998626708984,47.939998626708984,346000
2014-02-14,48.02000045776367,48.650001525878906,47.529998779296875,48.16999816894531,48.16999816894531,275200
2014-02-18,47.279998779296875,48.25,47.0,47.7599983215332,47.7599983215332,370500
2014-02-19,47.7400016784668,48.61000061035156,47.459999084472656,48.130001068115234,48.130001068115234,606700
2014-02-20,48.38999938964844,49.529998779296875,48.20000076293945,49.5,49.5,709400
2014-02-21,49.59000015258789,50.689998626708984,49.220001220703125,50.02000045776367,50.02000045776367,823100
2014-02-24,50.0,51.439998626708984,49.630001068115234,50.939998626708984,50.939998626708984,1114600
2014-02-25,50.91999816894531,51.5,50.41999816894531,51.029998779296875,51.029998779296875,480300
2014-02-26,50.90999984741211,51.5,50.599998474121094,51.459999084472656,51.459999084472656,307500
2014-02-27,51.33000183105469,51.810001373291016,50.97999954223633,51.7400016784668,51.7400016784668,322000
2014-02-28,51.560001373291016,52.20000076293945,51.5,51.970001220703125,51.970001220703125,394300
2014-03-03,51.529998779296875,52.04999923706055,51.220001220703125,51.619998931884766,51.619998931884766,333100
2014-03-04,52.25,52.81999969482422,51.880001068115234,52.790000915527344,52.790000915527344,365100
2014-03-05,52.91999816894531,53.02000045776367,52.380001068115234,52.880001068115234,52.880001068115234,220100
2014-03-06,53.0,53.130001068115234,52.630001068115234,52.81999969482422,52.81999969482422,266700
2014-03-07,52.95000076293945,53.36000061035156,52.2400016784668,53.27000045776367,53.27000045776367,310100
2014-03-10,53.119998931884766,53.619998931884766,52.41999816894531,52.97999954223633,52.97999954223633,247200
2014-03-11,52.810001373291016,53.2599983215332,51.84000015258789,52.290000915527344,52.290000915527344,253800
2014-03-12,52.16999816894531,53.27000045776367,51.9900016784668,52.93000030517578,52.93000030517578,203300
2014-03-13,52.900001525878906,53.25,51.22999954223633,51.66999816894531,51.66999816894531,312100
2014-03-14,51.41999816894531,52.5,51.41999816894531,52.20000076293945,52.20000076293945,231700
2014-03-17,52.33000183105469,52.939998626708984,51.709999084472656,52.5,52.5,231200
2014-03-18,52.5,53.27000045776367,52.20000076293945,53.11000061035156,53.11000061035156,164400
2014-03-19,53.02000045776367,53.130001068115234,52.38999938964844,52.75,52.75,219600
2014-03-20,52.709999084472656,54.0,52.45000076293945,53.209999084472656,53.209999084472656,408200
2014-03-21,53.22999954223633,53.91999816894531,52.47999954223633,52.75,52.75,567600
2014-03-24,52.900001525878906,52.900001525878906,51.41999816894531,52.349998474121094,52.349998474121094,442600
2014-03-25,52.369998931884766,53.41999816894531,52.119998931884766,52.369998931884766,52.369998931884766,286800
2014-03-26,52.59000015258789,53.02000045776367,51.369998931884766,51.439998626708984,51.439998626708984,339600
2014-03-27,51.540000915527344,51.86000061035156,49.83000183105469,51.310001373291016,51.310001373291016,659500
2014-03-28,51.400001525878906,52.310001373291016,51.040000915527344,51.59000015258789,51.59000015258789,205100
2014-03-31,51.88999938964844,52.59000015258789,51.5,52.25,52.25,230300
2014-04-01,52.400001525878906,53.290000915527344,52.220001220703125,53.11000061035156,53.11000061035156,225900
2014-04-02,53.20000076293945,53.77000045776367,52.7599983215332,53.25,53.25,213500
2014-04-03,53.380001068115234,53.779998779296875,52.459999084472656,52.86000061035156,52.86000061035156,262100
2014-04-04,53.209999084472656,53.25,51.08000183105469,51.560001373291016,51.560001373291016,246700
2014-04-07,51.380001068115234,52.09000015258789,50.20000076293945,50.97999954223633,50.97999954223633,458400
2014-04-08,50.93000030517578,51.90999984741211,50.709999084472656,51.79999923706055,51.79999923706055,432600
2014-04-09,52.119998931884766,52.47999954223633,51.52000045776367,52.189998626708984,52.189998626708984,413500
2014-04-10,51.93000030517578,52.31999969482422,50.43000030517578,50.43000030517578,50.43000030517578,517500
2014-04-11,50.15999984741211,50.880001068115234,48.93000030517578,49.90999984741211,49.90999984741211,758700
2014-04-14,50.20000076293945,50.20000076293945,49.15999984741211,49.75,49.75,527300
2014-04-15,49.689998626708984,50.31999969482422,48.86000061035156,50.13999938964844,50.13999938964844,427100
2014-04-16,50.310001373291016,50.400001525878906,49.310001373291016,49.77000045776367,49.77000045776367,376900
2014-04-17,49.869998931884766,51.09000015258789,49.459999084472656,50.630001068115234,50.630001068115234,349700
2014-04-21,50.81999969482422,51.209999084472656,50.22999954223633,51.060001373291016,51.060001373291016,182600
2014-04-22,51.040000915527344,52.31999969482422,50.97999954223633,52.119998931884766,52.119998931884766,318400
2014-04-23,52.150001525878906,52.720001220703125,51.790000915527344,51.95000076293945,51.95000076293945,186500
2014-04-24,52.29999923706055,52.4900016784668,51.33000183105469,52.029998779296875,52.029998779296875,294200
2014-04-25,51.849998474121094,52.119998931884766,50.209999084472656,50.439998626708984,50.439998626708984,412600
2014-04-28,50.61000061035156,50.720001220703125,48.189998626708984,48.97999954223633,48.97999954223633,661400
2014-04-29,47.4900016784668,47.4900016784668,44.25,44.4900016784668,44.4900016784668,1822700
2014-04-30,43.91999816894531,45.54999923706055,42.72999954223633,44.95000076293945,44.95000076293945,1554800
2014-05-01,44.77000045776367,45.439998626708984,43.9900016784668,44.220001220703125,44.220001220703125,503000
2014-05-02,44.22999954223633,45.06999969482422,43.970001220703125,44.650001525878906,44.650001525878906,294200
2014-05-05,44.43000030517578,44.970001220703125,44.02000045776367,44.65999984741211,44.65999984741211,332400
2014-05-06,44.70000076293945,45.189998626708984,43.95000076293945,44.08000183105469,44.08000183105469,427900
2014-05-07,44.2400016784668,44.65999984741211,43.43000030517578,44.209999084472656,44.209999084472656,530300
2014-05-08,44.18000030517578,44.93000030517578,43.91999816894531,44.220001220703125,44.220001220703125,389700
2014-05-09,44.16999816894531,44.650001525878906,43.540000915527344,44.4900016784668,44.4900016784668,522100
2014-05-12,44.5,45.75,44.439998626708984,45.0,45.0,805000
2014-05-13,44.849998474121094,45.13999938964844,43.939998626708984,44.59000015258789,44.59000015258789,498000
2014-05-14,44.34000015258789,44.77000045776367,43.68000030517578,43.689998626708984,43.689998626708984,418000
2014-05-15,43.650001525878906,43.939998626708984,42.40999984741211,43.540000915527344,43.540000915527344,400800
2014-05-16,43.540000915527344,43.7599983215332,42.95000076293945,43.7599983215332,43.7599983215332,552900
2014-05-19,43.7400016784668,44.650001525878906,43.400001525878906,44.470001220703125,44.470001220703125,349700
2014-05-20,44.2400016784668,44.58000183105469,43.84000015258789,44.20000076293945,44.20000076293945,328000
2014-05-21,44.43000030517578,44.959999084472656,43.47999954223633,44.08000183105469,44.08000183105469,405500
2014-05-22,44.220001220703125,44.900001525878906,43.86000061035156,44.209999084472656,44.209999084472656,261700
2014-05-23,44.06999969482422,44.83000183105469,43.90999984741211,44.66999816894531,44.66999816894531,229500
2014-05-27,45.04999923706055,46.15999984741211,44.779998779296875,45.630001068115234,45.630001068115234,479700
2014-05-28,45.59000015258789,45.81999969482422,45.06999969482422,45.45000076293945,45.45000076293945,241900
2014-05-29,45.63999938964844,45.849998474121094,45.0,45.189998626708984,45.189998626708984,422500
2014-05-30,45.209999084472656,45.54999923706055,44.97999954223633,45.119998931884766,45.119998931884766,422600
2014-06-02,45.349998474121094,45.439998626708984,44.52000045776367,44.61000061035156,44.61000061035156,358100
2014-06-03,44.619998931884766,44.93000030517578,44.189998626708984,44.58000183105469,44.58000183105469,448800
2014-06-04,44.400001525878906,44.86000061035156,44.400001525878906,44.75,44.75,533100
2014-06-05,44.72999954223633,45.619998931884766,44.310001373291016,45.34000015258789,45.34000015258789,348000
2014-06-06,45.439998626708984,45.88999938964844,45.06999969482422,45.650001525878906,45.650001525878906,246500
2014-06-09,45.650001525878906,46.70000076293945,45.400001525878906,46.61000061035156,46.61000061035156,440300
2014-06-10,46.56999969482422,47.22999954223633,46.41999816894531,47.18000030517578,47.18000030517578,375300
2014-06-11,47.0,47.779998779296875,46.630001068115234,47.5,47.5,422900
2014-06-12,47.43000030517578,48.060001373291016,47.099998474121094,47.63999938964844,47.63999938964844,371900
2014-06-13,47.90999984741211,48.45000076293945,47.599998474121094,48.27000045776367,48.27000045776367,386900
2014-06-16,48.150001525878906,48.540000915527344,47.900001525878906,48.34000015258789,48.34000015258789,273300
2014-06-17,48.130001068115234,49.22999954223633,47.970001220703125,48.91999816894531,48.91999816894531,450600
2014-06-18,48.790000915527344,48.959999084472656,48.189998626708984,48.52000045776367,48.52000045776367,295700
2014-06-19,48.540000915527344,49.040000915527344,48.279998779296875,48.88999938964844,48.88999938964844,421200
2014-06-20,48.83000183105469,49.25,48.599998474121094,49.11000061035156,49.11000061035156,381800
2014-06-23,48.959999084472656,49.47999954223633,48.7400016784668,49.34000015258789,49.34000015258789,271000
2014-06-24,49.29999923706055,49.9900016784668,48.84000015258789,49.0099983215332,49.0099983215332,511400
2014-06-25,48.93000030517578,49.77000045776367,48.68000030517578,49.58000183105469,49.58000183105469,620800
2014-06-26,49.41999816894531,49.45000076293945,47.95000076293945,48.61000061035156,48.61000061035156,645500
2014-06-27,48.41999816894531,49.2400016784668,48.130001068115234,48.849998474121094,48.849998474121094,5263500
2014-06-30,48.970001220703125,49.43000030517578,48.86000061035156,49.25,49.25,474500
2014-07-01,49.59000015258789,50.04999923706055,49.2400016784668,49.33000183105469,49.33000183105469,661500
2014-07-02,49.20000076293945,49.7599983215332,48.47999954223633,48.58000183105469,48.58000183105469,652100
2014-07-03,48.779998779296875,49.56999969482422,48.439998626708984,49.33000183105469,49.33000183105469,351600
2014-07-07,49.13999938964844,49.15999984741211,48.310001373291016,48.36000061035156,48.36000061035156,259300
2014-07-08,48.5099983215332,48.65999984741211,47.560001373291016,48.27000045776367,48.27000045776367,368900
2014-07-09,48.349998474121094,48.79999923706055,48.13999938964844,48.65999984741211,48.65999984741211,178400
2014-07-10,47.79999923706055,48.779998779296875,47.54999923706055,48.099998474121094,48.099998474121094,214700
2014-07-11,47.959999084472656,48.59000015258789,47.779998779296875,48.2599983215332,48.2599983215332,187700
2014-07-14,48.66999816894531,48.81999969482422,48.13999938964844,48.380001068115234,48.380001068115234,170700
2014-07-15,48.279998779296875,48.61000061035156,47.47999954223633,48.060001373291016,48.060001373291016,337900
2014-07-16,48.16999816894531,48.459999084472656,47.5,47.75,47.75,308900
2014-07-17,47.459999084472656,47.63999938964844,46.619998931884766,46.79999923706055,46.79999923706055,290000
2014-07-18,46.72999954223633,47.91999816894531,46.72999954223633,47.560001373291016,47.560001373291016,353100
2014-07-21,47.2599983215332,47.939998626708984,47.119998931884766,47.619998931884766,47.619998931884766,185800
2014-07-22,47.810001373291016,48.2599983215332,47.650001525878906,47.83000183105469,47.83000183105469,213600
2014-07-23,48.18000030517578,48.18000030517578,46.25,46.5,46.5,356100
2014-07-24,46.63999938964844,47.34000015258789,46.439998626708984,46.79999923706055,46.79999923706055,577500
2014-07-25,43.5099983215332,43.5099983215332,39.279998779296875,40.040000915527344,40.040000915527344,2114200
2014-07-28,40.04999923706055,40.97999954223633,39.79999923706055,40.88999938964844,40.88999938964844,1107500
2014-07-29,40.90999984741211,41.5,40.779998779296875,40.97999954223633,40.97999954223633,605100
2014-07-30,41.119998931884766,41.529998779296875,40.619998931884766,41.5,41.5,528400
2014-07-31,41.0099983215332,41.189998626708984,40.599998474121094,40.72999954223633,40.72999954223633,493000
2014-08-01,40.72999954223633,41.31999969482422,40.5099983215332,41.119998931884766,41.119998931884766,477500
2014-08-04,41.290000915527344,41.650001525878906,40.779998779296875,41.54999923706055,41.54999923706055,367500
2014-08-05,41.25,42.220001220703125,41.09000015258789,41.939998626708984,41.939998626708984,477100
2014-08-06,41.790000915527344,42.439998626708984,41.72999954223633,42.0,42.0,442400
2014-08-07,42.150001525878906,42.34000015258789,41.630001068115234,41.75,41.75,454600
2014-08-08,42.189998626708984,42.849998474121094,42.040000915527344,42.4900016784668,42.4900016784668,531600
2014-08-11,42.790000915527344,43.09000015258789,42.5099983215332,42.900001525878906,42.900001525878906,243200
2014-08-12,42.7599983215332,43.06999969482422,42.08000183105469,42.5,42.5,391700
2014-08-13,42.79999923706055,43.09000015258789,42.630001068115234,42.79999923706055,42.79999923706055,228300
2014-08-14,42.880001068115234,42.939998626708984,42.349998474121094,42.38999938964844,42.38999938964844,249200
2014-08-15,42.83000183105469,42.97999954223633,41.869998931884766,42.310001373291016,42.310001373291016,381700
2014-08-18,42.7400016784668,42.959999084472656,42.619998931884766,42.91999816894531,42.91999816894531,488900
2014-08-19,42.959999084472656,43.630001068115234,42.959999084472656,43.130001068115234,43.130001068115234,255000
2014-08-20,42.93000030517578,43.5,42.83000183105469,43.27000045776367,43.27000045776367,343700
2014-08-21,43.220001220703125,43.83000183105469,42.95000076293945,43.81999969482422,43.81999969482422,187100
2014-08-22,43.7400016784668,44.34000015258789,43.2599983215332,44.27000045776367,44.27000045776367,254300
2014-08-25,44.4900016784668,44.70000076293945,43.88999938964844,44.04999923706055,44.04999923706055,274600
2014-08-26,44.06999969482422,44.38999938964844,43.83000183105469,44.15999984741211,44.15999984741211,197700
2014-08-27,44.150001525878906,44.150001525878906,43.52000045776367,43.709999084472656,43.709999084472656,239100
2014-08-28,43.619998931884766,44.13999938964844,43.38999938964844,43.84000015258789,43.84000015258789,263300
2014-08-29,43.939998626708984,45.5,43.939998626708984,45.33000183105469,45.33000183105469,353300
2014-09-02,45.380001068115234,45.63999938964844,44.41999816894531,44.619998931884766,44.619998931884766,418200
2014-09-03,44.7599983215332,44.790000915527344,43.459999084472656,43.68000030517578,43.68000030517578,376100
2014-09-04,43.849998474121094,44.209999084472656,43.400001525878906,43.63999938964844,43.63999938964844,352600
2014-09-05,43.68000030517578,44.33000183105469,43.310001373291016,43.709999084472656,43.709999084472656,286600
2014-09-08,43.709999084472656,44.2400016784668,43.40999984741211,43.75,43.75,272000
2014-09-09,43.650001525878906,43.9900016784668,43.08000183105469,43.31999969482422,43.31999969482422,358300
2014-09-10,43.209999084472656,43.40999984741211,42.709999084472656,42.95000076293945,42.95000076293945,338300
2014-09-11,42.83000183105469,43.31999969482422,42.83000183105469,43.13999938964844,43.13999938964844,318600
2014-09-12,43.220001220703125,43.220001220703125,42.540000915527344,42.65999984741211,42.65999984741211,536800
2014-09-15,42.4900016784668,42.79999923706055,41.7599983215332,42.02000045776367,42.02000045776367,277600
2014-09-16,41.81999969482422,42.41999816894531,41.470001220703125,42.189998626708984,42.189998626708984,397500
2014-09-17,42.099998474121094,42.79999923706055,42.08000183105469,42.279998779296875,42.279998779296875,366600
2014-09-18,42.54999923706055,42.869998931884766,42.36000061035156,42.75,42.75,729300
2014-09-19,42.77000045776367,42.779998779296875,42.029998779296875,42.2400016784668,42.2400016784668,591500
2014-09-22,42.02000045776367,42.41999816894531,41.61000061035156,42.2599983215332,42.2599983215332,443100
2014-09-23,42.029998779296875,42.720001220703125,41.810001373291016,41.83000183105469,41.83000183105469,266600
2014-09-24,42.0,42.11000061035156,41.349998474121094,41.709999084472656,41.709999084472656,366600
2014-09-25,41.599998474121094,41.83000183105469,40.75,40.91999816894531,40.91999816894531,231200
2014-09-26,41.22999954223633,41.58000183105469,41.0099983215332,41.40999984741211,41.40999984741211,222400
2014-09-29,40.939998626708984,41.7599983215332,40.939998626708984,41.279998779296875,41.279998779296875,336500
2014-09-30,41.290000915527344,41.619998931884766,40.63999938964844,40.63999938964844,40.63999938964844,376300
2014-10-01,40.630001068115234,41.040000915527344,40.130001068115234,40.150001525878906,40.150001525878906,407200
2014-10-02,40.20000076293945,40.790000915527344,39.66999816894531,40.43000030517578,40.43000030517578,300900
2014-10-03,40.869998931884766,40.9900016784668,40.04999923706055,40.09000015258789,40.09000015258789,236000
2014-10-06,40.130001068115234,40.43000030517578,39.41999816894531,39.560001373291016,39.560001373291016,448300
2014-10-07,39.22999954223633,39.77000045776367,38.619998931884766,38.66999816894531,38.66999816894531,322100
2014-10-08,38.61000061035156,39.81999969482422,38.36000061035156,39.68000030517578,39.68000030517578,366100
2014-10-09,39.529998779296875,39.619998931884766,38.88999938964844,39.16999816894531,39.16999816894531,683900
2014-10-10,38.400001525878906,38.75,37.02000045776367,38.060001373291016,38.060001373291016,1464800
2014-10-13,37.41999816894531,38.0099983215332,36.290000915527344,37.06999969482422,37.06999969482422,758600
2014-10-14,37.52000045776367,38.060001373291016,37.060001373291016,37.41999816894531,37.41999816894531,518600
2014-10-15,36.7599983215332,38.20000076293945,36.66999816894531,37.79999923706055,37.79999923706055,558500
2014-10-16,37.209999084472656,38.75,36.880001068115234,38.47999954223633,38.47999954223633,459000
2014-10-17,38.869998931884766,39.0,37.5,37.81999969482422,37.81999969482422,451300
2014-10-20,37.709999084472656,38.65999984741211,37.470001220703125,38.650001525878906,38.650001525878906,244000
2014-10-21,38.95000076293945,39.7599983215332,38.869998931884766,39.59000015258789,39.59000015258789,342300
2014-10-22,39.810001373291016,40.09000015258789,38.61000061035156,38.689998626708984,38.689998626708984,475500
2014-10-23,42.290000915527344,45.15999984741211,41.77000045776367,44.029998779296875,44.029998779296875,1229600
2014-10-24,44.220001220703125,44.790000915527344,43.650001525878906,43.9900016784668,43.9900016784668,559000
2014-10-27,43.689998626708984,44.970001220703125,43.34000015258789,44.689998626708984,44.689998626708984,483300
2014-10-28,44.959999084472656,45.83000183105469,44.84000015258789,45.790000915527344,45.790000915527344,329100
2014-10-29,45.70000076293945,46.099998474121094,44.630001068115234,45.20000076293945,45.20000076293945,294900
2014-10-30,44.900001525878906,45.29999923706055,43.849998474121094,44.65999984741211,44.65999984741211,359600
2014-10-31,45.65999984741211,46.43000030517578,45.2599983215332,45.59000015258789,45.59000015258789,414500
2014-11-03,45.560001373291016,46.369998931884766,45.43000030517578,45.7599983215332,45.7599983215332,333500
2014-11-04,45.66999816894531,46.41999816894531,45.4900016784668,45.790000915527344,45.790000915527344,209500
2014-11-05,45.95000076293945,46.68000030517578,45.59000015258789,46.45000076293945,46.45000076293945,269500
2014-11-06,46.45000076293945,46.7599983215332,45.88999938964844,46.13999938964844,46.13999938964844,232800
2014-11-07,46.25,46.25,45.08000183105469,45.599998474121094,45.599998474121094,327500
2014-11-10,45.54999923706055,46.119998931884766,45.310001373291016,45.470001220703125,45.470001220703125,242500
2014-11-11,45.470001220703125,45.61000061035156,45.060001373291016,45.349998474121094,45.349998474121094,262200
2014-11-12,45.130001068115234,45.9900016784668,45.130001068115234,45.77000045776367,45.77000045776367,253100
2014-11-13,45.779998779296875,46.0,45.0,45.06999969482422,45.06999969482422,181400
2014-11-14,45.11000061035156,45.630001068115234,44.61000061035156,45.16999816894531,45.16999816894531,174500
2014-11-17,45.15999984741211,45.25,44.31999969482422,44.540000915527344,44.540000915527344,212300
2014-11-18,44.720001220703125,45.779998779296875,44.720001220703125,45.220001220703125,45.220001220703125,297600
2014-11-19,45.13999938964844,45.33000183105469,44.29999923706055,44.65999984741211,44.65999984741211,205700
2014-11-20,44.31999969482422,45.060001373291016,43.68000030517578,44.97999954223633,44.97999954223633,223200
2014-11-21,45.709999084472656,45.880001068115234,44.959999084472656,45.13999938964844,45.13999938964844,216500
2014-11-24,45.220001220703125,45.66999816894531,44.83000183105469,45.45000076293945,45.45000076293945,208300
2014-11-25,45.5,45.52000045776367,44.86000061035156,45.060001373291016,45.060001373291016,160100
2014-11-26,45.20000076293945,46.290000915527344,45.189998626708984,46.130001068115234,46.130001068115234,177300
2014-11-28,46.130001068115234,46.29999923706055,45.279998779296875,45.349998474121094,45.349998474121094,133300
2014-12-01,45.27000045776367,45.959999084472656,44.720001220703125,45.0,45.0,242500
2014-12-02,45.18000030517578,46.18000030517578,45.119998931884766,46.119998931884766,46.119998931884766,260300
2014-12-03,46.25,47.290000915527344,46.150001525878906,47.119998931884766,47.119998931884766,246700
2014-12-04,47.22999954223633,47.4900016784668,46.5,46.689998626708984,46.689998626708984,234600
2014-12-05,46.75,47.220001220703125,46.5099983215332,47.130001068115234,47.130001068115234,263900
2014-12-08,47.099998474121094,47.619998931884766,46.279998779296875,46.4900016784668,46.4900016784668,259300
2014-12-09,45.88999938964844,47.290000915527344,45.540000915527344,47.0,47.0,245100
2014-12-10,46.779998779296875,47.11000061035156,45.58000183105469,45.65999984741211,45.65999984741211,166400
2014-12-11,45.9900016784668,47.09000015258789,45.709999084472656,45.95000076293945,45.95000076293945,329000
2014-12-12,45.349998474121094,46.060001373291016,45.08000183105469,45.09000015258789,45.09000015258789,198700
2014-12-15,45.470001220703125,45.91999816894531,44.529998779296875,44.709999084472656,44.709999084472656,268700
2014-12-16,44.63999938964844,45.56999969482422,43.97999954223633,44.630001068115234,44.630001068115234,346100
2014-12-17,44.779998779296875,45.29999923706055,44.08000183105469,45.29999923706055,45.29999923706055,496200
2014-12-18,46.13999938964844,46.5,45.349998474121094,46.439998626708984,46.439998626708984,242500
2014-12-19,46.38999938964844,46.54999923706055,45.900001525878906,46.43000030517578,46.43000030517578,743200
2014-12-22,46.40999984741211,48.209999084472656,46.29999923706055,48.16999816894531,48.16999816894531,276000
2014-12-23,48.459999084472656,48.5,47.400001525878906,47.77000045776367,47.77000045776367,237200
2014-12-24,47.77000045776367,48.5,47.5,48.2599983215332,48.2599983215332,96300
2014-12-26,48.47999954223633,48.47999954223633,47.4900016784668,48.119998931884766,48.119998931884766,130200
2014-12-29,48.04999923706055,48.189998626708984,47.540000915527344,47.970001220703125,47.970001220703125,157100
2014-12-30,47.720001220703125,48.45000076293945,47.720001220703125,48.04999923706055,48.04999923706055,176300
2014-12-31,48.029998779296875,48.5,47.619998931884766,47.619998931884766,47.619998931884766,223500
2015-01-02,47.689998626708984,48.11000061035156,46.83000183105469,47.5099983215332,47.5099983215332,160800
2015-01-05,47.099998474121094,47.529998779296875,46.36000061035156,46.4900016784668,46.4900016784668,264300
2015-01-06,46.650001525878906,46.650001525878906,45.04999923706055,45.34000015258789,45.34000015258789,313500
2015-01-07,45.529998779296875,45.529998779296875,44.72999954223633,44.900001525878906,44.900001525878906,366100
2015-01-08,45.40999984741211,47.20000076293945,44.34000015258789,46.939998626708984,46.939998626708984,284500
2015-01-09,46.90999984741211,47.66999816894531,45.54999923706055,47.310001373291016,47.310001373291016,260800
2015-01-12,47.20000076293945,47.630001068115234,46.31999969482422,47.0099983215332,47.0099983215332,206700
2015-01-13,47.310001373291016,48.5,46.66999816894531,47.279998779296875,47.279998779296875,304100
2015-01-14,46.900001525878906,47.970001220703125,46.36000061035156,46.959999084472656,46.959999084472656,421300
2015-01-15,45.529998779296875,46.369998931884766,44.06999969482422,44.16999816894531,44.16999816894531,538600
2015-01-16,43.95000076293945,45.11000061035156,43.88999938964844,44.95000076293945,44.95000076293945,322100
2015-01-20,44.900001525878906,45.470001220703125,44.58000183105469,45.099998474121094,45.099998474121094,188200
2015-01-21,44.84000015258789,45.79999923706055,44.70000076293945,45.25,45.25,161500
2015-01-22,45.4900016784668,45.4900016784668,44.02000045776367,45.25,45.25,273400
2015-01-23,45.27000045776367,45.650001525878906,44.790000915527344,45.29999923706055,45.29999923706055,175500
2015-01-26,45.33000183105469,45.52000045776367,44.790000915527344,45.34000015258789,45.34000015258789,210800
2015-01-27,44.709999084472656,45.2599983215332,44.5,44.869998931884766,44.869998931884766,202200
2015-01-28,45.25,46.560001373291016,44.70000076293945,44.83000183105469,44.83000183105469,254800
2015-01-29,44.939998626708984,45.599998474121094,44.56999969482422,45.58000183105469,45.58000183105469,276200
2015-01-30,45.349998474121094,45.970001220703125,43.68000030517578,43.7599983215332,43.7599983215332,428600
2015-02-02,43.630001068115234,44.11000061035156,42.61000061035156,43.959999084472656,43.959999084472656,466100
2015-02-03,44.36000061035156,45.52000045776367,43.91999816894531,44.15999984741211,44.15999984741211,504000
2015-02-04,45.189998626708984,48.4900016784668,45.189998626708984,47.81999969482422,47.81999969482422,907800
2015-02-05,48.540000915527344,48.63999938964844,47.5099983215332,47.720001220703125,47.720001220703125,667500
2015-02-06,47.84000015258789,48.5,47.2400016784668,47.5099983215332,47.5099983215332,819500
2015-02-09,47.34000015258789,47.75,46.91999816894531,47.439998626708984,47.439998626708984,324500
2015-02-10,47.7400016784668,47.9900016784668,47.11000061035156,47.72999954223633,47.72999954223633,302800
2015-02-11,47.75,49.40999984741211,47.65999984741211,49.29999923706055,49.29999923706055,699400
2015-02-12,49.4900016784668,49.7599983215332,49.16999816894531,49.529998779296875,49.529998779296875,258400
2015-02-13,49.400001525878906,49.849998474121094,48.880001068115234,49.2599983215332,49.2599983215332,257000
2015-02-17,47.7599983215332,49.20000076293945,47.7599983215332,49.02000045776367,49.02000045776367,335000
2015-02-18,48.689998626708984,49.439998626708984,48.470001220703125,49.15999984741211,49.15999984741211,279500
2015-02-19,48.86000061035156,49.72999954223633,48.68000030517578,49.470001220703125,49.470001220703125,237500
2015-02-20,49.5,49.959999084472656,48.79999923706055,49.900001525878906,49.900001525878906,254300
2015-02-23,49.58000183105469,49.790000915527344,49.0099983215332,49.66999816894531,49.66999816894531,214300
2015-02-24,49.59000015258789,51.25,49.58000183105469,51.130001068115234,51.130001068115234,362200
2015-02-25,50.939998626708984,51.2400016784668,50.2599983215332,50.779998779296875,50.779998779296875,191800
2015-02-26,50.66999816894531,51.220001220703125,50.40999984741211,51.099998474121094,51.099998474121094,248700
2015-02-27,51.130001068115234,51.2400016784668,50.45000076293945,50.63999938964844,50.63999938964844,171800
2015-03-02,50.86000061035156,51.9900016784668,50.84000015258789,51.970001220703125,51.970001220703125,267600
2015-03-03,51.68000030517578,51.849998474121094,50.720001220703125,51.279998779296875,51.279998779296875,284300
2015-03-04,51.0099983215332,51.380001068115234,50.439998626708984,51.31999969482422,51.31999969482422,213700
2015-03-05,51.29999923706055,51.380001068115234,49.9900016784668,50.459999084472656,50.459999084472656,186400
2015-03-06,50.02000045776367,50.470001220703125,49.66999816894531,50.29999923706055,50.29999923706055,174400
2015-03-09,50.540000915527344,50.84000015258789,49.790000915527344,50.47999954223633,50.47999954223633,241000
2015-03-10,50.060001373291016,50.54999923706055,49.709999084472656,50.13999938964844,50.13999938964844,220500
2015-03-11,50.310001373291016,50.7599983215332,49.75,50.369998931884766,50.369998931884766,195200
2015-03-12,50.31999969482422,51.33000183105469,50.189998626708984,51.2599983215332,51.2599983215332,315300
2015-03-13,51.34000015258789,51.34000015258789,50.18000030517578,50.61000061035156,50.61000061035156,163300
2015-03-16,50.959999084472656,51.43000030517578,50.63999938964844,51.220001220703125,51.220001220703125,162000
2015-03-17,50.91999816894531,50.91999816894531,50.34000015258789,50.79999923706055,50.79999923706055,197700
2015-03-18,50.869998931884766,51.5099983215332,50.0099983215332,51.4900016784668,51.4900016784668,237300
2015-03-19,51.209999084472656,52.189998626708984,51.06999969482422,51.68000030517578,51.68000030517578,197900
2015-03-20,52.0,52.599998474121094,51.529998779296875,52.4900016784668,52.4900016784668,396900
2015-03-23,52.310001373291016,52.65999984741211,51.59000015258789,52.599998474121094,52.599998474121094,313200
2015-03-24,52.540000915527344,52.83000183105469,52.0,52.0099983215332,52.0099983215332,133300
2015-03-25,52.279998779296875,52.279998779296875,49.66999816894531,49.810001373291016,49.810001373291016,219200
2015-03-26,49.43000030517578,49.43000030517578,48.66999816894531,49.099998474121094,49.099998474121094,272900
2015-03-27,49.27000045776367,50.41999816894531,48.5099983215332,50.29999923706055,50.29999923706055,249000
2015-03-30,50.529998779296875,51.0,50.029998779296875,50.81999969482422,50.81999969482422,209600
2015-03-31,50.720001220703125,51.47999954223633,50.43000030517578,50.77000045776367,50.77000045776367,373800
2015-04-01,50.75,51.41999816894531,49.77000045776367,50.459999084472656,50.459999084472656,146900
2015-04-02,50.650001525878906,51.119998931884766,49.619998931884766,50.900001525878906,50.900001525878906,179200
2015-04-06,50.720001220703125,51.209999084472656,50.150001525878906,50.5,50.5,228600
2015-04-07,50.560001373291016,51.150001525878906,49.939998626708984,50.4900016784668,50.4900016784668,136800
2015-04-08,50.599998474121094,51.2599983215332,50.529998779296875,51.09000015258789,51.09000015258789,254300
2015-04-09,50.95000076293945,51.880001068115234,50.689998626708984,51.84000015258789,51.84000015258789,239800
2015-04-10,52.130001068115234,52.15999984741211,51.529998779296875,52.150001525878906,52.150001525878906,284500
2015-04-13,52.029998779296875,52.40999984741211,51.84000015258789,51.970001220703125,51.970001220703125,192900
2015-04-14,51.90999984741211,52.0,51.25,51.47999954223633,51.47999954223633,158800
2015-04-15,51.75,52.61000061035156,51.459999084472656,52.5099983215332,52.5099983215332,206900
2015-04-16,52.11000061035156,52.93000030517578,51.91999816894531,52.599998474121094,52.599998474121094,205000
2015-04-17,52.130001068115234,52.130001068115234,51.310001373291016,51.810001373291016,51.810001373291016,342100
2015-04-20,51.91999816894531,53.209999084472656,51.650001525878906,52.7599983215332,52.7599983215332,378500
2015-04-21,53.150001525878906,53.15999984741211,52.40999984741211,52.900001525878906,52.900001525878906,120600
2015-04-22,52.959999084472656,53.66999816894531,52.369998931884766,52.97999954223633,52.97999954223633,267800
2015-04-23,52.63999938964844,53.45000076293945,51.29999923706055,52.63999938964844,52.63999938964844,372900
2015-04-24,52.7599983215332,52.7599983215332,50.810001373291016,50.88999938964844,50.88999938964844,312000
2015-04-27,50.88999938964844,52.79999923706055,50.88999938964844,51.709999084472656,51.709999084472656,452700
2015-04-28,51.86000061035156,53.369998931884766,51.04999923706055,53.310001373291016,53.310001373291016,532400
2015-04-29,53.5,53.5,50.29999923706055,52.529998779296875,52.529998779296875,1141800
2015-04-30,52.150001525878906,53.08000183105469,51.5,51.66999816894531,51.66999816894531,524200
2015-05-01,51.720001220703125,52.650001525878906,51.58000183105469,52.2599983215332,52.2599983215332,346600
2015-05-04,52.77000045776367,52.77000045776367,51.77000045776367,52.38999938964844,52.38999938964844,395700
2015-05-05,52.150001525878906,52.31999969482422,50.459999084472656,51.099998474121094,51.099998474121094,368100
2015-05-06,50.54999923706055,50.81999969482422,49.849998474121094,50.63999938964844,50.63999938964844,366600
2015-05-07,50.650001525878906,51.439998626708984,50.29999923706055,51.11000061035156,51.11000061035156,291100
2015-05-08,51.66999816894531,51.939998626708984,50.619998931884766,51.31999969482422,51.31999969482422,217800
2015-05-11,51.029998779296875,51.97999954223633,50.97999954223633,51.689998626708984,51.689998626708984,263700
2015-05-12,51.34000015258789,51.34000015258789,50.2400016784668,50.810001373291016,50.810001373291016,408000
2015-05-13,50.810001373291016,51.58000183105469,50.58000183105469,51.34000015258789,51.34000015258789,209900
2015-05-14,51.34000015258789,52.0,51.2599983215332,51.93000030517578,51.93000030517578,317800
2015-05-15,51.959999084472656,51.959999084472656,51.16999816894531,51.540000915527344,51.540000915527344,182600
2015-05-18,51.380001068115234,52.959999084472656,50.90999984741211,52.75,52.75,374100
2015-05-19,52.88999938964844,52.95000076293945,51.68000030517578,51.849998474121094,51.849998474121094,208900
2015-05-20,51.790000915527344,52.209999084472656,51.540000915527344,51.709999084472656,51.709999084472656,110200
2015-05-21,51.61000061035156,52.54999923706055,51.599998474121094,52.47999954223633,52.47999954223633,207400
2015-05-22,52.29999923706055,53.189998626708984,52.290000915527344,52.70000076293945,52.70000076293945,242300
2015-05-26,52.83000183105469,52.880001068115234,52.13999938964844,52.5099983215332,52.5099983215332,274500
2015-05-27,52.279998779296875,54.84000015258789,52.15999984741211,54.619998931884766,54.619998931884766,502000
2015-05-28,54.4900016784668,55.459999084472656,54.2400016784668,54.900001525878906,54.900001525878906,388300
2015-05-29,54.779998779296875,55.72999954223633,54.290000915527344,55.439998626708984,55.439998626708984,457800
2015-06-01,55.81999969482422,55.9900016784668,55.36000061035156,55.689998626708984,55.689998626708984,321900
2015-06-02,55.400001525878906,55.63999938964844,55.0,55.310001373291016,55.310001373291016,413000
2015-06-03,55.599998474121094,56.709999084472656,55.0099983215332,56.18000030517578,56.18000030517578,434200
2015-06-04,55.779998779296875,56.189998626708984,55.33000183105469,55.709999084472656,55.709999084472656,194300
2015-06-05,55.63999938964844,56.119998931884766,55.099998474121094,56.06999969482422,56.06999969482422,136600
2015-06-08,55.86000061035156,55.90999984741211,54.84000015258789,55.08000183105469,55.08000183105469,192500
2015-06-09,54.9900016784668,55.88999938964844,54.9900016784668,55.70000076293945,55.70000076293945,331500
2015-06-10,56.13999938964844,56.75,55.7599983215332,56.54999923706055,56.54999923706055,262000
2015-06-11,57.0,57.0,56.18000030517578,56.47999954223633,56.47999954223633,339900
2015-06-12,56.38999938964844,56.540000915527344,55.709999084472656,56.08000183105469,56.08000183105469,290200
2015-06-15,55.599998474121094,56.72999954223633,55.15999984741211,56.25,56.25,211400
2015-06-16,56.0,56.79999923706055,56.0,56.540000915527344,56.540000915527344,261000
2015-06-17,56.72999954223633,56.91999816894531,56.5,56.63999938964844,56.63999938964844,190300
2015-06-18,56.869998931884766,58.540000915527344,56.7400016784668,58.45000076293945,58.45000076293945,384800
2015-06-19,58.400001525878906,58.540000915527344,57.119998931884766,57.380001068115234,57.380001068115234,448200
2015-06-22,57.900001525878906,57.900001525878906,56.810001373291016,57.220001220703125,57.220001220703125,323000
2015-06-23,57.34000015258789,57.56999969482422,56.91999816894531,57.060001373291016,57.060001373291016,204500
2015-06-24,56.83000183105469,57.0099983215332,56.189998626708984,56.2599983215332,56.2599983215332,234600
2015-06-25,56.72999954223633,56.95000076293945,56.25,56.599998474121094,56.599998474121094,144600
2015-06-26,56.77000045776367,56.77000045776367,54.93000030517578,55.5,55.5,543200
2015-06-29,54.93000030517578,55.290000915527344,53.709999084472656,53.90999984741211,53.90999984741211,242200
2015-06-30,54.290000915527344,55.02000045776367,53.72999954223633,54.0099983215332,54.0099983215332,305600
2015-07-01,54.61000061035156,55.08000183105469,53.08000183105469,53.40999984741211,53.40999984741211,291500
2015-07-02,53.4900016784668,53.869998931884766,53.0099983215332,53.369998931884766,53.369998931884766,187900
2015-07-06,52.88999938964844,53.4900016784668,52.13999938964844,52.650001525878906,52.650001525878906,219800
2015-07-07,52.599998474121094,52.61000061035156,51.0099983215332,52.459999084472656,52.459999084472656,344900
2015-07-08,51.88999938964844,52.599998474121094,51.029998779296875,51.72999954223633,51.72999954223633,426200
2015-07-09,52.40999984741211,53.65999984741211,51.650001525878906,51.68000030517578,51.68000030517578,571000
2015-07-10,52.209999084472656,52.849998474121094,51.779998779296875,52.380001068115234,52.380001068115234,275100
2015-07-13,52.77000045776367,53.04999923706055,52.33000183105469,52.720001220703125,52.720001220703125,193900
2015-07-14,52.939998626708984,53.779998779296875,52.650001525878906,53.560001373291016,53.560001373291016,275300
2015-07-15,53.65999984741211,53.84000015258789,52.970001220703125,53.11000061035156,53.11000061035156,298400
2015-07-16,52.91999816894531,53.04999923706055,51.83000183105469,52.290000915527344,52.290000915527344,273100
2015-07-17,52.27000045776367,52.5,51.290000915527344,51.540000915527344,51.540000915527344,222200
2015-07-20,51.56999969482422,51.790000915527344,51.11000061035156,51.349998474121094,51.349998474121094,132700
2015-07-21,51.29999923706055,51.91999816894531,50.47999954223633,50.66999816894531,50.66999816894531,318500
2015-07-22,49.77000045776367,50.220001220703125,49.0,50.08000183105469,50.08000183105469,285000
2015-07-23,50.439998626708984,51.83000183105469,50.380001068115234,50.849998474121094,50.849998474121094,252900
2015-07-24,50.880001068115234,51.08000183105469,49.650001525878906,49.7599983215332,49.7599983215332,359000
2015-07-27,49.58000183105469,50.209999084472656,48.75,50.150001525878906,50.150001525878906,267900
2015-07-28,50.58000183105469,51.36000061035156,49.790000915527344,51.02000045776367,51.02000045776367,411800
2015-07-29,44.11000061035156,46.54999923706055,43.77000045776367,45.310001373291016,45.310001373291016,1150500
2015-07-30,45.36000061035156,45.5,43.939998626708984,45.45000076293945,45.45000076293945,857100
2015-07-31,45.470001220703125,45.630001068115234,44.72999954223633,44.9900016784668,44.9900016784668,570900
2015-08-03,44.81999969482422,44.959999084472656,42.66999816894531,43.08000183105469,43.08000183105469,607800
2015-08-04,42.939998626708984,43.709999084472656,42.630001068115234,42.97999954223633,42.97999954223633,373300
2015-08-05,42.90999984741211,44.189998626708984,42.90999984741211,43.540000915527344,43.540000915527344,320600
2015-08-06,43.70000076293945,43.97999954223633,43.06999969482422,43.560001373291016,43.560001373291016,319500
2015-08-07,43.380001068115234,43.95000076293945,43.130001068115234,43.90999984741211,43.90999984741211,323000
2015-08-10,44.04999923706055,45.08000183105469,44.0,44.5,44.5,275700
2015-08-11,44.029998779296875,44.7400016784668,43.400001525878906,43.5,43.5,194200
2015-08-12,43.040000915527344,44.40999984741211,42.77000045776367,44.0,44.0,282700
2015-08-13,43.9900016784668,44.290000915527344,43.630001068115234,43.689998626708984,43.689998626708984,209800
2015-08-14,43.5099983215332,43.91999816894531,43.13999938964844,43.790000915527344,43.790000915527344,202300
2015-08-17,43.630001068115234,44.66999816894531,43.08000183105469,44.560001373291016,44.560001373291016,289300
2015-08-18,44.400001525878906,44.400001525878906,42.81999969482422,43.15999984741211,43.15999984741211,323500
2015-08-19,43.22999954223633,43.95000076293945,42.7599983215332,43.099998474121094,43.099998474121094,290500
2015-08-20,42.779998779296875,42.900001525878906,41.56999969482422,41.63999938964844,41.63999938964844,308900
2015-08-21,40.810001373291016,42.529998779296875,40.77000045776367,41.54999923706055,41.54999923706055,424600
2015-08-24,39.619998931884766,42.43000030517578,39.33000183105469,40.31999969482422,40.31999969482422,398200
2015-08-25,41.95000076293945,42.4900016784668,40.380001068115234,40.56999969482422,40.56999969482422,360700
2015-08-26,41.58000183105469,42.349998474121094,41.060001373291016,42.06999969482422,42.06999969482422,336400
2015-08-27,42.54999923706055,42.900001525878906,41.72999954223633,42.540000915527344,42.540000915527344,473500
2015-08-28,42.70000076293945,43.5,42.529998779296875,43.290000915527344,43.290000915527344,350000
2015-08-31,42.9900016784668,43.7599983215332,42.790000915527344,43.47999954223633,43.47999954223633,242300
2015-09-01,42.75,43.40999984741211,41.849998474121094,42.04999923706055,42.04999923706055,338100
2015-09-02,42.5099983215332,43.09000015258789,42.16999816894531,42.72999954223633,42.72999954223633,242400
2015-09-03,42.790000915527344,43.83000183105469,42.68000030517578,43.52000045776367,43.52000045776367,199700
2015-09-04,43.130001068115234,43.560001373291016,42.83000183105469,42.97999954223633,42.97999954223633,139000
2015-09-08,43.68000030517578,45.18000030517578,43.5099983215332,44.81999969482422,44.81999969482422,261600
2015-09-09,44.97999954223633,45.5,44.0,44.06999969482422,44.06999969482422,212100
2015-09-10,44.099998474121094,44.540000915527344,43.599998474121094,43.849998474121094,43.849998474121094,120700
2015-09-11,43.470001220703125,44.0,43.18000030517578,43.939998626708984,43.939998626708984,120000
2015-09-14,44.20000076293945,44.279998779296875,43.59000015258789,43.7400016784668,43.7400016784668,91500
2015-09-15,43.959999084472656,44.599998474121094,43.59000015258789,44.369998931884766,44.369998931884766,192600
2015-09-16,44.56999969482422,44.56999969482422,43.70000076293945,44.040000915527344,44.040000915527344,193800
2015-09-17,43.959999084472656,44.38999938964844,43.560001373291016,43.88999938964844,43.88999938964844,166800
2015-09-18,43.2400016784668,43.900001525878906,43.15999984741211,43.36000061035156,43.36000061035156,316500
2015-09-21,43.689998626708984,44.22999954223633,43.130001068115234,43.290000915527344,43.290000915527344,198200
2015-09-22,42.959999084472656,42.959999084472656,41.560001373291016,41.95000076293945,41.95000076293945,307300
2015-09-23,41.97999954223633,42.56999969482422,41.439998626708984,42.099998474121094,42.099998474121094,399500
2015-09-24,41.619998931884766,41.939998626708984,40.86000061035156,41.72999954223633,41.72999954223633,221900
2015-09-25,41.29999923706055,41.880001068115234,39.9900016784668,40.380001068115234,40.380001068115234,870800
2015-09-28,40.150001525878906,40.400001525878906,39.650001525878906,39.66999816894531,39.66999816894531,294500
2015-09-29,39.88999938964844,40.31999969482422,39.75,39.97999954223633,39.97999954223633,335400
2015-09-30,40.47999954223633,41.66999816894531,40.220001220703125,41.540000915527344,41.540000915527344,518800
2015-10-01,41.529998779296875,41.70000076293945,40.029998779296875,40.630001068115234,40.630001068115234,228800
2015-10-02,40.34000015258789,42.18000030517578,40.209999084472656,42.15999984741211,42.15999984741211,222600
2015-10-05,42.52000045776367,43.849998474121094,42.060001373291016,42.58000183105469,42.58000183105469,269100
2015-10-06,42.650001525878906,43.290000915527344,42.45000076293945,42.900001525878906,42.900001525878906,202500
2015-10-07,43.2599983215332,43.77000045776367,42.810001373291016,43.68000030517578,43.68000030517578,336000
2015-10-08,43.540000915527344,44.380001068115234,43.099998474121094,44.119998931884766,44.119998931884766,187700
2015-10-09,44.040000915527344,44.34000015258789,43.68000030517578,44.279998779296875,44.279998779296875,177200
2015-10-12,44.220001220703125,44.220001220703125,43.540000915527344,43.970001220703125,43.970001220703125,131700
2015-10-13,43.630001068115234,44.310001373291016,43.470001220703125,43.65999984741211,43.65999984741211,187400
2015-10-14,43.630001068115234,45.93000030517578,43.630001068115234,45.15999984741211,45.15999984741211,168600
2015-10-15,45.369998931884766,45.939998626708984,44.900001525878906,45.880001068115234,45.880001068115234,169300
2015-10-16,46.0,46.20000076293945,45.2599983215332,45.880001068115234,45.880001068115234,120800
2015-10-19,45.720001220703125,46.66999816894531,45.54999923706055,46.0,46.0,145800
2015-10-20,45.88999938964844,46.84000015258789,45.59000015258789,45.83000183105469,45.83000183105469,76900
2015-10-21,46.20000076293945,46.880001068115234,44.869998931884766,44.959999084472656,44.959999084472656,208600
2015-10-22,45.54999923706055,47.029998779296875,44.439998626708984,47.0099983215332,47.0099983215332,475300
2015-10-23,47.5099983215332,47.88999938964844,46.7400016784668,47.650001525878906,47.650001525878906,396900
2015-10-26,47.41999816894531,47.560001373291016,43.83000183105469,46.470001220703125,46.470001220703125,223200
2015-10-27,46.18000030517578,46.58000183105469,45.20000076293945,45.25,45.25,534200
2015-10-28,50.65999984741211,50.869998931884766,46.869998931884766,49.5099983215332,49.5099983215332,956100
2015-10-29,48.939998626708984,49.849998474121094,48.31999969482422,49.290000915527344,49.290000915527344,513300
2015-10-30,49.400001525878906,50.95000076293945,48.5099983215332,49.970001220703125,49.970001220703125,404100
2015-11-02,49.95000076293945,50.18000030517578,48.0099983215332,49.95000076293945,49.95000076293945,323500
2015-11-03,49.540000915527344,50.04999923706055,49.40999984741211,49.63999938964844,49.63999938964844,324800
2015-11-04,49.7400016784668,50.470001220703125,48.720001220703125,50.400001525878906,50.400001525878906,264000
2015-11-05,50.4900016784668,50.630001068115234,49.970001220703125,50.20000076293945,50.20000076293945,173400
2015-11-06,50.09000015258789,51.29999923706055,48.93000030517578,51.220001220703125,51.220001220703125,207000
2015-11-09,50.9900016784668,51.18000030517578,50.5099983215332,50.880001068115234,50.880001068115234,163900
2015-11-10,50.54999923706055,51.31999969482422,50.150001525878906,51.220001220703125,51.220001220703125,169300
2015-11-11,51.220001220703125,51.900001525878906,50.47999954223633,51.630001068115234,51.630001068115234,182500
2015-11-12,51.130001068115234,51.91999816894531,50.599998474121094,50.75,50.75,176400
2015-11-13,50.439998626708984,50.91999816894531,48.5,50.27000045776367,50.27000045776367,145200
2015-11-16,50.13999938964844,50.599998474121094,49.779998779296875,50.02000045776367,50.02000045776367,246700
2015-11-17,50.13999938964844,51.95000076293945,50.029998779296875,51.61000061035156,51.61000061035156,227000
2015-11-18,51.77000045776367,52.56999969482422,50.189998626708984,52.439998626708984,52.439998626708984,167400
2015-11-19,52.38999938964844,52.77000045776367,51.90999984741211,52.43000030517578,52.43000030517578,111400
2015-11-20,52.77000045776367,53.0,52.099998474121094,52.380001068115234,52.380001068115234,134800
2015-11-23,52.2400016784668,52.349998474121094,51.25,51.380001068115234,51.380001068115234,189200
2015-11-24,51.61000061035156,53.09000015258789,51.61000061035156,52.9900016784668,52.9900016784668,297300
2015-11-25,52.93000030517578,53.29999923706055,52.459999084472656,53.25,53.25,70300
2015-11-27,53.220001220703125,53.93000030517578,51.40999984741211,53.560001373291016,53.560001373291016,57700
2015-11-30,53.880001068115234,54.34000015258789,53.2599983215332,54.11000061035156,54.11000061035156,312500
2015-12-01,54.27000045776367,54.40999984741211,51.310001373291016,53.97999954223633,53.97999954223633,309900
2015-12-02,54.0,54.58000183105469,53.70000076293945,53.93000030517578,53.93000030517578,158800
2015-12-03,54.38999938964844,54.38999938964844,52.83000183105469,53.08000183105469,53.08000183105469,185800
2015-12-04,52.869998931884766,54.36000061035156,52.869998931884766,54.310001373291016,54.310001373291016,187900
2015-12-07,54.15999984741211,54.720001220703125,53.959999084472656,54.29999923706055,54.29999923706055,162700
2015-12-08,53.84000015258789,54.150001525878906,52.86000061035156,53.15999984741211,53.15999984741211,183700
2015-12-09,53.099998474121094,53.61000061035156,52.220001220703125,52.369998931884766,52.369998931884766,167800
2015-12-10,52.470001220703125,52.88999938964844,52.209999084472656,52.470001220703125,52.470001220703125,123800
2015-12-11,51.88999938964844,52.54999923706055,50.439998626708984,52.0,52.0,172600
2015-12-14,51.95000076293945,52.06999969482422,50.36000061035156,51.529998779296875,51.529998779296875,225500
2015-12-15,51.869998931884766,52.29999923706055,51.02000045776367,51.970001220703125,51.970001220703125,162000
2015-12-16,52.27000045776367,52.27000045776367,50.86000061035156,51.939998626708984,51.939998626708984,122000
2015-12-17,52.34000015258789,52.91999816894531,50.84000015258789,50.880001068115234,50.880001068115234,236500
2015-12-18,50.59000015258789,51.0099983215332,49.869998931884766,50.150001525878906,50.150001525878906,494800
2015-12-21,50.369998931884766,50.810001373291016,49.400001525878906,50.04999923706055,50.04999923706055,246500
2015-12-22,50.220001220703125,50.43000030517578,49.33000183105469,50.13999938964844,50.13999938964844,251000
2015-12-23,50.369998931884766,50.7599983215332,50.04999923706055,50.439998626708984,50.439998626708984,193900
2015-12-24,50.40999984741211,51.220001220703125,50.369998931884766,50.97999954223633,50.97999954223633,87200
2015-12-28,50.68000030517578,50.95000076293945,50.16999816894531,50.810001373291016,50.810001373291016,124100
2015-12-29,51.099998474121094,51.72999954223633,50.68000030517578,50.790000915527344,50.790000915527344,176400
2015-12-30,50.689998626708984,50.93000030517578,49.83000183105469,49.970001220703125,49.970001220703125,169000
2015-12-31,49.81999969482422,49.93000030517578,48.52000045776367,48.540000915527344,48.540000915527344,164600
2016-01-04,48.0,48.0,46.970001220703125,47.43000030517578,47.43000030517578,317300
2016-01-05,47.459999084472656,47.59000015258789,46.959999084472656,47.0099983215332,47.0099983215332,204900
2016-01-06,46.25,46.75,45.88999938964844,46.33000183105469,46.33000183105469,211800
2016-01-07,45.40999984741211,46.06999969482422,44.869998931884766,44.97999954223633,44.97999954223633,209200
2016-01-08,45.0099983215332,45.939998626708984,44.0099983215332,44.11000061035156,44.11000061035156,257500
2016-01-11,44.470001220703125,45.040000915527344,43.939998626708984,44.459999084472656,44.459999084472656,175300
2016-01-12,44.86000061035156,45.439998626708984,44.119998931884766,44.81999969482422,44.81999969482422,201000
2016-01-13,44.880001068115234,45.2599983215332,42.93000030517578,43.040000915527344,43.040000915527344,302700
2016-01-14,43.400001525878906,44.43000030517578,43.0,43.900001525878906,43.900001525878906,209000
2016-01-15,42.5099983215332,43.08000183105469,41.75,42.459999084472656,42.459999084472656,270200
2016-01-19,43.11000061035156,46.619998931884766,42.33000183105469,42.84000015258789,42.84000015258789,240200
2016-01-20,42.15999984741211,43.84000015258789,41.93000030517578,43.150001525878906,43.150001525878906,253300
2016-01-21,43.43000030517578,43.5099983215332,42.540000915527344,42.90999984741211,42.90999984741211,314100
2016-01-22,43.75,44.18000030517578,42.95000076293945,43.45000076293945,43.45000076293945,221300
2016-01-25,43.29999923706055,43.619998931884766,42.65999984741211,42.95000076293945,42.95000076293945,245500
2016-01-26,43.09000015258789,43.7400016784668,42.77000045776367,43.40999984741211,43.40999984741211,276600
2016-01-27,43.209999084472656,43.540000915527344,42.599998474121094,42.79999923706055,42.79999923706055,222300
2016-01-28,43.220001220703125,44.04999923706055,43.02000045776367,43.81999969482422,43.81999969482422,222400
2016-01-29,44.20000076293945,45.619998931884766,44.0,45.599998474121094,45.599998474121094,295800
2016-02-01,45.25,45.5099983215332,44.52000045776367,45.0099983215332,45.0099983215332,295400
2016-02-02,44.22999954223633,44.439998626708984,42.599998474121094,42.970001220703125,42.970001220703125,329100
2016-02-03,46.29999923706055,47.45000076293945,40.9900016784668,42.209999084472656,42.209999084472656,713900
2016-02-04,42.630001068115234,42.90999984741211,41.83000183105469,42.13999938964844,42.13999938964844,446400
2016-02-05,41.880001068115234,42.40999984741211,40.06999969482422,40.290000915527344,40.290000915527344,371600
2016-02-08,39.779998779296875,40.16999816894531,38.529998779296875,39.470001220703125,39.470001220703125,408900
2016-02-09,38.97999954223633,40.040000915527344,38.63999938964844,38.9900016784668,38.9900016784668,395000
2016-02-10,39.34000015258789,39.810001373291016,37.529998779296875,37.7400016784668,37.7400016784668,607500
2016-02-11,37.2599983215332,37.7400016784668,36.560001373291016,36.939998626708984,36.939998626708984,498200
2016-02-12,37.22999954223633,38.41999816894531,36.779998779296875,37.880001068115234,37.880001068115234,199100
2016-02-16,38.060001373291016,39.720001220703125,38.04999923706055,39.43000030517578,39.43000030517578,212500
2016-02-17,39.47999954223633,40.790000915527344,39.2400016784668,40.34000015258789,40.34000015258789,233900
2016-02-18,40.470001220703125,40.84000015258789,40.040000915527344,40.06999969482422,40.06999969482422,238300
2016-02-19,39.970001220703125,41.040000915527344,39.349998474121094,40.47999954223633,40.47999954223633,190300
2016-02-22,40.77000045776367,41.11000061035156,39.72999954223633,40.439998626708984,40.439998626708984,167700
2016-02-23,40.150001525878906,40.75,39.93000030517578,39.97999954223633,39.97999954223633,144500
2016-02-24,39.529998779296875,40.66999816894531,39.38999938964844,40.41999816894531,40.41999816894531,221500
2016-02-25,40.56999969482422,40.63999938964844,40.08000183105469,40.380001068115234,40.380001068115234,124500
2016-02-26,40.650001525878906,40.90999984741211,39.959999084472656,40.5,40.5,194800
2016-02-29,40.560001373291016,41.72999954223633,40.11000061035156,41.25,41.25,244000
2016-03-01,41.5099983215332,42.709999084472656,41.130001068115234,42.68000030517578,42.68000030517578,177000
2016-03-02,43.02000045776367,44.29999923706055,42.90999984741211,43.63999938964844,43.63999938964844,238500
2016-03-03,43.869998931884766,44.72999954223633,43.75,44.599998474121094,44.599998474121094,346500
2016-03-04,44.68000030517578,45.0,43.970001220703125,44.650001525878906,44.650001525878906,292900
2016-03-07,44.540000915527344,45.61000061035156,44.209999084472656,44.75,44.75,300300
2016-03-08,44.2599983215332,44.72999954223633,43.97999954223633,44.38999938964844,44.38999938964844,287100
2016-03-09,44.709999084472656,45.13999938964844,44.369998931884766,44.84000015258789,44.84000015258789,199700
2016-03-10,45.0099983215332,45.75,44.560001373291016,44.86000061035156,44.86000061035156,216700
2016-03-11,45.36000061035156,45.7599983215332,45.02000045776367,45.709999084472656,45.709999084472656,138800
2016-03-14,45.189998626708984,45.349998474121094,44.29999923706055,44.33000183105469,44.33000183105469,264000
2016-03-15,44.369998931884766,44.86000061035156,43.91999816894531,44.08000183105469,44.08000183105469,185400
2016-03-16,43.56999969482422,44.0,42.86000061035156,43.900001525878906,43.900001525878906,182200
2016-03-17,43.790000915527344,44.150001525878906,43.5,43.880001068115234,43.880001068115234,235200
2016-03-18,43.86000061035156,45.11000061035156,43.540000915527344,44.93000030517578,44.93000030517578,477200
2016-03-21,44.720001220703125,44.86000061035156,43.79999923706055,44.77000045776367,44.77000045776367,155900
2016-03-22,44.599998474121094,45.59000015258789,44.54999923706055,45.25,45.25,196300
2016-03-23,45.150001525878906,45.209999084472656,44.189998626708984,44.20000076293945,44.20000076293945,207800
2016-03-24,43.81999969482422,43.959999084472656,43.369998931884766,43.72999954223633,43.72999954223633,139900
2016-03-28,43.939998626708984,44.09000015258789,43.209999084472656,43.54999923706055,43.54999923706055,152400
2016-03-29,43.33000183105469,44.84000015258789,42.95000076293945,44.72999954223633,44.72999954223633,226800
2016-03-30,44.75,45.36000061035156,44.68000030517578,45.22999954223633,45.22999954223633,131600
2016-03-31,45.16999816894531,45.400001525878906,44.779998779296875,44.959999084472656,44.959999084472656,152800
2016-04-01,44.400001525878906,45.97999954223633,43.439998626708984,45.95000076293945,45.95000076293945,285200
2016-04-04,45.849998474121094,45.849998474121094,44.119998931884766,45.040000915527344,45.040000915527344,150300
2016-04-05,44.689998626708984,45.54999923706055,44.279998779296875,44.38999938964844,44.38999938964844,173400
2016-04-06,44.47999954223633,45.040000915527344,43.599998474121094,44.88999938964844,44.88999938964844,155500
2016-04-07,44.68000030517578,44.68000030517578,43.5,43.7599983215332,43.7599983215332,177300
2016-04-08,44.130001068115234,44.779998779296875,43.40999984741211,43.84000015258789,43.84000015258789,314300
2016-04-11,44.06999969482422,44.5099983215332,42.66999816894531,42.79999923706055,42.79999923706055,287400
2016-04-12,42.790000915527344,43.880001068115234,42.630001068115234,43.349998474121094,43.349998474121094,277700
2016-04-13,43.84000015258789,45.369998931884766,43.79999923706055,45.18000030517578,45.18000030517578,294500
2016-04-14,44.939998626708984,45.61000061035156,44.209999084472656,45.4900016784668,45.4900016784668,191600
2016-04-15,45.2400016784668,45.709999084472656,45.0099983215332,45.27000045776367,45.27000045776367,155500
2016-04-18,44.939998626708984,45.56999969482422,44.52000045776367,44.88999938964844,44.88999938964844,183600
2016-04-19,45.029998779296875,45.380001068115234,44.560001373291016,44.70000076293945,44.70000076293945,162400
2016-04-20,44.59000015258789,45.459999084472656,44.529998779296875,45.34000015258789,45.34000015258789,158000
2016-04-21,45.56999969482422,45.63999938964844,44.75,44.939998626708984,44.939998626708984,324500
2016-04-22,44.65999984741211,46.099998474121094,44.65999984741211,45.790000915527344,45.790000915527344,209300
2016-04-25,45.61000061035156,46.22999954223633,45.220001220703125,45.529998779296875,45.529998779296875,298900
2016-04-26,45.65999984741211,46.90999984741211,45.459999084472656,46.34000015258789,46.34000015258789,369100
2016-04-27,48.0,49.65999984741211,46.09000015258789,47.66999816894531,47.66999816894531,550600
2016-04-28,47.790000915527344,50.470001220703125,47.560001373291016,48.5099983215332,48.5099983215332,726100
2016-04-29,48.38999938964844,48.38999938964844,46.43000030517578,46.79999923706055,46.79999923706055,311000
2016-05-02,46.70000076293945,47.7400016784668,45.939998626708984,47.70000076293945,47.70000076293945,205000
2016-05-03,46.97999954223633,47.5,46.79999923706055,47.15999984741211,47.15999984741211,183200
2016-05-04,46.77000045776367,47.220001220703125,45.77000045776367,46.33000183105469,46.33000183105469,188200
2016-05-05,46.630001068115234,46.97999954223633,45.88999938964844,45.88999938964844,45.88999938964844,209100
2016-05-06,45.47999954223633,46.150001525878906,45.13999938964844,46.130001068115234,46.130001068115234,207600
2016-05-09,46.040000915527344,46.41999816894531,45.7599983215332,45.81999969482422,45.81999969482422,209100
2016-05-10,46.060001373291016,47.0,45.959999084472656,46.91999816894531,46.91999816894531,150500
2016-05-11,46.720001220703125,46.95000076293945,46.40999984741211,46.560001373291016,46.560001373291016,136700
2016-05-12,46.849998474121094,46.86000061035156,44.86000061035156,45.33000183105469,45.33000183105469,196800
2016-05-13,45.22999954223633,45.65999984741211,44.790000915527344,45.20000076293945,45.20000076293945,165200
2016-05-16,45.15999984741211,46.7599983215332,45.04999923706055,46.11000061035156,46.11000061035156,143800
2016-05-17,46.04999923706055,46.2599983215332,44.869998931884766,45.130001068115234,45.130001068115234,163500
2016-05-18,45.0,47.099998474121094,45.0,46.540000915527344,46.540000915527344,161000
2016-05-19,46.08000183105469,46.79999923706055,45.43000030517578,45.7400016784668,45.7400016784668,93800
2016-05-20,46.06999969482422,47.20000076293945,46.06999969482422,47.04999923706055,47.04999923706055,168300
2016-05-23,47.15999984741211,48.27000045776367,47.08000183105469,47.09000015258789,47.09000015258789,157700
2016-05-24,47.2599983215332,48.88999938964844,47.099998474121094,48.709999084472656,48.709999084472656,193000
2016-05-25,48.849998474121094,48.900001525878906,48.34000015258789,48.790000915527344,48.790000915527344,218100
2016-05-26,48.75,49.29999923706055,48.290000915527344,48.689998626708984,48.689998626708984,152000
2016-05-27,48.810001373291016,49.439998626708984,48.810001373291016,49.36000061035156,49.36000061035156,224300
2016-05-31,49.43000030517578,50.18000030517578,49.130001068115234,49.75,49.75,225800
2016-06-01,49.45000076293945,50.209999084472656,49.45000076293945,50.119998931884766,50.119998931884766,134900
2016-06-02,49.7599983215332,50.150001525878906,49.65999984741211,50.06999969482422,50.06999969482422,119200
2016-06-03,50.11000061035156,50.34000015258789,49.439998626708984,49.86000061035156,49.86000061035156,122800
2016-06-06,49.900001525878906,50.220001220703125,49.470001220703125,50.0,50.0,157400
2016-06-07,50.220001220703125,50.70000076293945,49.90999984741211,50.65999984741211,50.65999984741211,156800
2016-06-08,50.59000015258789,50.720001220703125,50.0,50.5,50.5,212800
2016-06-09,50.279998779296875,51.0,50.029998779296875,50.779998779296875,50.779998779296875,124300
2016-06-10,50.09000015258789,50.25,49.5099983215332,49.59000015258789,49.59000015258789,144200
2016-06-13,49.47999954223633,50.310001373291016,49.40999984741211,49.7400016784668,49.7400016784668,124800
2016-06-14,49.470001220703125,50.27000045776367,49.470001220703125,50.09000015258789,50.09000015258789,117500
2016-06-15,50.150001525878906,50.5,49.880001068115234,49.95000076293945,49.95000076293945,106900
2016-06-16,49.459999084472656,49.95000076293945,48.900001525878906,49.86000061035156,49.86000061035156,143100
2016-06-17,49.90999984741211,49.90999984741211,48.47999954223633,48.91999816894531,48.91999816894531,426400
2016-06-20,49.72999954223633,50.529998779296875,49.41999816894531,49.5,49.5,165600
2016-06-21,49.65999984741211,50.43000030517578,49.5099983215332,49.900001525878906,49.900001525878906,221500
2016-06-22,49.83000183105469,50.16999816894531,49.310001373291016,49.31999969482422,49.31999969482422,135100
2016-06-23,49.970001220703125,50.709999084472656,49.959999084472656,50.70000076293945,50.70000076293945,146000
2016-06-24,48.150001525878906,49.04999923706055,46.83000183105469,47.20000076293945,47.20000076293945,554900
2016-06-27,46.56999969482422,47.27000045776367,44.52000045776367,45.029998779296875,45.029998779296875,393800
2016-06-28,45.63999938964844,46.58000183105469,45.13999938964844,46.09000015258789,46.09000015258789,259000
2016-06-29,46.709999084472656,47.40999984741211,46.349998474121094,46.869998931884766,46.869998931884766,187800
2016-06-30,46.97999954223633,48.7599983215332,46.27000045776367,48.7400016784668,48.7400016784668,313700
2016-07-01,48.459999084472656,49.29999923706055,47.880001068115234,48.06999969482422,48.06999969482422,174500
2016-07-05,47.5099983215332,48.59000015258789,46.61000061035156,46.650001525878906,46.650001525878906,161200
2016-07-06,46.290000915527344,47.220001220703125,45.939998626708984,46.880001068115234,46.880001068115234,207800
2016-07-07,47.029998779296875,47.83000183105469,46.849998474121094,47.5,47.5,115000
2016-07-08,48.150001525878906,49.65999984741211,47.31999969482422,49.540000915527344,49.540000915527344,221600
2016-07-11,49.689998626708984,50.20000076293945,49.279998779296875,49.790000915527344,49.790000915527344,150300
2016-07-12,50.36000061035156,51.0,50.0,50.59000015258789,50.59000015258789,228400
2016-07-13,50.9900016784668,51.34000015258789,50.36000061035156,50.7400016784668,50.7400016784668,162900
2016-07-14,50.70000076293945,51.5,50.5,51.13999938964844,51.13999938964844,199300
2016-07-15,51.349998474121094,51.47999954223633,51.0,51.310001373291016,51.310001373291016,130100
2016-07-18,51.06999969482422,51.5,50.66999816894531,51.310001373291016,51.310001373291016,232900
2016-07-19,51.20000076293945,51.47999954223633,50.9900016784668,51.349998474121094,51.349998474121094,162600
2016-07-20,51.5,51.97999954223633,50.0099983215332,51.540000915527344,51.540000915527344,103800
2016-07-21,51.529998779296875,51.70000076293945,50.540000915527344,50.63999938964844,50.63999938964844,175800
2016-07-22,50.52000045776367,51.15999984741211,50.099998474121094,50.970001220703125,50.970001220703125,91900
2016-07-25,50.81999969482422,51.59000015258789,50.81999969482422,51.15999984741211,51.15999984741211,71900
2016-07-26,51.41999816894531,52.7400016784668,51.310001373291016,52.5,52.5,254300
2016-07-27,52.619998931884766,55.040000915527344,51.779998779296875,54.70000076293945,54.70000076293945,619300
2016-07-28,54.72999954223633,54.83000183105469,54.040000915527344,54.119998931884766,54.119998931884766,272400
2016-07-29,53.790000915527344,53.970001220703125,52.279998779296875,53.279998779296875,53.279998779296875,274900
2016-08-01,53.25,53.869998931884766,53.25,53.720001220703125,53.720001220703125,247600
2016-08-02,53.779998779296875,53.88999938964844,52.290000915527344,52.36000061035156,52.36000061035156,202300
2016-08-03,52.34000015258789,52.79999923706055,52.310001373291016,52.79999923706055,52.79999923706055,135800
2016-08-04,52.900001525878906,53.369998931884766,52.709999084472656,53.0,53.0,213700
2016-08-05,53.290000915527344,53.959999084472656,52.88999938964844,53.709999084472656,53.709999084472656,250700
2016-08-08,53.61000061035156,53.939998626708984,53.33000183105469,53.779998779296875,53.779998779296875,129700
2016-08-09,53.70000076293945,54.63999938964844,53.65999984741211,53.689998626708984,53.689998626708984,191600
2016-08-10,53.88999938964844,53.88999938964844,53.09000015258789,53.52000045776367,53.52000045776367,188400
2016-08-11,53.66999816894531,53.91999816894531,53.119998931884766,53.5099983215332,53.5099983215332,163000
2016-08-12,53.5,54.0099983215332,53.34000015258789,53.83000183105469,53.83000183105469,93500
2016-08-15,53.88999938964844,54.369998931884766,53.709999084472656,53.9900016784668,53.9900016784668,288900
2016-08-16,53.84000015258789,53.90999984741211,53.02000045776367,53.130001068115234,53.130001068115234,214100
2016-08-17,52.9900016784668,53.33000183105469,52.0,53.150001525878906,53.150001525878906,100000
2016-08-18,53.189998626708984,54.34000015258789,53.150001525878906,54.16999816894531,54.16999816894531,293700
2016-08-19,54.15999984741211,55.040000915527344,53.959999084472656,54.779998779296875,54.779998779296875,202500
2016-08-22,54.5,55.4900016784668,54.189998626708984,55.310001373291016,55.310001373291016,186700
2016-08-23,55.31999969482422,55.88999938964844,55.31999969482422,55.540000915527344,55.540000915527344,285100
2016-08-24,55.630001068115234,56.34000015258789,55.41999816894531,56.2400016784668,56.2400016784668,302700
2016-08-25,56.06999969482422,57.40999984741211,55.65999984741211,57.25,57.25,321400
2016-08-26,57.34000015258789,57.790000915527344,57.08000183105469,57.5099983215332,57.5099983215332,253100
2016-08-29,57.52000045776367,57.869998931884766,57.2400016784668,57.68000030517578,57.68000030517578,198700
2016-08-30,57.779998779296875,58.189998626708984,57.06999969482422,57.33000183105469,57.33000183105469,233700
2016-08-31,57.4900016784668,57.56999969482422,56.7400016784668,57.29999923706055,57.29999923706055,216900
2016-09-01,57.209999084472656,57.72999954223633,56.619998931884766,57.65999984741211,57.65999984741211,270000
2016-09-02,57.72999954223633,57.970001220703125,57.040000915527344,57.939998626708984,57.939998626708984,149800
2016-09-06,58.209999084472656,58.209999084472656,56.95000076293945,57.220001220703125,57.220001220703125,250800
2016-09-07,57.29999923706055,57.4900016784668,56.709999084472656,57.47999954223633,57.47999954223633,191200
2016-09-08,57.27000045776367,57.43000030517578,56.68000030517578,57.290000915527344,57.290000915527344,131400
2016-09-09,56.790000915527344,57.279998779296875,54.939998626708984,54.97999954223633,54.97999954223633,216600
2016-09-12,54.54999923706055,55.470001220703125,54.29999923706055,55.45000076293945,55.45000076293945,391900
2016-09-13,55.16999816894531,56.0099983215332,54.560001373291016,54.83000183105469,54.83000183105469,179000
2016-09-14,55.0,55.689998626708984,54.4900016784668,55.02000045776367,55.02000045776367,123000
2016-09-15,55.11000061035156,56.29999923706055,55.11000061035156,55.91999816894531,55.91999816894531,258900
2016-09-16,56.08000183105469,56.709999084472656,55.31999969482422,55.880001068115234,55.880001068115234,659300
2016-09-19,56.040000915527344,56.86000061035156,55.70000076293945,55.939998626708984,55.939998626708984,178800
2016-09-20,56.20000076293945,56.959999084472656,55.130001068115234,55.150001525878906,55.150001525878906,170200
2016-09-21,55.43000030517578,55.900001525878906,55.040000915527344,55.84000015258789,55.84000015258789,205600
2016-09-22,56.11000061035156,57.15999984741211,55.470001220703125,56.91999816894531,56.91999816894531,252000
2016-09-23,56.56999969482422,56.93000030517578,56.220001220703125,56.25,56.25,130800
2016-09-26,55.90999984741211,56.5,55.439998626708984,55.7599983215332,55.7599983215332,136300
2016-09-27,55.68000030517578,56.65999984741211,55.52000045776367,56.45000076293945,56.45000076293945,254900
2016-09-28,56.720001220703125,57.36000061035156,56.38999938964844,56.84000015258789,56.84000015258789,148100
2016-09-29,57.41999816894531,58.130001068115234,56.61000061035156,57.779998779296875,57.779998779296875,671200
2016-09-30,58.13999938964844,59.349998474121094,58.02000045776367,58.79999923706055,58.79999923706055,600600
2016-10-03,58.43000030517578,58.900001525878906,58.06999969482422,58.650001525878906,58.650001525878906,169900
2016-10-04,58.95000076293945,59.119998931884766,58.209999084472656,58.59000015258789,58.59000015258789,116300
2016-10-05,58.83000183105469,60.0,58.619998931884766,59.33000183105469,59.33000183105469,244000
2016-10-06,59.25,59.560001373291016,58.59000015258789,59.40999984741211,59.40999984741211,230100
2016-10-07,59.43000030517578,59.650001525878906,58.880001068115234,59.459999084472656,59.459999084472656,179500
2016-10-10,59.88999938964844,60.060001373291016,59.029998779296875,59.099998474121094,59.099998474121094,174300
2016-10-11,58.779998779296875,58.779998779296875,56.709999084472656,57.58000183105469,57.58000183105469,214200
2016-10-12,57.61000061035156,58.0099983215332,56.08000183105469,57.939998626708984,57.939998626708984,221700
2016-10-13,57.36000061035156,57.36000061035156,55.970001220703125,56.880001068115234,56.880001068115234,130300
2016-10-14,57.2599983215332,57.939998626708984,56.310001373291016,56.91999816894531,56.91999816894531,100000
2016-10-17,56.849998474121094,57.400001525878906,56.70000076293945,56.75,56.75,76200
2016-10-18,57.29999923706055,59.0,56.79999923706055,58.400001525878906,58.400001525878906,293800
2016-10-19,58.25,59.0,57.400001525878906,58.45000076293945,58.45000076293945,114900
2016-10-20,58.29999923706055,59.099998474121094,57.849998474121094,58.650001525878906,58.650001525878906,115700
2016-10-21,58.20000076293945,58.95000076293945,57.5,58.79999923706055,58.79999923706055,120400
2016-10-24,59.150001525878906,59.900001525878906,58.79999923706055,59.20000076293945,59.20000076293945,265800
2016-10-25,59.900001525878906,62.849998474121094,59.900001525878906,62.75,62.75,1212200
2016-10-26,62.650001525878906,62.650001525878906,59.939998626708984,60.95000076293945,60.95000076293945,551600
2016-10-27,63.0,63.0,61.20000076293945,61.900001525878906,61.900001525878906,391300
2016-10-28,62.0,62.0,60.25,60.349998474121094,60.349998474121094,235000
2016-10-31,60.099998474121094,60.939998626708984,59.95000076293945,59.95000076293945,59.95000076293945,303400
2016-11-01,60.150001525878906,60.70000076293945,58.75,59.29999923706055,59.29999923706055,288000
2016-11-02,59.04999923706055,59.650001525878906,58.349998474121094,58.400001525878906,58.400001525878906,238900
2016-11-03,58.5,59.349998474121094,58.349998474121094,58.849998474121094,58.849998474121094,168700
2016-11-04,58.79999923706055,60.45000076293945,58.38999938964844,59.25,59.25,270000
2016-11-07,60.349998474121094,60.900001525878906,60.0,60.54999923706055,60.54999923706055,169300
2016-11-08,60.20000076293945,60.95000076293945,59.849998474121094,60.54999923706055,60.54999923706055,134500
2016-11-09,59.54999923706055,62.150001525878906,58.66999816894531,62.0,62.0,243800
2016-11-10,62.45000076293945,63.54999923706055,60.400001525878906,61.54999923706055,61.54999923706055,248900
2016-11-11,61.75,64.0,61.75,63.650001525878906,63.650001525878906,382800
2016-11-14,64.0,64.3499984741211,63.04999923706055,63.95000076293945,63.95000076293945,302900
2016-11-15,63.849998474121094,64.80000305175781,63.650001525878906,64.44999694824219,64.44999694824219,208800
2016-11-16,64.0,65.8499984741211,64.0,65.6500015258789,65.6500015258789,223700
2016-11-17,65.6500015258789,67.0999984741211,65.44999694824219,66.5,66.5,253900
2016-11-18,66.5999984741211,67.4000015258789,66.02999877929688,67.05000305175781,67.05000305175781,186600
2016-11-21,67.1500015258789,67.41999816894531,66.30000305175781,66.94999694824219,66.94999694824219,163100
2016-11-22,67.1500015258789,67.30000305175781,66.5,66.94999694824219,66.94999694824219,227800
2016-11-23,66.55000305175781,67.5,66.55000305175781,67.4000015258789,67.4000015258789,153800
2016-11-25,67.4000015258789,67.5999984741211,67.02999877929688,67.55000305175781,67.55000305175781,104100
2016-11-28,67.55000305175781,67.69999694824219,66.75,67.0999984741211,67.0999984741211,142700
2016-11-29,66.75,67.5999984741211,66.75,67.05000305175781,67.05000305175781,162700
2016-11-30,67.19999694824219,67.4000015258789,66.1500015258789,66.3499984741211,66.3499984741211,179200
2016-12-01,66.05000305175781,66.68000030517578,61.79999923706055,62.25,62.25,445400
2016-12-02,61.95000076293945,63.70000076293945,61.95000076293945,63.599998474121094,63.599998474121094,207100
2016-12-05,64.3499984741211,65.0,63.70000076293945,64.9000015258789,64.9000015258789,168900
2016-12-06,65.0,66.6500015258789,64.94999694824219,66.25,66.25,180900
2016-12-07,66.19999694824219,67.5,65.0999984741211,67.05000305175781,67.05000305175781,200300
2016-12-08,67.30000305175781,68.94999694824219,66.77999877929688,68.0999984741211,68.0999984741211,391300
2016-12-09,68.4000015258789,68.87000274658203,66.5999984741211,67.44999694824219,67.44999694824219,170200
2016-12-12,67.25,67.8499984741211,63.54999923706055,66.3499984741211,66.3499984741211,220100
2016-12-13,66.47000122070312,67.43000030517578,66.4000015258789,67.05000305175781,67.05000305175781,300200
2016-12-14,66.94999694824219,67.25,65.44999694824219,65.8499984741211,65.8499984741211,170100
2016-12-15,65.94999694824219,67.94999694824219,65.75,66.5,66.5,438200
2016-12-16,66.6500015258789,67.8499984741211,65.80000305175781,66.0,66.0,472300
2016-12-19,66.30000305175781,66.5,65.4000015258789,66.0999984741211,66.0999984741211,161200
2016-12-20,66.19999694824219,66.69999694824219,65.19999694824219,65.6500015258789,65.6500015258789,294900
2016-12-21,65.55000305175781,65.9000015258789,64.8499984741211,65.44999694824219,65.44999694824219,295200
2016-12-22,65.69999694824219,66.27999877929688,64.87000274658203,65.0999984741211,65.0999984741211,165300
2016-12-23,65.1500015258789,66.25,64.55999755859375,66.25,66.25,106800
2016-12-27,66.25,67.3499984741211,66.19999694824219,66.9000015258789,66.9000015258789,130100
2016-12-28,66.9000015258789,66.9000015258789,65.3499984741211,65.5999984741211,65.5999984741211,136200
2016-12-29,65.69999694824219,66.30000305175781,65.44999694824219,66.1500015258789,66.1500015258789,172300
2016-12-30,66.3499984741211,66.3499984741211,64.55000305175781,65.0,65.0,221800
2017-01-03,65.44999694824219,67.05000305175781,65.25,66.0999984741211,66.0999984741211,205300
2017-01-04,66.19999694824219,66.44999694824219,65.55000305175781,66.1500015258789,66.1500015258789,206000
2017-01-05,66.0999984741211,67.0,65.25,65.44999694824219,65.44999694824219,159400
2017-01-06,65.80000305175781,66.25,65.1500015258789,65.5999984741211,65.5999984741211,160300
2017-01-09,65.5999984741211,66.9000015258789,65.55000305175781,65.55000305175781,65.55000305175781,102800
2017-01-10,65.75,66.4000015258789,65.25,66.3499984741211,66.3499984741211,134100
2017-01-11,66.30000305175781,67.02999877929688,66.25,67.0,67.0,127500
2017-01-12,66.9000015258789,66.9000015258789,64.80000305175781,66.3499984741211,66.3499984741211,142400
2017-01-13,66.75,68.55000305175781,63.150001525878906,68.25,68.25,260100
2017-01-17,68.05000305175781,68.25,66.05000305175781,66.19999694824219,66.19999694824219,210100
2017-01-18,66.55000305175781,67.3499984741211,65.44999694824219,66.30000305175781,66.30000305175781,146700
2017-01-19,65.94999694824219,66.69999694824219,64.69999694824219,64.75,64.75,166700
2017-01-20,64.9000015258789,66.1500015258789,64.9000015258789,65.19999694824219,65.19999694824219,164400
2017-01-23,65.4000015258789,65.80000305175781,63.75,65.1500015258789,65.1500015258789,180000
2017-01-24,65.44999694824219,67.19999694824219,64.37000274658203,66.75,66.75,387800
2017-01-25,67.30000305175781,68.0,67.05000305175781,67.6500015258789,67.6500015258789,176300
2017-01-26,67.80000305175781,68.3499984741211,66.75,66.94999694824219,66.94999694824219,100900
2017-01-27,67.30000305175781,67.9000015258789,67.19999694824219,67.69999694824219,67.69999694824219,149300
2017-01-30,67.30000305175781,67.30000305175781,65.55000305175781,66.55000305175781,66.55000305175781,209200
2017-01-31,66.19999694824219,66.19999694824219,64.5999984741211,65.19999694824219,65.19999694824219,385700
2017-02-01,67.55000305175781,69.5,65.9000015258789,69.25,69.25,760200
2017-02-02,69.5,71.75,68.9000015258789,70.25,70.25,554700
2017-02-03,70.9000015258789,73.1500015258789,70.1500015258789,73.0999984741211,73.0999984741211,432000
2017-02-06,72.5999984741211,73.05000305175781,72.0999984741211,72.69999694824219,72.69999694824219,295300
2017-02-07,72.9000015258789,73.69999694824219,72.16999816894531,73.30000305175781,73.30000305175781,351700
2017-02-08,73.25,74.0999984741211,72.3499984741211,73.0,73.0,219500
2017-02-09,73.0,75.5999984741211,72.94999694824219,73.30000305175781,73.30000305175781,479000
2017-02-10,73.6500015258789,73.80000305175781,71.94999694824219,72.0,72.0,274700
2017-02-13,72.5999984741211,73.25,71.8499984741211,72.19999694824219,72.19999694824219,216500
2017-02-14,71.94999694824219,72.25,71.0,72.0,72.0,187200
2017-02-15,71.94999694824219,73.1500015258789,71.58000183105469,72.3499984741211,72.3499984741211,275200
2017-02-16,71.55000305175781,71.8499984741211,70.75,71.6500015258789,71.6500015258789,296500
2017-02-17,71.0,72.0999984741211,71.0,72.05000305175781,72.05000305175781,179400
2017-02-21,72.0,72.8499984741211,71.75,72.75,72.75,427100
2017-02-22,72.55000305175781,73.8499984741211,72.55000305175781,73.55000305175781,73.55000305175781,234200
2017-02-23,73.4000015258789,73.4000015258789,71.75,72.6500015258789,72.6500015258789,223500
2017-02-24,71.9000015258789,72.6500015258789,71.69999694824219,72.5,72.5,238000
2017-02-27,72.0,73.0999984741211,72.0,72.4000015258789,72.4000015258789,156300
2017-02-28,70.1500015258789,70.1500015258789,66.6500015258789,67.5,67.5,1521400
2017-03-01,68.5,69.5,68.1500015258789,69.1500015258789,69.1500015258789,1084300
2017-03-02,69.19999694824219,69.94999694824219,69.0,69.5,69.5,623400
2017-03-03,69.55000305175781,69.75,68.80000305175781,68.94999694824219,68.94999694824219,414600
2017-03-06,68.69999694824219,69.5999984741211,68.30000305175781,69.05000305175781,69.05000305175781,542800
2017-03-07,69.30000305175781,70.48999786376953,68.44999694824219,68.55000305175781,68.55000305175781,523800
2017-03-08,69.05000305175781,70.05000305175781,68.69999694824219,69.5,69.5,488200
2017-03-09,69.5,70.0999984741211,69.08000183105469,69.5999984741211,69.5999984741211,320800
2017-03-10,69.80000305175781,71.0,69.75,70.9000015258789,70.9000015258789,377200
2017-03-13,70.69999694824219,71.5999984741211,70.69999694824219,71.5,71.5,262300
2017-03-14,71.1500015258789,72.0,70.8499984741211,71.3499984741211,71.3499984741211,330300
2017-03-15,71.69999694824219,72.0999984741211,70.8499984741211,71.9000015258789,71.9000015258789,344200
2017-03-16,71.5999984741211,72.52999877929688,71.5999984741211,72.4000015258789,72.4000015258789,274600
2017-03-17,72.5,73.44999694824219,72.25,73.19999694824219,73.19999694824219,503900
2017-03-20,72.9000015258789,74.19999694824219,72.55000305175781,73.3499984741211,73.3499984741211,326800
2017-03-21,73.8499984741211,74.0,71.19999694824219,71.4000015258789,71.4000015258789,349600
2017-03-22,71.25,72.0999984741211,70.0,72.0,72.0,359100
2017-03-23,71.94999694824219,72.75,71.80000305175781,72.1500015258789,72.1500015258789,200400
2017-03-24,72.44999694824219,73.80000305175781,72.44999694824219,72.8499984741211,72.8499984741211,301700
2017-03-27,71.9000015258789,73.5999984741211,71.30999755859375,73.0999984741211,73.0999984741211,197300
2017-03-28,73.0,73.5999984741211,72.30000305175781,73.1500015258789,73.1500015258789,262000
2017-03-29,73.25,73.55000305175781,72.4000015258789,72.69999694824219,72.69999694824219,313300
2017-03-30,72.6500015258789,73.5999984741211,72.6500015258789,73.5,73.5,279400
2017-03-31,73.5,74.19999694824219,73.0999984741211,73.55000305175781,73.55000305175781,352600
2017-04-03,73.5999984741211,74.30000305175781,71.94999694824219,72.0999984741211,72.0999984741211,320100
2017-04-04,71.8499984741211,72.9000015258789,71.44999694824219,71.94999694824219,71.94999694824219,255800
2017-04-05,72.30000305175781,72.5,70.05000305175781,70.0999984741211,70.0999984741211,327000
2017-04-06,70.0,70.55000305175781,69.19999694824219,69.75,69.75,426100
2017-04-07,69.5,70.23999786376953,69.4000015258789,69.9000015258789,69.9000015258789,348300
2017-04-10,70.0,70.94999694824219,69.4000015258789,70.44999694824219,70.44999694824219,338400
2017-04-11,70.19999694824219,70.75,69.05000305175781,70.44999694824219,70.44999694824219,408300
2017-04-12,70.3499984741211,70.44999694824219,69.45999908447266,69.69999694824219,69.69999694824219,386200
2017-04-13,69.5,70.37999725341797,68.94999694824219,69.0999984741211,69.0999984741211,172400
2017-04-17,69.30000305175781,70.08000183105469,69.1500015258789,69.94999694824219,69.94999694824219,132500
2017-04-18,69.69999694824219,70.72000122070312,69.5,70.5,70.5,146000
2017-04-19,71.0,71.94999694824219,70.80000305175781,71.25,71.25,221700
2017-04-20,71.5999984741211,72.8499984741211,71.25,72.69999694824219,72.69999694824219,253700
2017-04-21,72.3499984741211,72.44999694824219,71.25,71.94999694824219,71.94999694824219,260400
2017-04-24,73.0999984741211,74.44999694824219,72.19999694824219,74.0999984741211,74.0999984741211,444200
2017-04-25,74.55000305175781,77.25,74.1500015258789,74.9000015258789,74.9000015258789,431700
2017-04-26,73.8499984741211,76.0999984741211,71.94999694824219,75.3499984741211,75.3499984741211,702700
2017-04-27,76.1500015258789,76.5999984741211,74.69999694824219,74.75,74.75,411900
2017-04-28,74.55000305175781,74.55000305175781,70.94999694824219,71.1500015258789,71.1500015258789,693400
2017-05-01,70.75,72.9000015258789,70.6500015258789,72.25,72.25,360400
2017-05-02,71.9000015258789,71.94999694824219,69.9000015258789,70.9000015258789,70.9000015258789,389800
2017-05-03,70.44999694824219,70.9000015258789,69.69999694824219,70.44999694824219,70.44999694824219,252100
2017-05-04,70.5999984741211,71.1500015258789,70.0,70.5999984741211,70.5999984741211,166000
2017-05-05,70.8499984741211,71.05000305175781,70.25,71.0,71.0,180700
2017-05-08,70.9000015258789,71.5,70.44000244140625,71.0,71.0,157700
2017-05-09,71.25,72.30000305175781,71.0999984741211,72.05000305175781,72.05000305175781,229900
2017-05-10,72.87999725341797,73.4000015258789,72.25,72.75,72.75,189200
2017-05-11,72.5999984741211,73.75,72.0,73.5999984741211,73.5999984741211,218000
2017-05-12,73.5,74.22000122070312,73.33000183105469,73.8499984741211,73.8499984741211,185500
2017-05-15,74.1500015258789,76.05000305175781,74.0,75.8499984741211,75.8499984741211,345300
2017-05-16,76.0,76.69999694824219,75.80000305175781,76.4000015258789,76.4000015258789,260100
2017-05-17,75.19999694824219,75.3499984741211,70.9000015258789,70.94999694824219,70.94999694824219,449900
2017-05-18,70.55000305175781,72.5999984741211,70.3499984741211,71.94999694824219,71.94999694824219,219200
2017-05-19,72.4000015258789,73.5,72.4000015258789,72.94999694824219,72.94999694824219,151900
2017-05-22,73.1500015258789,74.1500015258789,73.1500015258789,73.9000015258789,73.9000015258789,156600
2017-05-23,74.1500015258789,74.1500015258789,72.75,73.80000305175781,73.80000305175781,129500
2017-05-24,74.30000305175781,74.5,72.94999694824219,73.5,73.5,247700
2017-05-25,73.75,74.3499984741211,73.44999694824219,73.80000305175781,73.80000305175781,119400
2017-05-26,73.8499984741211,74.5999984741211,73.18000030517578,74.5,74.5,136300
2017-05-30,74.30000305175781,74.94999694824219,73.80000305175781,74.44999694824219,74.44999694824219,121000
2017-05-31,75.0,75.0,73.6500015258789,74.80000305175781,74.80000305175781,222700
2017-06-01,74.44999694824219,75.55000305175781,73.0999984741211,75.55000305175781,75.55000305175781,366100
2017-06-02,75.9000015258789,77.08000183105469,75.0,75.8499984741211,75.8499984741211,284800
2017-06-05,75.30000305175781,76.05000305175781,74.22000122070312,74.55000305175781,74.55000305175781,287100
2017-06-06,73.94999694824219,75.4000015258789,73.8499984741211,74.69999694824219,74.69999694824219,141200
2017-06-07,75.0999984741211,75.94999694824219,75.0,75.30000305175781,75.30000305175781,169800
2017-06-08,75.69999694824219,78.0,75.05000305175781,77.75,77.75,276200
2017-06-09,78.0,78.44999694824219,73.0999984741211,74.94999694824219,74.94999694824219,372600
2017-06-12,74.05000305175781,75.25,72.5,75.0,75.0,248600
2017-06-13,75.9000015258789,76.8499984741211,73.75,74.44999694824219,74.44999694824219,590200
2017-06-14,74.69999694824219,74.69999694824219,71.69999694824219,72.8499984741211,72.8499984741211,362400
2017-06-15,71.5999984741211,72.5,70.94999694824219,71.1500015258789,71.1500015258789,344400
2017-06-16,70.80000305175781,71.9000015258789,70.2699966430664,70.75,70.75,678800
2017-06-19,71.19999694824219,72.44999694824219,71.19999694824219,72.05000305175781,72.05000305175781,261900
2017-06-20,71.9000015258789,73.06999969482422,70.62999725341797,70.75,70.75,181000
2017-06-21,71.0999984741211,71.5,70.25,70.5,70.5,257400
2017-06-22,70.25,70.75,69.68000030517578,70.30000305175781,70.30000305175781,284000
2017-06-23,70.4000015258789,71.33000183105469,70.0999984741211,70.1500015258789,70.1500015258789,449600
2017-06-26,70.19999694824219,71.02999877929688,68.19999694824219,68.44999694824219,68.44999694824219,355000
2017-06-27,68.30000305175781,68.69999694824219,66.8499984741211,67.5,67.5,449700
2017-06-28,68.1500015258789,69.5999984741211,67.4000015258789,69.19999694824219,69.19999694824219,303000
2017-06-29,68.94999694824219,69.02999877929688,67.1500015258789,68.25,68.25,311500
2017-06-30,68.5,69.0999984741211,67.94999694824219,68.3499984741211,68.3499984741211,328000
2017-07-03,68.55000305175781,68.8499984741211,67.0,67.25,67.25,130300
2017-07-05,67.55000305175781,68.30000305175781,66.8499984741211,67.5999984741211,67.5999984741211,238500
2017-07-06,66.8499984741211,67.62999725341797,66.3499984741211,66.9000015258789,66.9000015258789,288300
2017-07-07,67.5,68.75,67.3499984741211,68.6500015258789,68.6500015258789,179500
2017-07-10,68.6500015258789,69.19999694824219,68.0999984741211,68.30000305175781,68.30000305175781,236600
2017-07-11,68.30000305175781,69.0,67.94999694824219,68.75,68.75,231700
2017-07-12,69.5999984741211,70.0,69.0,69.44999694824219,69.44999694824219,245800
2017-07-13,69.55000305175781,69.9000015258789,68.4000015258789,69.0,69.0,178500
2017-07-14,69.19999694824219,69.30000305175781,68.5999984741211,69.0999984741211,69.0999984741211,228100
2017-07-17,69.05000305175781,69.5,67.94999694824219,68.75,68.75,240000
2017-07-18,68.25,69.44999694824219,68.0,68.94999694824219,68.94999694824219,189600
2017-07-19,69.4000015258789,70.9000015258789,69.25,70.8499984741211,70.8499984741211,211000
2017-07-20,70.75,71.5999984741211,70.30000305175781,71.5,71.5,184600
2017-07-21,71.6500015258789,71.6500015258789,70.44999694824219,70.5,70.5,307100
2017-07-24,70.5,70.5999984741211,69.9000015258789,70.30000305175781,70.30000305175781,196000
2017-07-25,70.30000305175781,71.4000015258789,68.86000061035156,69.55000305175781,69.55000305175781,635800
2017-07-26,72.4000015258789,77.5,69.75,77.19999694824219,77.19999694824219,784900
2017-07-27,77.80000305175781,79.1500015258789,75.19999694824219,76.25,76.25,597800
2017-07-28,75.94999694824219,75.94999694824219,74.1500015258789,75.1500015258789,75.1500015258789,271500
2017-07-31,75.30000305175781,75.9000015258789,74.6500015258789,75.0999984741211,75.0999984741211,268900
2017-08-01,75.30000305175781,78.3499984741211,75.30000305175781,78.1500015258789,78.1500015258789,472700
2017-08-02,78.5,78.5,76.55000305175781,76.75,76.75,446600
2017-08-03,76.3499984741211,76.9000015258789,74.44999694824219,76.05000305175781,76.05000305175781,225100
2017-08-04,75.69999694824219,76.55000305175781,74.80000305175781,75.05000305175781,75.05000305175781,313700
2017-08-07,75.4000015258789,76.3499984741211,74.55000305175781,75.5999984741211,75.5999984741211,290700
2017-08-08,75.6500015258789,76.69999694824219,74.3499984741211,76.25,76.25,266100
2017-08-09,75.5999984741211,76.75,75.25,76.5999984741211,76.5999984741211,257100
2017-08-10,76.1500015258789,76.47000122070312,74.0999984741211,74.0999984741211,74.0999984741211,165700
2017-08-11,74.30000305175781,74.8499984741211,73.4000015258789,74.55000305175781,74.55000305175781,124800
2017-08-14,75.30000305175781,75.94999694824219,74.80000305175781,75.5,75.5,108200
2017-08-15,75.5999984741211,75.5999984741211,74.9000015258789,75.44999694824219,75.44999694824219,166800
2017-08-16,75.75,76.0,75.19999694824219,75.80000305175781,75.80000305175781,150700
2017-08-17,75.30000305175781,75.9000015258789,73.55000305175781,73.55000305175781,73.55000305175781,178700
2017-08-18,73.30000305175781,74.19999694824219,73.1500015258789,73.4000015258789,73.4000015258789,140200
2017-08-21,73.3499984741211,73.5,71.75,72.30000305175781,72.30000305175781,254700
2017-08-22,72.5999984741211,73.30000305175781,72.5999984741211,73.0999984741211,73.0999984741211,204600
2017-08-23,72.44999694824219,74.05000305175781,71.94999694824219,73.80000305175781,73.80000305175781,128800
2017-08-24,74.19999694824219,74.25,73.0,73.19999694824219,73.19999694824219,268400
2017-08-25,73.80000305175781,74.05000305175781,72.94999694824219,73.5,73.5,105000
2017-08-28,73.55000305175781,74.0999984741211,73.25,74.05000305175781,74.05000305175781,94800
2017-08-29,73.44999694824219,73.94999694824219,72.29000091552734,73.44999694824219,73.44999694824219,151200
2017-08-30,73.80000305175781,75.19999694824219,73.75,75.0,75.0,119100
2017-08-31,75.19999694824219,76.0,75.0999984741211,75.9000015258789,75.9000015258789,132900
2017-09-01,76.25,76.9000015258789,76.0,76.69999694824219,76.69999694824219,135300
2017-09-05,76.19999694824219,76.80000305175781,75.0,76.0999984741211,76.0999984741211,150400
2017-09-06,76.5,76.5,74.94999694824219,75.94999694824219,75.94999694824219,161400
2017-09-07,76.25,76.25,74.5999984741211,74.6500015258789,74.6500015258789,161400
2017-09-08,74.55000305175781,74.69999694824219,72.9000015258789,73.0,73.0,309300
2017-09-11,73.75,76.55000305175781,73.75,76.0,76.0,268800
2017-09-12,76.30000305175781,76.55000305175781,75.4000015258789,75.80000305175781,75.80000305175781,156600
2017-09-13,75.94999694824219,77.97000122070312,75.55000305175781,77.19999694824219,77.19999694824219,258100
2017-09-14,77.0999984741211,78.30000305175781,76.1500015258789,78.0999984741211,78.0999984741211,215900
2017-09-15,78.30000305175781,78.94999694824219,74.05000305175781,78.44999694824219,78.44999694824219,489800
2017-09-18,78.44999694824219,80.0,78.44999694824219,78.94999694824219,78.94999694824219,213500
2017-09-19,79.1500015258789,80.0999984741211,78.9000015258789,79.8499984741211,79.8499984741211,272200
2017-09-20,79.6500015258789,80.0999984741211,78.94000244140625,79.9000015258789,79.9000015258789,300900
2017-09-21,79.94999694824219,80.19999694824219,79.4000015258789,79.44999694824219,79.44999694824219,267500
2017-09-22,79.0,80.5,78.69999694824219,80.1500015258789,80.1500015258789,216700
2017-09-25,79.8499984741211,79.8499984741211,77.55000305175781,77.80000305175781,77.80000305175781,225900
2017-09-26,78.55000305175781,79.0999984741211,77.75,78.8499984741211,78.8499984741211,346600
2017-09-27,79.44999694824219,81.94999694824219,79.30000305175781,81.5,81.5,289800
2017-09-28,81.05000305175781,81.30000305175781,80.30000305175781,81.1500015258789,81.1500015258789,236000
2017-09-29,81.25,81.55000305175781,79.69999694824219,79.9000015258789,79.9000015258789,306500
2017-10-02,80.3499984741211,81.5999984741211,80.16999816894531,81.44999694824219,81.44999694824219,445100
2017-10-03,81.44999694824219,82.9000015258789,81.3499984741211,82.80000305175781,82.80000305175781,274900
2017-10-04,82.55000305175781,83.0999984741211,81.94999694824219,82.94999694824219,82.94999694824219,159400
2017-10-05,83.44999694824219,83.44999694824219,82.5999984741211,83.05000305175781,83.05000305175781,127500
2017-10-06,82.55000305175781,84.05000305175781,82.55000305175781,83.44999694824219,83.44999694824219,126700
2017-10-09,83.5,84.0,83.19999694824219,83.8499984741211,83.8499984741211,83800
2017-10-10,84.75,84.94999694824219,83.94999694824219,84.3499984741211,84.3499984741211,228700
2017-10-11,84.0999984741211,86.5999984741211,84.0999984741211,86.5,86.5,270200
2017-10-12,87.1500015258789,88.8499984741211,86.9000015258789,87.44999694824219,87.44999694824219,320100
2017-10-13,88.30000305175781,88.30000305175781,87.6500015258789,87.9000015258789,87.9000015258789,190000
2017-10-16,88.05000305175781,88.43000030517578,87.05000305175781,87.55000305175781,87.55000305175781,193900
2017-10-17,87.55000305175781,88.30000305175781,87.30000305175781,88.1500015258789,88.1500015258789,120300
2017-10-18,88.44999694824219,88.80000305175781,87.6500015258789,88.19999694824219,88.19999694824219,244100
2017-10-19,87.4000015258789,88.25,86.0,88.0,88.0,147700
2017-10-20,89.05000305175781,89.30000305175781,88.19999694824219,88.25,88.25,141900
2017-10-23,88.6500015258789,88.6500015258789,87.33999633789062,88.05000305175781,88.05000305175781,277700
2017-10-24,88.30000305175781,88.8499984741211,88.1500015258789,88.44999694824219,88.44999694824219,326800
2017-10-25,89.30000305175781,92.69999694824219,89.05000305175781,91.5999984741211,91.5999984741211,520400
2017-10-26,92.4000015258789,94.4000015258789,92.0,92.94999694824219,92.94999694824219,401700
2017-10-27,93.3499984741211,93.9000015258789,92.43000030517578,93.9000015258789,93.9000015258789,433900
2017-10-30,93.6500015258789,94.05000305175781,92.44999694824219,93.4000015258789,93.4000015258789,181400
2017-10-31,93.75,95.19999694824219,93.4000015258789,94.9000015258789,94.9000015258789,211200
2017-11-01,95.55000305175781,95.55000305175781,92.9000015258789,93.6500015258789,93.6500015258789,183400
2017-11-02,93.25,94.44999694824219,92.9000015258789,92.94999694824219,92.94999694824219,371700
2017-11-03,92.5,94.05000305175781,91.25,93.94999694824219,93.94999694824219,314900
2017-11-06,93.94999694824219,94.94999694824219,93.52999877929688,94.5999984741211,94.5999984741211,222200
2017-11-07,94.19999694824219,94.6500015258789,92.44999694824219,93.94999694824219,93.94999694824219,168200
2017-11-08,93.55000305175781,94.25,93.0,94.19999694824219,94.19999694824219,203300
2017-11-09,93.1500015258789,94.02999877929688,90.05000305175781,91.5999984741211,91.5999984741211,261600
2017-11-10,91.4000015258789,91.97000122070312,90.94999694824219,90.94999694824219,90.94999694824219,162800
2017-11-13,90.5,91.25,90.19999694824219,90.75,90.75,184700
2017-11-14,90.44999694824219,91.19999694824219,90.13999938964844,90.80000305175781,90.80000305175781,99300
2017-11-15,90.0999984741211,90.25,88.5999984741211,89.19999694824219,89.19999694824219,210100
2017-11-16,90.30000305175781,93.05000305175781,90.1500015258789,92.1500015258789,92.1500015258789,262100
2017-11-17,92.25,92.69999694824219,90.94999694824219,92.19999694824219,92.19999694824219,180400
2017-11-20,92.30000305175781,93.5,91.9000015258789,93.44999694824219,93.44999694824219,218000
2017-11-21,94.25,96.6500015258789,94.25,96.25,96.25,249000
2017-11-22,96.3499984741211,96.93000030517578,94.44999694824219,94.55000305175781,94.55000305175781,195200
2017-11-24,95.05000305175781,95.33000183105469,94.25,94.9000015258789,94.9000015258789,67300
2017-11-27,94.69999694824219,95.4000015258789,94.05000305175781,94.19999694824219,94.19999694824219,158000
2017-11-28,94.44999694824219,94.44999694824219,93.3499984741211,94.1500015258789,94.1500015258789,172100
2017-11-29,93.9000015258789,94.4000015258789,90.25,90.8499984741211,90.8499984741211,229300
2017-11-30,91.5,92.4000015258789,90.47000122070312,91.0999984741211,91.0999984741211,279700
2017-12-01,90.69999694824219,91.3499984741211,87.0,91.25,91.25,279500
2017-12-04,91.30000305175781,91.6500015258789,86.9000015258789,87.19999694824219,87.19999694824219,354900
2017-12-05,87.0999984741211,88.8499984741211,86.05000305175781,86.4000015258789,86.4000015258789,346800
2017-12-06,85.69999694824219,87.1500015258789,84.55000305175781,87.1500015258789,87.1500015258789,247500
2017-12-07,87.30000305175781,91.0,87.30000305175781,90.19999694824219,90.19999694824219,387500
2017-12-08,90.94999694824219,91.55000305175781,89.30000305175781,89.3499984741211,89.3499984741211,290700
2017-12-11,89.9000015258789,90.69999694824219,89.0999984741211,89.94999694824219,89.94999694824219,192200
2017-12-12,90.0,90.44999694824219,89.0999984741211,89.1500015258789,89.1500015258789,130600
2017-12-13,89.6500015258789,90.69999694824219,88.55000305175781,88.75,88.75,193600
2017-12-14,88.55000305175781,89.19999694824219,87.3499984741211,87.55000305175781,87.55000305175781,213600
2017-12-15,87.69999694824219,90.4000015258789,87.69999694824219,89.6500015258789,89.6500015258789,486800
2017-12-18,90.69999694824219,92.8499984741211,90.5,92.8499984741211,92.8499984741211,278200
2017-12-19,92.75,93.19999694824219,89.80000305175781,90.30000305175781,90.30000305175781,268400
2017-12-20,90.80000305175781,91.1500015258789,89.0,89.80000305175781,89.80000305175781,240200
2017-12-21,90.19999694824219,90.6500015258789,89.68000030517578,89.75,89.75,137800
2017-12-22,89.75,89.80000305175781,89.0999984741211,89.3499984741211,89.3499984741211,82000
2017-12-26,88.80000305175781,88.9000015258789,87.75,88.6500015258789,88.6500015258789,99700
2017-12-27,88.69999694824219,89.5,88.3499984741211,88.80000305175781,88.80000305175781,138900
2017-12-28,89.19999694824219,91.0999984741211,88.44999694824219,88.94999694824219,88.94999694824219,131400
2017-12-29,89.4000015258789,89.94999694824219,88.30000305175781,88.30000305175781,88.30000305175781,226600
2018-01-02,88.8499984741211,91.0,88.5999984741211,90.9000015258789,90.9000015258789,154000
2018-01-03,90.9000015258789,93.3499984741211,90.9000015258789,93.25,93.25,200500
2018-01-04,93.94999694824219,95.5999984741211,93.55000305175781,94.25,94.25,232700
2018-01-05,94.55000305175781,96.0,94.05000305175781,94.75,94.75,211700
2018-01-08,94.55000305175781,96.55000305175781,93.94999694824219,96.3499984741211,96.3499984741211,182700
2018-01-09,96.3499984741211,96.3499984741211,94.2300033569336,95.1500015258789,95.1500015258789,266900
2018-01-10,94.30000305175781,95.05000305175781,92.9000015258789,92.9800033569336,92.9800033569336,250200
2018-01-11,93.30000305175781,94.94999694824219,92.80000305175781,94.94999694824219,94.94999694824219,233900
2018-01-12,95.05000305175781,96.3499984741211,94.0,95.0999984741211,95.0999984741211,144800
2018-01-16,96.0,96.94999694824219,95.30000305175781,95.30000305175781,95.30000305175781,208800
2018-01-17,96.5,98.69999694824219,95.8499984741211,98.1500015258789,98.1500015258789,347000
2018-01-18,98.8499984741211,99.0999984741211,97.4000015258789,97.8499984741211,97.8499984741211,195300
2018-01-19,98.1500015258789,99.43000030517578,96.9000015258789,98.30000305175781,98.30000305175781,312100
2018-01-22,98.0999984741211,98.6500015258789,97.69999694824219,98.6500015258789,98.6500015258789,178900
2018-01-23,98.94999694824219,99.8499984741211,98.69999694824219,99.80000305175781,99.80000305175781,206600
2018-01-24,99.0,99.6500015258789,97.6500015258789,98.30000305175781,98.30000305175781,329100
2018-01-25,99.44999694824219,99.69999694824219,96.80000305175781,97.19999694824219,97.19999694824219,273200
2018-01-26,98.1500015258789,100.0,97.19999694824219,100.0,100.0,289500
2018-01-29,95.0,99.94999694824219,95.0,98.4000015258789,98.4000015258789,317300
2018-01-30,97.05000305175781,98.87000274658203,96.25,96.55000305175781,96.55000305175781,311900
2018-01-31,98.5,99.25,94.94999694824219,96.19999694824219,96.19999694824219,400800
2018-02-01,96.05000305175781,98.19999694824219,95.0,97.55000305175781,97.55000305175781,305000
2018-02-02,96.1500015258789,96.43000030517578,94.80000305175781,95.4000015258789,95.4000015258789,338000
2018-02-05,94.25,96.0,90.0,90.05000305175781,90.05000305175781,338200
2018-02-06,88.44999694824219,93.5,86.19999694824219,92.75,92.75,380400
2018-02-07,91.94999694824219,94.0,90.94999694824219,91.19999694824219,91.19999694824219,213500
2018-02-08,91.55000305175781,91.9000015258789,85.6500015258789,85.75,85.75,287100
2018-02-09,87.3499984741211,89.0,84.4800033569336,88.30000305175781,88.30000305175781,221100
2018-02-12,88.94999694824219,90.19999694824219,88.19999694824219,89.75,89.75,177400
2018-02-13,89.0,89.5999984741211,88.0,89.44999694824219,89.44999694824219,171900
2018-02-14,88.30000305175781,91.80000305175781,88.30000305175781,91.6500015258789,91.6500015258789,151100
2018-02-15,92.5,93.44999694824219,90.5999984741211,93.19999694824219,93.19999694824219,167900
2018-02-16,92.5,92.55000305175781,88.5999984741211,90.80000305175781,90.80000305175781,300700
2018-02-20,89.6500015258789,94.30000305175781,89.05000305175781,93.1500015258789,93.1500015258789,259900
2018-02-21,93.69999694824219,94.0,91.19999694824219,91.4000015258789,91.4000015258789,242600
2018-02-22,91.44999694824219,92.94999694824219,91.0999984741211,91.3499984741211,91.3499984741211,162200
2018-02-23,92.30000305175781,92.8499984741211,91.05000305175781,92.80000305175781,92.80000305175781,189400
2018-02-26,93.0,95.3499984741211,93.0,95.0999984741211,95.0999984741211,207900
2018-02-27,94.69999694824219,96.4000015258789,93.80000305175781,94.0999984741211,94.0999984741211,316700
2018-02-28,94.9000015258789,95.80000305175781,93.4000015258789,93.5,93.5,201400
2018-03-01,93.4000015258789,93.75,90.5,91.8499984741211,91.8499984741211,199300
2018-03-02,90.75,94.3499984741211,90.69999694824219,94.1500015258789,94.1500015258789,191500
2018-03-05,93.5999984741211,94.08000183105469,92.05000305175781,93.75,93.75,237100
2018-03-06,94.44999694824219,95.44999694824219,93.30000305175781,95.30000305175781,95.30000305175781,258300
2018-03-07,94.5,96.5,93.55000305175781,96.0,96.0,158700
2018-03-08,96.5,96.80000305175781,95.25,96.75,96.75,141200
2018-03-09,97.75,100.69999694824219,96.9000015258789,100.0999984741211,100.0999984741211,282800
2018-03-12,100.30000305175781,101.19999694824219,98.05000305175781,100.6500015258789,100.6500015258789,121000
2018-03-13,100.30000305175781,101.19999694824219,97.75,98.0999984741211,98.0999984741211,196100
2018-03-14,98.4000015258789,98.4000015258789,96.6500015258789,97.05000305175781,97.05000305175781,247400
2018-03-15,97.0,98.43000030517578,96.55000305175781,97.05000305175781,97.05000305175781,209300
2018-03-16,96.94999694824219,97.94999694824219,96.5,97.0999984741211,97.0999984741211,496000
2018-03-19,96.55000305175781,97.70999908447266,92.9000015258789,94.55000305175781,94.55000305175781,234800
2018-03-20,94.6500015258789,96.9000015258789,94.6500015258789,96.19999694824219,96.19999694824219,171000
2018-03-21,95.80000305175781,97.30000305175781,95.4000015258789,96.05000305175781,96.05000305175781,143600
2018-03-22,94.80000305175781,95.25,92.19999694824219,92.25,92.25,179800
2018-03-23,91.80000305175781,91.80000305175781,88.4000015258789,88.44999694824219,88.44999694824219,262200
2018-03-26,90.5999984741211,92.44999694824219,89.6500015258789,92.44999694824219,92.44999694824219,341600
2018-03-27,93.0,93.0,87.80000305175781,88.3499984741211,88.3499984741211,243500
2018-03-28,88.30000305175781,89.3499984741211,87.25,87.80000305175781,87.80000305175781,310700
2018-03-29,88.69999694824219,91.1500015258789,87.6500015258789,89.9000015258789,89.9000015258789,246900
2018-04-02,89.4000015258789,89.75,86.05000305175781,86.9000015258789,86.9000015258789,257000
2018-04-03,87.9000015258789,88.6500015258789,86.69999694824219,88.3499984741211,88.3499984741211,262100
2018-04-04,86.30000305175781,90.3499984741211,85.95999908447266,90.0999984741211,90.0999984741211,230500
2018-04-05,90.69999694824219,90.69999694824219,88.55000305175781,89.3499984741211,89.3499984741211,253900
2018-04-06,89.5,90.6500015258789,87.44999694824219,87.75,87.75,315400
2018-04-09,88.69999694824219,91.19999694824219,88.0,88.94999694824219,88.94999694824219,247700
2018-04-10,90.8499984741211,92.69999694824219,90.05000305175781,91.80000305175781,91.80000305175781,207700
2018-04-11,91.3499984741211,92.9000015258789,90.69999694824219,92.25,92.25,143800
2018-04-12,92.9000015258789,94.9000015258789,92.0,94.1500015258789,94.1500015258789,201000
2018-04-13,94.8499984741211,94.8499984741211,92.4000015258789,92.6500015258789,92.6500015258789,151000
2018-04-16,92.9000015258789,94.05000305175781,92.4000015258789,93.55000305175781,93.55000305175781,96400
2018-04-17,94.44999694824219,96.0999984741211,93.94999694824219,95.5999984741211,95.5999984741211,181700
2018-04-18,95.6500015258789,96.05000305175781,94.30000305175781,95.0999984741211,95.0999984741211,133700
2018-04-19,94.1500015258789,95.0,89.43000030517578,89.9000015258789,89.9000015258789,439500
2018-04-20,89.5999984741211,90.80000305175781,89.0999984741211,89.55000305175781,89.55000305175781,228900
2018-04-23,90.25,90.5,87.5,87.69999694824219,87.69999694824219,279500
2018-04-24,88.5999984741211,89.6500015258789,87.69999694824219,89.0,89.0,596100
2018-04-25,89.80000305175781,95.8499984741211,89.80000305175781,95.19999694824219,95.19999694824219,500200
2018-04-26,97.5,98.25,94.8499984741211,95.4000015258789,95.4000015258789,497500
2018-04-27,96.0,96.5,93.0,93.6500015258789,93.6500015258789,310000
2018-04-30,93.05000305175781,94.25,92.58000183105469,92.9000015258789,92.9000015258789,415300
2018-05-01,92.80000305175781,95.69999694824219,92.44999694824219,95.5,95.5,242200
2018-05-02,94.80000305175781,96.9000015258789,94.13999938964844,96.25,96.25,202200
2018-05-03,97.25,97.44999694824219,94.73999786376953,97.1500015258789,97.1500015258789,232100
2018-05-04,96.69999694824219,99.94999694824219,96.0999984741211,99.80000305175781,99.80000305175781,199200
2018-05-07,100.0,100.55000305175781,98.4000015258789,99.5,99.5,198500
2018-05-08,99.5999984741211,101.19999694824219,99.19999694824219,101.19999694824219,101.19999694824219,227900
2018-05-09,101.4000015258789,102.81999969482422,100.5,102.44999694824219,102.44999694824219,191400
2018-05-10,102.75,104.05000305175781,102.75,104.05000305175781,104.05000305175781,166300
2018-05-11,103.25,103.9000015258789,100.5,101.75,101.75,141100
2018-05-14,102.75,104.44999694824219,102.0999984741211,102.6500015258789,102.6500015258789,134400
2018-05-15,102.0999984741211,102.8499984741211,101.75,102.44999694824219,102.44999694824219,186800
2018-05-16,102.80000305175781,104.19999694824219,101.69999694824219,103.9000015258789,103.9000015258789,193800
2018-05-17,103.4000015258789,104.19999694824219,102.6500015258789,103.75,103.75,128200
2018-05-18,103.94999694824219,104.1500015258789,102.80000305175781,102.8499984741211,102.8499984741211,275200
2018-05-21,103.9000015258789,105.8499984741211,102.44999694824219,104.25,104.25,271300
2018-05-22,104.8499984741211,105.75,104.25,104.30000305175781,104.30000305175781,130400
2018-05-23,103.6500015258789,104.75,103.3499984741211,104.44999694824219,104.44999694824219,115900
2018-05-24,104.4000015258789,104.8499984741211,103.44999694824219,104.1500015258789,104.1500015258789,143500
2018-05-25,104.0999984741211,105.80000305175781,104.0999984741211,105.6500015258789,105.6500015258789,158700
2018-05-29,105.0,106.75,104.19999694824219,105.69999694824219,105.69999694824219,206700
2018-05-30,106.5999984741211,108.44999694824219,106.3499984741211,107.0999984741211,107.0999984741211,261700
2018-05-31,106.19999694824219,107.80000305175781,105.5,105.5999984741211,105.5999984741211,272500
2018-06-01,106.25,107.94999694824219,105.19999694824219,107.80000305175781,107.80000305175781,395200
2018-06-04,108.3499984741211,108.9000015258789,107.4000015258789,108.75,108.75,165000
2018-06-05,109.19999694824219,109.55000305175781,107.69999694824219,108.5,108.5,249300
2018-06-06,108.6500015258789,109.55000305175781,108.0,109.55000305175781,109.55000305175781,247700
2018-06-07,109.8499984741211,110.69999694824219,107.0,108.0,108.0,334700
2018-06-08,107.55000305175781,108.30000305175781,105.94999694824219,108.05000305175781,108.05000305175781,258500
2018-06-11,108.8499984741211,109.25,107.75,108.25,108.25,272200
2018-06-12,108.19999694824219,109.18000030517578,107.25,108.0999984741211,108.0999984741211,273700
2018-06-13,108.3499984741211,109.3499984741211,107.6500015258789,107.69999694824219,107.69999694824219,485100
2018-06-14,108.30000305175781,109.4000015258789,108.0999984741211,108.80000305175781,108.80000305175781,226900
2018-06-15,107.94999694824219,109.25,107.25,108.80000305175781,108.80000305175781,665400
2018-06-18,108.0999984741211,108.69999694824219,106.94999694824219,108.5999984741211,108.5999984741211,234900
2018-06-19,107.30000305175781,107.9000015258789,104.94999694824219,106.80000305175781,106.80000305175781,233800
2018-06-20,107.5,107.6500015258789,102.05000305175781,106.94999694824219,106.94999694824219,175700
2018-06-21,107.1500015258789,107.4000015258789,104.80000305175781,105.0999984741211,105.0999984741211,211700
2018-06-22,105.75,107.94999694824219,103.55000305175781,103.75,103.75,381900
2018-06-25,102.25,103.0,99.8499984741211,101.19999694824219,101.19999694824219,316000
2018-06-26,101.1500015258789,103.19999694824219,100.44000244140625,102.44999694824219,102.44999694824219,273900
2018-06-27,102.55000305175781,103.1500015258789,98.80000305175781,98.9000015258789,98.9000015258789,308800
2018-06-28,98.69999694824219,100.25,98.05000305175781,100.05000305175781,100.05000305175781,185800
2018-06-29,100.80000305175781,101.1500015258789,99.44999694824219,99.5999984741211,99.5999984741211,211200
2018-07-02,98.4000015258789,100.6500015258789,97.5,100.5999984741211,100.5999984741211,155700
2018-07-03,100.9000015258789,101.5,99.19999694824219,99.4000015258789,99.4000015258789,71100
2018-07-05,100.30000305175781,102.44999694824219,100.25,102.30000305175781,102.30000305175781,260000
2018-07-06,102.3499984741211,104.5999984741211,101.6500015258789,104.1500015258789,104.1500015258789,287200
2018-07-09,104.8499984741211,104.8499984741211,102.80000305175781,103.94999694824219,103.94999694824219,224600
2018-07-10,104.0999984741211,105.80000305175781,104.0,105.5,105.5,125100
2018-07-11,104.3499984741211,104.80000305175781,102.1500015258789,102.25,102.25,136600
2018-07-12,102.9000015258789,104.9800033569336,102.0999984741211,104.9000015258789,104.9000015258789,176100
2018-07-13,104.94999694824219,105.1500015258789,103.75,103.9000015258789,103.9000015258789,157900
2018-07-16,104.44999694824219,104.69999694824219,103.1500015258789,103.3499984741211,103.3499984741211,123200
2018-07-17,103.30000305175781,105.75,102.55000305175781,105.55000305175781,105.55000305175781,168700
2018-07-18,105.3499984741211,106.44999694824219,104.69999694824219,106.19999694824219,106.19999694824219,177400
2018-07-19,105.94999694824219,106.30000305175781,104.55000305175781,105.9000015258789,105.9000015258789,165700
2018-07-20,105.5,105.94999694824219,104.9000015258789,105.30000305175781,105.30000305175781,132700
2018-07-23,105.0,106.4000015258789,103.0999984741211,106.3499984741211,106.3499984741211,171900
2018-07-24,107.44999694824219,107.9000015258789,104.9000015258789,105.0999984741211,105.0999984741211,963900
2018-07-25,102.69999694824219,108.1500015258789,98.0,99.25,99.25,1126000
2018-07-26,99.0,100.62999725341797,97.5,99.0,99.0,677100
2018-07-27,99.6500015258789,100.43000030517578,95.05000305175781,95.75,95.75,434600
2018-07-30,95.4000015258789,95.75,93.4000015258789,94.9000015258789,94.9000015258789,448800
2018-07-31,94.9000015258789,96.69999694824219,94.05000305175781,95.25,95.25,344000
2018-08-01,95.25,96.5,93.4000015258789,94.44999694824219,94.44999694824219,480900
2018-08-02,93.80000305175781,96.0999984741211,91.37999725341797,95.94999694824219,95.94999694824219,285600
2018-08-03,95.9000015258789,97.16000366210938,94.69999694824219,94.94999694824219,94.94999694824219,266300
2018-08-06,94.55000305175781,96.05000305175781,94.44999694824219,95.80000305175781,95.80000305175781,351600
2018-08-07,96.44999694824219,97.55000305175781,96.0,97.44999694824219,97.44999694824219,188200
2018-08-08,97.55000305175781,98.5,96.94999694824219,98.0,98.0,248400
2018-08-09,98.0,98.12999725341797,97.0,97.30000305175781,97.30000305175781,145800
2018-08-10,97.0999984741211,97.0999984741211,94.9000015258789,95.69999694824219,95.69999694824219,348000
2018-08-13,96.0999984741211,96.9000015258789,95.4000015258789,96.1500015258789,96.1500015258789,250100
2018-08-14,96.6500015258789,96.9000015258789,95.3499984741211,95.5,95.5,222400
2018-08-15,94.5,95.44999694824219,93.08000183105469,95.1500015258789,95.1500015258789,281200
2018-08-16,95.25,96.2300033569336,94.8499984741211,95.1500015258789,95.1500015258789,222100
2018-08-17,94.44999694824219,95.55000305175781,93.25,95.3499984741211,95.3499984741211,348100
2018-08-20,95.0,96.30000305175781,94.4000015258789,95.44999694824219,95.44999694824219,169700
2018-08-21,95.75,98.0,95.75,97.05000305175781,97.05000305175781,197000
2018-08-22,96.5,97.69999694824219,95.8499984741211,97.55000305175781,97.55000305175781,172000
2018-08-23,97.55000305175781,98.05000305175781,96.8499984741211,97.19999694824219,97.19999694824219,165900
2018-08-24,97.6500015258789,98.9000015258789,97.44999694824219,98.3499984741211,98.3499984741211,140300
2018-08-27,98.6500015258789,100.25,98.3499984741211,98.44999694824219,98.44999694824219,265900
2018-08-28,98.4000015258789,99.0,97.4000015258789,98.5,98.5,161500
2018-08-29,98.5999984741211,98.5999984741211,95.19999694824219,97.5,97.5,238200
2018-08-30,97.44999694824219,97.5,96.25,96.69999694824219,96.69999694824219,180300
2018-08-31,96.69999694824219,98.44999694824219,96.5,98.0,98.0,196300
2018-09-04,97.8499984741211,98.1500015258789,95.55000305175781,96.94999694824219,96.94999694824219,248600
2018-09-05,96.75,96.8499984741211,94.9000015258789,96.5999984741211,96.5999984741211,141800
2018-09-06,96.55000305175781,96.94999694824219,94.8499984741211,95.27999877929688,95.27999877929688,218600
2018-09-07,94.80000305175781,96.44999694824219,94.80000305175781,95.25,95.25,200800
2018-09-10,95.9000015258789,96.0,94.9000015258789,95.55000305175781,95.55000305175781,119700
2018-09-11,95.1500015258789,96.30000305175781,94.44999694824219,95.4000015258789,95.4000015258789,191800
2018-09-12,94.8499984741211,94.9000015258789,92.05000305175781,92.5,92.5,431600
2018-09-13,93.3499984741211,94.05000305175781,92.4000015258789,93.0999984741211,93.0999984741211,349100
2018-09-14,92.9000015258789,95.0,92.4000015258789,94.6500015258789,94.6500015258789,202100
2018-09-17,95.0,95.0,92.9000015258789,93.0,93.0,223300
2018-09-18,93.19999694824219,94.30000305175781,92.9000015258789,93.69999694824219,93.69999694824219,170000
2018-09-19,94.0,95.05000305175781,93.3499984741211,94.1500015258789,94.1500015258789,161900
2018-09-20,94.8499984741211,95.9000015258789,94.75,95.55000305175781,95.55000305175781,176500
2018-09-21,95.5999984741211,95.9000015258789,93.80000305175781,93.94999694824219,93.94999694824219,516100
2018-09-24,93.55000305175781,95.0,92.6500015258789,94.94999694824219,94.94999694824219,214800
2018-09-25,94.94999694824219,94.94999694824219,92.05000305175781,92.3499984741211,92.3499984741211,320700
2018-09-26,92.4000015258789,92.5,90.5,90.55000305175781,90.55000305175781,476500
2018-09-27,91.05000305175781,91.55000305175781,90.7300033569336,91.1500015258789,91.1500015258789,178200
2018-09-28,91.05000305175781,92.9000015258789,90.5999984741211,91.80000305175781,91.80000305175781,269700
2018-10-01,92.22000122070312,93.7300033569336,90.98999786376953,91.18000030517578,91.18000030517578,208400
2018-10-02,90.87999725341797,92.12999725341797,90.26000213623047,91.22000122070312,91.22000122070312,126500
2018-10-03,91.48999786376953,91.93000030517578,90.16999816894531,90.75,90.75,251900
2018-10-04,90.4000015258789,90.4000015258789,88.05999755859375,88.45999908447266,88.45999908447266,295500
2018-10-05,88.44999694824219,88.95999908447266,84.7699966430664,85.8499984741211,85.8499984741211,398100
2018-10-08,85.66999816894531,86.08999633789062,83.7699966430664,83.79000091552734,83.79000091552734,326300
2018-10-09,83.54000091552734,84.68000030517578,83.19999694824219,84.0,84.0,273400
2018-10-10,83.30000305175781,83.80999755859375,80.66000366210938,80.69999694824219,80.69999694824219,352800
2018-10-11,80.66999816894531,81.7300033569336,79.9000015258789,80.13999938964844,80.13999938964844,490800
2018-10-12,82.11000061035156,82.66999816894531,79.80000305175781,81.44999694824219,81.44999694824219,345100
2018-10-15,80.72000122070312,82.3499984741211,80.72000122070312,81.58999633789062,81.58999633789062,313100
2018-10-16,82.41999816894531,84.9800033569336,81.87999725341797,84.8499984741211,84.8499984741211,309000
2018-10-17,84.80000305175781,85.75,84.0,85.55000305175781,85.55000305175781,255300
2018-10-18,84.94999694824219,85.52999877929688,83.29000091552734,83.45999908447266,83.45999908447266,313400
2018-10-19,83.19000244140625,84.4000015258789,82.51000213623047,82.62000274658203,82.62000274658203,259200
2018-10-22,80.1500015258789,84.25,80.02999877929688,82.77999877929688,82.77999877929688,287300
2018-10-23,81.05999755859375,82.5,79.94000244140625,81.69000244140625,81.69000244140625,551300
2018-10-24,84.8499984741211,84.8499984741211,77.30000305175781,77.45999908447266,77.45999908447266,947100
2018-10-25,77.56999969482422,81.1500015258789,76.63999938964844,78.08000183105469,78.08000183105469,606800
2018-10-26,76.55000305175781,79.5,75.88999938964844,78.87999725341797,78.87999725341797,417100
2018-10-29,80.33999633789062,81.61000061035156,77.0999984741211,78.37999725341797,78.37999725341797,375000
2018-10-30,78.38999938964844,80.51000213623047,78.22000122070312,80.13999938964844,80.13999938964844,314200
2018-10-31,81.16999816894531,82.20999908447266,79.94000244140625,81.52999877929688,81.52999877929688,386000
2018-11-01,81.7300033569336,86.83000183105469,81.7300033569336,86.04000091552734,86.04000091552734,374200
2018-11-02,86.13999938964844,86.81999969482422,85.06999969482422,86.16999816894531,86.16999816894531,416200
2018-11-05,86.16000366210938,86.41999816894531,83.61000061035156,86.02999877929688,86.02999877929688,285900
2018-11-06,85.75,87.13999938964844,85.69999694824219,87.06999969482422,87.06999969482422,332100
2018-11-07,87.52999877929688,87.52999877929688,85.56999969482422,86.05000305175781,86.05000305175781,401000
2018-11-08,85.54000091552734,87.0999984741211,85.5,86.41000366210938,86.41000366210938,297500
2018-11-09,85.87999725341797,86.02999877929688,84.29000091552734,84.37000274658203,84.37000274658203,276000
2018-11-12,83.77999877929688,83.77999877929688,80.41000366210938,80.86000061035156,80.86000061035156,290700
2018-11-13,82.16999816894531,83.63999938964844,81.16999816894531,81.80000305175781,81.80000305175781,157000
2018-11-14,82.79000091552734,83.44999694824219,81.80999755859375,82.20999908447266,82.20999908447266,180000
2018-11-15,81.4800033569336,85.16999816894531,80.05999755859375,85.11000061035156,85.11000061035156,160100
2018-11-16,83.16999816894531,85.58000183105469,82.86000061035156,85.3499984741211,85.3499984741211,168200
2018-11-19,85.0,85.4000015258789,82.76000213623047,82.94000244140625,82.94000244140625,215900
2018-11-20,81.44999694824219,84.75,81.16999816894531,83.19999694824219,83.19999694824219,243500
2018-11-21,84.0199966430664,85.5199966430664,82.48999786376953,84.55999755859375,84.55999755859375,166000
2018-11-23,83.83000183105469,85.62000274658203,83.04000091552734,84.4000015258789,84.4000015258789,46900
2018-11-26,85.51000213623047,86.51000213623047,84.80000305175781,86.02999877929688,86.02999877929688,219600
2018-11-27,85.37999725341797,85.70999908447266,84.44000244140625,84.83999633789062,84.83999633789062,130300
2018-11-28,85.4800033569336,87.69999694824219,84.33000183105469,87.61000061035156,87.61000061035156,217100
2018-11-29,87.0,87.72000122070312,84.97000122070312,86.52999877929688,86.52999877929688,222700
2018-11-30,86.48999786376953,88.61000061035156,85.91999816894531,88.37000274658203,88.37000274658203,274600
2018-12-03,90.0,90.87999725341797,89.1500015258789,90.80000305175781,90.80000305175781,387200
2018-12-04,90.48999786376953,90.62000274658203,86.0999984741211,86.22000122070312,86.22000122070312,327800
2018-12-06,84.33999633789062,86.0999984741211,83.27999877929688,84.69999694824219,84.69999694824219,310200
2018-12-07,84.51000213623047,85.70999908447266,81.69999694824219,82.26000213623047,82.26000213623047,334400
2018-12-10,82.33000183105469,83.83000183105469,81.61000061035156,82.48999786376953,82.48999786376953,235000
2018-12-11,84.16000366210938,85.08000183105469,83.0199966430664,83.70999908447266,83.70999908447266,216300
2018-12-12,85.3499984741211,86.95999908447266,84.51000213623047,85.3499984741211,85.3499984741211,342100
2018-12-13,85.7300033569336,85.77999877929688,83.52999877929688,83.52999877929688,83.52999877929688,137100
2018-12-14,82.5199966430664,84.19999694824219,81.87000274658203,81.97000122070312,81.97000122070312,253600
2018-12-17,81.91999816894531,82.72000122070312,79.41999816894531,79.80000305175781,79.80000305175781,335400
2018-12-18,80.75,82.81999969482422,79.5,80.94999694824219,80.94999694824219,246100
2018-12-19,80.41000366210938,81.27999877929688,76.55999755859375,76.95999908447266,76.95999908447266,322800
2018-12-20,76.80000305175781,77.94000244140625,75.08000183105469,76.12000274658203,76.12000274658203,291300
2018-12-21,76.33000183105469,77.44000244140625,74.62000274658203,74.86000061035156,74.86000061035156,513300
2018-12-24,74.58000183105469,75.3499984741211,73.33999633789062,73.38999938964844,73.38999938964844,124800
2018-12-26,74.1500015258789,77.69000244140625,73.12999725341797,77.61000061035156,77.61000061035156,206200
2018-12-27,76.11000061035156,78.38999938964844,75.51000213623047,78.37000274658203,78.37000274658203,204300
2018-12-28,78.37000274658203,80.2699966430664,77.31999969482422,78.5,78.5,205200
2018-12-31,79.19999694824219,79.19999694824219,77.87000274658203,78.80999755859375,78.80999755859375,192200
2019-01-02,77.18000030517578,79.41000366210938,76.54000091552734,79.23999786376953,79.23999786376953,236700
2019-01-03,78.12000274658203,78.44000244140625,74.23999786376953,74.37999725341797,74.37999725341797,324600
2019-01-04,75.62999725341797,78.08000183105469,75.18000030517578,77.87000274658203,77.87000274658203,266500
2019-01-07,78.36000061035156,80.87999725341797,77.7300033569336,80.0199966430664,80.0199966430664,222800
2019-01-08,80.8499984741211,81.69000244140625,78.55000305175781,81.55000305175781,81.55000305175781,298300
2019-01-09,81.70999908447266,83.5,81.70999908447266,82.30000305175781,82.30000305175781,363900
2019-01-10,82.0,84.30999755859375,77.22000122070312,84.30999755859375,84.30999755859375,241400
2019-01-11,84.11000061035156,85.91000366210938,81.05000305175781,85.37999725341797,85.37999725341797,278700
2019-01-14,84.6500015258789,85.25,83.16999816894531,84.81999969482422,84.81999969482422,277400
2019-01-15,85.08999633789062,86.62000274658203,84.18000030517578,85.68000030517578,85.68000030517578,163600
2019-01-16,86.0999984741211,86.83000183105469,84.76000213623047,86.23999786376953,86.23999786376953,216600
2019-01-17,85.55000305175781,87.05999755859375,85.41000366210938,86.69000244140625,86.69000244140625,238100
2019-01-18,87.22000122070312,88.41999816894531,86.19000244140625,88.25,88.25,205100
2019-01-22,87.5999984741211,87.86000061035156,85.05999755859375,86.01000213623047,86.01000213623047,363000
2019-01-23,86.91000366210938,87.98999786376953,85.12999725341797,85.81999969482422,85.81999969482422,269700
2019-01-24,86.30999755859375,90.38999938964844,84.04000091552734,89.91999816894531,89.91999816894531,346700
2019-01-25,90.4800033569336,92.62000274658203,90.0,92.56999969482422,92.56999969482422,323000
2019-01-28,90.66000366210938,92.4800033569336,90.66000366210938,91.80999755859375,91.80999755859375,240400
2019-01-29,92.0,92.04000091552734,89.41000366210938,89.55999755859375,89.55999755859375,235300
2019-01-30,81.01000213623047,83.94999694824219,74.01000213623047,76.8499984741211,76.8499984741211,3376200
2019-01-31,75.01000213623047,77.62999725341797,75.01000213623047,76.5,76.5,747900
2019-02-01,76.41999816894531,79.29000091552734,76.23999786376953,79.20999908447266,79.20999908447266,513800
2019-02-04,79.44000244140625,80.37999725341797,77.97000122070312,80.29000091552734,80.29000091552734,298300
2019-02-05,80.29000091552734,81.0199966430664,79.08999633789062,80.93000030517578,80.93000030517578,295000
2019-02-06,81.5,86.1500015258789,81.4800033569336,85.22000122070312,85.22000122070312,754400
2019-02-07,84.30000305175781,85.48999786376953,83.5999984741211,84.12999725341797,84.12999725341797,587200
2019-02-08,84.0,84.29000091552734,82.75,84.02999877929688,84.02999877929688,365500
2019-02-11,84.4000015258789,84.91999816894531,83.63999938964844,84.86000061035156,84.86000061035156,237600
2019-02-12,85.81999969482422,87.27999877929688,85.3499984741211,86.44999694824219,86.44999694824219,201500
2019-02-13,86.58999633789062,87.47000122070312,83.01000213623047,86.62000274658203,86.62000274658203,258300
2019-02-14,86.1500015258789,87.33000183105469,86.12000274658203,87.16000366210938,87.16000366210938,250200
2019-02-15,87.66999816894531,88.38999938964844,87.36000061035156,88.33999633789062,88.33999633789062,277100
2019-02-19,86.3499984741211,88.30000305175781,84.69000244140625,86.69999694824219,86.69999694824219,389200
2019-02-20,86.79000091552734,87.5,86.41999816894531,86.62999725341797,86.62999725341797,273700
2019-02-21,86.68000030517578,87.4800033569336,85.22000122070312,85.45999908447266,85.45999908447266,221100
2019-02-22,86.08999633789062,86.37999725341797,85.12000274658203,86.05999755859375,86.05999755859375,168900
2019-02-25,86.9000015258789,87.7699966430664,85.69999694824219,86.0199966430664,86.0199966430664,563000
2019-02-26,85.63999938964844,85.69999694824219,83.77999877929688,84.05000305175781,84.05000305175781,375300
2019-02-27,83.66999816894531,84.13999938964844,81.29000091552734,82.05999755859375,82.05999755859375,278300
2019-02-28,81.47000122070312,81.88999938964844,80.51000213623047,81.0199966430664,81.0199966430664,277900
2019-03-01,81.77999877929688,83.27999877929688,81.08000183105469,83.01000213623047,83.01000213623047,331100
2019-03-04,83.2300033569336,84.62000274658203,82.3499984741211,83.55000305175781,83.55000305175781,242700
2019-03-05,83.52999877929688,83.52999877929688,82.37000274658203,82.51000213623047,82.51000213623047,162100
2019-03-06,82.68000030517578,82.68000030517578,80.36000061035156,80.62999725341797,80.62999725341797,199500
2019-03-07,80.12000274658203,83.4000015258789,77.98999786376953,78.1500015258789,78.1500015258789,264700
2019-03-08,77.44999694824219,79.05999755859375,77.08000183105469,78.83999633789062,78.83999633789062,271200
2019-03-11,79.44999694824219,81.62999725341797,79.44000244140625,81.52999877929688,81.52999877929688,312900
2019-03-12,81.48999786376953,81.5,80.01000213623047,80.31999969482422,80.31999969482422,184900
2019-03-13,80.61000061035156,81.01000213623047,79.88999938964844,80.02999877929688,80.02999877929688,197500
2019-03-14,79.94000244140625,80.30999755859375,79.5,79.68000030517578,79.68000030517578,251400
2019-03-15,80.25,82.76000213623047,79.61000061035156,82.13999938964844,82.13999938964844,545000
2019-03-18,82.13999938964844,82.94000244140625,81.1500015258789,81.69000244140625,81.69000244140625,194400
2019-03-19,82.19000244140625,83.38999938964844,82.02999877929688,82.8499984741211,82.8499984741211,234300
2019-03-20,82.79000091552734,83.38999938964844,80.66000366210938,81.56999969482422,81.56999969482422,212600
2019-03-21,81.30000305175781,84.29000091552734,81.06999969482422,84.05000305175781,84.05000305175781,281000
2019-03-22,83.19999694824219,83.29000091552734,80.41999816894531,80.45999908447266,80.45999908447266,322700
2019-03-25,80.01000213623047,80.7300033569336,79.0,80.13999938964844,80.13999938964844,130500
2019-03-26,80.83000183105469,81.76000213623047,80.5199966430664,81.33000183105469,81.33000183105469,140400
2019-03-27,81.05000305175781,81.9000015258789,78.76000213623047,79.81999969482422,79.81999969482422,187100
2019-03-28,80.11000061035156,80.75,79.0,79.75,79.75,115500
2019-03-29,80.63999938964844,81.19000244140625,80.3499984741211,80.86000061035156,80.86000061035156,250000
2019-04-01,81.83000183105469,83.29000091552734,81.61000061035156,83.27999877929688,83.27999877929688,171900
2019-04-02,83.22000122070312,83.22000122070312,81.76000213623047,82.44000244140625,82.44000244140625,192700
2019-04-03,83.6500015258789,86.05999755859375,83.05000305175781,85.22000122070312,85.22000122070312,214200
2019-04-04,85.38999938964844,86.27999877929688,84.97000122070312,85.19000244140625,85.19000244140625,241000
2019-04-05,85.7699966430664,86.7300033569336,84.9800033569336,86.12000274658203,86.12000274658203,174800
2019-04-08,85.95999908447266,87.2300033569336,85.11000061035156,87.12999725341797,87.12999725341797,135600
2019-04-09,86.8499984741211,87.44999694824219,86.30999755859375,86.54000091552734,86.54000091552734,184600
2019-04-10,86.45999908447266,88.19999694824219,86.45999908447266,88.05999755859375,88.05999755859375,173400
2019-04-11,88.08999633789062,88.83999633789062,87.45999908447266,88.30000305175781,88.30000305175781,242600
2019-04-12,89.02999877929688,90.69000244140625,88.9000015258789,90.6500015258789,90.6500015258789,246900
2019-04-15,90.41999816894531,91.69999694824219,90.13999938964844,91.5199966430664,91.5199966430664,377600
2019-04-16,92.0,92.83999633789062,91.61000061035156,92.30999755859375,92.30999755859375,290200
2019-04-17,92.8499984741211,93.11000061035156,91.27999877929688,91.83999633789062,91.83999633789062,361400
2019-04-18,91.41000366210938,92.91000366210938,90.91000366210938,92.75,92.75,219000
2019-04-22,92.16999816894531,93.05000305175781,88.19999694824219,92.55000305175781,92.55000305175781,257800
2019-04-23,92.4800033569336,94.12000274658203,92.30000305175781,93.5999984741211,93.5999984741211,393000
2019-04-24,101.5999984741211,110.43000030517578,100.33000183105469,110.04000091552734,110.04000091552734,1639600
2019-04-25,109.12999725341797,110.0,103.5,104.97000122070312,104.97000122070312,883000
2019-04-26,103.3499984741211,106.12999725341797,102.66000366210938,106.02999877929688,106.02999877929688,389600
2019-04-29,106.0,107.51000213623047,105.19000244140625,106.66000366210938,106.66000366210938,341200
2019-04-30,106.41000366210938,108.94999694824219,106.30999755859375,107.66000366210938,107.66000366210938,350400
2019-05-01,108.44999694824219,109.01000213623047,104.95999908447266,105.0,105.0,315200
2019-05-02,104.72000122070312,106.73999786376953,103.87999725341797,105.62000274658203,105.62000274658203,232300
2019-05-03,106.08000183105469,107.0199966430664,105.0,106.94999694824219,106.94999694824219,219400
2019-05-06,104.02999877929688,105.80000305175781,103.30000305175781,105.01000213623047,105.01000213623047,245800
2019-05-07,103.5999984741211,104.97000122070312,102.18000030517578,103.69999694824219,103.69999694824219,339800
2019-05-08,103.29000091552734,104.69000244140625,102.36000061035156,102.80000305175781,102.80000305175781,328700
2019-05-09,101.61000061035156,102.33999633789062,99.83000183105469,102.05000305175781,102.05000305175781,269600
2019-05-10,101.87999725341797,102.80000305175781,99.56999969482422,101.44000244140625,101.44000244140625,259200
2019-05-13,100.27999877929688,100.31999969482422,95.2300033569336,96.01000213623047,96.01000213623047,430600
2019-05-14,97.33000183105469,98.68000030517578,96.23999786376953,97.97000122070312,97.97000122070312,257800
2019-05-15,96.93000030517578,99.76000213623047,96.69000244140625,99.27999877929688,99.27999877929688,219100
2019-05-16,99.19000244140625,100.44999694824219,97.22000122070312,98.0,98.0,298100
2019-05-17,96.77999877929688,97.75,95.0,95.2699966430664,95.2699966430664,297800
2019-05-20,92.69000244140625,95.0,91.4000015258789,92.16000366210938,92.16000366210938,593300
2019-05-21,93.9800033569336,95.72000122070312,93.29000091552734,95.2300033569336,95.2300033569336,321800
2019-05-22,94.75,96.05000305175781,94.5199966430664,95.33999633789062,95.33999633789062,252700
2019-05-23,93.88999938964844,94.25,92.19999694824219,93.56999969482422,93.56999969482422,257200
2019-05-24,94.33999633789062,95.01000213623047,92.83000183105469,92.98999786376953,92.98999786376953,175300
2019-05-28,93.6500015258789,93.6500015258789,91.41000366210938,92.04000091552734,92.04000091552734,239800
2019-05-29,91.29000091552734,93.33000183105469,90.83999633789062,92.98999786376953,92.98999786376953,204700
2019-05-30,93.05999755859375,95.22000122070312,92.80000305175781,94.22000122070312,94.22000122070312,278700
2019-05-31,93.0,95.16999816894531,92.37999725341797,93.56999969482422,93.56999969482422,218800
2019-06-03,94.86000061035156,95.80999755859375,93.73999786376953,94.33000183105469,94.33000183105469,413200
2019-06-04,95.43000030517578,98.33999633789062,94.86000061035156,98.19000244140625,98.19000244140625,327100
2019-06-05,98.75,99.05999755859375,96.33999633789062,97.9800033569336,97.9800033569336,195000
2019-06-06,97.9800033569336,98.75,96.08999633789062,97.30000305175781,97.30000305175781,196800
2019-06-07,97.88999938964844,98.95999908447266,97.2699966430664,98.08000183105469,98.08000183105469,184300
2019-06-10,98.47000122070312,102.02999877929688,98.11000061035156,100.6500015258789,100.6500015258789,323400
2019-06-11,102.31999969482422,102.80000305175781,99.58999633789062,100.18000030517578,100.18000030517578,210100
2019-06-12,99.51000213623047,99.63999938964844,97.51000213623047,97.91999816894531,97.91999816894531,217900
2019-06-13,98.63999938964844,99.38999938964844,97.91999816894531,98.79000091552734,98.79000091552734,179900
2019-06-14,97.20999908447266,97.58000183105469,94.88999938964844,95.44999694824219,95.44999694824219,277300
2019-06-17,95.37999725341797,96.41000366210938,95.13999938964844,95.27999877929688,95.27999877929688,175200
2019-06-18,96.5,100.20999908447266,95.5199966430664,99.86000061035156,99.86000061035156,180000
2019-06-19,100.0,100.66999816894531,99.12000274658203,99.41000366210938,99.41000366210938,164000
2019-06-20,101.16000366210938,101.80999755859375,98.30000305175781,99.04000091552734,99.04000091552734,231900
2019-06-21,97.5199966430664,98.2300033569336,96.45999908447266,96.72000122070312,96.72000122070312,473900
2019-06-24,97.19000244140625,98.16999816894531,96.08999633789062,96.3499984741211,96.3499984741211,189000
2019-06-25,97.45999908447266,97.9800033569336,95.37000274658203,95.44999694824219,95.44999694824219,250400
2019-06-26,97.26000213623047,99.94000244140625,97.25,98.88999938964844,98.88999938964844,247300
2019-06-27,99.97000122070312,102.08999633789062,98.4800033569336,102.08000183105469,102.08000183105469,262900
2019-06-28,102.81999969482422,104.0199966430664,101.7699966430664,103.4000015258789,103.4000015258789,524600
2019-07-01,104.43000030517578,107.9000015258789,104.41999816894531,105.02999877929688,105.02999877929688,321700
2019-07-02,104.83000183105469,104.83000183105469,103.01000213623047,103.66999816894531,103.66999816894531,169100
2019-07-03,104.12000274658203,104.76000213623047,102.80999755859375,104.04000091552734,104.04000091552734,107500
2019-07-05,102.94000244140625,103.62000274658203,102.33000183105469,103.55000305175781,103.55000305175781,201400
2019-07-08,103.2300033569336,103.7300033569336,102.33999633789062,102.44999694824219,102.44999694824219,315100
2019-07-09,101.55999755859375,103.76000213623047,100.7699966430664,102.9000015258789,102.9000015258789,237100
2019-07-10,104.08000183105469,105.0,103.16000366210938,104.0999984741211,104.0999984741211,282300
2019-07-11,104.54000091552734,105.11000061035156,103.2699966430664,104.8499984741211,104.8499984741211,248000
2019-07-12,105.0,106.44000244140625,105.0,106.08999633789062,106.08999633789062,219400
2019-07-15,106.45999908447266,106.94000244140625,105.29000091552734,106.30000305175781,106.30000305175781,263500
2019-07-16,105.7300033569336,106.61000061035156,102.91999816894531,102.9800033569336,102.9800033569336,365700
2019-07-17,103.02999877929688,103.18000030517578,101.05999755859375,102.12000274658203,102.12000274658203,284300
2019-07-18,101.87999725341797,103.37000274658203,101.58999633789062,102.81999969482422,102.81999969482422,270800
2019-07-19,102.30000305175781,105.7699966430664,102.30000305175781,104.0199966430664,104.0199966430664,318400
2019-07-22,104.66000366210938,106.56999969482422,104.66000366210938,105.22000122070312,105.22000122070312,236900
2019-07-23,106.56999969482422,107.66000366210938,105.94999694824219,106.83999633789062,106.83999633789062,388400
2019-07-24,107.4000015258789,114.27999877929688,104.98999786376953,113.73999786376953,113.73999786376953,1011700
2019-07-25,113.61000061035156,114.75,111.66000366210938,112.2699966430664,112.2699966430664,503100
2019-07-26,114.04000091552734,114.87000274658203,113.19999694824219,114.38999938964844,114.38999938964844,395700
2019-07-29,114.5,115.29000091552734,113.08999633789062,114.73999786376953,114.73999786376953,388400
2019-07-30,113.94000244140625,114.94000244140625,112.80999755859375,114.83999633789062,114.83999633789062,224500
2019-07-31,114.43000030517578,114.76000213623047,111.20999908447266,112.20999908447266,112.20999908447266,280400
2019-08-01,112.2300033569336,114.83000183105469,108.86000061035156,110.05999755859375,110.05999755859375,290200
2019-08-02,109.16000366210938,109.7300033569336,106.12000274658203,106.62000274658203,106.62000274658203,285100
2019-08-05,103.11000061035156,104.31999969482422,100.41999816894531,101.18000030517578,101.18000030517578,370500
2019-08-06,102.58000183105469,103.61000061035156,101.16999816894531,102.81999969482422,102.81999969482422,253500
2019-08-07,101.43000030517578,104.01000213623047,101.3499984741211,102.95999908447266,102.95999908447266,242100
2019-08-08,104.08999633789062,108.79000091552734,103.88999938964844,108.23999786376953,108.23999786376953,606800
2019-08-09,107.11000061035156,107.11000061035156,104.23999786376953,105.33000183105469,105.33000183105469,270800
2019-08-12,104.70999908447266,105.08999633789062,103.4800033569336,103.83000183105469,103.83000183105469,177200
2019-08-13,103.33000183105469,108.52999877929688,102.45999908447266,107.86000061035156,107.86000061035156,271000
2019-08-14,105.16000366210938,107.1500015258789,103.25,103.41000366210938,103.41000366210938,204400
2019-08-15,103.98999786376953,104.41999816894531,102.31999969482422,103.12999725341797,103.12999725341797,155800
2019-08-16,103.62000274658203,107.87000274658203,102.81999969482422,107.79000091552734,107.79000091552734,277600
2019-08-19,110.19000244140625,111.01000213623047,108.9800033569336,108.98999786376953,108.98999786376953,353300
2019-08-20,108.91999816894531,108.91999816894531,107.61000061035156,108.27999877929688,108.27999877929688,235400
2019-08-21,109.9000015258789,110.94999694824219,108.5199966430664,110.0999984741211,110.0999984741211,325200
2019-08-22,110.11000061035156,110.2699966430664,107.91999816894531,109.73999786376953,109.73999786376953,147300
2019-08-23,108.5999984741211,108.94999694824219,104.19000244140625,104.5199966430664,104.5199966430664,241400
2019-08-26,106.9000015258789,106.9000015258789,104.95999908447266,105.58000183105469,105.58000183105469,135900
2019-08-27,106.30000305175781,106.48999786376953,103.9000015258789,104.30000305175781,104.30000305175781,186400
2019-08-28,103.69000244140625,107.08999633789062,103.05000305175781,106.69000244140625,106.69000244140625,243500
2019-08-29,108.4800033569336,109.77999877929688,108.19000244140625,109.01000213623047,109.01000213623047,130200
2019-08-30,109.87999725341797,110.7699966430664,108.5999984741211,109.0,109.0,192400
2019-09-03,107.5999984741211,109.01000213623047,106.44999694824219,107.27999877929688,107.27999877929688,203000
2019-09-04,109.25,109.72000122070312,107.30000305175781,109.3499984741211,109.3499984741211,190200
2019-09-05,110.0,113.66999816894531,110.0,111.48999786376953,111.48999786376953,227600
2019-09-06,111.91999816894531,113.12000274658203,110.22000122070312,111.0199966430664,111.0199966430664,175800
2019-09-09,111.72000122070312,112.9800033569336,109.77999877929688,110.51000213623047,110.51000213623047,209000
2019-09-10,110.08000183105469,110.41999816894531,108.33999633789062,109.44999694824219,109.44999694824219,265700
2019-09-11,110.23999786376953,113.58999633789062,109.13999938964844,113.20999908447266,113.20999908447266,326600
2019-09-12,113.98999786376953,115.08000183105469,112.0999984741211,114.31999969482422,114.31999969482422,297600
2019-09-13,115.13999938964844,115.13999938964844,113.1500015258789,114.37999725341797,114.37999725341797,219300
2019-09-16,112.94000244140625,113.70999908447266,108.3499984741211,112.81999969482422,112.81999969482422,188600
2019-09-17,111.98999786376953,113.47000122070312,111.47000122070312,113.19000244140625,113.19000244140625,181500
2019-09-18,113.5199966430664,114.80000305175781,112.5999984741211,114.38999938964844,114.38999938964844,219200
2019-09-19,114.38999938964844,114.7300033569336,112.3499984741211,112.48999786376953,112.48999786376953,144200
2019-09-20,112.54000091552734,112.87000274658203,110.55000305175781,111.86000061035156,111.86000061035156,571700
2019-09-23,110.76000213623047,115.05999755859375,110.76000213623047,113.41000366210938,113.41000366210938,261400
2019-09-24,114.02999877929688,114.29000091552734,110.55999755859375,111.4800033569336,111.4800033569336,241800
2019-09-25,111.12999725341797,114.97000122070312,110.52999877929688,114.33999633789062,114.33999633789062,332900
2019-09-26,113.94000244140625,115.16000366210938,112.97000122070312,113.94000244140625,113.94000244140625,255400
2019-09-27,114.05000305175781,114.81999969482422,110.0199966430664,110.37000274658203,110.37000274658203,280600
2019-09-30,110.9000015258789,111.9800033569336,109.8499984741211,111.3499984741211,111.3499984741211,198800
2019-10-01,112.69999694824219,114.75,108.22000122070312,108.33999633789062,108.33999633789062,266300
2019-10-02,107.22000122070312,107.31999969482422,104.48999786376953,105.51000213623047,105.51000213623047,377300
2019-10-03,105.22000122070312,107.94999694824219,103.08000183105469,107.61000061035156,107.61000061035156,203900
2019-10-04,108.18000030517578,110.5199966430664,107.62000274658203,110.11000061035156,110.11000061035156,505200
2019-10-07,109.47000122070312,110.1500015258789,108.13999938964844,108.31999969482422,108.31999969482422,296300
2019-10-08,107.04000091552734,108.12000274658203,103.48999786376953,104.52999877929688,104.52999877929688,407600
2019-10-09,105.88999938964844,107.33999633789062,105.33000183105469,106.55000305175781,106.55000305175781,197100
2019-10-10,106.8499984741211,108.66999816894531,106.75,107.70999908447266,107.70999908447266,192800
2019-10-11,109.94000244140625,111.86000061035156,109.11000061035156,110.19000244140625,110.19000244140625,332700
2019-10-14,109.80000305175781,110.23999786376953,109.2300033569336,109.94000244140625,109.94000244140625,134600
2019-10-15,110.63999938964844,112.52999877929688,109.91999816894531,111.88999938964844,111.88999938964844,161600
2019-10-16,110.93000030517578,112.1500015258789,109.4000015258789,109.5,109.5,227800
2019-10-17,110.77999877929688,111.16000366210938,108.80000305175781,110.1500015258789,110.1500015258789,192300
2019-10-18,109.4000015258789,109.97000122070312,106.8499984741211,108.6500015258789,108.6500015258789,235400
2019-10-21,110.2699966430664,110.2699966430664,108.2699966430664,109.72000122070312,109.72000122070312,258700
2019-10-22,109.97000122070312,110.44999694824219,106.75,106.91000366210938,106.91000366210938,483700
2019-10-23,112.98999786376953,114.0,107.91000366210938,110.20999908447266,110.20999908447266,639700
2019-10-24,111.55000305175781,112.06999969482422,108.30999755859375,109.41999816894531,109.41999816894531,273600
2019-10-25,108.6500015258789,109.44000244140625,107.29000091552734,107.87000274658203,107.87000274658203,250000
2019-10-28,108.69000244140625,111.7300033569336,108.69000244140625,111.33999633789062,111.33999633789062,218700
2019-10-29,111.16000366210938,112.54000091552734,109.68000030517578,109.83999633789062,109.83999633789062,227600
2019-10-30,109.88999938964844,110.83000183105469,107.38999938964844,108.91999816894531,108.91999816894531,291300
2019-10-31,108.19000244140625,108.47000122070312,105.93000030517578,106.23999786376953,106.23999786376953,343800
2019-11-01,107.5,110.30000305175781,107.19999694824219,109.80999755859375,109.80999755859375,288600
2019-11-04,110.91999816894531,112.9000015258789,110.0,112.55999755859375,112.55999755859375,313000
2019-11-05,113.22000122070312,113.83000183105469,111.61000061035156,111.80000305175781,111.80000305175781,200400
2019-11-06,111.30000305175781,111.30000305175781,108.1500015258789,108.1500015258789,108.1500015258789,297400
2019-11-07,109.81999969482422,110.80999755859375,107.83999633789062,108.55999755859375,108.55999755859375,212200
2019-11-08,107.68000030517578,109.37000274658203,107.68000030517578,109.0,109.0,169900
2019-11-11,108.12000274658203,108.81999969482422,107.6500015258789,108.31999969482422,108.31999969482422,104300
2019-11-12,108.88999938964844,109.48999786376953,108.05999755859375,108.33000183105469,108.33000183105469,336700
2019-11-13,107.69000244140625,109.3499984741211,106.73999786376953,109.0199966430664,109.0199966430664,306800
2019-11-14,108.63999938964844,109.22000122070312,107.48999786376953,108.69000244140625,108.69000244140625,224700
2019-11-15,109.58999633789062,110.38999938964844,108.83999633789062,109.45999908447266,109.45999908447266,170800
2019-11-18,108.83999633789062,109.47000122070312,107.94999694824219,108.08000183105469,108.08000183105469,158300
2019-11-19,108.66999816894531,108.66999816894531,105.48999786376953,107.33000183105469,107.33000183105469,301100
2019-11-20,106.41000366210938,106.91000366210938,103.1500015258789,104.41999816894531,104.41999816894531,490200
2019-11-21,104.25,104.25,101.93000030517578,103.05999755859375,103.05999755859375,380000
2019-11-22,103.8499984741211,104.33999633789062,102.9800033569336,103.52999877929688,103.52999877929688,211200
2019-11-25,104.52999877929688,108.81999969482422,104.41000366210938,108.37000274658203,108.37000274658203,278100
2019-11-26,108.04000091552734,109.73999786376953,107.13999938964844,108.63999938964844,108.63999938964844,173500
2019-11-27,109.0,109.9000015258789,108.04000091552734,108.38999938964844,108.38999938964844,181700
2019-11-29,107.58000183105469,107.86000061035156,105.88999938964844,105.93000030517578,105.93000030517578,104600
2019-12-02,106.51000213623047,106.51000213623047,104.51000213623047,104.77999877929688,104.77999877929688,165900
2019-12-03,102.94999694824219,104.87999725341797,102.30999755859375,104.63999938964844,104.63999938964844,286100
2019-12-04,106.20999908447266,109.05000305175781,106.0,107.62999725341797,107.62999725341797,393200
2019-12-05,108.02999877929688,108.81999969482422,107.0,107.4800033569336,107.4800033569336,160900
2019-12-06,108.94000244140625,111.19000244140625,108.73999786376953,110.37000274658203,110.37000274658203,234200
2019-12-09,109.97000122070312,110.29000091552734,108.5,108.55000305175781,108.55000305175781,216700
2019-12-10,108.75,109.69999694824219,108.29000091552734,108.91000366210938,108.91000366210938,111100
2019-12-11,109.0199966430664,111.16999816894531,109.0199966430664,110.80000305175781,110.80000305175781,209400
2019-12-12,110.44999694824219,113.87000274658203,110.3499984741211,113.47000122070312,113.47000122070312,246600
2019-12-13,113.12999725341797,114.6500015258789,111.77999877929688,112.93000030517578,112.93000030517578,164100
2019-12-16,114.05999755859375,114.93000030517578,112.55999755859375,114.16000366210938,114.16000366210938,178300
2019-12-17,114.6500015258789,114.77999877929688,113.55000305175781,114.2699966430664,114.2699966430664,190800
2019-12-18,114.58999633789062,114.58999633789062,112.5,112.79000091552734,112.79000091552734,230800
2019-12-19,112.43000030517578,115.5,111.69999694824219,115.33000183105469,115.33000183105469,349600
2019-12-20,115.63999938964844,116.19000244140625,115.02999877929688,115.5999984741211,115.5999984741211,549800
2019-12-23,116.12999725341797,116.12999725341797,114.9800033569336,115.63999938964844,115.63999938964844,128800
2019-12-24,115.52999877929688,115.68000030517578,114.45999908447266,115.58000183105469,115.58000183105469,59800
2019-12-26,115.79000091552734,116.91999816894531,114.7699966430664,116.30000305175781,116.30000305175781,116600
2019-12-27,116.66000366210938,117.38999938964844,115.11000061035156,116.5199966430664,116.5199966430664,132100
2019-12-30,116.30000305175781,116.36000061035156,114.33000183105469,116.12000274658203,116.12000274658203,129500
2019-12-31,115.66000366210938,117.05000305175781,115.52999877929688,115.9800033569336,115.9800033569336,156000
2020-01-02,117.05999755859375,118.44999694824219,115.83000183105469,118.41000366210938,118.41000366210938,162600
2020-01-03,116.33000183105469,117.56999969482422,115.6500015258789,116.08999633789062,116.08999633789062,157100
2020-01-06,114.37000274658203,115.93000030517578,112.98999786376953,115.70999908447266,115.70999908447266,232900
2020-01-07,115.98999786376953,117.80000305175781,115.29000091552734,117.19000244140625,117.19000244140625,147900
2020-01-08,117.5199966430664,118.41000366210938,116.5,117.30999755859375,117.30999755859375,207700
2020-01-09,118.51000213623047,118.88999938964844,117.13999938964844,118.41000366210938,118.41000366210938,153500
2020-01-10,118.66999816894531,118.8499984741211,117.27999877929688,118.69999694824219,118.69999694824219,234900
2020-01-13,119.2699966430664,120.47000122070312,119.08999633789062,119.52999877929688,119.52999877929688,237400
2020-01-14,119.19000244140625,120.62999725341797,118.27999877929688,118.88999938964844,118.88999938964844,166200
2020-01-15,118.33000183105469,119.58000183105469,116.91999816894531,117.41999816894531,117.41999816894531,207000
2020-01-16,118.51000213623047,119.83000183105469,118.45999908447266,119.43000030517578,119.43000030517578,198800
2020-01-17,120.0,120.08999633789062,118.33999633789062,119.44999694824219,119.44999694824219,190800
2020-01-21,118.5999984741211,119.9800033569336,118.04000091552734,119.2300033569336,119.2300033569336,268500
2020-01-22,119.97000122070312,121.5199966430664,118.79000091552734,119.16999816894531,119.16999816894531,238100
2020-01-23,119.12000274658203,122.12999725341797,118.01000213623047,121.91999816894531,121.91999816894531,169400
2020-01-24,122.9000015258789,122.9000015258789,118.23999786376953,119.5199966430664,119.5199966430664,312300
2020-01-27,116.25,117.01000213623047,114.58999633789062,115.80000305175781,115.80000305175781,308500
2020-01-28,117.12999725341797,119.54000091552734,116.98999786376953,118.5,118.5,394000
2020-01-29,111.0999984741211,112.01000213623047,102.1500015258789,102.76000213623047,102.76000213623047,1764100
2020-01-30,102.12000274658203,106.87999725341797,102.12000274658203,104.5,104.5,593900
2020-01-31,103.62000274658203,104.45999908447266,98.19000244140625,98.30999755859375,98.30999755859375,523300
2020-02-03,98.91000366210938,101.0,98.87999725341797,100.62999725341797,100.62999725341797,291900
2020-02-04,103.22000122070312,105.12999725341797,102.41000366210938,104.1500015258789,104.1500015258789,325200
2020-02-05,106.29000091552734,107.62000274658203,105.13999938964844,107.55000305175781,107.55000305175781,321500
2020-02-06,108.05000305175781,108.05000305175781,104.51000213623047,104.81999969482422,104.81999969482422,218700
2020-02-07,103.55999755859375,103.83999633789062,99.72000122070312,100.0199966430664,100.0199966430664,255200
2020-02-10,99.23999786376953,102.0999984741211,99.23999786376953,102.08000183105469,102.08000183105469,318300
2020-02-11,103.16000366210938,104.75,101.45999908447266,101.73999786376953,101.73999786376953,189500
2020-02-12,103.01000213623047,103.80999755859375,101.69999694824219,103.58999633789062,103.58999633789062,284600
2020-02-13,102.4000015258789,104.5999984741211,101.80000305175781,104.02999877929688,104.02999877929688,237100
2020-02-14,104.16999816894531,105.13999938964844,103.30000305175781,104.19999694824219,104.19999694824219,242500
2020-02-18,103.0999984741211,103.54000091552734,101.27999877929688,103.45999908447266,103.45999908447266,359800
2020-02-19,103.9800033569336,106.1500015258789,103.9800033569336,105.41000366210938,105.41000366210938,335100
2020-02-20,104.70999908447266,104.80999755859375,102.27999877929688,104.52999877929688,104.52999877929688,271500
2020-02-21,104.06999969482422,104.2699966430664,100.01000213623047,100.4000015258789,100.4000015258789,447700
2020-02-24,95.98999786376953,100.13999938964844,95.18000030517578,98.0,98.0,613100
2020-02-25,98.88999938964844,99.19000244140625,94.30000305175781,94.98999786376953,94.98999786376953,754400
2020-02-26,95.76000213623047,98.3499984741211,94.86000061035156,95.75,95.75,423500
2020-02-27,92.48999786376953,94.94000244140625,89.69000244140625,90.41999816894531,90.41999816894531,522100
2020-02-28,86.4800033569336,89.88999938964844,86.33999633789062,88.68000030517578,88.68000030517578,742300
2020-03-02,89.9000015258789,91.87000274658203,88.02999877929688,91.79000091552734,91.79000091552734,476600
2020-03-03,91.9800033569336,94.2699966430664,86.45999908447266,88.13999938964844,88.13999938964844,396700
2020-03-04,90.08999633789062,92.12000274658203,88.12000274658203,92.05999755859375,92.05999755859375,304900
2020-03-05,91.98999786376953,93.55000305175781,90.1500015258789,90.97000122070312,90.97000122070312,515800
2020-03-06,87.94999694824219,88.97000122070312,83.66999816894531,87.5,87.5,585200
2020-03-09,80.79000091552734,84.79000091552734,79.86000061035156,80.19999694824219,80.19999694824219,453800
2020-03-10,83.37999725341797,88.80999755859375,80.4000015258789,88.70999908447266,88.70999908447266,739300
2020-03-11,85.5999984741211,87.16999816894531,82.87000274658203,83.80999755859375,83.80999755859375,557900
2020-03-12,78.4800033569336,83.0,69.41000366210938,69.44999694824219,69.44999694824219,736700
2020-03-13,75.20999908447266,82.72000122070312,73.51000213623047,82.70999908447266,82.70999908447266,1042400
2020-03-16,74.05000305175781,86.27999877929688,73.33999633789062,74.91000366210938,74.91000366210938,977500
2020-03-17,76.61000061035156,83.56999969482422,73.94000244140625,82.3499984741211,82.3499984741211,819300
2020-03-18,75.79000091552734,81.44999694824219,65.08999633789062,68.75,68.75,861200
2020-03-19,68.61000061035156,77.55999755859375,68.19000244140625,74.45999908447266,74.45999908447266,556800
2020-03-20,74.19999694824219,79.05999755859375,69.70999908447266,70.06999969482422,70.06999969482422,581100
2020-03-23,73.26000213623047,76.41000366210938,69.54000091552734,74.63999938964844,74.63999938964844,518500
2020-03-24,79.88999938964844,83.0199966430664,77.41000366210938,82.48999786376953,82.48999786376953,561900
2020-03-25,82.16999816894531,84.8499984741211,77.66999816894531,78.87000274658203,78.87000274658203,396700
2020-03-26,80.80999755859375,87.95999908447266,79.31999969482422,87.80000305175781,87.80000305175781,443800
2020-03-27,83.0999984741211,85.3499984741211,81.01000213623047,81.08000183105469,81.08000183105469,418700
2020-03-30,82.4800033569336,85.55000305175781,81.36000061035156,85.0199966430664,85.0199966430664,373200
2020-03-31,84.43000030517578,87.75,84.11000061035156,85.41000366210938,85.41000366210938,424200
2020-04-01,81.87000274658203,83.20999908447266,76.63999938964844,77.62000274658203,77.62000274658203,349200
2020-04-02,76.68000030517578,81.04000091552734,76.68000030517578,80.55000305175781,80.55000305175781,328700
2020-04-03,79.55000305175781,81.80999755859375,77.33000183105469,78.08000183105469,78.08000183105469,265700
2020-04-06,81.41999816894531,87.77999877929688,81.41999816894531,87.47000122070312,87.47000122070312,476900
2020-04-07,90.0999984741211,91.19000244140625,84.3499984741211,85.4000015258789,85.4000015258789,295600
2020-04-08,88.25,89.73999786376953,84.80000305175781,89.12000274658203,89.12000274658203,299100
2020-04-09,90.55000305175781,92.69999694824219,87.2300033569336,88.97000122070312,88.97000122070312,212600
2020-04-13,88.2699966430664,89.30999755859375,86.06999969482422,88.01000213623047,88.01000213623047,209700
2020-04-14,90.01000213623047,90.87999725341797,88.38999938964844,90.61000061035156,90.61000061035156,245800
2020-04-15,88.19999694824219,88.19999694824219,85.7300033569336,86.72000122070312,86.72000122070312,351900
2020-04-16,88.41999816894531,89.94000244140625,84.87000274658203,89.13999938964844,89.13999938964844,261200
2020-04-17,91.22000122070312,92.9000015258789,90.05000305175781,91.5,91.5,205500
2020-04-20,89.55999755859375,90.55999755859375,88.12000274658203,88.41999816894531,88.41999816894531,293500
2020-04-21,86.7300033569336,87.4000015258789,83.33000183105469,83.41000366210938,83.41000366210938,395600
2020-04-22,86.5199966430664,89.70999908447266,84.4800033569336,88.87000274658203,88.87000274658203,277200
2020-04-23,88.81999969482422,90.63999938964844,88.08999633789062,89.0999984741211,89.0999984741211,229800
2020-04-24,88.7699966430664,91.69999694824219,88.27999877929688,91.22000122070312,91.22000122070312,224600
2020-04-27,92.95999908447266,95.72000122070312,92.4800033569336,94.77999877929688,94.77999877929688,221800
2020-04-28,96.91000366210938,97.66999816894531,95.3499984741211,95.3499984741211,95.3499984741211,418500
2020-04-29,101.06999969482422,104.48999786376953,98.4800033569336,102.66000366210938,102.66000366210938,517100
2020-04-30,101.19000244140625,102.48999786376953,96.95999908447266,97.22000122070312,97.22000122070312,420900
2020-05-01,94.06999969482422,94.4000015258789,91.05999755859375,91.76000213623047,91.76000213623047,304000
2020-05-04,90.58999633789062,91.76000213623047,88.73999786376953,89.91000366210938,89.91000366210938,434700
2020-05-05,91.58000183105469,98.11000061035156,91.58000183105469,96.9800033569336,96.9800033569336,586600
2020-05-06,97.62999725341797,98.80999755859375,95.91999816894531,96.19000244140625,96.19000244140625,297200
2020-05-07,98.12000274658203,98.80000305175781,95.58999633789062,96.1500015258789,96.1500015258789,191000
2020-05-08,97.91000366210938,100.37000274658203,97.2300033569336,100.23999786376953,100.23999786376953,204700
2020-05-11,98.05999755859375,99.79000091552734,97.30999755859375,98.05999755859375,98.05999755859375,254600
2020-05-12,98.33999633789062,99.56999969482422,94.43000030517578,94.5,94.5,248800
2020-05-13,94.4000015258789,95.44000244140625,90.30999755859375,91.4000015258789,91.4000015258789,308500
2020-05-14,90.1500015258789,93.06999969482422,89.27999877929688,93.0,93.0,400500
2020-05-15,91.51000213623047,91.98999786376953,89.36000061035156,90.52999877929688,90.52999877929688,529900
2020-05-18,91.54000091552734,98.47000122070312,91.08999633789062,97.7699966430664,97.7699966430664,320900
2020-05-19,97.7699966430664,99.26000213623047,95.37999725341797,95.44999694824219,95.44999694824219,274500
2020-05-20,96.66999816894531,101.2300033569336,96.08000183105469,100.95999908447266,100.95999908447266,298300
2020-05-21,100.47000122070312,100.98999786376953,93.13999938964844,93.5199966430664,93.5199966430664,402200
2020-05-22,94.4800033569336,94.4800033569336,93.12999725341797,94.29000091552734,94.29000091552734,208500
2020-05-26,96.33999633789062,98.54000091552734,95.33999633789062,95.93000030517578,95.93000030517578,470200
2020-05-27,95.1500015258789,95.41000366210938,90.30000305175781,90.88999938964844,90.88999938964844,1076900
2020-05-28,92.5999984741211,95.47000122070312,90.44999694824219,90.91000366210938,90.91000366210938,1784400
2020-05-29,90.95999908447266,93.87999725341797,89.66999816894531,93.66000366210938,93.66000366210938,727900
2020-06-01,93.5,93.5,91.87000274658203,91.91999816894531,91.91999816894531,483800
2020-06-02,92.76000213623047,94.44999694824219,91.87999725341797,93.69000244140625,93.69000244140625,454200
2020-06-03,95.88999938964844,97.79000091552734,94.48999786376953,94.80999755859375,94.80999755859375,496100
2020-06-04,93.70999908447266,94.6500015258789,91.25,92.08999633789062,92.08999633789062,450600
2020-06-05,95.33000183105469,97.76000213623047,93.87000274658203,95.80000305175781,95.80000305175781,578300
2020-06-08,96.87000274658203,103.30000305175781,96.12999725341797,103.02999877929688,103.02999877929688,896300
2020-06-09,101.8499984741211,102.52999877929688,100.4000015258789,101.44999694824219,101.44999694824219,320500
2020-06-10,101.69000244140625,102.94000244140625,100.25,101.2699966430664,101.2699966430664,409700
2020-06-11,98.29000091552734,98.41999816894531,94.06999969482422,94.29000091552734,94.29000091552734,456200
2020-06-12,97.94000244140625,99.41000366210938,93.44999694824219,96.26000213623047,96.26000213623047,434300
2020-06-15,93.62000274658203,95.51000213623047,92.20999908447266,95.37000274658203,95.37000274658203,397000
2020-06-16,98.87000274658203,100.66000366210938,97.70999908447266,98.6500015258789,98.6500015258789,405400
2020-06-17,99.76000213623047,100.87999725341797,98.47000122070312,98.97000122070312,98.97000122070312,309500
2020-06-18,98.2699966430664,99.54000091552734,98.12000274658203,98.5999984741211,98.5999984741211,356700
2020-06-19,99.56999969482422,99.9800033569336,96.37000274658203,97.5,97.5,572000
2020-06-22,96.97000122070312,98.30999755859375,95.4000015258789,98.29000091552734,98.29000091552734,352800
2020-06-23,99.94000244140625,101.61000061035156,98.91999816894531,99.01000213623047,99.01000213623047,376900
2020-06-24,97.9000015258789,98.30999755859375,94.20999908447266,94.91000366210938,94.91000366210938,429700
2020-06-25,95.18000030517578,95.33000183105469,92.69000244140625,95.08000183105469,95.08000183105469,296000
2020-06-26,94.29000091552734,94.91000366210938,92.23999786376953,93.81999969482422,93.81999969482422,586500
2020-06-29,94.1500015258789,96.7699966430664,92.36000061035156,96.68000030517578,96.68000030517578,341000
2020-06-30,96.55999755859375,100.4800033569336,96.20999908447266,100.2699966430664,100.2699966430664,351700
2020-07-01,99.94000244140625,100.06999969482422,97.8499984741211,98.01000213623047,98.01000213623047,247900
2020-07-02,99.55999755859375,100.91999816894531,98.0,98.43000030517578,98.43000030517578,172500
2020-07-06,100.72000122070312,101.68000030517578,99.9000015258789,100.44999694824219,100.44999694824219,178500
2020-07-07,99.94999694824219,102.25,99.52999877929688,99.70999908447266,99.70999908447266,217400
2020-07-08,99.98999786376953,101.36000061035156,99.01000213623047,101.19999694824219,101.19999694824219,258300
2020-07-09,102.02999877929688,102.80000305175781,98.91999816894531,102.2699966430664,102.2699966430664,241500
2020-07-10,102.83000183105469,103.2699966430664,101.55000305175781,102.55000305175781,102.55000305175781,268900
2020-07-13,104.16999816894531,105.94000244140625,100.69000244140625,101.04000091552734,101.04000091552734,309800
2020-07-14,100.12999725341797,102.83000183105469,98.6500015258789,102.66999816894531,102.66999816894531,229900
2020-07-15,104.1500015258789,105.52999877929688,102.91000366210938,103.80000305175781,103.80000305175781,296400
2020-07-16,102.81999969482422,103.95999908447266,101.7699966430664,103.86000061035156,103.86000061035156,348600
2020-07-17,103.79000091552734,105.19000244140625,103.0999984741211,103.38999938964844,103.38999938964844,187800
2020-07-20,103.9800033569336,105.80999755859375,103.81999969482422,105.30999755859375,105.30999755859375,168400
2020-07-21,105.98999786376953,107.0,104.22000122070312,105.04000091552734,105.04000091552734,280800
2020-07-22,105.2300033569336,105.36000061035156,102.94000244140625,103.76000213623047,103.76000213623047,195100
2020-07-23,103.31999969482422,104.83000183105469,101.80000305175781,102.76000213623047,102.76000213623047,150700
2020-07-24,101.48999786376953,103.91000366210938,100.45999908447266,102.25,102.25,179600
2020-07-27,102.94000244140625,105.44999694824219,102.80999755859375,104.80000305175781,104.80000305175781,335700
2020-07-28,103.5999984741211,104.38999938964844,102.30000305175781,102.62000274658203,102.62000274658203,300900
2020-07-29,104.0,105.9800033569336,101.05999755859375,104.30000305175781,104.30000305175781,548100
2020-07-30,102.41000366210938,103.26000213623047,100.44000244140625,102.73999786376953,102.73999786376953,365000
2020-07-31,103.5199966430664,103.69000244140625,99.0199966430664,100.51000213623047,100.51000213623047,364900
2020-08-03,101.7300033569336,103.0999984741211,100.2300033569336,102.87999725341797,102.87999725341797,376800
2020-08-04,102.56999969482422,103.05000305175781,101.81999969482422,101.9800033569336,101.9800033569336,221100
2020-08-05,102.18000030517578,102.41999816894531,99.9800033569336,101.80999755859375,101.80999755859375,257200
2020-08-06,101.62999725341797,102.30000305175781,101.2699966430664,102.05000305175781,102.05000305175781,151900
2020-08-07,101.79000091552734,103.12999725341797,100.83999633789062,103.08999633789062,103.08999633789062,300400
2020-08-10,103.01000213623047,103.01000213623047,100.52999877929688,101.04000091552734,101.04000091552734,276800
2020-08-11,101.70999908447266,103.9800033569336,101.16999816894531,101.52999877929688,101.52999877929688,347500
2020-08-12,102.68000030517578,103.62000274658203,101.43000030517578,103.11000061035156,103.11000061035156,227600
2020-08-13,103.0,103.41999816894531,100.29000091552734,101.20999908447266,101.20999908447266,221600
2020-08-14,100.66999816894531,101.41999816894531,99.44000244140625,100.56999969482422,100.56999969482422,187800
2020-08-17,100.12000274658203,102.93000030517578,100.0,101.76000213623047,101.76000213623047,242200
2020-08-18,102.0999984741211,102.8499984741211,101.41000366210938,101.62000274658203,101.62000274658203,164300
2020-08-19,101.75,102.80999755859375,100.70999908447266,101.41000366210938,101.41000366210938,140700
2020-08-20,100.06999969482422,101.04000091552734,98.41999816894531,98.77999877929688,98.77999877929688,197400
2020-08-21,98.83999633789062,98.83999633789062,97.61000061035156,98.41000366210938,98.41000366210938,246500
2020-08-24,99.83000183105469,100.19000244140625,98.80000305175781,99.83000183105469,99.83000183105469,266800
2020-08-25,100.45999908447266,102.30000305175781,99.73999786376953,102.1500015258789,102.1500015258789,231100
2020-08-26,102.20999908447266,102.37000274658203,101.26000213623047,101.9800033569336,101.9800033569336,170600
2020-08-27,102.70999908447266,102.70999908447266,100.31999969482422,101.58000183105469,101.58000183105469,162300
2020-08-28,102.05000305175781,103.48999786376953,100.95999908447266,103.3499984741211,103.3499984741211,204400
2020-08-31,103.0999984741211,103.86000061035156,102.41000366210938,102.41000366210938,102.41000366210938,302600
2020-09-01,102.68000030517578,105.0,101.36000061035156,104.8499984741211,104.8499984741211,202300
2020-09-02,105.02999877929688,107.0,105.02999877929688,106.69999694824219,106.69999694824219,151500
2020-09-03,105.51000213623047,105.51000213623047,98.81999969482422,99.66999816894531,99.66999816894531,240200
2020-09-04,100.08000183105469,100.87000274658203,95.44000244140625,98.8499984741211,98.8499984741211,227600
2020-09-08,95.66999816894531,97.13999938964844,93.83000183105469,93.86000061035156,93.86000061035156,290500
2020-09-09,96.19000244140625,98.73999786376953,94.36000061035156,98.1500015258789,98.1500015258789,344200
2020-09-10,99.37999725341797,99.62000274658203,95.41999816894531,95.63999938964844,95.63999938964844,171100
2020-09-11,96.79000091552734,97.4000015258789,94.62000274658203,95.05000305175781,95.05000305175781,166600
2020-09-14,96.66000366210938,97.58000183105469,96.0,96.87000274658203,96.87000274658203,163000
2020-09-15,98.80999755859375,99.04000091552734,97.41000366210938,98.33999633789062,98.33999633789062,161100
2020-09-16,99.08000183105469,100.76000213623047,98.06999969482422,99.51000213623047,99.51000213623047,283000
2020-09-17,97.1500015258789,99.19000244140625,96.26000213623047,98.47000122070312,98.47000122070312,208700
2020-09-18,99.70999908447266,99.70999908447266,94.18000030517578,96.16999816894531,96.16999816894531,644100
2020-09-21,94.25,94.86000061035156,92.19000244140625,94.76000213623047,94.76000213623047,296700
2020-09-22,95.41000366210938,95.63999938964844,92.76000213623047,95.41999816894531,95.41999816894531,196400
2020-09-23,95.31999969482422,96.05000305175781,93.61000061035156,93.6500015258789,93.6500015258789,220700
2020-09-24,92.98999786376953,95.94999694824219,92.91999816894531,95.11000061035156,95.11000061035156,173200
2020-09-25,94.41999816894531,97.0999984741211,93.83000183105469,96.69999694824219,96.69999694824219,201900
2020-09-28,98.1500015258789,99.05000305175781,97.77999877929688,98.37000274658203,98.37000274658203,210400
2020-09-29,98.33999633789062,99.01000213623047,97.5,98.06999969482422,98.06999969482422,132800
2020-09-30,97.75,99.0999984741211,97.2699966430664,97.8499984741211,97.8499984741211,182700
2020-10-01,98.5999984741211,100.23999786376953,97.76000213623047,99.06999969482422,99.06999969482422,219600
2020-10-02,96.38999938964844,98.08999633789062,96.0,96.12999725341797,96.12999725341797,226400
2020-10-05,97.06999969482422,98.58999633789062,96.0999984741211,98.51000213623047,98.51000213623047,186500
2020-10-06,98.73999786376953,101.2699966430664,96.94000244140625,97.19999694824219,97.19999694824219,433300
2020-10-07,96.91000366210938,99.33999633789062,96.91000366210938,98.98999786376953,98.98999786376953,403900
2020-10-08,100.5199966430664,101.9000015258789,99.9800033569336,101.38999938964844,101.38999938964844,157400
2020-10-09,102.0,106.72000122070312,102.0,106.6500015258789,106.6500015258789,312900
2020-10-12,107.44000244140625,107.79000091552734,106.0,106.37999725341797,106.37999725341797,207900
2020-10-13,106.12000274658203,106.18000030517578,104.0199966430664,105.51000213623047,105.51000213623047,197600
2020-10-14,105.76000213623047,105.91999816894531,104.0,104.37000274658203,104.37000274658203,118700
2020-10-15,102.98999786376953,105.13999938964844,102.08000183105469,104.88999938964844,104.88999938964844,161500
2020-10-16,105.12999725341797,106.06999969482422,104.16999816894531,104.91999816894531,104.91999816894531,225700
2020-10-19,105.55000305175781,106.5999984741211,104.52999877929688,104.6500015258789,104.6500015258789,247600
2020-10-20,105.29000091552734,105.69999694824219,103.83999633789062,104.26000213623047,104.26000213623047,116900
2020-10-21,104.52999877929688,105.27999877929688,102.95999908447266,103.01000213623047,103.01000213623047,146700
2020-10-22,103.79000091552734,106.29000091552734,102.43000030517578,104.73999786376953,104.73999786376953,390100
2020-10-23,105.33999633789062,105.91000366210938,104.55999755859375,105.08000183105469,105.08000183105469,152600
2020-10-26,103.80999755859375,104.94000244140625,101.11000061035156,101.94000244140625,101.94000244140625,215400
2020-10-27,102.66000366210938,103.22000122070312,99.47000122070312,99.93000030517578,99.93000030517578,258000
2020-10-28,95.75,98.66999816894531,94.7699966430664,96.88999938964844,96.88999938964844,578800
2020-10-29,96.97000122070312,105.98999786376953,96.77999877929688,104.52999877929688,104.52999877929688,621100
2020-10-30,103.68000030517578,103.68000030517578,101.0,102.45999908447266,102.45999908447266,369700
2020-11-02,103.8499984741211,104.83000183105469,100.6500015258789,101.91000366210938,101.91000366210938,232500
2020-11-03,103.06999969482422,104.80999755859375,102.11000061035156,103.73999786376953,103.73999786376953,261300
2020-11-04,104.11000061035156,106.47000122070312,103.02999877929688,106.04000091552734,106.04000091552734,198200
2020-11-05,107.80000305175781,111.43000030517578,106.08000183105469,111.05999755859375,111.05999755859375,373700
2020-11-06,111.12999725341797,114.70999908447266,110.33999633789062,114.11000061035156,114.11000061035156,309400
2020-11-09,119.33999633789062,121.2699966430664,115.45999908447266,115.68000030517578,115.68000030517578,405200
2020-11-10,114.63999938964844,116.41999816894531,112.56999969482422,112.94999694824219,112.94999694824219,300200
2020-11-11,114.58999633789062,116.08000183105469,112.76000213623047,115.25,115.25,263200
2020-11-12,115.30999755859375,115.94000244140625,111.83000183105469,113.4000015258789,113.4000015258789,308000
2020-11-13,115.58000183105469,115.94999694824219,112.44000244140625,112.73999786376953,112.73999786376953,173600
2020-11-16,113.43000030517578,114.62000274658203,112.2699966430664,113.66999816894531,113.66999816894531,237000
2020-11-17,112.55999755859375,112.83999633789062,111.2300033569336,111.8499984741211,111.8499984741211,176600
2020-11-18,112.0199966430664,113.98999786376953,108.6500015258789,109.06999969482422,109.06999969482422,283100
2020-11-19,108.80000305175781,112.2699966430664,108.68000030517578,112.08000183105469,112.08000183105469,264300
2020-11-20,111.26000213623047,113.20999908447266,110.93000030517578,111.4000015258789,111.4000015258789,247800
2020-11-23,112.38999938964844,113.33999633789062,111.4800033569336,113.06999969482422,113.06999969482422,152300
2020-11-24,114.4000015258789,115.69999694824219,112.70999908447266,115.05000305175781,115.05000305175781,207200
2020-11-25,114.8499984741211,115.0199966430664,113.06999969482422,113.38999938964844,113.38999938964844,207000
2020-11-27,114.7300033569336,115.62000274658203,113.7300033569336,115.18000030517578,115.18000030517578,117900
2020-11-30,114.79000091552734,117.36000061035156,114.5,117.20999908447266,117.20999908447266,262800
2020-12-01,118.44000244140625,119.66999816894531,117.0199966430664,119.44999694824219,119.44999694824219,394800
2020-12-02,118.76000213623047,119.83000183105469,118.19000244140625,119.0,119.0,269000
2020-12-03,119.66999816894531,120.30000305175781,118.91999816894531,119.33999633789062,119.33999633789062,175500
2020-12-04,120.4000015258789,123.6500015258789,119.8499984741211,123.44000244140625,123.44000244140625,235400
2020-12-07,123.73999786376953,124.48999786376953,121.97000122070312,122.30000305175781,122.30000305175781,177300
2020-12-08,121.7699966430664,122.87999725341797,120.11000061035156,122.54000091552734,122.54000091552734,175400
2020-12-09,122.12999725341797,123.31999969482422,120.16999816894531,121.22000122070312,121.22000122070312,414900
2020-12-10,119.98999786376953,122.98999786376953,119.93000030517578,121.5199966430664,121.5199966430664,175400
2020-12-11,120.87000274658203,121.8499984741211,118.44999694824219,119.97000122070312,119.97000122070312,168700
2020-12-14,121.3499984741211,122.87999725341797,120.80000305175781,121.3499984741211,121.3499984741211,282100
2020-12-15,123.88999938964844,125.94000244140625,122.9000015258789,125.86000061035156,125.86000061035156,197100
2020-12-16,126.76000213623047,127.0,123.29000091552734,124.68000030517578,124.68000030517578,238400
2020-12-17,124.93000030517578,126.77999877929688,124.08000183105469,126.72000122070312,126.72000122070312,219800
2020-12-18,127.36000061035156,128.8800048828125,125.13999938964844,125.88999938964844,125.88999938964844,682700
2020-12-21,123.37999725341797,124.9000015258789,122.70999908447266,123.83999633789062,123.83999633789062,184200
2020-12-22,124.12000274658203,126.19000244140625,123.29000091552734,125.31999969482422,125.31999969482422,183700
2020-12-23,125.63999938964844,126.7300033569336,125.33999633789062,125.70999908447266,125.70999908447266,147000
2020-12-24,126.33000183105469,126.43000030517578,125.4000015258789,126.29000091552734,126.29000091552734,41500
2020-12-28,127.05999755859375,128.7899932861328,126.33000183105469,126.33000183105469,126.33000183105469,155500
2020-12-29,126.91000366210938,126.91000366210938,123.7699966430664,124.55999755859375,124.55999755859375,118500
2020-12-30,125.20999908447266,127.62999725341797,125.20999908447266,126.88999938964844,126.88999938964844,134900
2020-12-31,126.80000305175781,128.22000122070312,125.8499984741211,127.33999633789062,127.33999633789062,161000
2021-01-04,127.87999725341797,131.19000244140625,124.76000213623047,126.3499984741211,126.3499984741211,291300
2021-01-05,126.4800033569336,128.82000732421875,125.0199966430664,127.97000122070312,127.97000122070312,260700
2021-01-06,128.38999938964844,135.17999267578125,127.72000122070312,132.8800048828125,132.8800048828125,344100
2021-01-07,132.58999633789062,135.86000061035156,130.0,135.25999450683594,135.25999450683594,903400
2021-01-08,136.5399932861328,139.41000366210938,134.0,135.3000030517578,135.3000030517578,180200
2021-01-11,133.8699951171875,137.00999450683594,133.8699951171875,135.82000732421875,135.82000732421875,451900
2021-01-12,136.9199981689453,137.02999877929688,133.10000610351562,133.60000610351562,133.60000610351562,369200
2021-01-13,134.0,134.92999267578125,133.25,133.6300048828125,133.6300048828125,133500
2021-01-14,134.3800048828125,136.83999633789062,134.33999633789062,135.4499969482422,135.4499969482422,228200
2021-01-15,134.75,137.14999389648438,133.22000122070312,136.02999877929688,136.02999877929688,356400
2021-01-19,138.1199951171875,141.50999450683594,137.7100067138672,140.47000122070312,140.47000122070312,278100
2021-01-20,141.88999938964844,144.55999755859375,139.38999938964844,141.85000610351562,141.85000610351562,321500
2021-01-21,143.6300048828125,144.67999267578125,140.64999389648438,142.63999938964844,142.63999938964844,326000
2021-01-22,141.27999877929688,142.92999267578125,140.58999633789062,142.36000061035156,142.36000061035156,208300
2021-01-25,143.41000366210938,144.3300018310547,139.85000610351562,142.0399932861328,142.0399932861328,331500
2021-01-26,143.69000244140625,143.89999389648438,139.11000061035156,139.99000549316406,139.99000549316406,192500
2021-01-27,136.9199981689453,137.19000244140625,130.5,131.52999877929688,131.52999877929688,347900
2021-01-28,136.19000244140625,137.99000549316406,132.24000549316406,133.85000610351562,133.85000610351562,302900
2021-01-29,134.22999572753906,135.61000061035156,130.67999267578125,131.1699981689453,131.1699981689453,307000
2021-02-01,132.3000030517578,137.94000244140625,132.3000030517578,137.35000610351562,137.35000610351562,226900
2021-02-02,139.05999755859375,140.0,136.99000549316406,138.77000427246094,138.77000427246094,492100
2021-02-03,137.3800048828125,138.77999877929688,133.25999450683594,134.89999389648438,134.89999389648438,478500
2021-02-04,137.24000549316406,141.5800018310547,134.6999969482422,140.75999450683594,140.75999450683594,442600
2021-02-05,142.22999572753906,143.27999877929688,138.66000366210938,139.4600067138672,139.4600067138672,334300
2021-02-08,139.94000244140625,145.9199981689453,138.89999389648438,145.77000427246094,145.77000427246094,269300
2021-02-09,144.39999389648438,146.6300048828125,142.22999572753906,145.33999633789062,145.33999633789062,195200
2021-02-10,146.99000549316406,148.0,143.88999938964844,146.82000732421875,146.82000732421875,229400
2021-02-11,148.0500030517578,151.27000427246094,147.77000427246094,151.13999938964844,151.13999938964844,280900
2021-02-12,150.94000244140625,154.66000366210938,148.77000427246094,154.33999633789062,154.33999633789062,194600
2021-02-16,153.19000244140625,157.6300048828125,149.25999450683594,153.75,153.75,354000
2021-02-17,150.8699951171875,154.33999633789062,148.5399932861328,150.05999755859375,150.05999755859375,371200
2021-02-18,149.1199951171875,150.30999755859375,146.60000610351562,147.4600067138672,147.4600067138672,276700
2021-02-19,149.24000549316406,163.42999267578125,149.24000549316406,162.83999633789062,162.83999633789062,947800
2021-02-22,160.77000427246094,163.0399932861328,159.3000030517578,162.11000061035156,162.11000061035156,473700
2021-02-23,159.83999633789062,161.92999267578125,154.66000366210938,158.39999389648438,158.39999389648438,491300
2021-02-24,159.60000610351562,162.57000732421875,154.5399932861328,162.52999877929688,162.52999877929688,461900
2021-02-25,160.2100067138672,162.25,153.50999450683594,153.8800048828125,153.8800048828125,334900
2021-02-26,156.17999267578125,158.94000244140625,152.5,155.74000549316406,155.74000549316406,342700
2021-03-01,158.32000732421875,162.35000610351562,155.52000427246094,162.10000610351562,162.10000610351562,280200
2021-03-02,162.3300018310547,162.89999389648438,156.1999969482422,156.2100067138672,156.2100067138672,268400
2021-03-03,156.67999267578125,160.2899932861328,150.44000244140625,151.17999267578125,151.17999267578125,338800
2021-03-04,151.13999938964844,151.5399932861328,138.72999572753906,139.97000122070312,139.97000122070312,691500
2021-03-05,143.80999755859375,146.0399932861328,137.55999755859375,145.97999572753906,145.97999572753906,488300
2021-03-08,145.47000122070312,146.75,137.0,137.22999572753906,137.22999572753906,408400
2021-03-09,141.47999572753906,146.2899932861328,141.11000061035156,144.19000244140625,144.19000244140625,430600
2021-03-10,147.25,148.39999389648438,141.00999450683594,141.85000610351562,141.85000610351562,707700
2021-03-11,145.69000244140625,148.75,144.92999267578125,148.25,148.25,422100
2021-03-12,146.35000610351562,148.64999389648438,144.2899932861328,148.36000061035156,148.36000061035156,285000
2021-03-15,148.7100067138672,149.5500030517578,146.97999572753906,148.99000549316406,148.99000549316406,366500
2021-03-16,150.47999572753906,153.35000610351562,148.49000549316406,149.5399932861328,149.5399932861328,354000
2021-03-17,148.1300048828125,151.97000122070312,146.3000030517578,151.14999389648438,151.14999389648438,351500
2021-03-18,148.25,149.19000244140625,142.14999389648438,142.2899932861328,142.2899932861328,285900
2021-03-19,141.61000061035156,145.8800048828125,140.4199981689453,143.61000061035156,143.61000061035156,668200
2021-03-22,145.75999450683594,147.75999450683594,143.6999969482422,145.5500030517578,145.5500030517578,187500
2021-03-23,145.10000610351562,145.10000610351562,138.27000427246094,138.8300018310547,138.8300018310547,264900
2021-03-24,141.5,142.13999938964844,136.33999633789062,136.49000549316406,136.49000549316406,239500
2021-03-25,133.69000244140625,137.6999969482422,131.44000244140625,136.97999572753906,136.97999572753906,270800
2021-03-26,136.6699981689453,142.89999389648438,136.6699981689453,142.8300018310547,142.8300018310547,236200
2021-03-29,140.75999450683594,141.7899932861328,136.19000244140625,137.60000610351562,137.60000610351562,296100
2021-03-30,136.97999572753906,140.27999877929688,136.1999969482422,137.36000061035156,137.36000061035156,273800
2021-03-31,138.75999450683594,142.92999267578125,138.14999389648438,141.07000732421875,141.07000732421875,295200
2021-04-01,143.86000061035156,147.9199981689453,143.86000061035156,147.9199981689453,147.9199981689453,205200
2021-04-05,150.8699951171875,151.3000030517578,147.32000732421875,149.75,149.75,228100
2021-04-06,148.5800018310547,150.94000244140625,146.38999938964844,147.32000732421875,147.32000732421875,136200
2021-04-07,147.69000244140625,148.99000549316406,144.13999938964844,144.97999572753906,144.97999572753906,188700
2021-04-08,146.5,148.57000732421875,144.39999389648438,148.3000030517578,148.3000030517578,240700
2021-04-09,146.7100067138672,148.1199951171875,145.6300048828125,147.10000610351562,147.10000610351562,162200
2021-04-12,146.24000549316406,146.50999450683594,143.91000366210938,146.07000732421875,146.07000732421875,187900
2021-04-13,146.82000732421875,147.97999572753906,144.00999450683594,145.97000122070312,145.97000122070312,333600
2021-04-14,145.38999938964844,148.89999389648438,144.32000732421875,144.61000061035156,144.61000061035156,183400
2021-04-15,146.60000610351562,150.38999938964844,145.5,149.99000549316406,149.99000549316406,286000
2021-04-16,150.1699981689453,151.57000732421875,148.67999267578125,149.36000061035156,149.36000061035156,216700
2021-04-19,148.08999633789062,149.3800048828125,144.36000061035156,145.8800048828125,145.8800048828125,239000
2021-04-20,145.25,145.8800048828125,141.5,142.52999877929688,142.52999877929688,191000
2021-04-21,142.24000549316406,147.99000549316406,142.24000549316406,147.9499969482422,147.9499969482422,274800
2021-04-22,148.4199981689453,149.22000122070312,144.24000549316406,144.64999389648438,144.64999389648438,305200
2021-04-23,162.27999877929688,162.27999877929688,152.4499969482422,154.60000610351562,154.60000610351562,1313500
2021-04-26,154.27000427246094,158.52000427246094,154.00999450683594,154.47999572753906,154.47999572753906,325300
2021-04-27,155.50999450683594,155.94000244140625,150.42999267578125,150.6300048828125,150.6300048828125,386500
2021-04-28,150.4499969482422,156.33999633789062,146.7899932861328,149.61000061035156,149.61000061035156,286500
2021-04-29,142.89999389648438,147.8699951171875,141.5500030517578,145.52000427246094,145.52000427246094,504100
2021-04-30,142.55999755859375,143.6999969482422,140.57000732421875,140.9499969482422,140.9499969482422,443800
2021-05-03,142.2899932861328,142.30999755859375,136.52000427246094,136.77000427246094,136.77000427246094,336100
2021-05-04,134.83999633789062,135.75999450683594,131.77999877929688,133.33999633789062,133.33999633789062,395000
2021-05-05,134.0,135.64999389648438,132.0500030517578,132.89999389648438,132.89999389648438,244700
2021-05-06,132.1300048828125,132.9499969482422,129.41000366210938,132.80999755859375,132.80999755859375,244400
2021-05-07,134.50999450683594,136.4600067138672,133.55999755859375,135.22000122070312,135.22000122070312,331100
2021-05-10,133.85000610351562,133.91000366210938,127.29000091552734,127.5,127.5,410700
2021-05-11,121.18000030517578,130.7899932861328,121.18000030517578,129.25,129.25,356000
2021-05-12,126.73999786376953,128.32000732421875,122.47000122070312,122.93000030517578,122.93000030517578,469100
2021-05-13,125.36000061035156,127.25,122.56999969482422,123.37999725341797,123.37999725341797,443200
2021-05-14,124.7699966430664,126.69000244140625,122.83000183105469,125.27999877929688,125.27999877929688,494400
2021-05-17,123.29000091552734,125.27999877929688,122.5199966430664,124.41999816894531,124.41999816894531,340700
2021-05-18,125.29000091552734,126.69000244140625,124.0999984741211,124.19999694824219,124.19999694824219,374500
2021-05-19,120.1500015258789,127.26000213623047,120.1500015258789,126.30000305175781,126.30000305175781,310000
2021-05-20,127.83000183105469,129.3699951171875,126.33000183105469,128.69000244140625,128.69000244140625,385200
2021-05-21,130.11000061035156,130.86000061035156,128.57000732421875,129.13999938964844,129.13999938964844,289900
2021-05-24,130.38999938964844,132.5800018310547,128.10000610351562,132.08999633789062,132.08999633789062,274200
2021-05-25,133.10000610351562,133.72000122070312,131.3300018310547,132.39999389648438,132.39999389648438,330700
2021-05-26,132.4499969482422,134.52999877929688,132.22000122070312,134.1699981689453,134.1699981689453,213800
2021-05-27,134.2899932861328,137.75,134.25,135.8800048828125,135.8800048828125,326900
2021-05-28,136.63999938964844,137.6300048828125,135.99000549316406,136.55999755859375,136.55999755859375,170700
2021-06-01,137.2100067138672,137.92999267578125,134.0,135.92999267578125,135.92999267578125,193000
2021-06-02,135.5500030517578,136.77999877929688,133.60000610351562,135.38999938964844,135.38999938964844,217700
2021-06-03,133.86000061035156,134.6699981689453,132.60000610351562,132.75,132.75,201500
2021-06-04,134.24000549316406,136.69000244140625,133.4199981689453,135.17999267578125,135.17999267578125,231100
2021-06-07,134.8699951171875,135.3699951171875,133.10000610351562,134.36000061035156,134.36000061035156,211400
2021-06-08,135.52999877929688,136.3000030517578,132.75999450683594,134.60000610351562,134.60000610351562,180800
2021-06-09,135.55999755859375,135.5800018310547,133.69000244140625,134.2100067138672,134.2100067138672,231900
2021-06-10,134.64999389648438,137.6199951171875,133.57000732421875,137.39999389648438,137.39999389648438,250700
2021-06-11,138.0,138.94000244140625,136.83999633789062,138.88999938964844,138.88999938964844,165000
2021-06-14,139.0500030517578,142.5,137.4499969482422,142.36000061035156,142.36000061035156,361600
2021-06-15,141.97999572753906,143.72000122070312,140.47999572753906,141.0500030517578,141.0500030517578,261000
2021-06-16,141.52000427246094,142.39999389648438,138.27999877929688,140.0800018310547,140.0800018310547,249700
2021-06-17,139.4499969482422,143.64999389648438,139.4499969482422,142.24000549316406,142.24000549316406,386300
2021-06-18,140.85000610351562,143.72000122070312,137.61000061035156,140.97000122070312,140.97000122070312,956700
2021-06-21,141.47000122070312,141.5399932861328,138.83999633789062,141.3000030517578,141.3000030517578,319400
2021-06-22,140.77000427246094,143.0800018310547,140.4499969482422,143.02000427246094,143.02000427246094,230400
2021-06-23,143.72999572753906,145.0500030517578,143.22000122070312,144.4499969482422,144.4499969482422,392300
2021-06-24,146.24000549316406,147.57000732421875,145.19000244140625,147.30999755859375,147.30999755859375,337500
2021-06-25,147.80999755859375,148.72000122070312,146.5399932861328,147.0,147.0,385600
2021-06-28,148.1699981689453,151.74000549316406,146.97999572753906,151.35000610351562,151.35000610351562,303100
2021-06-29,151.27000427246094,153.4199981689453,150.69000244140625,153.22999572753906,153.22999572753906,263000
2021-06-30,153.5,154.13999938964844,151.94000244140625,153.25,153.25,324600
2021-07-01,153.27000427246094,154.0,151.2100067138672,151.8000030517578,151.8000030517578,338600
2021-07-02,152.8800048828125,152.8800048828125,151.02999877929688,152.5800018310547,152.5800018310547,137800
2021-07-06,152.9499969482422,152.97999572753906,150.05999755859375,152.55999755859375,152.55999755859375,195100
2021-07-07,152.97999572753906,153.69000244140625,148.74000549316406,149.91000366210938,149.91000366210938,205200
2021-07-08,146.7899932861328,148.08999633789062,145.0,146.49000549316406,146.49000549316406,315600
2021-07-09,147.22999572753906,150.2100067138672,146.2100067138672,149.42999267578125,149.42999267578125,219200
2021-07-12,150.22000122070312,150.60000610351562,147.8699951171875,149.75,149.75,182800
2021-07-13,148.49000549316406,149.5800018310547,146.8699951171875,148.69000244140625,148.69000244140625,158100
2021-07-14,150.39999389648438,151.47000122070312,146.6699981689453,147.35000610351562,147.35000610351562,228100
2021-07-15,146.85000610351562,146.85000610351562,143.0,144.32000732421875,144.32000732421875,215500
2021-07-16,145.4199981689453,146.5,140.07000732421875,140.22999572753906,140.22999572753906,295300
2021-07-19,136.47000122070312,141.1300048828125,136.47000122070312,140.5399932861328,140.5399932861328,190400
2021-07-20,141.74000549316406,144.19000244140625,139.9499969482422,143.17999267578125,143.17999267578125,291900
2021-07-21,143.92999267578125,147.6699981689453,140.8300018310547,147.66000366210938,147.66000366210938,259700
2021-07-22,146.39999389648438,147.52000427246094,143.91000366210938,144.11000061035156,144.11000061035156,285100
2021-07-23,144.17999267578125,145.8699951171875,143.2899932861328,145.64999389648438,145.64999389648438,200200
2021-07-26,145.1999969482422,146.57000732421875,142.50999450683594,142.89999389648438,142.89999389648438,248600
2021-07-27,141.80999755859375,141.80999755859375,135.25999450683594,138.0399932861328,138.0399932861328,382500
2021-07-28,134.5399932861328,143.52000427246094,134.5399932861328,142.4499969482422,142.4499969482422,311500
2021-07-29,141.4600067138672,145.47999572753906,141.27000427246094,144.4499969482422,144.4499969482422,352500
2021-07-30,143.0399932861328,149.05999755859375,143.0399932861328,148.99000549316406,148.99000549316406,316000
2021-08-02,155.1300048828125,157.16000366210938,154.2100067138672,155.02999877929688,155.02999877929688,795800
2021-08-03,155.97000122070312,157.25,154.49000549316406,155.89999389648438,155.89999389648438,591500
2021-08-04,155.75,157.91000366210938,155.14999389648438,157.1699981689453,157.1699981689453,374200
2021-08-05,158.36000061035156,159.5399932861328,157.07000732421875,158.02999877929688,158.02999877929688,347000
2021-08-06,156.77000427246094,158.92999267578125,156.77000427246094,157.6999969482422,157.6999969482422,323200
2021-08-09,158.39999389648438,158.39999389648438,155.72999572753906,156.52000427246094,156.52000427246094,274500
2021-08-10,157.22000122070312,159.11000061035156,155.35000610351562,158.64999389648438,158.64999389648438,308100
2021-08-11,159.0500030517578,159.0500030517578,156.3800048828125,158.6300048828125,158.6300048828125,296700
2021-08-12,158.3800048828125,158.3800048828125,156.5,157.4199981689453,157.4199981689453,249300
2021-08-13,157.30999755859375,158.75999450683594,156.97999572753906,158.63999938964844,158.63999938964844,226000
2021-08-16,157.74000549316406,158.17999267578125,156.6999969482422,157.7899932861328,157.7899932861328,390200
2021-08-17,156.47000122070312,157.25999450683594,154.6999969482422,155.63999938964844,155.63999938964844,679200
2021-08-18,155.3000030517578,157.1199951171875,154.2100067138672,155.11000061035156,155.11000061035156,592800
2021-08-19,154.82000732421875,157.2899932861328,154.0,155.25,155.25,443200
2021-08-20,155.3300018310547,158.0,155.00999450683594,157.77999877929688,157.77999877929688,558300
2021-08-23,158.0,159.0500030517578,157.2100067138672,158.0,158.0,782100
2021-08-24,158.6699981689453,159.2899932861328,157.75,157.8800048828125,157.8800048828125,711500
2021-08-25,158.41000366210938,159.49000549316406,158.05999755859375,158.6999969482422,158.6999969482422,722100
2021-08-26,158.6999969482422,159.19000244140625,158.0,158.64999389648438,158.64999389648438,573100
2021-08-27,159.0,160.13999938964844,158.75,160.08999633789062,160.08999633789062,888600
2021-08-30,160.36000061035156,160.60000610351562,159.3699951171875,160.14999389648438,160.14999389648438,678700
2021-08-31,160.88999938964844,160.88999938964844,156.2100067138672,157.6199951171875,157.6199951171875,735900
2021-09-01,157.66000366210938,160.72999572753906,156.44000244140625,159.0,159.0,1164300
2021-09-02,160.27000427246094,160.27000427246094,156.9600067138672,157.7899932861328,157.7899932861328,894000
2021-09-03,157.1999969482422,158.52000427246094,156.6300048828125,156.82000732421875,156.82000732421875,290800
2021-09-07,156.55999755859375,157.74000549316406,147.97999572753906,148.02999877929688,148.02999877929688,951900
2021-09-08,147.3699951171875,149.5,143.47999572753906,143.7899932861328,143.7899932861328,516700
2021-09-09,143.63999938964844,146.6999969482422,143.05999755859375,144.50999450683594,144.50999450683594,337900
2021-09-10,145.3300018310547,147.8300018310547,144.1300048828125,144.16000366210938,144.16000366210938,356800
2021-09-13,145.14999389648438,146.47999572753906,144.0,145.57000732421875,145.57000732421875,411900
2021-09-14,146.30999755859375,146.30999755859375,143.0500030517578,143.5399932861328,143.5399932861328,201400
2021-09-15,143.14999389648438,144.5800018310547,142.67999267578125,144.5500030517578,144.5500030517578,332700
2021-09-16,143.6699981689453,147.5500030517578,142.83999633789062,146.6699981689453,146.6699981689453,249800
2021-09-17,146.80999755859375,146.80999755859375,143.60000610351562,144.1699981689453,144.1699981689453,648100
2021-09-20,141.2899932861328,143.32000732421875,139.30999755859375,141.19000244140625,141.19000244140625,332900
2021-09-21,141.85000610351562,142.5399932861328,139.5399932861328,141.02000427246094,141.02000427246094,246600
2021-09-22,141.17999267578125,145.7899932861328,141.17999267578125,145.4199981689453,145.4199981689453,300100
2021-09-23,146.27999877929688,148.60000610351562,145.5,146.82000732421875,146.82000732421875,239800
2021-09-24,145.55999755859375,147.38999938964844,145.2899932861328,146.1199951171875,146.1199951171875,155200
2021-09-27,144.85000610351562,147.1699981689453,143.74000549316406,146.13999938964844,146.13999938964844,243600
2021-09-28,143.9600067138672,144.47999572753906,140.10000610351562,140.8000030517578,140.8000030517578,611900
2021-09-29,140.2100067138672,141.69000244140625,139.27999877929688,140.5800018310547,140.5800018310547,577100
2021-09-30,141.72999572753906,142.75999450683594,140.14999389648438,140.16000366210938,140.16000366210938,231400
2021-10-01,141.0500030517578,142.3699951171875,138.72000122070312,140.33999633789062,140.33999633789062,257900
2021-10-04,139.67999267578125,140.75,136.4499969482422,136.8300018310547,136.8300018310547,264400
2021-10-05,138.02999877929688,139.05999755859375,137.3000030517578,137.42999267578125,137.42999267578125,201600
2021-10-06,135.66000366210938,138.08999633789062,135.0500030517578,136.5399932861328,136.5399932861328,424900
2021-10-07,137.27999877929688,140.77000427246094,137.27999877929688,139.19000244140625,139.19000244140625,285600
2021-10-08,139.16000366210938,140.24000549316406,138.22999572753906,138.83999633789062,138.83999633789062,177000
2021-10-11,138.25,140.5,138.25,138.52000427246094,138.52000427246094,188500
2021-10-12,139.41000366210938,139.82000732421875,137.55999755859375,138.5800018310547,138.5800018310547,178000
2021-10-13,139.05999755859375,140.58999633789062,139.05999755859375,139.89999389648438,139.89999389648438,212000
2021-10-14,142.44000244140625,147.3000030517578,141.8699951171875,144.97999572753906,144.97999572753906,180500
2021-10-15,146.85000610351562,147.94000244140625,145.27000427246094,146.69000244140625,146.69000244140625,273000
2021-10-18,145.50999450683594,148.60000610351562,145.1699981689453,148.2100067138672,148.2100067138672,182300
2021-10-19,148.91000366210938,150.69000244140625,146.9199981689453,149.4499969482422,149.4499969482422,359500
2021-10-20,149.36000061035156,150.5,149.1300048828125,149.7100067138672,149.7100067138672,152600
2021-10-21,149.1300048828125,152.7899932861328,147.27999877929688,152.6300048828125,152.6300048828125,143300
2021-10-22,152.6199951171875,154.10000610351562,150.92999267578125,151.50999450683594,151.50999450683594,126400
2021-10-25,151.3699951171875,154.3699951171875,151.3699951171875,153.44000244140625,153.44000244140625,102500
2021-10-26,154.89999389648438,155.3000030517578,153.38999938964844,154.86000061035156,154.86000061035156,335100
2021-10-27,162.27999877929688,189.38999938964844,161.2100067138672,184.05999755859375,184.05999755859375,2459700
2021-10-28,188.4499969482422,193.66000366210938,178.77999877929688,186.3000030517578,186.3000030517578,1083700
2021-10-29,185.9600067138672,191.99000549316406,185.0,188.75999450683594,188.75999450683594,565000
2021-11-01,188.36000061035156,193.52000427246094,185.69000244140625,193.1699981689453,193.1699981689453,433900
2021-11-02,191.9600067138672,199.4600067138672,191.36000061035156,198.52999877929688,198.52999877929688,629200
2021-11-03,199.58999633789062,200.97000122070312,195.33999633789062,198.9499969482422,198.9499969482422,449800
2021-11-04,200.0,204.7899932861328,199.52999877929688,203.0,203.0,467300
2021-11-05,205.72999572753906,207.13999938964844,199.1999969482422,200.05999755859375,200.05999755859375,382200
2021-11-08,201.27000427246094,205.6199951171875,200.6699981689453,202.6199951171875,202.6199951171875,318000
2021-11-09,203.49000549316406,205.7100067138672,198.05999755859375,198.38999938964844,198.38999938964844,295600
2021-11-10,196.5,199.9600067138672,194.1999969482422,195.11000061035156,195.11000061035156,360300
2021-11-11,197.27999877929688,203.1300048828125,197.27999877929688,202.3800048828125,202.3800048828125,449400
2021-11-12,205.22999572753906,206.3800048828125,202.72000122070312,202.97999572753906,202.97999572753906,200500
2021-11-15,204.1699981689453,208.0,203.3800048828125,206.94000244140625,206.94000244140625,243300
2021-11-16,205.4499969482422,210.97999572753906,204.47000122070312,210.10000610351562,210.10000610351562,289000
2021-11-17,209.14999389648438,210.22000122070312,205.42999267578125,206.1300048828125,206.1300048828125,294500
2021-11-18,207.8000030517578,209.97999572753906,203.49000549316406,204.36000061035156,204.36000061035156,461600
2021-11-19,204.0,208.27999877929688,204.0,205.25,205.25,279200
2021-11-22,206.50999450683594,209.60000610351562,198.17999267578125,198.91000366210938,198.91000366210938,484600
2021-11-23,199.89999389648438,204.52000427246094,196.11000061035156,198.00999450683594,198.00999450683594,481900
2021-11-24,195.39999389648438,198.8699951171875,194.22999572753906,197.77000427246094,197.77000427246094,352700
2021-11-26,193.3000030517578,197.16000366210938,192.17999267578125,192.63999938964844,192.63999938964844,184100
2021-11-29,195.4600067138672,198.72000122070312,193.35000610351562,198.02999877929688,198.02999877929688,321300
2021-11-30,196.47000122070312,199.7899932861328,194.69000244140625,196.27000427246094,196.27000427246094,458300
2021-12-01,199.38999938964844,202.2100067138672,189.66000366210938,195.47999572753906,195.47999572753906,336100
2021-12-02,195.16000366210938,199.61000061035156,193.9499969482422,197.57000732421875,197.57000732421875,319800
2021-12-03,199.33999633789062,202.02000427246094,190.66000366210938,193.13999938964844,193.13999938964844,405400
2021-12-06,194.4499969482422,195.35000610351562,187.32000732421875,193.2899932861328,193.2899932861328,465000
2021-12-07,195.97999572753906,203.38999938964844,195.83999633789062,202.36000061035156,202.36000061035156,305200
2021-12-08,200.75,205.3000030517578,198.9199981689453,204.77000427246094,204.77000427246094,251000
2021-12-09,202.1999969482422,206.83999633789062,198.58999633789062,201.1300048828125,201.1300048828125,214200
2021-12-10,203.86000061035156,204.8300018310547,199.94000244140625,201.38999938964844,201.38999938964844,258500
2021-12-13,201.05999755859375,203.05999755859375,199.17999267578125,199.77999877929688,199.77999877929688,396500
2021-12-14,196.80999755859375,199.67999267578125,195.1199951171875,197.5800018310547,197.5800018310547,287400
2021-12-15,198.41000366210938,203.69000244140625,193.36000061035156,203.44000244140625,203.44000244140625,311200
2021-12-16,203.25999450683594,204.2899932861328,194.5500030517578,196.91000366210938,196.91000366210938,332900
2021-12-17,195.82000732421875,200.4499969482422,194.02000427246094,197.8699951171875,197.8699951171875,1429400
2021-12-20,194.4600067138672,198.82000732421875,192.99000549316406,196.14999389648438,196.14999389648438,277500
2021-12-21,202.25,203.97999572753906,197.14999389648438,198.3300018310547,198.3300018310547,201400
2021-12-22,196.75999450683594,201.77999877929688,196.16000366210938,201.77999877929688,201.77999877929688,230900
2021-12-23,202.4499969482422,207.33999633789062,201.38999938964844,205.1300048828125,205.1300048828125,228100
2021-12-27,205.3000030517578,209.24000549316406,205.02000427246094,208.07000732421875,208.07000732421875,230700
2021-12-28,208.63999938964844,209.47000122070312,204.69000244140625,204.97000122070312,204.97000122070312,257400
2021-12-29,205.5399932861328,207.9600067138672,203.50999450683594,206.99000549316406,206.99000549316406,193800
2021-12-30,207.24000549316406,210.6999969482422,206.05999755859375,206.19000244140625,206.19000244140625,227200
2021-12-31,206.10000610351562,208.91000366210938,205.75,206.4199981689453,206.4199981689453,178600
2022-01-03,207.74000549316406,211.97999572753906,202.0399932861328,204.50999450683594,204.50999450683594,328700
2022-01-04,204.80999755859375,207.07000732421875,199.08999633789062,205.33999633789062,205.33999633789062,267200
2022-01-05,205.02999877929688,206.16000366210938,196.1199951171875,196.69000244140625,196.69000244140625,398200
2022-01-06,196.25,200.1199951171875,194.3699951171875,197.27000427246094,197.27000427246094,340500
2022-01-07,196.5500030517578,198.22000122070312,187.27000427246094,188.52999877929688,188.52999877929688,452600
2022-01-10,184.63999938964844,188.0500030517578,181.72999572753906,187.67999267578125,187.67999267578125,399100
2022-01-11,187.64999389648438,191.52999877929688,185.6999969482422,188.86000061035156,188.86000061035156,259200
2022-01-12,191.55999755859375,193.17999267578125,188.2100067138672,189.5,189.5,227400
2022-01-13,191.66000366210938,194.75999450683594,185.7899932861328,186.5,186.5,285400
2022-01-14,184.67999267578125,189.52999877929688,184.17999267578125,187.30999755859375,187.30999755859375,195800
2022-01-18,183.80999755859375,184.25,174.50999450683594,175.27000427246094,175.27000427246094,425200
2022-01-19,176.3300018310547,179.92999267578125,167.3000030517578,167.39999389648438,167.39999389648438,334600
2022-01-20,168.1999969482422,170.4600067138672,162.8300018310547,162.94000244140625,162.94000244140625,307000
2022-01-21,160.97999572753906,168.67999267578125,160.9199981689453,162.3000030517578,162.3000030517578,408400
2022-01-24,159.7899932861328,165.50999450683594,153.8699951171875,165.3000030517578,165.3000030517578,301000
2022-01-25,161.89999389648438,161.89999389648438,155.0800018310547,156.67999267578125,156.67999267578125,257400
2022-01-26,161.41000366210938,164.8800048828125,156.1699981689453,158.32000732421875,158.32000732421875,274100
2022-01-27,160.86000061035156,162.0800018310547,150.58999633789062,150.63999938964844,150.63999938964844,548900
2022-01-28,150.86000061035156,156.08999633789062,146.9499969482422,156.05999755859375,156.05999755859375,280800
2022-01-31,156.92999267578125,165.47999572753906,156.66000366210938,165.19000244140625,165.19000244140625,402800
2022-02-01,165.24000549316406,165.97999572753906,161.92999267578125,165.4199981689453,165.4199981689453,580400
2022-02-02,180.88999938964844,183.0,164.30999755859375,170.27000427246094,170.27000427246094,883700
2022-02-03,165.25999450683594,167.3800048828125,159.55999755859375,159.9199981689453,159.9199981689453,399600
2022-02-04,157.72999572753906,162.60000610351562,155.92999267578125,160.05999755859375,160.05999755859375,347800
2022-02-07,159.1999969482422,162.3300018310547,155.42999267578125,155.64999389648438,155.64999389648438,436900
2022-02-08,154.4199981689453,160.86000061035156,154.02999877929688,160.44000244140625,160.44000244140625,362900
2022-02-09,163.22000122070312,164.35000610351562,160.44000244140625,163.27000427246094,163.27000427246094,252200
2022-02-10,158.5500030517578,163.5500030517578,155.38999938964844,156.39999389648438,156.39999389648438,293300
2022-02-11,157.10000610351562,157.97000122070312,147.72000122070312,149.6199951171875,149.6199951171875,326200
2022-02-14,150.75,155.3300018310547,148.22000122070312,152.3699951171875,152.3699951171875,278800
2022-02-15,155.1300048828125,161.4600067138672,155.1300048828125,160.97000122070312,160.97000122070312,303200
2022-02-16,157.97999572753906,160.7899932861328,157.02999877929688,160.41000366210938,160.41000366210938,303700
2022-02-17,157.74000549316406,158.49000549316406,152.27000427246094,152.41000366210938,152.41000366210938,290600
2022-02-18,152.25,154.77000427246094,149.08999633789062,151.16000366210938,151.16000366210938,258500
2022-02-22,148.9499969482422,153.38999938964844,148.82000732421875,150.39999389648438,150.39999389648438,323700
2022-02-23,151.91000366210938,152.7100067138672,146.5399932861328,146.9199981689453,146.9199981689453,300000
2022-02-24,141.66000366210938,154.16000366210938,141.19000244140625,153.91000366210938,153.91000366210938,401000
2022-02-25,154.38999938964844,154.38999938964844,150.39999389648438,153.75999450683594,153.75999450683594,318400
2022-02-28,152.25999450683594,155.72000122070312,150.66000366210938,153.7100067138672,153.7100067138672,371700
2022-03-01,152.7899932861328,153.97000122070312,146.4499969482422,148.5500030517578,148.5500030517578,739300
2022-03-02,150.35000610351562,150.8800048828125,146.24000549316406,147.47000122070312,147.47000122070312,698700
2022-03-03,148.91000366210938,148.91000366210938,143.42999267578125,144.67999267578125,144.67999267578125,463300
2022-03-04,142.82000732421875,145.05999755859375,138.6999969482422,140.52999877929688,140.52999877929688,532800
2022-03-07,143.05999755859375,143.05999755859375,137.92999267578125,138.75999450683594,138.75999450683594,619500
2022-03-08,139.1699981689453,146.94000244140625,138.6300048828125,141.33999633789062,141.33999633789062,548200
2022-03-09,145.0,145.63999938964844,140.35000610351562,141.02000427246094,141.02000427246094,580800
2022-03-10,137.83999633789062,143.9199981689453,137.58999633789062,140.72999572753906,140.72999572753906,419800
2022-03-11,142.99000549316406,142.99000549316406,137.41000366210938,137.67999267578125,137.67999267578125,474600
2022-03-14,137.14999389648438,137.50999450683594,130.9600067138672,133.8000030517578,133.8000030517578,586400
2022-03-15,134.7100067138672,140.1199951171875,132.89999389648438,139.82000732421875,139.82000732421875,671100
2022-03-16,141.8699951171875,147.00999450683594,140.86000061035156,146.8300018310547,146.8300018310547,441000
2022-03-17,145.27000427246094,149.94000244140625,143.13999938964844,149.94000244140625,149.94000244140625,515000
2022-03-18,147.42999267578125,155.52000427246094,147.42999267578125,155.35000610351562,155.35000610351562,1130200
2022-03-21,154.6699981689453,155.77999877929688,151.13999938964844,153.00999450683594,153.00999450683594,541700
2022-03-22,152.42999267578125,153.91000366210938,149.9600067138672,152.55999755859375,152.55999755859375,339900
2022-03-23,151.3300018310547,152.92999267578125,148.6999969482422,149.19000244140625,149.19000244140625,389100
2022-03-24,150.9499969482422,153.72999572753906,147.4600067138672,153.4600067138672,153.4600067138672,396900
2022-03-25,153.66000366210938,153.66000366210938,149.74000549316406,152.02999877929688,152.02999877929688,270400
2022-03-28,151.35000610351562,153.97000122070312,148.2899932861328,152.30999755859375,152.30999755859375,244000
2022-03-29,155.11000061035156,158.22000122070312,154.02000427246094,157.2899932861328,157.2899932861328,317300
2022-03-30,155.94000244140625,157.91000366210938,150.61000061035156,151.91000366210938,151.91000366210938,302600
2022-03-31,151.67999267578125,153.47999572753906,149.8300018310547,150.1999969482422,150.1999969482422,341100
2022-04-01,150.7100067138672,151.74000549316406,146.47000122070312,148.83999633789062,148.83999633789062,335200
2022-04-04,149.6199951171875,152.30999755859375,149.6199951171875,151.3699951171875,151.3699951171875,185400
2022-04-05,149.6199951171875,150.6300048828125,142.58999633789062,143.14999389648438,143.14999389648438,308900
2022-04-06,140.47999572753906,141.8000030517578,137.99000549316406,139.11000061035156,139.11000061035156,616400
2022-04-07,138.33999633789062,143.1300048828125,137.7100067138672,140.83999633789062,140.83999633789062,585400
2022-04-08,139.39999389648438,140.3000030517578,136.75999450683594,136.94000244140625,136.94000244140625,458500
2022-04-11,135.0399932861328,138.49000549316406,132.94000244140625,133.2100067138672,133.2100067138672,629400
2022-04-12,136.4199981689453,138.1300048828125,133.47000122070312,133.86000061035156,133.86000061035156,502300
2022-04-13,134.05999755859375,138.64999389648438,133.0500030517578,138.00999450683594,138.00999450683594,463800
2022-04-14,138.52999877929688,138.9199981689453,132.47999572753906,132.72999572753906,132.72999572753906,235300
2022-04-18,132.0,135.42999267578125,131.9199981689453,134.60000610351562,134.60000610351562,249600
2022-04-19,133.9600067138672,136.19000244140625,133.00999450683594,135.08999633789062,135.08999633789062,366500
2022-04-20,137.89999389648438,138.5,132.8699951171875,133.22999572753906,133.22999572753906,230200
2022-04-21,135.27999877929688,136.24000549316406,129.1199951171875,129.85000610351562,129.85000610351562,449300
2022-04-22,129.60000610351562,130.9499969482422,126.56999969482422,127.22000122070312,127.22000122070312,310300
2022-04-25,126.58000183105469,130.7100067138672,124.77999877929688,130.6199951171875,130.6199951171875,423000
2022-04-26,129.60000610351562,129.9499969482422,126.23999786376953,127.27999877929688,127.27999877929688,589300
2022-04-27,131.50999450683594,141.49000549316406,131.50999450683594,132.60000610351562,132.60000610351562,1169500
2022-04-28,135.60000610351562,138.66000366210938,131.2899932861328,138.1199951171875,138.1199951171875,418300
2022-04-29,136.2100067138672,141.24000549316406,134.33999633789062,134.91000366210938,134.91000366210938,325900
2022-05-02,135.0800018310547,141.16000366210938,135.0800018310547,140.94000244140625,140.94000244140625,360600
2022-05-03,140.24000549316406,141.63999938964844,137.77999877929688,139.11000061035156,139.11000061035156,294800
2022-05-04,139.0,144.10000610351562,136.4499969482422,143.69000244140625,143.69000244140625,411600
2022-05-05,140.8300018310547,140.94000244140625,137.3699951171875,139.02999877929688,139.02999877929688,504400
2022-05-06,138.17999267578125,141.0800018310547,134.75999450683594,138.89999389648438,138.89999389648438,452400
2022-05-09,136.4199981689453,140.52999877929688,134.6199951171875,135.47000122070312,135.47000122070312,541300
2022-05-10,138.36000061035156,141.07000732421875,135.52000427246094,139.27999877929688,139.27999877929688,463700
2022-05-11,137.97999572753906,141.91000366210938,135.72000122070312,136.0800018310547,136.0800018310547,429900
2022-05-12,135.25,140.0800018310547,133.75,137.4499969482422,137.4499969482422,648300
2022-05-13,139.75999450683594,144.50999450683594,138.9199981689453,143.6199951171875,143.6199951171875,332300
2022-05-16,142.42999267578125,143.0,138.77999877929688,139.5500030517578,139.5500030517578,375000
2022-05-17,142.35000610351562,144.7100067138672,140.13999938964844,142.13999938964844,142.13999938964844,382400
2022-05-18,139.14999389648438,142.3300018310547,137.6999969482422,138.5,138.5,470800
2022-05-19,137.77000427246094,142.44000244140625,137.0399932861328,139.3300018310547,139.3300018310547,376800
2022-05-20,141.72000122070312,141.8800048828125,135.8000030517578,140.4499969482422,140.4499969482422,538000
2022-05-23,139.6699981689453,141.0800018310547,137.11000061035156,139.0800018310547,139.0800018310547,464600
2022-05-24,136.61000061035156,139.27999877929688,134.39999389648438,137.92999267578125,137.92999267578125,420200
2022-05-25,136.8000030517578,142.16000366210938,136.8000030517578,141.47999572753906,141.47999572753906,396700
2022-05-26,142.1300048828125,149.17999267578125,141.50999450683594,147.99000549316406,147.99000549316406,365200
2022-05-27,149.89999389648438,153.83999633789062,148.94000244140625,153.41000366210938,153.41000366210938,263500
2022-05-31,152.3300018310547,153.67999267578125,148.42999267578125,149.16000366210938,149.16000366210938,531300
2022-06-01,149.82000732421875,151.47000122070312,146.77000427246094,148.32000732421875,148.32000732421875,441300
2022-06-02,147.74000549316406,152.66000366210938,147.74000549316406,152.52000427246094,152.52000427246094,253200
2022-06-03,149.7100067138672,151.25999450683594,147.8000030517578,148.47999572753906,148.47999572753906,219100
2022-06-06,149.3800048828125,152.3300018310547,148.82000732421875,149.72000122070312,149.72000122070312,309300
2022-06-07,147.5800018310547,151.0,147.0500030517578,150.52999877929688,150.52999877929688,236400
2022-06-08,150.4499969482422,150.91000366210938,146.6199951171875,147.02999877929688,147.02999877929688,233300
2022-06-09,144.82000732421875,149.22000122070312,142.85000610351562,143.00999450683594,143.00999450683594,355200
2022-06-10,140.27999877929688,143.2899932861328,138.11000061035156,139.85000610351562,139.85000610351562,296800
2022-06-13,136.1199951171875,138.27000427246094,133.1199951171875,133.89999389648438,133.89999389648438,496300
2022-06-14,134.72999572753906,138.6300048828125,133.36000061035156,138.36000061035156,138.36000061035156,476300
2022-06-15,140.10000610351562,142.9199981689453,137.97999572753906,141.1199951171875,141.1199951171875,422000
2022-06-16,137.14999389648438,138.10000610351562,130.05999755859375,131.2100067138672,131.2100067138672,595300
2022-06-17,132.05999755859375,137.35000610351562,131.8699951171875,135.6999969482422,135.6999969482422,866900
2022-06-21,138.4600067138672,140.69000244140625,136.2899932861328,139.5500030517578,139.5500030517578,358800
2022-06-22,137.1699981689453,140.5500030517578,136.16000366210938,140.33999633789062,140.33999633789062,356000
2022-06-23,141.47999572753906,141.60000610351562,138.67999267578125,140.25,140.25,255800
2022-06-24,141.3699951171875,145.75999450683594,141.3699951171875,145.0800018310547,145.0800018310547,661400
2022-06-27,146.86000061035156,146.94000244140625,143.63999938964844,144.97000122070312,144.97000122070312,198600
2022-06-28,144.8800048828125,147.83999633789062,143.33999633789062,143.5800018310547,143.5800018310547,182600
2022-06-29,142.1999969482422,142.60000610351562,139.0800018310547,140.91000366210938,140.91000366210938,394400
2022-06-30,138.9199981689453,141.5,138.14999389648438,140.22000122070312,140.22000122070312,328300
2022-07-01,138.6999969482422,138.8000030517578,128.00999450683594,128.38999938964844,128.38999938964844,710900
2022-07-05,123.47000122070312,126.27999877929688,114.5199966430664,119.29000091552734,119.29000091552734,1086500
2022-07-06,119.4000015258789,122.58000183105469,117.77999877929688,121.33000183105469,121.33000183105469,545800
2022-07-07,122.72000122070312,128.60000610351562,122.72000122070312,127.47000122070312,127.47000122070312,416000
2022-07-08,126.2300033569336,129.1699981689453,125.06999969482422,128.8000030517578,128.8000030517578,251000
2022-07-11,126.5199966430664,126.76000213623047,123.81999969482422,124.19000244140625,124.19000244140625,216500
2022-07-12,124.66999816894531,126.3499984741211,122.5,124.75,124.75,240300
2022-07-13,121.97000122070312,126.04000091552734,121.01000213623047,124.66000366210938,124.66000366210938,153400
2022-07-14,124.08000183105469,128.52999877929688,123.19000244140625,127.9000015258789,127.9000015258789,226200
2022-07-15,130.0,130.25999450683594,127.62000274658203,129.80999755859375,129.80999755859375,256000
2022-07-18,131.5,132.17999267578125,128.02999877929688,128.50999450683594,128.50999450683594,152400
2022-07-19,130.27999877929688,136.97000122070312,129.69000244140625,136.9199981689453,136.9199981689453,302600
2022-07-20,136.80999755859375,143.1199951171875,135.97999572753906,142.72000122070312,142.72000122070312,558700
2022-07-21,143.67999267578125,144.1999969482422,140.91000366210938,144.19000244140625,144.19000244140625,203200
2022-07-22,143.8300018310547,143.8300018310547,138.8000030517578,140.33999633789062,140.33999633789062,307500
2022-07-25,139.66000366210938,139.66000366210938,137.02999877929688,139.0800018310547,139.0800018310547,223900
2022-07-26,138.07000732421875,140.69000244140625,137.99000549316406,138.5399932861328,138.5399932861328,276600
2022-07-27,146.57000732421875,149.83999633789062,140.25,149.25,149.25,624800
2022-07-28,147.25,148.60000610351562,142.4499969482422,147.69000244140625,147.69000244140625,395900
2022-07-29,146.91000366210938,148.75,145.6999969482422,147.47999572753906,147.47999572753906,305300
2022-08-01,146.13999938964844,150.97999572753906,146.13999938964844,148.74000549316406,148.74000549316406,329600
2022-08-02,147.24000549316406,152.25,147.24000549316406,150.00999450683594,150.00999450683594,245100
2022-08-03,149.8000030517578,153.2100067138672,149.61000061035156,152.47000122070312,152.47000122070312,292400
2022-08-04,152.5800018310547,154.69000244140625,151.99000549316406,154.27999877929688,154.27999877929688,377200
2022-08-05,152.27000427246094,154.7899932861328,149.3000030517578,152.3000030517578,152.3000030517578,207600
2022-08-08,151.6199951171875,152.8800048828125,147.57000732421875,150.67999267578125,150.67999267578125,217500
2022-08-09,148.3800048828125,149.2100067138672,140.61000061035156,141.6199951171875,141.6199951171875,401900
2022-08-10,144.8000030517578,147.41000366210938,142.6699981689453,146.61000061035156,146.61000061035156,259600
2022-08-11,146.0,147.4499969482422,143.2100067138672,143.3800048828125,143.3800048828125,395800
2022-08-12,144.47999572753906,147.4199981689453,143.66000366210938,146.83999633789062,146.83999633789062,252000
2022-08-15,145.7899932861328,148.25999450683594,145.0,146.9199981689453,146.9199981689453,205800
2022-08-16,146.27999877929688,146.4499969482422,143.9199981689453,144.5399932861328,144.5399932861328,190600
2022-08-17,142.94000244140625,143.10000610351562,138.86000061035156,140.42999267578125,140.42999267578125,280600
2022-08-18,140.58999633789062,145.5500030517578,140.38999938964844,144.27000427246094,144.27000427246094,526200
2022-08-19,141.9199981689453,142.67999267578125,137.69000244140625,138.0399932861328,138.0399932861328,260200
2022-08-22,135.4499969482422,136.27999877929688,131.67999267578125,133.02999877929688,133.02999877929688,359500
2022-08-23,133.2100067138672,136.39999389648438,132.22999572753906,133.74000549316406,133.74000549316406,322500
2022-08-24,133.1999969482422,135.33999633789062,132.6199951171875,134.41000366210938,134.41000366210938,202000
2022-08-25,135.14999389648438,139.89999389648438,134.6199951171875,137.64999389648438,137.64999389648438,621100
2022-08-26,137.80999755859375,137.80999755859375,130.33999633789062,130.66000366210938,130.66000366210938,274500
2022-08-29,132.14999389648438,133.67999267578125,129.5,130.0399932861328,130.0399932861328,359100
2022-08-30,130.77000427246094,131.27999877929688,127.88999938964844,129.41000366210938,129.41000366210938,299200
2022-08-31,129.50999450683594,129.67999267578125,125.19999694824219,125.33000183105469,125.33000183105469,532500
2022-09-01,122.16000366210938,122.98999786376953,113.4800033569336,118.31999969482422,118.31999969482422,957000
2022-09-02,119.9800033569336,121.41999816894531,116.9000015258789,117.48999786376953,117.48999786376953,557300
2022-09-06,116.72000122070312,119.16999816894531,115.58000183105469,117.29000091552734,117.29000091552734,464000
2022-09-07,117.04000091552734,120.11000061035156,116.0999984741211,118.77999877929688,118.77999877929688,482900
2022-09-08,117.97000122070312,126.5,117.6500015258789,126.11000061035156,126.11000061035156,1121400
2022-09-09,127.4000015258789,131.6199951171875,127.4000015258789,129.5,129.5,554800
2022-09-12,130.1699981689453,131.75,128.9600067138672,131.02999877929688,131.02999877929688,487100
2022-09-13,125.94000244140625,130.33999633789062,125.94000244140625,127.33000183105469,127.33000183105469,506100
2022-09-14,127.6500015258789,132.6199951171875,126.9000015258789,129.9600067138672,129.9600067138672,664800
2022-09-15,129.52000427246094,134.25999450683594,128.89999389648438,130.11000061035156,130.11000061035156,819100
2022-09-16,129.6300048828125,131.3300018310547,127.69999694824219,129.47000122070312,129.47000122070312,1824400
2022-09-19,127.2300033569336,130.41000366210938,127.08999633789062,129.22999572753906,129.22999572753906,396500
2022-09-20,128.33999633789062,128.86000061035156,124.7300033569336,126.18000030517578,126.18000030517578,482200
2022-09-21,126.62999725341797,132.1999969482422,126.29000091552734,127.68000030517578,127.68000030517578,325600
2022-09-22,127.55999755859375,127.55999755859375,122.27999877929688,123.0199966430664,123.0199966430664,514200
2022-09-23,120.94000244140625,123.01000213623047,119.2699966430664,122.94000244140625,122.94000244140625,418300
2022-09-26,122.91999816894531,126.3499984741211,122.80000305175781,123.27999877929688,123.27999877929688,442400
2022-09-27,125.41999816894531,126.31999969482422,122.73999786376953,126.19999694824219,126.19999694824219,376600
2022-09-28,125.08999633789062,127.68000030517578,124.83999633789062,127.0,127.0,601200
2022-09-29,125.16000366210938,125.27999877929688,122.44999694824219,124.4000015258789,124.4000015258789,425300
2022-09-30,123.29000091552734,126.94000244140625,123.20999908447266,123.44000244140625,123.44000244140625,384200
2022-10-03,125.62999725341797,130.86000061035156,124.05999755859375,128.63999938964844,128.63999938964844,445200
2022-10-04,131.75,133.86000061035156,130.44000244140625,132.30999755859375,132.30999755859375,463000
2022-10-05,130.83999633789062,134.27999877929688,129.5800018310547,133.58999633789062,133.58999633789062,266800
2022-10-06,133.11000061035156,136.07000732421875,132.5500030517578,134.3800048828125,134.3800048828125,274400
2022-10-07,131.60000610351562,131.60000610351562,125.13999938964844,125.93000030517578,125.93000030517578,444400
2022-10-10,125.27999877929688,125.27999877929688,119.18000030517578,124.04000091552734,124.04000091552734,511300
2022-10-11,121.54000091552734,124.06999969482422,120.20999908447266,120.87999725341797,120.87999725341797,561800
2022-10-12,120.33000183105469,121.12999725341797,118.08999633789062,118.22000122070312,118.22000122070312,426800
2022-10-13,114.51000213623047,125.23999786376953,113.75,124.33000183105469,124.33000183105469,783900
2022-10-14,125.01000213623047,125.2300033569336,114.45999908447266,114.55999755859375,114.55999755859375,526800
2022-10-17,117.36000061035156,122.2699966430664,117.23999786376953,119.20999908447266,119.20999908447266,560900
2022-10-18,122.95999908447266,123.83000183105469,114.62999725341797,118.91999816894531,118.91999816894531,465000
2022-10-19,118.2699966430664,121.47000122070312,117.87000274658203,120.73999786376953,120.73999786376953,350800
2022-10-20,122.13999938964844,124.79000091552734,120.19000244140625,121.66999816894531,121.66999816894531,291800
2022-10-21,121.72000122070312,125.37999725341797,120.37000274658203,124.9000015258789,124.9000015258789,318900
2022-10-24,120.69999694824219,121.80000305175781,114.3499984741211,118.52999877929688,118.52999877929688,891800
2022-10-25,118.0999984741211,122.94000244140625,118.0999984741211,120.54000091552734,120.54000091552734,603800
2022-10-26,118.30000305175781,125.76000213623047,116.0199966430664,117.80000305175781,117.80000305175781,848000
2022-10-27,116.62999725341797,116.62999725341797,109.44000244140625,112.88999938964844,112.88999938964844,1156700
2022-10-28,114.2300033569336,119.05000305175781,113.72000122070312,118.6500015258789,118.6500015258789,468300
2022-10-31,118.69999694824219,118.98999786376953,113.88999938964844,114.91999816894531,114.91999816894531,560600
2022-11-01,117.37000274658203,118.55999755859375,115.88999938964844,117.05999755859375,117.05999755859375,385900
2022-11-02,118.66000366210938,121.23999786376953,116.11000061035156,116.2300033569336,116.2300033569336,606300
2022-11-03,114.37000274658203,116.62000274658203,112.61000061035156,112.6500015258789,112.6500015258789,460800
2022-11-04,116.83999633789062,120.68000030517578,114.8499984741211,120.37999725341797,120.37999725341797,609800
2022-11-07,121.62999725341797,124.76000213623047,118.62999725341797,124.13999938964844,124.13999938964844,382400
2022-11-08,125.88999938964844,131.42999267578125,123.51000213623047,128.85000610351562,128.85000610351562,666200
2022-11-09,126.37999725341797,128.69000244140625,124.08999633789062,124.19000244140625,124.19000244140625,515500
2022-11-10,130.5800018310547,138.67999267578125,129.63999938964844,138.47000122070312,138.47000122070312,570600
2022-11-11,137.0,143.07000732421875,135.58999633789062,141.24000549316406,141.24000549316406,586300
2022-11-14,141.24000549316406,143.10000610351562,139.3699951171875,139.3800048828125,139.3800048828125,383500
2022-11-15,143.89999389648438,147.13999938964844,142.82000732421875,145.88999938964844,145.88999938964844,420300
2022-11-16,142.5399932861328,143.99000549316406,140.0,141.1300048828125,141.1300048828125,497500
2022-11-17,137.61000061035156,142.05999755859375,136.2100067138672,141.6300048828125,141.6300048828125,250400
2022-11-18,144.36000061035156,144.36000061035156,139.74000549316406,140.6300048828125,140.6300048828125,338900
2022-11-21,139.02999877929688,140.5800018310547,137.58999633789062,137.63999938964844,137.63999938964844,220900
2022-11-22,137.8300018310547,141.6699981689453,136.67999267578125,141.55999755859375,141.55999755859375,270400
2022-11-23,141.44000244140625,145.02000427246094,141.44000244140625,144.22999572753906,144.22999572753906,255500
2022-11-25,143.77999877929688,143.77999877929688,140.91000366210938,140.9199981689453,140.9199981689453,120000
2022-11-28,138.41000366210938,140.6199951171875,136.92999267578125,137.6300048828125,137.6300048828125,311600
2022-11-29,138.44000244140625,139.99000549316406,136.3300018310547,136.69000244140625,136.69000244140625,393800
2022-11-30,137.74000549316406,145.44000244140625,135.77999877929688,145.44000244140625,145.44000244140625,433500
2022-12-01,147.07000732421875,147.3800048828125,140.72000122070312,142.36000061035156,142.36000061035156,322200
2022-12-02,139.3699951171875,141.74000549316406,138.91000366210938,141.6199951171875,141.6199951171875,254100
2022-12-05,141.13999938964844,141.13999938964844,138.00999450683594,139.85000610351562,139.85000610351562,298700
2022-12-06,140.33999633789062,140.72000122070312,135.9199981689453,137.52999877929688,137.52999877929688,306200
2022-12-07,137.52999877929688,140.38999938964844,137.2899932861328,139.47000122070312,139.47000122070312,215500
2022-12-08,140.85000610351562,145.63999938964844,139.42999267578125,145.49000549316406,145.49000549316406,253600
2022-12-09,143.77000427246094,145.5399932861328,141.2100067138672,141.82000732421875,141.82000732421875,249500
2022-12-12,140.33999633789062,143.47000122070312,139.80999755859375,143.4499969482422,143.4499969482422,262000
2022-12-13,150.08999633789062,150.6999969482422,143.5399932861328,145.64999389648438,145.64999389648438,292800
2022-12-14,146.0,146.3699951171875,139.82000732421875,141.3699951171875,141.3699951171875,403900
2022-12-15,138.8699951171875,140.25,135.92999267578125,136.3800048828125,136.3800048828125,459300
2022-12-16,134.36000061035156,138.3800048828125,133.17999267578125,137.47999572753906,137.47999572753906,1227200
2022-12-19,136.86000061035156,137.07000732421875,131.13999938964844,133.02000427246094,133.02000427246094,294900
2022-12-20,130.89999389648438,134.99000549316406,130.67999267578125,133.05999755859375,133.05999755859375,270800
2022-12-21,133.47000122070312,138.8800048828125,133.33999633789062,138.5399932861328,138.5399932861328,327400
2022-12-22,135.5,135.91000366210938,130.6300048828125,133.3699951171875,133.3699951171875,410900
2022-12-23,131.97000122070312,134.89999389648438,131.4499969482422,134.72000122070312,134.72000122070312,245900
2022-12-27,133.13999938964844,133.13999938964844,130.52000427246094,131.30999755859375,131.30999755859375,211100
2022-12-28,130.08999633789062,133.0399932861328,129.99000549316406,130.7100067138672,130.7100067138672,178400
2022-12-29,133.4600067138672,137.16000366210938,132.2899932861328,135.99000549316406,135.99000549316406,262100
2022-12-30,133.25,135.85000610351562,132.2899932861328,135.6699981689453,135.6699981689453,187600
2023-01-03,138.0399932861328,138.5,132.9600067138672,134.0500030517578,134.0500030517578,239200
2023-01-04,136.13999938964844,138.5,134.02999877929688,137.1199951171875,137.1199951171875,276900
2023-01-05,135.47999572753906,138.00999450683594,134.77000427246094,135.80999755859375,135.80999755859375,269300
2023-01-06,138.00999450683594,142.9600067138672,136.2100067138672,142.4600067138672,142.4600067138672,322300
2023-01-09,145.35000610351562,149.80999755859375,144.77999877929688,148.27999877929688,148.27999877929688,345200
2023-01-10,148.42999267578125,151.3800048828125,146.07000732421875,150.6300048828125,150.6300048828125,272400
2023-01-11,150.39999389648438,150.6199951171875,148.7100067138672,150.22999572753906,150.22999572753906,267100
2023-01-12,150.3800048828125,151.69000244140625,147.22999572753906,151.05999755859375,151.05999755859375,225800
2023-01-13,149.2100067138672,151.3699951171875,148.55999755859375,150.08999633789062,150.08999633789062,177800
2023-01-17,149.5399932861328,152.82000732421875,149.5399932861328,150.72000122070312,150.72000122070312,385700
2023-01-18,152.52000427246094,153.8699951171875,149.85000610351562,150.00999450683594,150.00999450683594,285500
2023-01-19,148.6699981689453,149.25999450683594,143.63999938964844,143.66000366210938,143.66000366210938,441800
2023-01-20,146.39999389648438,148.85000610351562,143.66000366210938,148.16000366210938,148.16000366210938,380200
2023-01-23,148.25,158.22000122070312,148.25,157.13999938964844,157.13999938964844,446900
2023-01-24,155.14999389648438,158.5,155.14999389648438,156.1699981689453,156.1699981689453,361400
2023-01-25,153.3699951171875,157.1300048828125,152.0399932861328,156.32000732421875,156.32000732421875,226300
2023-01-26,158.2899932861328,159.66000366210938,155.49000549316406,159.5800018310547,159.5800018310547,204300
2023-01-27,158.0,160.32000732421875,156.02999877929688,158.42999267578125,158.42999267578125,214600
2023-01-30,155.7899932861328,156.97999572753906,151.63999938964844,152.30999755859375,152.30999755859375,252300
2023-01-31,152.4499969482422,156.91000366210938,152.02999877929688,156.91000366210938,156.91000366210938,521500
2023-02-01,169.72000122070312,182.88999938964844,169.25,179.0,179.0,2627900
2023-02-02,183.80999755859375,190.02999877929688,180.52000427246094,189.58999633789062,189.58999633789062,877400
2023-02-03,185.8300018310547,189.64999389648438,182.4499969482422,183.61000061035156,183.61000061035156,843400
2023-02-06,180.0399932861328,184.1699981689453,180.0399932861328,181.36000061035156,181.36000061035156,456700
2023-02-07,181.7100067138672,184.97000122070312,174.61000061035156,183.9600067138672,183.9600067138672,714700
2023-02-08,183.94000244140625,185.38999938964844,178.75999450683594,179.7100067138672,179.7100067138672,568900
2023-02-09,183.4199981689453,186.4499969482422,181.9499969482422,183.00999450683594,183.00999450683594,519100
2023-02-10,180.7899932861328,184.4600067138672,179.85000610351562,184.32000732421875,184.32000732421875,522700
2023-02-13,185.2899932861328,190.14999389648438,184.86000061035156,188.75,188.75,493400
2023-02-14,186.13999938964844,194.67999267578125,185.08999633789062,192.97999572753906,192.97999572753906,898700
2023-02-15,189.92999267578125,193.72000122070312,187.5800018310547,188.4499969482422,188.4499969482422,794800
2023-02-16,184.9600067138672,190.02000427246094,182.80999755859375,186.02999877929688,186.02999877929688,538000
2023-02-17,185.8800048828125,186.2899932861328,178.8699951171875,179.32000732421875,179.32000732421875,373900
2023-02-21,176.50999450683594,180.1199951171875,172.9199981689453,174.39999389648438,174.39999389648438,482600
2023-02-22,176.52000427246094,177.3800048828125,173.83999633789062,175.07000732421875,175.07000732421875,291200
2023-02-23,181.3800048828125,181.3800048828125,173.5800018310547,176.38999938964844,176.38999938964844,382100
2023-02-24,172.9600067138672,174.99000549316406,172.1199951171875,173.47999572753906,173.47999572753906,370600
2023-02-27,177.24000549316406,177.36000061035156,175.16000366210938,175.75999450683594,175.75999450683594,287000
2023-02-28,174.6699981689453,181.99000549316406,174.6699981689453,178.52999877929688,178.52999877929688,547700
2023-03-01,180.22999572753906,181.0500030517578,177.16000366210938,178.22999572753906,178.22999572753906,222200
2023-03-02,175.5,180.39999389648438,173.85000610351562,179.49000549316406,179.49000549316406,223100
2023-03-03,179.14999389648438,181.5500030517578,176.88999938964844,181.16000366210938,181.16000366210938,213300
2023-03-06,181.52999877929688,184.25999450683594,175.69000244140625,176.86000061035156,176.86000061035156,334300
2023-03-07,177.49000549316406,178.6699981689453,172.6199951171875,174.05999755859375,174.05999755859375,376200
2023-03-08,175.4499969482422,176.7899932861328,173.64999389648438,174.77000427246094,174.77000427246094,547300
2023-03-09,174.47000122070312,179.00999450683594,171.77000427246094,172.05999755859375,172.05999755859375,362800
2023-03-10,172.63999938964844,173.67999267578125,168.0399932861328,169.8000030517578,169.8000030517578,355100
2023-03-13,168.0,171.83999633789062,166.0500030517578,168.8800048828125,168.8800048828125,569600
2023-03-14,173.9499969482422,174.50999450683594,168.3000030517578,171.61000061035156,171.61000061035156,420700
2023-03-15,168.25999450683594,169.74000549316406,164.41000366210938,167.77000427246094,167.77000427246094,404200
2023-03-16,166.1199951171875,172.7899932861328,165.8300018310547,172.44000244140625,172.44000244140625,560300
2023-03-17,172.72999572753906,173.6999969482422,170.00999450683594,171.22000122070312,171.22000122070312,957100
2023-03-20,172.5500030517578,175.9600067138672,171.6300048828125,175.36000061035156,175.36000061035156,274600
2023-03-21,176.5399932861328,179.0500030517578,171.36000061035156,176.3300018310547,176.3300018310547,390800
2023-03-22,176.1999969482422,179.8000030517578,172.22999572753906,172.7100067138672,172.7100067138672,384500
2023-03-23,170.27999877929688,174.30999755859375,161.80999755859375,173.0,173.0,2104500
2023-03-24,171.00999450683594,171.80999755859375,167.4199981689453,169.1699981689453,169.1699981689453,1344600
2023-03-27,169.94000244140625,171.39999389648438,167.33999633789062,168.25999450683594,168.25999450683594,452800
2023-03-28,167.85000610351562,167.85000610351562,163.74000549316406,166.27999877929688,166.27999877929688,265000
2023-03-29,168.6699981689453,172.44000244140625,167.32000732421875,170.83999633789062,170.83999633789062,336700
2023-03-30,172.05999755859375,174.67999267578125,171.9499969482422,172.9499969482422,172.9499969482422,811900
2023-03-31,172.52000427246094,176.42999267578125,172.5,175.08999633789062,175.08999633789062,361800
2023-04-03,173.4499969482422,174.4600067138672,168.08999633789062,171.4600067138672,171.4600067138672,675200
2023-04-04,171.27000427246094,171.5399932861328,166.38999938964844,167.47000122070312,167.47000122070312,379800
2023-04-05,164.9600067138672,168.00999450683594,163.58999633789062,167.8699951171875,167.8699951171875,425700
2023-04-06,166.25,168.4600067138672,164.5500030517578,167.91000366210938,167.91000366210938,444300
2023-04-10,165.89999389648438,173.66000366210938,165.89999389648438,173.41000366210938,173.41000366210938,542100
2023-04-11,174.3000030517578,174.91000366210938,168.80999755859375,169.3800048828125,169.3800048828125,508500
2023-04-12,170.52000427246094,170.66000366210938,165.41000366210938,166.55999755859375,166.55999755859375,431700
2023-04-13,167.49000549316406,170.1699981689453,166.86000061035156,169.44000244140625,169.44000244140625,358000
2023-04-14,169.75,172.05999755859375,166.77999877929688,167.77999877929688,167.77999877929688,219700
2023-04-17,167.89999389648438,168.58999633789062,166.19000244140625,168.02999877929688,168.02999877929688,293300
2023-04-18,170.07000732421875,172.94000244140625,169.10000610351562,171.57000732421875,171.57000732421875,898800
2023-04-19,170.86000061035156,171.47000122070312,168.33999633789062,169.9199981689453,169.9199981689453,684600
2023-04-20,168.0,169.75999450683594,163.6699981689453,166.5500030517578,166.5500030517578,643400
2023-04-21,166.3800048828125,167.77000427246094,163.99000549316406,166.5,166.5,501300
2023-04-24,167.6699981689453,168.22000122070312,162.6199951171875,164.1300048828125,164.1300048828125,549300
2023-04-25,163.5,163.5,155.58999633789062,156.05999755859375,156.05999755859375,785100
2023-04-26,149.88999938964844,150.77000427246094,139.72999572753906,141.9199981689453,141.9199981689453,2123900
2023-04-27,140.0,140.60000610351562,132.74000549316406,136.0399932861328,136.0399932861328,1277600
2023-04-28,136.3699951171875,140.55999755859375,134.82000732421875,139.3000030517578,139.3000030517578,828100
2023-05-01,138.86000061035156,142.55999755859375,138.64999389648438,141.60000610351562,141.60000610351562,491200
2023-05-02,141.49000549316406,143.58999633789062,138.92999267578125,139.8000030517578,139.8000030517578,480800
2023-05-03,139.38999938964844,141.72999572753906,138.1699981689453,138.9499969482422,138.9499969482422,509200
2023-05-04,137.07000732421875,138.24000549316406,134.27000427246094,135.24000549316406,135.24000549316406,659100
2023-05-05,135.92999267578125,138.32000732421875,134.27000427246094,137.39999389648438,137.39999389648438,593100
2023-05-08,137.1999969482422,139.6300048828125,135.89999389648438,136.89999389648438,136.89999389648438,388100
2023-05-09,134.60000610351562,137.10000610351562,133.16000366210938,136.5800018310547,136.5800018310547,640800
2023-05-10,138.50999450683594,141.50999450683594,137.44000244140625,138.89999389648438,138.89999389648438,547000
2023-05-11,137.7899932861328,138.6999969482422,134.92999267578125,135.07000732421875,135.07000732421875,616200
2023-05-12,136.38999938964844,137.22000122070312,132.39999389648438,133.88999938964844,133.88999938964844,676300
2023-05-15,133.80999755859375,136.77999877929688,133.0,136.32000732421875,136.32000732421875,621100
2023-05-16,134.58999633789062,137.75999450683594,134.58999633789062,135.80999755859375,135.80999755859375,488500
2023-05-17,136.4499969482422,140.55999755859375,135.9600067138672,139.22999572753906,139.22999572753906,536000
2023-05-18,139.85000610351562,141.72000122070312,139.49000549316406,139.97000122070312,139.97000122070312,485100
2023-05-19,139.9499969482422,140.64999389648438,138.02999877929688,139.91000366210938,139.91000366210938,613900
2023-05-22,139.0800018310547,141.5399932861328,139.0800018310547,141.3300018310547,141.3300018310547,444900
2023-05-23,140.52000427246094,141.14999389648438,137.9199981689453,138.5,138.5,576600
2023-05-24,135.52999877929688,137.1999969482422,133.8699951171875,135.72999572753906,135.72999572753906,573500
2023-05-25,135.75,140.52000427246094,135.64999389648438,140.02999877929688,140.02999877929688,686400
2023-05-26,141.16000366210938,149.85000610351562,140.83999633789062,149.30999755859375,149.30999755859375,877700
2023-05-30,151.1199951171875,153.02000427246094,144.63999938964844,145.16000366210938,145.16000366210938,497300
2023-05-31,142.3000030517578,145.07000732421875,140.33999633789062,140.6699981689453,140.6699981689453,768800
2023-06-01,142.33999633789062,146.69000244140625,141.25,145.33999633789062,145.33999633789062,527700
2023-06-02,146.89999389648438,147.47999572753906,142.32000732421875,145.86000061035156,145.86000061035156,432100
2023-06-05,144.1199951171875,145.4199981689453,140.85000610351562,142.32000732421875,142.32000732421875,694000
2023-06-06,141.47999572753906,148.16000366210938,141.1300048828125,148.16000366210938,148.16000366210938,499900
2023-06-07,149.91000366210938,155.9600067138672,149.91000366210938,155.00999450683594,155.00999450683594,800800
2023-06-08,156.58999633789062,156.8800048828125,150.77000427246094,151.94000244140625,151.94000244140625,439000
2023-06-09,153.72999572753906,155.22999572753906,149.91000366210938,151.08999633789062,151.08999633789062,306500
2023-06-12,153.1999969482422,157.8800048828125,151.85000610351562,157.11000061035156,157.11000061035156,388800
2023-06-13,160.0,163.0500030517578,159.39999389648438,161.41000366210938,161.41000366210938,337400
2023-06-14,160.47999572753906,164.1699981689453,159.19000244140625,162.63999938964844,162.63999938964844,427100
2023-06-15,160.50999450683594,162.75999450683594,160.0,161.60000610351562,161.60000610351562,368000
2023-06-16,164.22000122070312,164.22000122070312,158.75999450683594,159.0399932861328,159.0399932861328,675700
2023-06-20,157.4499969482422,159.1300048828125,152.89999389648438,153.86000061035156,153.86000061035156,373300
2023-06-21,152.75,153.99000549316406,150.42999267578125,151.25999450683594,151.25999450683594,306600
2023-06-22,150.10000610351562,152.5399932861328,149.24000549316406,149.99000549316406,149.99000549316406,255400
2023-06-23,146.52000427246094,147.67999267578125,144.3300018310547,144.6999969482422,144.6999969482422,461500
2023-06-26,145.86000061035156,149.58999633789062,144.22000122070312,147.75,147.75,363900
2023-06-27,147.80999755859375,153.32000732421875,147.47999572753906,152.6699981689453,152.6699981689453,304600
2023-06-28,150.1199951171875,151.72000122070312,149.5,151.42999267578125,151.42999267578125,285800
2023-06-29,151.75999450683594,155.8699951171875,151.00999450683594,155.7100067138672,155.7100067138672,196700
2023-06-30,157.99000549316406,159.0800018310547,157.17999267578125,157.74000549316406,157.74000549316406,208900
2023-07-03,157.74000549316406,160.3699951171875,156.89999389648438,160.3699951171875,160.3699951171875,143800
2023-07-05,158.97000122070312,158.97000122070312,154.10000610351562,154.25,154.25,325600
2023-07-06,151.0,153.25,150.07000732421875,153.16000366210938,153.16000366210938,244000
2023-07-07,153.0,156.77000427246094,152.97999572753906,154.72000122070312,154.72000122070312,182000
2023-07-10,154.9600067138672,160.52000427246094,154.9600067138672,160.07000732421875,160.07000732421875,207700
2023-07-11,160.42999267578125,160.42999267578125,156.32000732421875,159.86000061035156,159.86000061035156,210900
2023-07-12,162.69000244140625,163.41000366210938,161.33999633789062,161.74000549316406,161.74000549316406,220800
2023-07-13,162.7100067138672,166.94000244140625,162.25,165.24000549316406,165.24000549316406,308800
2023-07-14,163.8699951171875,164.8300018310547,158.3800048828125,159.16000366210938,159.16000366210938,235500
2023-07-17,159.77999877929688,166.55999755859375,159.0,165.49000549316406,165.49000549316406,315600
2023-07-18,164.8699951171875,166.8699951171875,163.13999938964844,166.11000061035156,166.11000061035156,159500
2023-07-19,166.14999389648438,166.2899932861328,161.8000030517578,163.07000732421875,163.07000732421875,188700
2023-07-20,161.3300018310547,161.3300018310547,156.49000549316406,157.85000610351562,157.85000610351562,339900
2023-07-21,159.9499969482422,161.6300048828125,156.83999633789062,157.85000610351562,157.85000610351562,367500
2023-07-24,157.6300048828125,159.36000061035156,155.25,155.85000610351562,155.85000610351562,222700
2023-07-25,155.32000732421875,160.22999572753906,155.32000732421875,158.72000122070312,158.72000122070312,345400
2023-07-26,147.9499969482422,148.8000030517578,142.11000061035156,144.39999389648438,144.39999389648438,929400
2023-07-27,145.69000244140625,149.1999969482422,142.8800048828125,144.27000427246094,144.27000427246094,738700
2023-07-28,146.83999633789062,147.89999389648438,143.77999877929688,146.66000366210938,146.66000366210938,544500
2023-07-31,146.67999267578125,149.82000732421875,146.49000549316406,149.13999938964844,149.13999938964844,383500
2023-08-01,146.6199951171875,148.0500030517578,145.8000030517578,146.89999389648438,146.89999389648438,272000
2023-08-02,144.05999755859375,144.16000366210938,140.1300048828125,140.88999938964844,140.88999938964844,303200
2023-08-03,139.63999938964844,142.3699951171875,137.27999877929688,142.1199951171875,142.1199951171875,348100
2023-08-04,140.61000061035156,143.1199951171875,138.83999633789062,140.1199951171875,140.1199951171875,248700
2023-08-07,140.6699981689453,140.67999267578125,138.0,140.30999755859375,140.30999755859375,159100
2023-08-08,137.6300048828125,139.14999389648438,135.22000122070312,137.75999450683594,137.75999450683594,265600
2023-08-09,137.38999938964844,138.19000244140625,135.3699951171875,136.9600067138672,136.9600067138672,264300
2023-08-10,137.74000549316406,140.77999877929688,137.39999389648438,138.27000427246094,138.27000427246094,242400
2023-08-11,136.32000732421875,137.88999938964844,135.77000427246094,136.69000244140625,136.69000244140625,318400
2023-08-14,136.0399932861328,140.3800048828125,136.0399932861328,140.17999267578125,140.17999267578125,264900
2023-08-15,138.85000610351562,139.47999572753906,136.50999450683594,137.0399932861328,137.0399932861328,279800
2023-08-16,137.32000732421875,138.22000122070312,134.2100067138672,134.50999450683594,134.50999450683594,289300
2023-08-17,135.0500030517578,135.0500030517578,132.1699981689453,132.5,132.5,197600
2023-08-18,130.72999572753906,133.39999389648438,130.32000732421875,132.25999450683594,132.25999450683594,222100
2023-08-21,132.3800048828125,136.35000610351562,132.3699951171875,135.57000732421875,135.57000732421875,242500
2023-08-22,137.1300048828125,137.52000427246094,134.83999633789062,135.57000732421875,135.57000732421875,222600
2023-08-23,134.3000030517578,136.25,133.50999450683594,134.97000122070312,134.97000122070312,267400
2023-08-24,135.19000244140625,135.19000244140625,130.0399932861328,130.36000061035156,130.36000061035156,406200
2023-08-25,130.8300018310547,131.82000732421875,126.95999908447266,130.8800048828125,130.8800048828125,479300
2023-08-28,132.5399932861328,134.25999450683594,129.88999938964844,130.8300018310547,130.8300018310547,383400
2023-08-29,130.47999572753906,137.13999938964844,129.64999389648438,136.6699981689453,136.6699981689453,373500
2023-08-30,135.0,135.0,131.85000610351562,133.8300018310547,133.8300018310547,393600
2023-08-31,133.5,136.8300018310547,133.5,134.86000061035156,134.86000061035156,476500
2023-09-01,135.50999450683594,135.8699951171875,133.91000366210938,135.22000122070312,135.22000122070312,241600
2023-09-05,134.0399932861328,134.41000366210938,130.08999633789062,131.3800048828125,131.3800048828125,398000
2023-09-06,131.38999938964844,132.82000732421875,130.1699981689453,131.3300018310547,131.3300018310547,255100
2023-09-07,128.66000366210938,128.66000366210938,124.0,126.93000030517578,126.93000030517578,518600
2023-09-08,126.75,127.73999786376953,124.5999984741211,126.33999633789062,126.33999633789062,261900
2023-09-11,128.3000030517578,128.72000122070312,123.22000122070312,123.91999816894531,123.91999816894531,348500
2023-09-12,123.0,124.47000122070312,121.33000183105469,121.83999633789062,121.83999633789062,418800
2023-09-13,122.0,122.87999725341797,120.61000061035156,121.5999984741211,121.5999984741211,418300
2023-09-14,122.91000366210938,123.86000061035156,120.87999725341797,122.94000244140625,122.94000244140625,435200
2023-09-15,121.97000122070312,123.55000305175781,120.19999694824219,121.7300033569336,121.7300033569336,1677800
2023-09-18,121.51000213623047,121.9000015258789,117.5199966430664,118.12999725341797,118.12999725341797,843200
2023-09-19,117.66999816894531,118.36000061035156,115.83000183105469,117.29000091552734,117.29000091552734,385300
2023-09-20,118.2300033569336,118.3499984741211,115.88999938964844,115.98999786376953,115.98999786376953,254600
2023-09-21,114.04000091552734,116.45999908447266,113.33000183105469,114.55000305175781,114.55000305175781,275200
2023-09-22,115.4800033569336,116.75,113.73999786376953,114.52999877929688,114.52999877929688,188300
2023-09-25,114.05000305175781,115.70999908447266,113.54000091552734,115.4800033569336,115.4800033569336,202500
2023-09-26,114.80000305175781,115.12999725341797,113.95999908447266,114.63999938964844,114.63999938964844,212900
2023-09-27,115.56999969482422,116.29000091552734,114.08999633789062,115.37999725341797,115.37999725341797,265800
2023-09-28,114.87999725341797,117.98999786376953,114.76000213623047,116.43000030517578,116.43000030517578,303200
2023-09-29,117.8499984741211,118.23999786376953,115.4800033569336,115.88999938964844,115.88999938964844,273800
2023-10-02,115.2300033569336,117.3499984741211,114.69000244140625,115.69000244140625,115.69000244140625,250000
2023-10-03,114.91000366210938,115.9000015258789,112.23999786376953,112.94999694824219,112.94999694824219,264300
2023-10-04,113.27999877929688,114.76000213623047,112.30999755859375,114.26000213623047,114.26000213623047,190400
2023-10-05,114.43000030517578,114.93000030517578,112.1500015258789,113.1500015258789,113.1500015258789,285500
2023-10-06,112.77999877929688,115.80000305175781,112.04000091552734,115.12000274658203,115.12000274658203,222900
2023-10-09,113.75,115.1500015258789,112.9000015258789,114.26000213623047,114.26000213623047,203300
2023-10-10,114.80999755859375,117.4800033569336,114.31999969482422,116.66000366210938,116.66000366210938,165000
2023-10-11,116.5999984741211,117.05000305175781,115.19999694824219,116.05999755859375,116.05999755859375,167200
2023-10-12,116.0,116.18000030517578,113.5,114.77999877929688,114.77999877929688,201100
2023-10-13,114.5199966430664,114.5199966430664,108.43000030517578,109.30999755859375,109.30999755859375,462700
2023-10-16,110.08000183105469,111.4800033569336,109.72000122070312,110.81999969482422,110.81999969482422,260600
2023-10-17,108.86000061035156,108.94000244140625,102.30999755859375,106.80999755859375,106.80999755859375,641400
2023-10-18,105.30000305175781,105.33999633789062,101.44000244140625,104.0,104.0,670800
2023-10-19,104.73999786376953,105.13999938964844,100.62999725341797,101.33000183105469,101.33000183105469,427100
2023-10-20,101.18000030517578,103.51000213623047,99.56999969482422,103.05999755859375,103.05999755859375,658800
2023-10-23,102.69999694824219,102.69999694824219,99.79000091552734,99.9000015258789,99.9000015258789,472800
2023-10-24,100.08999633789062,100.9000015258789,98.20999908447266,100.06999969482422,100.06999969482422,305500
2023-10-25,98.20999908447266,99.43000030517578,95.1500015258789,95.97000122070312,95.97000122070312,560000
2023-10-26,96.55000305175781,98.23999786376953,95.44000244140625,95.72000122070312,95.72000122070312,417800
2023-10-27,95.66000366210938,96.52999877929688,94.16999816894531,94.91000366210938,94.91000366210938,391300
2023-10-30,93.48999786376953,94.51000213623047,88.7300033569336,91.1500015258789,91.1500015258789,817000
2023-10-31,90.9800033569336,92.5199966430664,89.19000244140625,92.18000030517578,92.18000030517578,741700
2023-11-01,75.0999984741211,87.94000244140625,74.55999755859375,87.16999816894531,87.16999816894531,3677400
2023-11-02,88.66999816894531,88.97000122070312,84.08000183105469,88.2699966430664,88.2699966430664,1689200
2023-11-03,89.7699966430664,94.80000305175781,89.51000213623047,91.54000091552734,91.54000091552734,711200
2023-11-06,91.52999877929688,94.36000061035156,90.6500015258789,92.19000244140625,92.19000244140625,612700
2023-11-07,91.37000274658203,94.7300033569336,91.37000274658203,93.79000091552734,93.79000091552734,502200
2023-11-08,94.0999984741211,95.43000030517578,93.25,94.30999755859375,94.30999755859375,495200
2023-11-09,95.4800033569336,96.62000274658203,94.0199966430664,94.1500015258789,94.1500015258789,530800
2023-11-10,95.55999755859375,96.37999725341797,92.55000305175781,94.7699966430664,94.7699966430664,400900
2023-11-13,94.01000213623047,94.52999877929688,93.30000305175781,93.70999908447266,93.70999908447266,269400
2023-11-14,97.75,100.98999786376953,97.27999877929688,100.38999938964844,100.38999938964844,302300
2023-11-15,100.94999694824219,105.93000030517578,100.55000305175781,103.12000274658203,103.12000274658203,529100
2023-11-16,102.22000122070312,102.9000015258789,99.69000244140625,100.04000091552734,100.04000091552734,216900
2023-11-17,100.94999694824219,100.9800033569336,99.37000274658203,100.0,100.0,247300
2023-11-20,99.69999694824219,104.02999877929688,99.12999725341797,104.0,104.0,428800
2023-11-21,103.0,103.0,100.26000213623047,101.01000213623047,101.01000213623047,255700
2023-11-22,102.58999633789062,103.5,101.73999786376953,101.80999755859375,101.80999755859375,256800
2023-11-24,101.47000122070312,102.6500015258789,100.94999694824219,101.83000183105469,101.83000183105469,93400
2023-11-27,100.91999816894531,101.88999938964844,99.58000183105469,101.01000213623047,101.01000213623047,206900
2023-11-28,100.31999969482422,101.1500015258789,99.06999969482422,101.05999755859375,101.05999755859375,189800
2023-11-29,102.5,105.29000091552734,102.02999877929688,102.27999877929688,102.27999877929688,267000
2023-11-30,102.44999694824219,105.62999725341797,101.58999633789062,105.37000274658203,105.37000274658203,505100
2023-12-01,104.66000366210938,109.31999969482422,104.37000274658203,109.08000183105469,109.08000183105469,485200
2023-12-04,108.22000122070312,110.20999908447266,107.76000213623047,109.87000274658203,109.87000274658203,360500
2023-12-05,108.9000015258789,111.20999908447266,107.05000305175781,110.6500015258789,110.6500015258789,504000
2023-12-06,112.55999755859375,113.44000244140625,110.81999969482422,111.33000183105469,111.33000183105469,378600
2023-12-07,112.31999969482422,118.2699966430664,110.20999908447266,117.66999816894531,117.66999816894531,670500
2023-12-08,118.83000183105469,123.47000122070312,118.7699966430664,121.88999938964844,121.88999938964844,1311500
2023-12-11,119.88999938964844,124.12999725341797,119.81999969482422,122.81999969482422,122.81999969482422,570700
2023-12-12,122.6500015258789,122.6500015258789,120.41999816894531,120.45999908447266,120.45999908447266,350800
2023-12-13,120.41000366210938,122.23999786376953,116.69999694824219,121.83999633789062,121.83999633789062,477800
2023-12-14,124.51000213623047,131.35000610351562,123.01000213623047,131.22999572753906,131.22999572753906,713400
2023-12-15,132.75999450683594,134.4199981689453,130.83999633789062,133.3000030517578,133.3000030517578,1105400
2023-12-18,132.47999572753906,132.67999267578125,127.94999694824219,130.36000061035156,130.36000061035156,343700
2023-12-19,131.02999877929688,132.69000244140625,130.14999389648438,130.3699951171875,130.3699951171875,271800
2023-12-20,129.58999633789062,131.7100067138672,126.44999694824219,126.55999755859375,126.55999755859375,245700
2023-12-21,129.60000610351562,131.7100067138672,129.00999450683594,131.69000244140625,131.69000244140625,242200
2023-12-22,132.2899932861328,133.75,131.10000610351562,132.00999450683594,132.00999450683594,172700
2023-12-26,133.0399932861328,135.85000610351562,133.02000427246094,135.17999267578125,135.17999267578125,147400
2023-12-27,135.9600067138672,136.8300018310547,134.49000549316406,135.67999267578125,135.67999267578125,162100
2023-12-28,135.4199981689453,136.4600067138672,134.7899932861328,135.4499969482422,135.4499969482422,141500
2023-12-29,135.24000549316406,136.08999633789062,132.08999633789062,132.27000427246094,132.27000427246094,203400
2024-01-02,131.02000427246094,131.17999267578125,126.44000244140625,127.87999725341797,127.87999725341797,356900
2024-01-03,127.08999633789062,127.08999633789062,121.19999694824219,121.48999786376953,121.48999786376953,427100
2024-01-04,119.58000183105469,121.86000061035156,117.69999694824219,121.06999969482422,121.06999969482422,338200
2024-01-05,120.30000305175781,122.80999755859375,119.0,120.58999633789062,120.58999633789062,200700
2024-01-08,121.37000274658203,126.70999908447266,120.83999633789062,125.0999984741211,125.0999984741211,251100
2024-01-09,122.58999633789062,126.31999969482422,122.58999633789062,124.62999725341797,124.62999725341797,168300
2024-01-10,124.08000183105469,125.18000030517578,121.73999786376953,124.12000274658203,124.12000274658203,245000
2024-01-11,123.83999633789062,124.79000091552734,119.93000030517578,120.91999816894531,120.91999816894531,340900
2024-01-12,121.95999908447266,122.5,118.0,118.08000183105469,118.08000183105469,211800
2024-01-16,117.37000274658203,118.87000274658203,114.9800033569336,118.83999633789062,118.83999633789062,205800
2024-01-17,116.73999786376953,117.13999938964844,114.3499984741211,116.80999755859375,116.80999755859375,192100
2024-01-18,120.58999633789062,123.02999877929688,119.79000091552734,122.20999908447266,122.20999908447266,409800
2024-01-19,123.6500015258789,126.79000091552734,122.37000274658203,126.33000183105469,126.33000183105469,233700
2024-01-22,127.33000183105469,129.8800048828125,126.6500015258789,129.69000244140625,129.69000244140625,252000
2024-01-23,131.02999877929688,134.19000244140625,130.13999938964844,133.83999633789062,133.83999633789062,291600
2024-01-24,135.0800018310547,136.61000061035156,133.0,133.00999450683594,133.00999450683594,319000
2024-01-25,136.0,136.0,130.8000030517578,131.72000122070312,131.72000122070312,319300
2024-01-26,130.85000610351562,131.86000061035156,128.1699981689453,128.42999267578125,128.42999267578125,225100
2024-01-29,128.75,131.49000549316406,127.73999786376953,131.4600067138672,131.4600067138672,274200
2024-01-30,128.0500030517578,129.5,122.44000244140625,123.55000305175781,123.55000305175781,603300
2024-01-31,123.63999938964844,128.77999877929688,123.0,123.36000061035156,123.36000061035156,654500
2024-02-01,124.26000213623047,124.75,119.05999755859375,122.3499984741211,122.3499984741211,384000
2024-02-02,120.11000061035156,122.06999969482422,119.2699966430664,121.37999725341797,121.37999725341797,255300
2024-02-05,121.7699966430664,122.26000213623047,118.61000061035156,120.12000274658203,120.12000274658203,195000
2024-02-06,119.69000244140625,119.69000244140625,115.3499984741211,118.30000305175781,118.30000305175781,643100
2024-02-07,130.4199981689453,136.38999938964844,127.73999786376953,133.7100067138672,133.7100067138672,828600
2024-02-08,136.0,137.5500030517578,131.8000030517578,137.27000427246094,137.27000427246094,423100
2024-02-09,138.44000244140625,144.47000122070312,137.27999877929688,142.4600067138672,142.4600067138672,508100
2024-02-12,142.55999755859375,145.38999938964844,141.8000030517578,144.6300048828125,144.6300048828125,298400
2024-02-13,137.17999267578125,140.42999267578125,135.44000244140625,136.66000366210938,136.66000366210938,406100
2024-02-14,139.10000610351562,141.32000732421875,137.41000366210938,140.91000366210938,140.91000366210938,619900
2024-02-15,142.58999633789062,144.75,141.02000427246094,141.9499969482422,141.9499969482422,462400
2024-02-16,140.9199981689453,142.3000030517578,138.6199951171875,139.75,139.75,261300
2024-02-20,137.10000610351562,139.24000549316406,136.4199981689453,137.8300018310547,137.8300018310547,216200
2024-02-21,136.3300018310547,136.39999389648438,134.67999267578125,135.52000427246094,135.52000427246094,272800
2024-02-22,139.75999450683594,139.75999450683594,134.99000549316406,135.11000061035156,135.11000061035156,175600
2024-02-23,135.13999938964844,135.13999938964844,131.0399932861328,132.99000549316406,132.99000549316406,246500
2024-02-26,133.83999633789062,137.0399932861328,133.22000122070312,136.10000610351562,136.10000610351562,197800
2024-02-27,137.91000366210938,139.0,135.64999389648438,136.1199951171875,136.1199951171875,163000
2024-02-28,134.8800048828125,135.9499969482422,133.89999389648438,134.99000549316406,134.99000549316406,183300
2024-02-29,138.02999877929688,139.32000732421875,135.99000549316406,137.5399932861328,137.5399932861328,293200
2024-03-01,139.42999267578125,142.77999877929688,137.0500030517578,141.63999938964844,141.63999938964844,176000
2024-03-04,143.75999450683594,143.75999450683594,140.17999267578125,142.82000732421875,142.82000732421875,211200
2024-03-05,140.67999267578125,141.75,139.00999450683594,140.0,140.0,311000
2024-03-06,143.42999267578125,148.25,143.21499633789062,147.22999572753906,147.22999572753906,345129
