Date,Open,High,Low,Close,Adj Close,Volume
2020-01-14,25.290000915527344,25.31999969482422,25.15999984741211,25.260000228881836,20.719989776611328,1338200
2020-01-15,25.309999465942383,25.350000381469727,25.229999542236328,25.25,20.7117862701416,1068600
2020-01-16,25.25,25.309999465942383,25.219999313354492,25.309999465942383,20.761003494262695,1045400
2020-01-17,25.309999465942383,25.3700008392334,25.295000076293945,25.329999923706055,20.777408599853516,863800
2020-01-21,25.360000610351562,25.420000076293945,25.350000381469727,25.389999389648438,20.82662010192871,1215800
2020-01-22,25.43000030517578,25.479999542236328,25.399999618530273,25.479999542236328,20.900449752807617,1179100
2020-01-23,25.479999542236328,25.549999237060547,25.43000030517578,25.489999771118164,20.90865135192871,635600
2020-01-24,25.510000228881836,25.530000686645508,25.3700008392334,25.450000762939453,20.87584114074707,525400
2020-01-27,25.31999969482422,25.399999618530273,25.290000915527344,25.399999618530273,20.834823608398438,359400
2020-01-28,25.43000030517578,25.489999771118164,25.399999618530273,25.469999313354492,20.892244338989258,756800
2020-01-29,25.489999771118164,25.600000381469727,25.489999771118164,25.59000015258789,20.990676879882812,896000
2020-01-30,25.540000915527344,25.68000030517578,25.475000381469727,25.65999984741211,21.048093795776367,1499400
2020-01-31,25.690000534057617,25.690000534057617,25.469999313354492,25.489999771118164,20.90865135192871,5782300
2020-02-03,25.510000228881836,25.520000457763672,25.450000762939453,25.469999313354492,20.892244338989258,503300
2020-02-04,25.520000457763672,25.670000076293945,25.520000457763672,25.649999618530273,21.03989028930664,657900
2020-02-05,25.700000762939453,25.760000228881836,25.649999618530273,25.75,21.121915817260742,456900
2020-02-06,25.75,25.770000457763672,25.71500015258789,25.760000228881836,21.130123138427734,225000
2020-02-07,25.790000915527344,25.81999969482422,25.700000762939453,25.7549991607666,21.126022338867188,279500
2020-02-10,25.770000457763672,25.780000686645508,25.700000762939453,25.75,21.121915817260742,295700
2020-02-11,25.770000457763672,25.829999923706055,25.739999771118164,25.75,21.121915817260742,254200
2020-02-12,25.799999237060547,25.799999237060547,25.68000030517578,25.739999771118164,21.113718032836914,269700
2020-02-13,25.739999771118164,25.81999969482422,25.70800018310547,25.790000915527344,21.15473175048828,235600
2020-02-14,25.799999237060547,25.860000610351562,25.792999267578125,25.850000381469727,21.20394515991211,283600
2020-02-18,25.8700008392334,25.916000366210938,25.829999923706055,25.850000381469727,21.20394515991211,213000
2020-02-19,25.860000610351562,25.8799991607666,25.739999771118164,25.739999771118164,21.113718032836914,137200
2020-02-20,25.81999969482422,25.860000610351562,25.780000686645508,25.829999923706055,21.187543869018555,150400
2020-02-21,25.84000015258789,25.8700008392334,25.781999588012695,25.799999237060547,21.162931442260742,151100
2020-02-24,25.700000762939453,25.75,25.65999984741211,25.65999984741211,21.048093795776367,152800
2020-02-25,25.75,25.75,25.40999984741211,25.489999771118164,20.90865135192871,252500
2020-02-26,25.489999771118164,25.549999237060547,25.34000015258789,25.3799991607666,20.818418502807617,217100
2020-02-27,25.31999969482422,25.329999923706055,25.062999725341797,25.18000030517578,20.65437126159668,257300
2020-02-28,25.149999618530273,25.149999618530273,24.639999389648438,24.690000534057617,20.2524356842041,560000
2020-03-02,24.899999618530273,25.290000915527344,24.799999237060547,25.260000228881836,20.719989776611328,266900
2020-03-03,25.290000915527344,25.719999313354492,25.280000686645508,25.440000534057617,20.86763572692871,178000
2020-03-04,25.5,25.649999618530273,25.413999557495117,25.649999618530273,21.03989028930664,176200
2020-03-05,25.559999465942383,25.6299991607666,25.360000610351562,25.3700008392334,20.81022071838379,131700
2020-03-06,25.200000762939453,25.3799991607666,25.100000381469727,25.309999465942383,20.761003494262695,114300
2020-03-09,24.8799991607666,25.0,24.360000610351562,24.538000106811523,20.12775230407715,170100
2020-03-10,25.0,25.0,24.409000396728516,24.690000534057617,20.2524356842041,197300
2020-03-11,24.649999618530273,24.690000534057617,24.149999618530273,24.219999313354492,19.86690902709961,272800
2020-03-12,23.739999771118164,23.75,21.360000610351562,21.5,17.63577651977539,321300
2020-03-13,22.270000457763672,23.149999618530273,21.809999465942383,22.75,18.661113739013672,312300
2020-03-16,21.8799991607666,22.292999267578125,20.229999542236328,20.75,17.02057456970215,268400
2020-03-17,21.360000610351562,21.899999618530273,20.899999618530273,21.270000457763672,17.447120666503906,222100
2020-03-18,20.5,20.5,14.09000015258789,16.0,13.124300003051758,458700
2020-03-19,16.899999618530273,20.399999618530273,16.510000228881836,18.510000228881836,15.183172225952148,803600
2020-03-20,19.579999923706055,20.829999923706055,19.010000228881836,20.149999618530273,16.528411865234375,230000
2020-03-23,20.010000228881836,20.149999618530273,17.95400047302246,19.100000381469727,15.667132377624512,233200
2020-03-24,20.09000015258789,20.700000762939453,19.6200008392334,20.211999893188477,16.579267501831055,343900
2020-03-25,20.59000015258789,22.350000381469727,20.510000228881836,21.440000534057617,17.586563110351562,212000
2020-03-26,22.260000228881836,23.25,22.100000381469727,22.899999618530273,18.784151077270508,207400
2020-03-27,22.899999618530273,22.899999618530273,21.75,22.059999465942383,18.095125198364258,201100
2020-03-30,22.399999618530273,22.84000015258789,22.059999465942383,22.649999618530273,18.579084396362305,130100
2020-03-31,22.75,22.878000259399414,22.389999389648438,22.389999389648438,18.365814208984375,224400
2020-04-01,22.299999237060547,22.59000015258789,21.867000579833984,22.219999313354492,18.22637176513672,159300
2020-04-02,22.18000030517578,22.59000015258789,21.950000762939453,22.190000534057617,18.201766967773438,108100
2020-04-03,22.030000686645508,22.209999084472656,21.729999542236328,22.15999984741211,18.177160263061523,107200
2020-04-06,22.760000228881836,23.079999923706055,22.36400032043457,22.760000228881836,18.669315338134766,107200
2020-04-07,23.25,23.540000915527344,22.851999282836914,23.360000610351562,19.161476135253906,146300
2020-04-08,23.6200008392334,24.190000534057617,23.410999298095703,23.89900016784668,19.603601455688477,156600
2020-04-09,24.5,24.56999969482422,24.0,24.375,19.994050979614258,193600
2020-04-13,24.350000381469727,24.43000030517578,23.790000915527344,24.049999237060547,19.727460861206055,192600
2020-04-14,24.299999237060547,24.450000762939453,23.899999618530273,24.15999984741211,19.81769371032715,161500
2020-04-15,23.989999771118164,24.3700008392334,23.850000381469727,24.170000076293945,19.825895309448242,139400
2020-04-16,24.299999237060547,24.479999542236328,24.059999465942383,24.295000076293945,19.928428649902344,172700
2020-04-17,24.450000762939453,24.770000457763672,24.260000228881836,24.5,20.096582412719727,180300
2020-04-20,24.489999771118164,24.6299991607666,24.36400032043457,24.559999465942383,20.14579963684082,106000
2020-04-21,24.510000228881836,24.540000915527344,24.100000381469727,24.5,20.096582412719727,121500
2020-04-22,24.520000457763672,24.780000686645508,24.389999389648438,24.389999389648438,20.00635528564453,158900
2020-04-23,24.5,24.670000076293945,24.43000030517578,24.510000228881836,20.104787826538086,159400
2020-04-24,24.690000534057617,24.729999542236328,24.5,24.540000915527344,20.129396438598633,163600
2020-04-27,24.690000534057617,24.739999771118164,24.565000534057617,24.579999923706055,20.162202835083008,226500
2020-04-28,24.43000030517578,24.489999771118164,24.209999084472656,24.329999923706055,20.272188186645508,188000
2020-04-29,24.5,24.6299991607666,24.350000381469727,24.610000610351562,20.5054931640625,165300
2020-04-30,24.549999237060547,24.899999618530273,24.450000762939453,24.670000076293945,20.555484771728516,527200
2020-05-01,24.649999618530273,24.65999984741211,24.399999618530273,24.540000915527344,20.44716453552246,157000
2020-05-04,24.540000915527344,24.709999084472656,24.499000549316406,24.709999084472656,20.58881378173828,135100
2020-05-05,24.770000457763672,24.920000076293945,24.628999710083008,24.639999389648438,20.53049087524414,134500
2020-05-06,24.75,24.84000015258789,24.65999984741211,24.719999313354492,20.59714698791504,110400
2020-05-07,24.770000457763672,24.90999984741211,24.700000762939453,24.790000915527344,20.65546989440918,159000
2020-05-08,24.8700008392334,24.950000762939453,24.709999084472656,24.729999542236328,20.605480194091797,133700
2020-05-11,24.790000915527344,24.8799991607666,24.75,24.829999923706055,20.688796997070312,90800
2020-05-12,24.81999969482422,24.829999923706055,24.649999618530273,24.709999084472656,20.58881378173828,113700
2020-05-13,24.739999771118164,24.739999771118164,24.510000228881836,24.6299991607666,20.522151947021484,124200
2020-05-14,24.530000686645508,24.6200008392334,24.21500015258789,24.600000381469727,20.497159957885742,113000
2020-05-15,24.600000381469727,24.610000610351562,24.510000228881836,24.530000686645508,20.4388370513916,120400
2020-05-18,24.729999542236328,24.739999771118164,24.56999969482422,24.600000381469727,20.497159957885742,102300
2020-05-19,24.690000534057617,24.75,24.59000015258789,24.59000015258789,20.488826751708984,108100
2020-05-20,24.700000762939453,24.790000915527344,24.639999389648438,24.75,20.622140884399414,149000
2020-05-21,24.799999237060547,24.899999618530273,24.700000762939453,24.799999237060547,20.663801193237305,90000
2020-05-22,24.8700008392334,24.989999771118164,24.81999969482422,24.954999923706055,20.79294776916504,128400
2020-05-26,25.0,25.0,24.920000076293945,24.93000030517578,20.772123336791992,148400
2020-05-27,24.979999542236328,25.030000686645508,24.93000030517578,25.030000686645508,20.855443954467773,168900
2020-05-28,25.030000686645508,25.149999618530273,24.940000534057617,24.979999542236328,20.813783645629883,131000
2020-05-29,25.0,25.100000381469727,24.950000762939453,24.950000762939453,20.78878402709961,183100
2020-06-01,25.040000915527344,25.079999923706055,24.950000762939453,25.059999465942383,20.88043975830078,251900
2020-06-02,25.079999923706055,25.09000015258789,24.950000762939453,25.079999923706055,20.89710235595703,154000
2020-06-03,25.100000381469727,25.1200008392334,25.030000686645508,25.1200008392334,20.93043327331543,186000
2020-06-04,25.100000381469727,25.3700008392334,25.075000762939453,25.280000686645508,21.063749313354492,220600
2020-06-05,25.40999984741211,25.5,25.360000610351562,25.40999984741211,21.172061920166016,211200
2020-06-08,25.399999618530273,25.59000015258789,25.309999465942383,25.579999923706055,21.313711166381836,132800
2020-06-09,25.56999969482422,25.600000381469727,25.43000030517578,25.5,21.247055053710938,72000
2020-06-10,25.5,25.59000015258789,25.399999618530273,25.489999771118164,21.238723754882812,103400
2020-06-11,25.350000381469727,25.420000076293945,24.920000076293945,25.110000610351562,20.922101974487305,225700
2020-06-12,25.34000015258789,25.34000015258789,24.799999237060547,24.799999237060547,20.663801193237305,125900
2020-06-15,24.700000762939453,25.170000076293945,24.649999618530273,25.170000076293945,20.972091674804688,101100
2020-06-16,25.190000534057617,25.270000457763672,25.020000457763672,25.030000686645508,20.855443954467773,152900
2020-06-17,25.040000915527344,25.170000076293945,25.010000228881836,25.06999969482422,20.888769149780273,87600
2020-06-18,25.100000381469727,25.209999084472656,25.040000915527344,25.209999084472656,21.005420684814453,90800
2020-06-19,25.229999542236328,25.290000915527344,25.174999237060547,25.239999771118164,21.030414581298828,107200
2020-06-22,25.270000457763672,25.270000457763672,25.100000381469727,25.139999389648438,20.94709587097168,97700
2020-06-23,25.219999313354492,25.25,25.079999923706055,25.190000534057617,20.988758087158203,129900
2020-06-24,25.200000762939453,25.239999771118164,25.100000381469727,25.200000762939453,20.997089385986328,120100
2020-06-25,25.209999084472656,25.25,25.139999389648438,25.219999313354492,21.01375389099121,79700
2020-06-26,25.239999771118164,25.239999771118164,25.100000381469727,25.18000030517578,20.98042869567871,103300
2020-06-29,25.18000030517578,25.200000762939453,25.110000610351562,25.200000762939453,20.997089385986328,94300
2020-06-30,25.200000762939453,25.260000228881836,25.100000381469727,25.100000381469727,20.913768768310547,307400
2020-07-01,25.170000076293945,25.360000610351562,25.170000076293945,25.229999542236328,21.02208709716797,87100
2020-07-02,25.309999465942383,25.40999984741211,25.25,25.389999389648438,21.1554012298584,78000
2020-07-06,25.40999984741211,25.549999237060547,25.40999984741211,25.540000915527344,21.280384063720703,71800
2020-07-07,25.579999923706055,25.639999389648438,25.540000915527344,25.579999923706055,21.313711166381836,94500
2020-07-08,25.600000381469727,25.700000762939453,25.59000015258789,25.6299991607666,21.355369567871094,85300
2020-07-09,25.709999084472656,25.729999542236328,25.6299991607666,25.709999084472656,21.422029495239258,93200
2020-07-10,25.709999084472656,25.829999923706055,25.670000076293945,25.799999237060547,21.497020721435547,74900
2020-07-13,25.799999237060547,25.84000015258789,25.709999084472656,25.798999786376953,21.49618911743164,76000
2020-07-14,25.739999771118164,25.799999237060547,25.700000762939453,25.719999313354492,21.430360794067383,68100
2020-07-15,25.739999771118164,25.84000015258789,25.739999771118164,25.799999237060547,21.497020721435547,71200
2020-07-16,25.760000228881836,26.06999969482422,25.760000228881836,25.790000915527344,21.48868751525879,107700
2020-07-17,25.84000015258789,26.049999237060547,25.729999542236328,25.8700008392334,21.55534553527832,147000
2020-07-20,25.8700008392334,25.940000534057617,25.790000915527344,25.850000381469727,21.538681030273438,78000
2020-07-21,25.8799991607666,26.079999923706055,25.8799991607666,26.05500030517578,21.70949363708496,76200
2020-07-22,26.079999923706055,26.170000076293945,26.010000228881836,26.149999618530273,21.788646697998047,81400
2020-07-23,26.1200008392334,26.229999542236328,26.110000610351562,26.209999084472656,21.838638305664062,49000
2020-07-24,26.200000762939453,26.31999969482422,26.15999984741211,26.290000915527344,21.905298233032227,63700
2020-07-27,26.31999969482422,26.360000610351562,26.139999389648438,26.18000030517578,21.81363868713379,94500
2020-07-28,25.899999618530273,26.09000015258789,25.829999923706055,26.059999465942383,21.97300148010254,115200
2020-07-29,26.0,26.190000534057617,25.989999771118164,26.190000534057617,22.082616806030273,102200
2020-07-30,26.190000534057617,26.309999465942383,26.06999969482422,26.299999237060547,22.17536163330078,121800
2020-07-31,26.260000228881836,26.350000381469727,26.1299991607666,26.200000762939453,22.09104347229004,202300
2020-08-03,26.270000457763672,26.285999298095703,26.139999389648438,26.18600082397461,22.079242706298828,73300
2020-08-04,26.229999542236328,26.290000915527344,26.18000030517578,26.260000228881836,22.14163589477539,74900
2020-08-05,26.260000228881836,26.299999237060547,26.219999313354492,26.299999237060547,22.17536163330078,68500
2020-08-06,26.299999237060547,26.299999237060547,26.100000381469727,26.25,22.13320541381836,101600
2020-08-07,26.239999771118164,26.299999237060547,26.1299991607666,26.299999237060547,22.17536163330078,73600
2020-08-10,26.299999237060547,26.329999923706055,26.1299991607666,26.239999771118164,22.124771118164062,101900
2020-08-11,26.239999771118164,26.290000915527344,26.184999465942383,26.280000686645508,22.15850257873535,86000
2020-08-12,26.25,26.389999389648438,26.25,26.389999389648438,22.251249313354492,49500
2020-08-13,26.299999237060547,26.469999313354492,26.290000915527344,26.450000762939453,22.30183982849121,36800
2020-08-14,26.450000762939453,26.611000061035156,26.398000717163086,26.450000762939453,22.30183982849121,61200
2020-08-17,26.56999969482422,26.639999389648438,26.510000228881836,26.639999389648438,22.462039947509766,45500
2020-08-18,26.690000534057617,26.75,26.621999740600586,26.649999618530273,22.47046661376953,208800
2020-08-19,26.649999618530273,26.709999084472656,26.649999618530273,26.670000076293945,22.487335205078125,93300
2020-08-20,26.6200008392334,26.709999084472656,26.600000381469727,26.700000762939453,22.512630462646484,126800
2020-08-21,26.709999084472656,26.770000457763672,26.610000610351562,26.690000534057617,22.50419807434082,42600
2020-08-24,26.690000534057617,26.719999313354492,26.639999389648438,26.700000762939453,22.512630462646484,235800
2020-08-25,26.700000762939453,26.719999313354492,26.649999618530273,26.719999313354492,22.529495239257812,294700
2020-08-26,26.719999313354492,26.850000381469727,26.700000762939453,26.850000381469727,22.63910484313965,59300
2020-08-27,26.850000381469727,26.899999618530273,26.822999954223633,26.889999389648438,22.67283058166504,64000
2020-08-28,26.899999618530273,26.899999618530273,26.6299991607666,26.760000228881836,22.56321907043457,67200
2020-08-31,26.829999923706055,26.989999771118164,26.700000762939453,26.81999969482422,22.61380958557129,174400
2020-09-01,26.93000030517578,26.959999084472656,26.84000015258789,26.93000030517578,22.706562042236328,141100
2020-09-02,26.93000030517578,26.93000030517578,26.790000915527344,26.90999984741211,22.689693450927734,61500
2020-09-03,26.899999618530273,26.899999618530273,26.700000762939453,26.83300018310547,22.624771118164062,64500
2020-09-04,26.780000686645508,26.799999237060547,26.520000457763672,26.65999984741211,22.478904724121094,64100
2020-09-08,26.65999984741211,26.700000762939453,26.5,26.55699920654297,22.392059326171875,76500
2020-09-09,26.600000381469727,26.799999237060547,26.600000381469727,26.799999237060547,22.596948623657227,78600
2020-09-10,26.81999969482422,26.850000381469727,26.690000534057617,26.739999771118164,22.546356201171875,89900
2020-09-11,26.809999465942383,26.834999084472656,26.709999084472656,26.709999084472656,22.52106285095215,72400
2020-09-14,26.780000686645508,26.850000381469727,26.746000289916992,26.84000015258789,22.630674362182617,39400
2020-09-15,26.8700008392334,26.889999389648438,26.610000610351562,26.6299991607666,22.453611373901367,164900
2020-09-16,26.709999084472656,26.850000381469727,26.57699966430664,26.649999618530273,22.47046661376953,106400
2020-09-17,26.6299991607666,26.809999465942383,26.600000381469727,26.780000686645508,22.580087661743164,71900
2020-09-18,26.799999237060547,26.799999237060547,26.68400001525879,26.760000228881836,22.56321907043457,27500
2020-09-21,26.59000015258789,26.649999618530273,26.450000762939453,26.6299991607666,22.453611373901367,75300
2020-09-22,26.649999618530273,26.709999084472656,26.530000686645508,26.65999984741211,22.478904724121094,116400
2020-09-23,26.690000534057617,26.690000534057617,26.399999618530273,26.450000762939453,22.30183982849121,104900
2020-09-24,26.40999984741211,26.489999771118164,26.31999969482422,26.459999084472656,22.310270309448242,54000
2020-09-25,26.489999771118164,26.700000762939453,26.40999984741211,26.579999923706055,22.411453247070312,42800
2020-09-28,26.6200008392334,26.709999084472656,26.600000381469727,26.639999389648438,22.462039947509766,81200
2020-09-29,26.700000762939453,26.700000762939453,26.510000228881836,26.59000015258789,22.41988182067871,69400
2020-09-30,26.6299991607666,26.6299991607666,26.360000610351562,26.360000610351562,22.225954055786133,258900
2020-10-01,26.399999618530273,26.639999389648438,26.399999618530273,26.610000610351562,22.43674659729004,58300
2020-10-02,26.549999237060547,26.68000030517578,26.549999237060547,26.610000610351562,22.43674659729004,72600
2020-10-05,26.59000015258789,26.860000610351562,26.59000015258789,26.850000381469727,22.63910484313965,49500
2020-10-06,26.860000610351562,26.860000610351562,26.649999618530273,26.780000686645508,22.580087661743164,96000
2020-10-07,26.81999969482422,26.899999618530273,26.81999969482422,26.895000457763672,22.67704963684082,52600
2020-10-08,26.899999618530273,26.90999984741211,26.850000381469727,26.899999618530273,22.681264877319336,52700
2020-10-09,26.90999984741211,26.90999984741211,26.780000686645508,26.8799991607666,22.664398193359375,66800
2020-10-12,26.84000015258789,26.90999984741211,26.81999969482422,26.84000015258789,22.630674362182617,47400
2020-10-13,26.889999389648438,26.920000076293945,26.850000381469727,26.90999984741211,22.689693450927734,68900
2020-10-14,26.90999984741211,26.940000534057617,26.829999923706055,26.8700008392334,22.655975341796875,41900
2020-10-15,26.829999923706055,26.940000534057617,26.770000457763672,26.90999984741211,22.689693450927734,68300
2020-10-16,26.940000534057617,26.979999542236328,26.90999984741211,26.959999084472656,22.731855392456055,36800
2020-10-19,26.920000076293945,26.959999084472656,26.829999923706055,26.899999618530273,22.681264877319336,71000
2020-10-20,26.8799991607666,27.09000015258789,26.850000381469727,27.040000915527344,22.799312591552734,82000
2020-10-21,27.079999923706055,27.09000015258789,26.799999237060547,26.809999465942383,22.60538101196289,73900
2020-10-22,26.8799991607666,26.989999771118164,26.81999969482422,26.989999771118164,22.75714683532715,46200
2020-10-23,27.020000457763672,27.30500030517578,27.0,27.280000686645508,23.001672744750977,59900
2020-10-26,27.190000534057617,27.239999771118164,27.149999618530273,27.219999313354492,22.951078414916992,86000
2020-10-27,27.239999771118164,27.299999237060547,27.1200008392334,27.200000762939453,22.93421745300293,111000
2020-10-28,26.850000381469727,26.920000076293945,26.350000381469727,26.389999389648438,22.506929397583008,175300
2020-10-29,26.520000457763672,26.639999389648438,26.299999237060547,26.420000076293945,22.532520294189453,119700
2020-10-30,26.530000686645508,26.549999237060547,26.299999237060547,26.3799991607666,22.49840545654297,393000
2020-11-02,26.43000030517578,26.488000869750977,26.280000686645508,26.280000686645508,22.413122177124023,153400
2020-11-03,26.389999389648438,26.540000915527344,26.3700008392334,26.40999984741211,22.523990631103516,94500
2020-11-04,26.549999237060547,26.739999771118164,26.5,26.690000534057617,22.762792587280273,61100
2020-11-05,26.739999771118164,26.84000015258789,26.66699981689453,26.760000228881836,22.822492599487305,64800
2020-11-06,26.760000228881836,26.790000915527344,26.549999237060547,26.610000610351562,22.694564819335938,42900
2020-11-09,26.729999542236328,26.8799991607666,26.649999618530273,26.799999237060547,22.856605529785156,100000
2020-11-10,26.8700008392334,26.969999313354492,26.760000228881836,26.760000228881836,22.822492599487305,84100
2020-11-11,26.790000915527344,26.860000610351562,26.75,26.780000686645508,22.839548110961914,51000
2020-11-12,26.780000686645508,26.899999618530273,26.739999771118164,26.84000015258789,22.890716552734375,48100
2020-11-13,26.850000381469727,26.979999542236328,26.809999465942383,26.850000381469727,22.899250030517578,48100
2020-11-16,26.969999313354492,27.3799991607666,26.860000610351562,27.31999969482422,23.30008888244629,68600
2020-11-17,27.260000228881836,27.3700008392334,27.121000289916992,27.239999771118164,23.231863021850586,67000
2020-11-18,27.280000686645508,27.420000076293945,27.239999771118164,27.31999969482422,23.30008888244629,44500
2020-11-19,27.290000915527344,27.59000015258789,27.2549991607666,27.469999313354492,23.428022384643555,107400
2020-11-20,27.440000534057617,27.530000686645508,27.3700008392334,27.43000030517578,23.39390754699707,55800
2020-11-23,27.450000762939453,27.600000381469727,27.440000534057617,27.450000762939453,23.410964965820312,94000
2020-11-24,27.450000762939453,27.542999267578125,27.3700008392334,27.3799991607666,23.35126304626465,101600
2020-11-25,27.440000534057617,27.450000762939453,27.290000915527344,27.440000534057617,23.402435302734375,123600
2020-11-27,27.43000030517578,27.489999771118164,27.413000106811523,27.459999084472656,23.419492721557617,18600
2020-11-30,27.459999084472656,27.469999313354492,27.25,27.25,23.240392684936523,116300
2020-12-01,27.34000015258789,27.3799991607666,27.219999313354492,27.219999313354492,23.214807510375977,23900
2020-12-02,27.229999542236328,27.3700008392334,27.139999389648438,27.260000228881836,23.248920440673828,62200
2020-12-03,27.360000610351562,27.389999389648438,27.229999542236328,27.280000686645508,23.265979766845703,85200
2020-12-04,27.34000015258789,27.34000015258789,27.25,27.280000686645508,23.265979766845703,70600
2020-12-07,27.360000610351562,27.40999984741211,27.280000686645508,27.399999618530273,23.36832046508789,35700
2020-12-08,27.40999984741211,27.5,27.31999969482422,27.3799991607666,23.35126304626465,76300
2020-12-09,27.43000030517578,27.440000534057617,27.329999923706055,27.440000534057617,23.402435302734375,45300
2020-12-10,27.420000076293945,27.42300033569336,27.06999969482422,27.219999313354492,23.214807510375977,96000
2020-12-11,27.260000228881836,27.350000381469727,27.20599937438965,27.280000686645508,23.265979766845703,53800
2020-12-14,27.219999313354492,27.299999237060547,27.200000762939453,27.219999313354492,23.214807510375977,73200
2020-12-15,27.270000457763672,27.290000915527344,27.18000030517578,27.200000762939453,23.1977481842041,76900
2020-12-16,27.209999084472656,27.31999969482422,27.110000610351562,27.299999237060547,23.283031463623047,79500
2020-12-17,27.299999237060547,27.389999389648438,27.200000762939453,27.389999389648438,23.359790802001953,49700
2020-12-18,27.420000076293945,27.43000030517578,27.350000381469727,27.40999984741211,23.376850128173828,39600
2020-12-21,27.360000610351562,27.489999771118164,27.309999465942383,27.489999771118164,23.44507598876953,52200
2020-12-22,27.489999771118164,27.5,27.420000076293945,27.469999313354492,23.428022384643555,102900
2020-12-23,27.43000030517578,27.489999771118164,27.3799991607666,27.399999618530273,23.36832046508789,63900
2020-12-24,27.459999084472656,27.459999084472656,27.3799991607666,27.399999618530273,23.36832046508789,63600
2020-12-28,27.459999084472656,27.489999771118164,27.399999618530273,27.40999984741211,23.376850128173828,64500
2020-12-29,27.40999984741211,27.469999313354492,27.3700008392334,27.3700008392334,23.342735290527344,51500
2020-12-30,27.440000534057617,27.469999313354492,27.358999252319336,27.3799991607666,23.35126304626465,56200
2020-12-31,27.43000030517578,27.56999969482422,27.399999618530273,27.399999618530273,23.36832046508789,254900
2021-01-04,27.469999313354492,27.5,27.25,27.329999923706055,23.308622360229492,63000
2021-01-05,27.3700008392334,27.375999450683594,27.229999542236328,27.329999923706055,23.308622360229492,55100
2021-01-06,27.270000457763672,27.270000457763672,26.780000686645508,26.8799991607666,22.924833297729492,103300
2021-01-07,26.770000457763672,26.940000534057617,26.549999237060547,26.559999465942383,22.651920318603516,72500
2021-01-08,26.56999969482422,26.731000900268555,26.5,26.549999237060547,22.643390655517578,79400
2021-01-11,26.5,26.559999465942383,26.110000610351562,26.110000610351562,22.26813507080078,178700
2021-01-12,26.149999618530273,26.190000534057617,25.93000030517578,26.100000381469727,22.25960350036621,309000
2021-01-13,26.100000381469727,26.469999313354492,26.100000381469727,26.399999618530273,22.51546287536621,212200
2021-01-14,26.479999542236328,26.632999420166016,26.329999923706055,26.5,22.600746154785156,141400
2021-01-15,26.559999465942383,26.579999923706055,26.43000030517578,26.5,22.600746154785156,111200
2021-01-19,26.56999969482422,26.56999969482422,26.40999984741211,26.43000030517578,22.541046142578125,81400
2021-01-20,26.489999771118164,26.540000915527344,26.350000381469727,26.420000076293945,22.532520294189453,166000
2021-01-21,26.399999618530273,27.530000686645508,26.260000228881836,26.3799991607666,22.49840545654297,90100
2021-01-22,26.299999237060547,26.639999389648438,26.299999237060547,26.610000610351562,22.694564819335938,78400
2021-01-25,26.65999984741211,26.690000534057617,26.579999923706055,26.649999618530273,22.72867774963379,87800
2021-01-26,26.690000534057617,26.690000534057617,26.510000228881836,26.56999969482422,22.660446166992188,66600
2021-01-27,26.6200008392334,26.65999984741211,26.270000457763672,26.309999465942383,22.438705444335938,53200
2021-01-28,26.290000915527344,26.299999237060547,26.020000457763672,26.079999923706055,22.50688362121582,74800
2021-01-29,26.149999618530273,26.280000686645508,26.0,26.100000381469727,22.524141311645508,229200
2021-02-01,26.200000762939453,26.200000762939453,26.030000686645508,26.049999237060547,22.48099136352539,139500
2021-02-02,26.100000381469727,26.260000228881836,26.09000015258789,26.110000610351562,22.53277015686035,151700
2021-02-03,26.15999984741211,26.15999984741211,26.0,26.040000915527344,22.472362518310547,197700
2021-02-04,26.06999969482422,26.100000381469727,25.93000030517578,26.079999923706055,22.50688362121582,130500
2021-02-05,26.079999923706055,26.200000762939453,26.079999923706055,26.110000610351562,22.53277015686035,70500
2021-02-08,26.100000381469727,26.239999771118164,26.100000381469727,26.190000534057617,22.601810455322266,45400
2021-02-09,26.219999313354492,26.3799991607666,26.187000274658203,26.219999313354492,22.62769889831543,50600
2021-02-10,26.25,26.29800033569336,26.149999618530273,26.18000030517578,22.593175888061523,104500
2021-02-11,26.25,26.25,26.049999237060547,26.079999923706055,22.50688362121582,66600
2021-02-12,26.110000610351562,26.110000610351562,25.8799991607666,25.979999542236328,22.42057991027832,81500
2021-02-16,26.049999237060547,26.15999984741211,25.8799991607666,25.90999984741211,22.360170364379883,223300
2021-02-17,25.969999313354492,25.969999313354492,25.8799991607666,25.920000076293945,22.368803024291992,87800
2021-02-18,25.920000076293945,25.94099998474121,25.850000381469727,25.889999389648438,22.342914581298828,113000
2021-02-19,25.940000534057617,25.940000534057617,25.790000915527344,25.829999923706055,22.291133880615234,184000
2021-02-22,25.850000381469727,25.889999389648438,25.761999130249023,25.770000457763672,22.239351272583008,199200
2021-02-23,25.809999465942383,25.86400032043457,25.75,25.780000686645508,22.247982025146484,99900
2021-02-24,25.780000686645508,25.81999969482422,25.670000076293945,25.690000534057617,22.170316696166992,173500
2021-02-25,25.649999618530273,25.690000534057617,25.420000076293945,25.510000228881836,22.014972686767578,179400
2021-02-26,25.709999084472656,25.709999084472656,25.280000686645508,25.610000610351562,22.101274490356445,116900
2021-03-01,25.809999465942383,25.819000244140625,25.6200008392334,25.809999465942383,22.273874282836914,104600
2021-03-02,25.860000610351562,25.969999313354492,25.719999313354492,25.940000534057617,22.386062622070312,146500
2021-03-03,25.940000534057617,26.290000915527344,25.850000381469727,26.280000686645508,22.67947769165039,155700
2021-03-04,26.350000381469727,26.450000762939453,26.113000869750977,26.280000686645508,22.67947769165039,181000
2021-03-05,26.280000686645508,26.29800033569336,26.1200008392334,26.209999084472656,22.619068145751953,146600
2021-03-08,26.209999084472656,26.280000686645508,26.100000381469727,26.200000762939453,22.61043930053711,146800
2021-03-09,26.25,26.309999465942383,26.170000076293945,26.309999465942383,22.705368041992188,95300
2021-03-10,26.31999969482422,26.375,26.253999710083008,26.375,22.76146697998047,96600
2021-03-11,26.43000030517578,26.719999313354492,26.31999969482422,26.700000762939453,23.04193687438965,86200
2021-03-12,26.649999618530273,26.670000076293945,26.309999465942383,26.56999969482422,22.92974853515625,68700
2021-03-15,26.600000381469727,26.6299991607666,26.5049991607666,26.510000228881836,22.877965927124023,185100
2021-03-16,26.510000228881836,26.850000381469727,26.510000228881836,26.81999969482422,23.14549446105957,140400
2021-03-17,26.780000686645508,26.79800033569336,26.549999237060547,26.610000610351562,22.96426773071289,69600
2021-03-18,26.350000381469727,26.469999313354492,26.200000762939453,26.229999542236328,22.636329650878906,135300
2021-03-19,26.299999237060547,26.299999237060547,26.219999313354492,26.280000686645508,22.67947769165039,154900
2021-03-22,26.389999389648438,26.389999389648438,26.239999771118164,26.280000686645508,22.67947769165039,152900
2021-03-23,26.270000457763672,26.329999923706055,26.18000030517578,26.229999542236328,22.636329650878906,103200
2021-03-24,26.299999237060547,26.34000015258789,26.239999771118164,26.260000228881836,22.662221908569336,138200
2021-03-25,26.280000686645508,26.280000686645508,26.211000442504883,26.219999313354492,22.62769889831543,81500
2021-03-26,26.290000915527344,26.290000915527344,26.200000762939453,26.270000457763672,22.67085075378418,55700
2021-03-29,26.290000915527344,26.290000915527344,26.170000076293945,26.209999084472656,22.619068145751953,79100
2021-03-30,26.219999313354492,26.280000686645508,26.200000762939453,26.280000686645508,22.67947769165039,46500
2021-03-31,26.280000686645508,26.489999771118164,26.2549991607666,26.31999969482422,22.713998794555664,223200
2021-04-01,26.459999084472656,26.579999923706055,26.25,26.579999923706055,22.938379287719727,76900
2021-04-05,26.59000015258789,26.73900032043457,26.540000915527344,26.68000030517578,23.02467918395996,69800
2021-04-06,26.709999084472656,26.90999984741211,26.674999237060547,26.809999465942383,23.136865615844727,78300
2021-04-07,26.8799991607666,26.889999389648438,26.639999389648438,26.68000030517578,23.02467918395996,95900
2021-04-08,26.780000686645508,26.788999557495117,26.670000076293945,26.670000076293945,23.016048431396484,34300
2021-04-09,26.75,26.76099967956543,26.6299991607666,26.639999389648438,22.990158081054688,37700
2021-04-12,26.690000534057617,26.780000686645508,26.56999969482422,26.780000686645508,23.110977172851562,47000
2021-04-13,26.780000686645508,26.889999389648438,26.690000534057617,26.829999923706055,23.15412712097168,89500
2021-04-14,26.8799991607666,26.881999969482422,26.760000228881836,26.81999969482422,23.14549446105957,45300
2021-04-15,26.889999389648438,26.889999389648438,26.799999237060547,26.850000381469727,23.171388626098633,43900
2021-04-16,26.860000610351562,26.8799991607666,26.780000686645508,26.850000381469727,23.171388626098633,63000
2021-04-19,26.8700008392334,26.889999389648438,26.780000686645508,26.799999237060547,23.12823486328125,41800
2021-04-20,26.84000015258789,26.84000015258789,26.780000686645508,26.81999969482422,23.14549446105957,41400
2021-04-21,26.84000015258789,26.959999084472656,26.829999923706055,26.899999618530273,23.214534759521484,46200
2021-04-22,26.959999084472656,26.959999084472656,26.84000015258789,26.8799991607666,23.197275161743164,65400
2021-04-23,26.940000534057617,27.090999603271484,26.906999588012695,27.06999969482422,23.361242294311523,37600
2021-04-26,27.079999923706055,27.165000915527344,27.010000228881836,27.020000457763672,23.31809425354004,61500
2021-04-27,27.020000457763672,27.020000457763672,26.969999313354492,26.979999542236328,23.28357696533203,61600
2021-04-28,26.760000228881836,26.860000610351562,26.711999893188477,26.81999969482422,23.413654327392578,75900
2021-04-29,26.81999969482422,26.81999969482422,26.700000762939453,26.770000457763672,23.370004653930664,30200
2021-04-30,26.770000457763672,26.799999237060547,26.559999465942383,26.559999465942383,23.186674118041992,114800
2021-05-03,26.59000015258789,26.729999542236328,26.58300018310547,26.719999313354492,23.326351165771484,53300
2021-05-04,26.719999313354492,26.889999389648438,26.649999618530273,26.84000015258789,23.43111228942871,76200
2021-05-05,26.850000381469727,26.969999313354492,26.81999969482422,26.88800048828125,23.473012924194336,46600
2021-05-06,26.979999542236328,26.979999542236328,26.719999313354492,26.790000915527344,23.387460708618164,44800
2021-05-07,26.889999389648438,27.020000457763672,26.760000228881836,26.989999771118164,23.56205940246582,46600
2021-05-10,26.979999542236328,27.020000457763672,26.850000381469727,26.940000534057617,23.518409729003906,85000
2021-05-11,26.860000610351562,26.860000610351562,26.690000534057617,26.790000915527344,23.387460708618164,38000
2021-05-12,26.719999313354492,26.719999313354492,26.3700008392334,26.3799991607666,23.029531478881836,75300
2021-05-13,26.399999618530273,26.639999389648438,26.3700008392334,26.530000686645508,23.160484313964844,49900
2021-05-14,26.700000762939453,26.739999771118164,26.5,26.709999084472656,23.317623138427734,39000
2021-05-17,26.709999084472656,26.729999542236328,26.450000762939453,26.520000457763672,23.15175437927246,46000
2021-05-18,26.6200008392334,26.68000030517578,26.40999984741211,26.68000030517578,23.291431427001953,35700
2021-05-19,26.56999969482422,26.719999313354492,26.440000534057617,26.68000030517578,23.291431427001953,29100
2021-05-20,26.75,26.815000534057617,26.687000274658203,26.790000915527344,23.387460708618164,39800
2021-05-21,26.899999618530273,26.950000762939453,26.790000915527344,26.920000076293945,23.50094985961914,60200
2021-05-24,27.0,27.020000457763672,26.739999771118164,26.739999771118164,23.343812942504883,82200
2021-05-25,26.850000381469727,26.850000381469727,26.649999618530273,26.690000534057617,23.300161361694336,54100
2021-05-26,26.719999313354492,26.739999771118164,26.56999969482422,26.579999923706055,23.204133987426758,53500
2021-05-27,26.65999984741211,26.68000030517578,26.56999969482422,26.6299991607666,23.247783660888672,55900
2021-05-28,26.700000762939453,26.989999771118164,26.639999389648438,26.989999771118164,23.56205940246582,133100
2021-06-01,26.950000762939453,27.1299991607666,26.889999389648438,27.1299991607666,23.684276580810547,58500
2021-06-02,27.06999969482422,27.209999084472656,27.030000686645508,27.209999084472656,23.75411605834961,56200
2021-06-03,27.139999389648438,27.200000762939453,27.059999465942383,27.09000015258789,23.64935874938965,72500
2021-06-04,27.079999923706055,27.079999923706055,26.959999084472656,27.010000228881836,23.579517364501953,45600
2021-06-07,27.06999969482422,27.06999969482422,27.0,27.030000686645508,23.596981048583984,62100
2021-06-08,27.030000686645508,27.030000686645508,26.940000534057617,27.0,23.57078742980957,111900
2021-06-09,26.950000762939453,27.030000686645508,26.90999984741211,27.020000457763672,23.58824920654297,106000
2021-06-10,27.020000457763672,27.020000457763672,26.90999984741211,26.93000030517578,23.509679794311523,143900
2021-06-11,26.93000030517578,26.979999542236328,26.8700008392334,26.940000534057617,23.518409729003906,91200
2021-06-14,26.989999771118164,27.0,26.93000030517578,26.989999771118164,23.56205940246582,89700
2021-06-15,26.989999771118164,27.0,26.889999389648438,26.989999771118164,23.56205940246582,51400
2021-06-16,27.0,27.079999923706055,26.959999084472656,27.020000457763672,23.58824920654297,155900
2021-06-17,27.0,27.06999969482422,26.93000030517578,27.010000228881836,23.579517364501953,82300
2021-06-18,27.049999237060547,27.049999237060547,26.940000534057617,27.0,23.57078742980957,35900
2021-06-21,27.0,27.0,26.920000076293945,26.93000030517578,23.509679794311523,74700
2021-06-22,26.93000030517578,26.969999313354492,26.920000076293945,26.93000030517578,23.509679794311523,290700
2021-06-23,26.950000762939453,26.989999771118164,26.90999984741211,26.93000030517578,23.509679794311523,81900
2021-06-24,26.950000762939453,26.979999542236328,26.90999984741211,26.940000534057617,23.518409729003906,60200
2021-06-25,26.959999084472656,26.959999084472656,26.8799991607666,26.8799991607666,23.46603012084961,46900
2021-06-28,26.920000076293945,26.933000564575195,26.860000610351562,26.8700008392334,23.45730209350586,90700
2021-06-29,26.90999984741211,26.959999084472656,26.860000610351562,26.8700008392334,23.45730209350586,65500
2021-06-30,26.899999618530273,26.969999313354492,26.81999969482422,26.81999969482422,23.413654327392578,284900
2021-07-01,26.889999389648438,26.950000762939453,26.829999923706055,26.860000610351562,23.448572158813477,101900
2021-07-02,26.920000076293945,26.959999084472656,26.889999389648438,26.959999084472656,23.535869598388672,51300
2021-07-06,26.940000534057617,27.049999237060547,26.93000030517578,26.969999313354492,23.544601440429688,79100
2021-07-07,26.989999771118164,27.0,26.954999923706055,26.969999313354492,23.544601440429688,166000
2021-07-08,26.950000762939453,27.007999420166016,26.860000610351562,26.979999542236328,23.553329467773438,55400
2021-07-09,26.989999771118164,26.989999771118164,26.920000076293945,26.920000076293945,23.50094985961914,69100
2021-07-12,26.969999313354492,27.020000457763672,26.90999984741211,26.950000762939453,23.52713966369629,87600
2021-07-13,26.950000762939453,26.950000762939453,26.850000381469727,26.8700008392334,23.45730209350586,85400
2021-07-14,26.889999389648438,26.93000030517578,26.809999465942383,26.920000076293945,23.50094985961914,56800
2021-07-15,26.940000534057617,26.969999313354492,26.895000457763672,26.93000030517578,23.509679794311523,67400
2021-07-16,26.93000030517578,26.940000534057617,26.8799991607666,26.920000076293945,23.50094985961914,68000
2021-07-19,26.860000610351562,26.8799991607666,26.790000915527344,26.84000015258789,23.43111228942871,70200
2021-07-20,26.8799991607666,26.950000762939453,26.84000015258789,26.899999618530273,23.483488082885742,57500
2021-07-21,26.899999618530273,26.940000534057617,26.8700008392334,26.920000076293945,23.50094985961914,51600
2021-07-22,26.920000076293945,26.959999084472656,26.881000518798828,26.920000076293945,23.50094985961914,56000
2021-07-23,26.940000534057617,26.989999771118164,26.924999237060547,26.989999771118164,23.56205940246582,38900
2021-07-26,26.989999771118164,27.059999465942383,26.95400047302246,27.0,23.57078742980957,47200
2021-07-27,27.010000228881836,27.09000015258789,26.8799991607666,27.079999923706055,23.640628814697266,30600
2021-07-28,26.84000015258789,26.8799991607666,26.780000686645508,26.829999923706055,23.692731857299805,96300
2021-07-29,26.850000381469727,26.899999618530273,26.829999923706055,26.850000381469727,23.710390090942383,37500
2021-07-30,26.899999618530273,26.940000534057617,26.799999237060547,26.81999969482422,23.683900833129883,184700
2021-08-02,26.81999969482422,26.899999618530273,26.799999237060547,26.81999969482422,23.683900833129883,83300
2021-08-03,26.809999465942383,26.868000030517578,26.799999237060547,26.81999969482422,23.683900833129883,98900
2021-08-04,26.84000015258789,26.889999389648438,26.760000228881836,26.81999969482422,23.683900833129883,215500
2021-08-05,26.8700008392334,26.899999618530273,26.809999465942383,26.81999969482422,23.683900833129883,119500
2021-08-06,26.799999237060547,26.889999389648438,26.799999237060547,26.8799991607666,23.73688507080078,94600
2021-08-09,26.889999389648438,26.889999389648438,26.790000915527344,26.799999237060547,23.666236877441406,65900
2021-08-10,26.729999542236328,26.729999542236328,26.5,26.690000534057617,23.56909942626953,47900
2021-08-11,26.780000686645508,26.809999465942383,26.690000534057617,26.729999542236328,23.60442543029785,39200
2021-08-12,26.729999542236328,26.75,26.690000534057617,26.700000762939453,23.577932357788086,54000
2021-08-13,26.770000457763672,26.799999237060547,26.700000762939453,26.75,23.62208366394043,144600
2021-08-16,26.75,26.770000457763672,26.635000228881836,26.700000762939453,23.577932357788086,58900
2021-08-17,26.709999084472656,26.729999542236328,26.643999099731445,26.709999084472656,23.586761474609375,34900
2021-08-18,26.709999084472656,26.709999084472656,26.610000610351562,26.670000076293945,23.55143928527832,51000
2021-08-19,26.549999237060547,26.700000762939453,26.549999237060547,26.700000762939453,23.577932357788086,43700
2021-08-20,26.739999771118164,26.780000686645508,26.709999084472656,26.75,23.62208366394043,36700
2021-08-23,26.75,26.799999237060547,26.739999771118164,26.770000457763672,23.63974952697754,36600
2021-08-24,26.770000457763672,26.770000457763672,26.711000442504883,26.770000457763672,23.63974952697754,46600
2021-08-25,26.760000228881836,26.809999465942383,26.709999084472656,26.75,23.62208366394043,98600
2021-08-26,26.739999771118164,26.75,26.649999618530273,26.65999984741211,23.5426082611084,41000
2021-08-27,26.670000076293945,26.81999969482422,26.65999984741211,26.81999969482422,23.683900833129883,49600
2021-08-30,26.81999969482422,26.81999969482422,26.718000411987305,26.75,23.62208366394043,70400
2021-08-31,26.760000228881836,26.77899932861328,26.649999618530273,26.729999542236328,23.60442543029785,164000
2021-09-01,26.75,26.8799991607666,26.75,26.829999923706055,23.692731857299805,81300
2021-09-02,26.93000030517578,26.950000762939453,26.790000915527344,26.799999237060547,23.666236877441406,254300
2021-09-03,26.829999923706055,26.989999771118164,26.790000915527344,26.989999771118164,23.834022521972656,144100
2021-09-07,26.950000762939453,26.950000762939453,26.809999465942383,26.809999465942383,23.675071716308594,60100
2021-09-08,26.8700008392334,26.8799991607666,26.6299991607666,26.68000030517578,23.56026840209961,77500
2021-09-09,26.709999084472656,26.75,26.6200008392334,26.639999389648438,23.52495002746582,51900
2021-09-10,26.700000762939453,26.749000549316406,26.350000381469727,26.639999389648438,23.52495002746582,74100
2021-09-13,26.700000762939453,26.708999633789062,26.59000015258789,26.6299991607666,23.516115188598633,45800
2021-09-14,26.65999984741211,26.690000534057617,26.600000381469727,26.600000381469727,23.489627838134766,29900
2021-09-15,26.639999389648438,26.760000228881836,26.6299991607666,26.739999771118164,23.61325454711914,80800
2021-09-16,26.760000228881836,26.790000915527344,26.670000076293945,26.770000457763672,23.63974952697754,84600
2021-09-17,26.770000457763672,26.829999923706055,26.690000534057617,26.700000762939453,23.577932357788086,140100
2021-09-20,26.600000381469727,26.760000228881836,26.600000381469727,26.690000534057617,23.56909942626953,36000
2021-09-21,26.729999542236328,26.739999771118164,26.656999588012695,26.700000762939453,23.577932357788086,47100
2021-09-22,26.739999771118164,26.850000381469727,26.6299991607666,26.81999969482422,23.683900833129883,108700
2021-09-23,26.850000381469727,26.90999984741211,26.649999618530273,26.709999084472656,23.586761474609375,88700
2021-09-24,26.700000762939453,26.700000762939453,26.579999923706055,26.65999984741211,23.5426082611084,40100
2021-09-27,26.65999984741211,26.65999984741211,26.399999618530273,26.530000686645508,23.42780876159668,85300
2021-09-28,26.459999084472656,26.459999084472656,26.211999893188477,26.31999969482422,23.242366790771484,102400
2021-09-29,26.459999084472656,26.6299991607666,26.34000015258789,26.6299991607666,23.516115188598633,40700
2021-09-30,26.68000030517578,26.709999084472656,26.450000762939453,26.450000762939453,23.357162475585938,162000
2021-10-01,26.489999771118164,26.549999237060547,26.450000762939453,26.469999313354492,23.37482452392578,26400
2021-10-04,26.469999313354492,26.469999313354492,26.239999771118164,26.239999771118164,23.17171859741211,41800
2021-10-05,26.34000015258789,26.3700008392334,26.100000381469727,26.110000610351562,23.05691909790039,101800
2021-10-06,26.1299991607666,26.360000610351562,26.1200008392334,26.350000381469727,23.268856048583984,80200
2021-10-07,26.3700008392334,26.450000762939453,26.350000381469727,26.399999618530273,23.313011169433594,130600
2021-10-08,26.40999984741211,26.459999084472656,26.31999969482422,26.459999084472656,23.36599349975586,75200
2021-10-11,26.489999771118164,26.489999771118164,26.399999618530273,26.450000762939453,23.357162475585938,25500
2021-10-12,26.479999542236328,26.670000076293945,26.479999542236328,26.639999389648438,23.52495002746582,47600
2021-10-13,26.639999389648438,26.77899932861328,26.6200008392334,26.729999542236328,23.60442543029785,81900
2021-10-14,26.770000457763672,26.969999313354492,26.770000457763672,26.905000686645508,23.758960723876953,58000
2021-10-15,26.889999389648438,26.93899917602539,26.774999618530273,26.790000915527344,23.657407760620117,44000
2021-10-18,26.770000457763672,26.809999465942383,26.649999618530273,26.729999542236328,23.60442543029785,71400
2021-10-19,26.729999542236328,26.80299949645996,26.593000411987305,26.700000762939453,23.577932357788086,99500
2021-10-20,26.729999542236328,26.829999923706055,26.6560001373291,26.75,23.62208366394043,155700
2021-10-21,26.81999969482422,26.850000381469727,26.729999542236328,26.75,23.62208366394043,64700
2021-10-22,26.8700008392334,26.8700008392334,26.75,26.809999465942383,23.675071716308594,78900
2021-10-25,26.809999465942383,26.889999389648438,26.799999237060547,26.860000610351562,23.719223022460938,132700
2021-10-26,26.899999618530273,26.920000076293945,26.780000686645508,26.799999237060547,23.666236877441406,84500
2021-10-27,26.780000686645508,26.90999984741211,26.780000686645508,26.829999923706055,23.692731857299805,90900
2021-10-28,26.639999389648438,26.770000457763672,26.530000686645508,26.709999084472656,23.861574172973633,62900
2021-10-29,26.709999084472656,26.75,26.559999465942383,26.59000015258789,23.754371643066406,132500
2021-11-01,26.6200008392334,26.950000762939453,26.6200008392334,26.940000534057617,24.067045211791992,65300
2021-11-02,26.860000610351562,27.059999465942383,26.860000610351562,27.049999237060547,24.165313720703125,79700
2021-11-03,26.959999084472656,27.15999984741211,26.959999084472656,27.1299991607666,24.236783981323242,65700
2021-11-04,27.049999237060547,27.200000762939453,27.020000457763672,27.18000030517578,24.28145408630371,54300
2021-11-05,27.139999389648438,27.5,27.139999389648438,27.270000457763672,24.36185646057129,116000
2021-11-08,27.280000686645508,27.329999923706055,27.219999313354492,27.290000915527344,24.379722595214844,24100
2021-11-09,27.290000915527344,27.29800033569336,27.0,27.059999465942383,24.17424774169922,72200
2021-11-10,27.030000686645508,27.030000686645508,26.649999618530273,26.950000762939453,24.07598304748535,133400
2021-11-11,26.979999542236328,26.979999542236328,26.760000228881836,26.799999237060547,23.94197654724121,24100
2021-11-12,26.8799991607666,26.920000076293945,26.76099967956543,26.860000610351562,23.99557876586914,26500
2021-11-15,26.93000030517578,26.950000762939453,26.760000228881836,26.860000610351562,23.99557876586914,131700
2021-11-16,26.84000015258789,26.93000030517578,26.729999542236328,26.729999542236328,23.879438400268555,123700
2021-11-17,26.760000228881836,26.850000381469727,26.704999923706055,26.84000015258789,23.977710723876953,44600
2021-11-18,26.799999237060547,26.84000015258789,26.6299991607666,26.75,23.897308349609375,50400
2021-11-19,26.829999923706055,26.829999923706055,26.670000076293945,26.780000686645508,23.924110412597656,95300
2021-11-22,26.790000915527344,26.889999389648438,26.674999237060547,26.719999313354492,23.87051010131836,86300
2021-11-23,26.719999313354492,26.719999313354492,26.56999969482422,26.68000030517578,23.83477210998535,39700
2021-11-24,26.700000762939453,26.735000610351562,26.610000610351562,26.719999313354492,23.87051010131836,48000
2021-11-26,26.6299991607666,26.639999389648438,26.540000915527344,26.579999923706055,23.745437622070312,28400
2021-11-29,26.700000762939453,26.770000457763672,26.579999923706055,26.610000610351562,23.772239685058594,56700
2021-11-30,26.520000457763672,26.65999984741211,26.440000534057617,26.530000686645508,23.70077133178711,156600
2021-12-01,26.600000381469727,26.670000076293945,26.420000076293945,26.440000534057617,23.6203670501709,85300
2021-12-02,26.530000686645508,26.760000228881836,26.520000457763672,26.739999771118164,23.88837242126465,49100
2021-12-03,26.75,26.75,26.610000610351562,26.639999389648438,23.799041748046875,25600
2021-12-06,26.719999313354492,26.75,26.600000381469727,26.75,23.897308349609375,25600
2021-12-07,26.760000228881836,26.8700008392334,26.65999984741211,26.709999084472656,23.861574172973633,74000
2021-12-08,26.81999969482422,26.81999969482422,26.59000015258789,26.65999984741211,23.816905975341797,48100
2021-12-09,26.690000534057617,26.770000457763672,26.64699935913086,26.760000228881836,23.906240463256836,24500
2021-12-10,26.790000915527344,26.799999237060547,26.649999618530273,26.719999313354492,23.87051010131836,33400
2021-12-13,26.760000228881836,26.760000228881836,26.6299991607666,26.690000534057617,23.84370994567871,15400
2021-12-14,26.6200008392334,26.739999771118164,26.559999465942383,26.559999465942383,23.727571487426758,42700
2021-12-15,26.690000534057617,26.690000534057617,26.559999465942383,26.6200008392334,23.781173706054688,50700
2021-12-16,26.600000381469727,26.893999099731445,26.579999923706055,26.729999542236328,23.879438400268555,61200
2021-12-17,26.760000228881836,26.790000915527344,26.670000076293945,26.690000534057617,23.84370994567871,43000
2021-12-20,26.59000015258789,26.75,26.59000015258789,26.610000610351562,23.772239685058594,36800
2021-12-21,26.700000762939453,26.719999313354492,26.610000610351562,26.6299991607666,23.79010581970215,49400
2021-12-22,26.68000030517578,26.899999618530273,26.68000030517578,26.889999389648438,24.02237892150879,38000
2021-12-23,27.010000228881836,27.010000228881836,26.81399917602539,26.81399917602539,23.954483032226562,18800
2021-12-27,26.81999969482422,27.010000228881836,26.81999969482422,26.950000762939453,24.07598304748535,48500
2021-12-28,26.959999084472656,27.0,26.899999618530273,27.0,24.12064552307129,25900
2021-12-29,26.93000030517578,27.079999923706055,26.91200065612793,27.020000457763672,24.138513565063477,30400
2021-12-30,27.079999923706055,27.219999313354492,27.020000457763672,27.15999984741211,24.263586044311523,25900
2021-12-31,27.15999984741211,27.260000228881836,27.059999465942383,27.110000610351562,24.218917846679688,75600
2022-01-03,27.110000610351562,27.1299991607666,27.010000228881836,27.049999237060547,24.165313720703125,43600
2022-01-04,27.020000457763672,27.020000457763672,26.739999771118164,26.790000915527344,23.933042526245117,59800
2022-01-05,26.790000915527344,27.020000457763672,26.530000686645508,26.6200008392334,23.781173706054688,39500
2022-01-06,26.6299991607666,26.6299991607666,26.399999618530273,26.530000686645508,23.70077133178711,70200
2022-01-07,26.43000030517578,26.540000915527344,26.34000015258789,26.520000457763672,23.691835403442383,53000
2022-01-10,26.479999542236328,26.488000869750977,26.389999389648438,26.440000534057617,23.6203670501709,34400
2022-01-11,26.450000762939453,26.75,26.43000030517578,26.59000015258789,23.754371643066406,41000
2022-01-12,26.600000381469727,26.725000381469727,26.450000762939453,26.5,23.67397117614746,33200
2022-01-13,26.520000457763672,26.65999984741211,26.479999542236328,26.610000610351562,23.772239685058594,36300
2022-01-14,26.600000381469727,26.639999389648438,26.40999984741211,26.459999084472656,23.638233184814453,31900
2022-01-18,26.360000610351562,26.459999084472656,26.0,26.0,23.227293014526367,101800
2022-01-19,26.149999618530273,26.170000076293945,26.047000885009766,26.049999237060547,23.271955490112305,37600
2022-01-20,26.190000534057617,26.229999542236328,26.11400032043457,26.139999389648438,23.352359771728516,45100
2022-01-21,26.030000686645508,26.239999771118164,26.030000686645508,26.170000076293945,23.379161834716797,33300
2022-01-24,26.15999984741211,26.209999084472656,25.90999984741211,26.049999237060547,23.271955490112305,58700
2022-01-25,26.040000915527344,26.079999923706055,25.889999389648438,26.020000457763672,23.24515724182129,48700
2022-01-26,26.1299991607666,26.209999084472656,25.809999465942383,25.829999923706055,23.075422286987305,48600
2022-01-27,25.649999618530273,25.670000076293945,25.0,25.200000762939453,22.51260757446289,155000
2022-01-28,25.350000381469727,25.399999618530273,25.049999237060547,25.309999465942383,22.610872268676758,101600
2022-01-31,25.399999618530273,25.56999969482422,25.309999465942383,25.520000457763672,22.798479080200195,93100
2022-02-01,25.6200008392334,25.729999542236328,25.469999313354492,25.489999771118164,22.771678924560547,44100
2022-02-02,25.6200008392334,25.70199966430664,25.399999618530273,25.440000534057617,22.72701072692871,69600
2022-02-03,25.299999237060547,25.399999618530273,25.239999771118164,25.34000015258789,22.637676239013672,108900
2022-02-04,25.25,25.329999923706055,25.049999237060547,25.049999237060547,22.378599166870117,227200
2022-02-07,25.18000030517578,25.239999771118164,24.90999984741211,24.950000762939453,22.28926658630371,170200
2022-02-08,24.950000762939453,25.030000686645508,24.799999237060547,24.90999984741211,22.2535343170166,172700
2022-02-09,25.06999969482422,25.09000015258789,24.899999618530273,24.93000030517578,22.27139663696289,115400
2022-02-10,24.799999237060547,24.8799991607666,24.459999084472656,24.459999084472656,21.851518630981445,277900
2022-02-11,24.520000457763672,24.639999389648438,24.18600082397461,24.239999771118164,21.65498161315918,188300
2022-02-14,24.219999313354492,24.2549991607666,23.920000076293945,24.0,21.440576553344727,161900
2022-02-15,24.209999084472656,24.3799991607666,24.076000213623047,24.25,21.663917541503906,80200
2022-02-16,24.309999465942383,24.649999618530273,24.100000381469727,24.520000457763672,21.905120849609375,174600
2022-02-17,24.579999923706055,24.739999771118164,24.40999984741211,24.440000534057617,21.833650588989258,94600
2022-02-18,24.520000457763672,24.649999618530273,24.459999084472656,24.479999542236328,21.869388580322266,102200
2022-02-22,24.450000762939453,24.549999237060547,24.219999313354492,24.260000228881836,21.672849655151367,212400
2022-02-23,24.3799991607666,24.489999771118164,24.100000381469727,24.149999618530273,21.5745792388916,93100
2022-02-24,23.979999542236328,24.2189998626709,23.900999069213867,24.190000534057617,21.61031723022461,171900
2022-02-25,24.329999923706055,24.5,24.270000457763672,24.479999542236328,21.869388580322266,121900
2022-02-28,24.5,24.610000610351562,24.440000534057617,24.450000762939453,21.842586517333984,158700
2022-03-01,24.540000915527344,24.68899917602539,24.5,24.540000915527344,21.922990798950195,80400
2022-03-02,24.6299991607666,24.6299991607666,24.5,24.549999237060547,21.931922912597656,125400
2022-03-03,24.649999618530273,24.68000030517578,24.31999969482422,24.3799991607666,21.78005027770996,92900
2022-03-04,24.459999084472656,24.489999771118164,24.25,24.360000610351562,21.762184143066406,128400
2022-03-07,24.399999618530273,24.399999618530273,24.059999465942383,24.110000610351562,21.538846969604492,171300
2022-03-08,24.1299991607666,24.200000762939453,24.020000457763672,24.030000686645508,21.467378616333008,150600
2022-03-09,24.200000762939453,24.2450008392334,24.110000610351562,24.139999389648438,21.565645217895508,119700
2022-03-10,24.100000381469727,24.141000747680664,23.8799991607666,23.950000762939453,21.39590835571289,109200
2022-03-11,23.950000762939453,24.1200008392334,23.75,23.860000610351562,21.315507888793945,78100
2022-03-14,23.829999923706055,23.829999923706055,23.25,23.309999465942383,20.824161529541016,118900
2022-03-15,23.5,23.562999725341797,23.350000381469727,23.3799991607666,20.886693954467773,143800
2022-03-16,23.459999084472656,23.760000228881836,23.459999084472656,23.65999984741211,21.1368350982666,166100
2022-03-17,23.729999542236328,24.09000015258789,23.700000762939453,23.809999465942383,21.270837783813477,164300
2022-03-18,23.8799991607666,24.100000381469727,23.780000686645508,24.020000457763672,21.458444595336914,159700
2022-03-21,24.020000457763672,24.09000015258789,23.6299991607666,23.780000686645508,21.244037628173828,99300
2022-03-22,23.709999084472656,23.799999237060547,23.56999969482422,23.75,21.217235565185547,90200
2022-03-23,23.790000915527344,23.799999237060547,23.65999984741211,23.700000762939453,21.172569274902344,133400
2022-03-24,23.729999542236328,23.850000381469727,23.700000762939453,23.760000228881836,21.22616958618164,131800
2022-03-25,23.780000686645508,23.799999237060547,23.5,23.600000381469727,21.083232879638672,140400
2022-03-28,23.75,23.75,23.600000381469727,23.68000030517578,21.154701232910156,60000
2022-03-29,23.81999969482422,23.920000076293945,23.81999969482422,23.920000076293945,21.369108200073242,152500
2022-03-30,24.049999237060547,24.100000381469727,23.964000701904297,24.09000015258789,21.520977020263672,75100
2022-03-31,24.139999389648438,24.309999465942383,24.09000015258789,24.1299991607666,21.55670928955078,202700
2022-04-01,24.1299991607666,24.229999542236328,24.0,24.1299991607666,21.55670928955078,57100
2022-04-04,24.1299991607666,24.18000030517578,23.965999603271484,24.06999969482422,21.503110885620117,82900
2022-04-05,24.059999465942383,24.06999969482422,23.6200008392334,23.65999984741211,21.1368350982666,102900
2022-04-06,23.579999923706055,23.649999618530273,23.350000381469727,23.3799991607666,20.886693954467773,140600
2022-04-07,23.3799991607666,23.579999923706055,23.360000610351562,23.540000915527344,21.029634475708008,129900
2022-04-08,23.510000228881836,23.579999923706055,23.25,23.389999389648438,20.8956298828125,98500
2022-04-11,23.299999237060547,23.3700008392334,22.8799991607666,22.940000534057617,20.49361801147461,174900
2022-04-12,23.100000381469727,23.18000030517578,22.530000686645508,22.770000457763672,20.341747283935547,338100
2022-04-13,22.600000381469727,22.775999069213867,22.530000686645508,22.559999465942383,20.431406021118164,132500
2022-04-14,22.639999389648438,22.65999984741211,22.229999542236328,22.389999389648438,20.27744483947754,141200
2022-04-18,22.450000762939453,22.530000686645508,22.139999389648438,22.170000076293945,20.078203201293945,256400
2022-04-19,22.170000076293945,22.170000076293945,21.889999389648438,21.979999542236328,19.9061336517334,328900
2022-04-20,22.06999969482422,22.149999618530273,22.020000457763672,22.040000915527344,19.960468292236328,206700
2022-04-21,22.1200008392334,22.190000534057617,21.719999313354492,21.799999237060547,19.743112564086914,154900
2022-04-22,21.799999237060547,21.950000762939453,21.559999465942383,21.6299991607666,19.58915138244629,123200
2022-04-25,21.729999542236328,21.843000411987305,21.700000762939453,21.809999465942383,19.752168655395508,116700
2022-04-26,21.850000381469727,21.889999389648438,21.799999237060547,21.809999465942383,19.752168655395508,241700
2022-04-27,21.889999389648438,21.889999389648438,21.489999771118164,21.530000686645508,19.498592376708984,175500
2022-04-28,21.3799991607666,21.700000762939453,21.145000457763672,21.690000534057617,19.643491744995117,198600
2022-04-29,21.600000381469727,21.639999389648438,21.0,21.1200008392334,19.127273559570312,374900
2022-05-02,21.0,21.149999618530273,20.40999984741211,20.530000686645508,18.592941284179688,204000
2022-05-03,20.59000015258789,20.93000030517578,20.530000686645508,20.600000381469727,18.656335830688477,293700
2022-05-04,20.700000762939453,21.09000015258789,20.549999237060547,21.049999237060547,19.06387710571289,285900
2022-05-05,20.969999313354492,20.989999771118164,20.610000610351562,20.65999984741211,18.710674285888672,191000
2022-05-06,20.600000381469727,20.649999618530273,20.299999237060547,20.309999465942383,18.393699645996094,404400
2022-05-09,20.25,20.309999465942383,20.059999465942383,20.239999771118164,18.330303192138672,182300
2022-05-10,20.549999237060547,20.639999389648438,20.200000762939453,20.549999237060547,18.611053466796875,151500
2022-05-11,20.489999771118164,20.899999618530273,20.489999771118164,20.690000534057617,18.737844467163086,151800
2022-05-12,20.700000762939453,20.90999984741211,20.59000015258789,20.90999984741211,18.937088012695312,144400
2022-05-13,21.0,21.149999618530273,20.920000076293945,20.969999313354492,18.991426467895508,98200
2022-05-16,21.020000457763672,21.260000228881836,20.809999465942383,21.170000076293945,19.172555923461914,118400
2022-05-17,21.290000915527344,21.56999969482422,21.170000076293945,21.170000076293945,19.172555923461914,220100
2022-05-18,21.170000076293945,21.25,20.90999984741211,21.100000381469727,19.109161376953125,139300
2022-05-19,21.110000610351562,21.31999969482422,21.020000457763672,21.190000534057617,19.190671920776367,162100
2022-05-20,21.299999237060547,21.43000030517578,21.010000228881836,21.049999237060547,19.06387710571289,126700
2022-05-23,21.079999923706055,21.260000228881836,21.049999237060547,21.149999618530273,19.154441833496094,132500
2022-05-24,21.139999389648438,21.260000228881836,21.010000228881836,21.209999084472656,19.208778381347656,238000
2022-05-25,21.299999237060547,21.889999389648438,21.299999237060547,21.889999389648438,19.82461929321289,175900
2022-05-26,21.989999771118164,22.469999313354492,21.93000030517578,22.440000534057617,20.322725296020508,161100
2022-05-27,22.5,23.040000915527344,22.46500015258789,22.920000076293945,20.757434844970703,144100
2022-05-31,22.700000762939453,22.84000015258789,22.5,22.84000015258789,20.684986114501953,219200
2022-06-01,22.969999313354492,22.989999771118164,22.670000076293945,22.809999465942383,20.657817840576172,269800
2022-06-02,22.799999237060547,22.84000015258789,22.56999969482422,22.829999923706055,20.67593002319336,169700
2022-06-03,22.65999984741211,22.81999969482422,22.549999237060547,22.709999084472656,20.567251205444336,279200
2022-06-06,22.729999542236328,22.780000686645508,22.58300018310547,22.610000610351562,20.4766902923584,156300
2022-06-07,22.600000381469727,22.790000915527344,22.559999465942383,22.690000534057617,20.54914093017578,204200
2022-06-08,22.700000762939453,22.81999969482422,22.59000015258789,22.600000381469727,20.467634201049805,104400
2022-06-09,22.600000381469727,22.600000381469727,22.260000228881836,22.260000228881836,20.159711837768555,106800
2022-06-10,22.139999389648438,22.139999389648438,21.729999542236328,21.829999923706055,19.770278930664062,119200
2022-06-13,21.469999313354492,21.520000457763672,20.790000915527344,20.950000762939453,18.97331428527832,150900
2022-06-14,21.049999237060547,21.290000915527344,20.610000610351562,20.6200008392334,18.674448013305664,189200
2022-06-15,20.75,21.020000457763672,20.530000686645508,21.020000457763672,19.036710739135742,181300
2022-06-16,20.719999313354492,20.989999771118164,20.690000534057617,20.889999389648438,18.918975830078125,140800
2022-06-17,20.989999771118164,21.09000015258789,20.8799991607666,20.889999389648438,18.918975830078125,116600
2022-06-21,20.969999313354492,21.1200008392334,20.969999313354492,21.049999237060547,19.06387710571289,134700
2022-06-22,21.079999923706055,21.399999618530273,20.8700008392334,21.209999084472656,19.208778381347656,90700
2022-06-23,21.25,21.549999237060547,21.25,21.43000030517578,19.40802574157715,133800
2022-06-24,21.649999618530273,21.729999542236328,21.490999221801758,21.670000076293945,19.62537956237793,53300
2022-06-27,21.770000457763672,21.860000610351562,21.670000076293945,21.780000686645508,19.72500228881836,46600
2022-06-28,21.940000534057617,21.989999771118164,21.709999084472656,21.760000228881836,19.706886291503906,82500
2022-06-29,21.709999084472656,21.93199920654297,21.579999923706055,21.719999313354492,19.6706600189209,75600
2022-06-30,21.75,21.8799991607666,21.67300033569336,21.85300064086914,19.791112899780273,42000
2022-07-01,21.979999542236328,22.299999237060547,21.961000442504883,22.260000228881836,20.159711837768555,49800
2022-07-05,22.209999084472656,22.309999465942383,22.1200008392334,22.260000228881836,20.159711837768555,50300
2022-07-06,22.200000762939453,22.200000762939453,22.079999923706055,22.149999618530273,20.060091018676758,60600
2022-07-07,22.149999618530273,22.3799991607666,22.1299991607666,22.280000686645508,20.177825927734375,57500
2022-07-08,22.18000030517578,22.200000762939453,21.958999633789062,21.989999771118164,19.915189743041992,99800
2022-07-11,21.989999771118164,21.989999771118164,21.860000610351562,21.8799991607666,19.815563201904297,72700
2022-07-12,21.950000762939453,22.030000686645508,21.850000381469727,21.860000610351562,19.79745101928711,82300
2022-07-13,21.6200008392334,21.889999389648438,21.6200008392334,21.889999389648438,19.82461929321289,88100
2022-07-14,21.809999465942383,22.059999465942383,21.760000228881836,22.040000915527344,19.960468292236328,82100
2022-07-15,22.18000030517578,22.34000015258789,22.100000381469727,22.18000030517578,20.087261199951172,47600
2022-07-18,22.15999984741211,22.420000076293945,22.15999984741211,22.309999465942383,20.204992294311523,54700
2022-07-19,22.3799991607666,22.482999801635742,22.351999282836914,22.43000030517578,20.313669204711914,63300
2022-07-20,22.459999084472656,22.459999084472656,22.309999465942383,22.360000610351562,20.250276565551758,91200
2022-07-21,22.399999618530273,22.700000762939453,22.399999618530273,22.68000030517578,20.540082931518555,53900
2022-07-22,22.709999084472656,22.940000534057617,22.709999084472656,22.850000381469727,20.694040298461914,37900
2022-07-25,22.780000686645508,22.93000030517578,22.739999771118164,22.889999389648438,20.730266571044922,54600
2022-07-26,22.889999389648438,23.059999465942383,22.75,22.979999542236328,20.811779022216797,69800
2022-07-27,23.030000686645508,23.18000030517578,23.030000686645508,23.170000076293945,20.98385238647461,66900
2022-07-28,22.950000762939453,23.1200008392334,22.84000015258789,22.969999313354492,21.083898544311523,131800
2022-07-29,22.90999984741211,23.399999618530273,22.90999984741211,23.3799991607666,21.460233688354492,114400
2022-08-01,23.309999465942383,23.489999771118164,23.139999389648438,23.209999084472656,21.3041934967041,121900
2022-08-02,23.309999465942383,23.6299991607666,23.040000915527344,23.600000381469727,21.662172317504883,244100
2022-08-03,23.559999465942383,23.860000610351562,23.559999465942383,23.860000610351562,21.900821685791016,102500
2022-08-04,23.780000686645508,23.860000610351562,23.665000915527344,23.860000610351562,21.900821685791016,89400
2022-08-05,23.709999084472656,23.785999298095703,23.229999542236328,23.43000030517578,21.506128311157227,154400
2022-08-08,23.389999389648438,23.610000610351562,23.290000915527344,23.520000457763672,21.588741302490234,79200
2022-08-09,23.469999313354492,23.475000381469727,23.219999313354492,23.360000610351562,21.441877365112305,79200
2022-08-10,23.530000686645508,23.670000076293945,23.420000076293945,23.6299991607666,21.689706802368164,77200
2022-08-11,23.6299991607666,23.67799949645996,23.420000076293945,23.459999084472656,21.533662796020508,78900
2022-08-12,23.559999465942383,23.621999740600586,23.239999771118164,23.530000686645508,21.597919464111328,132800
2022-08-15,23.5,23.540000915527344,23.270000457763672,23.34000015258789,21.42351722717285,163300
2022-08-16,23.299999237060547,23.40999984741211,23.190000534057617,23.299999237060547,21.38680076599121,44600
2022-08-17,23.229999542236328,23.270000457763672,23.020000457763672,23.079999923706055,21.18486976623535,165900
2022-08-18,23.06999969482422,23.20800018310547,22.969999313354492,23.139999389648438,21.239938735961914,49700
2022-08-19,22.989999771118164,22.989999771118164,22.780000686645508,22.959999084472656,21.074718475341797,69100
2022-08-22,22.829999923706055,22.84000015258789,22.639999389648438,22.729999542236328,20.863605499267578,60400
2022-08-23,22.670000076293945,22.799999237060547,21.649999618530273,21.979999542236328,20.175189971923828,160100
2022-08-24,21.979999542236328,22.45599937438965,21.979999542236328,22.200000762939453,20.377126693725586,74200
2022-08-25,22.3700008392334,22.600000381469727,22.260000228881836,22.469999313354492,20.624956130981445,126700
2022-08-26,22.579999923706055,22.579999923706055,22.170000076293945,22.25,20.42302131652832,50300
2022-08-29,22.040000915527344,22.226999282836914,22.030000686645508,22.049999237060547,20.23944091796875,61500
2022-08-30,22.139999389648438,22.17799949645996,21.959999084472656,22.040000915527344,20.23026466369629,56400
2022-08-31,22.09000015258789,22.18000030517578,21.75,21.84000015258789,20.04668426513672,81300
2022-09-01,21.739999771118164,21.860000610351562,21.610000610351562,21.68000030517578,19.899826049804688,51400
2022-09-02,21.90999984741211,22.010000228881836,21.593000411987305,21.600000381469727,19.826393127441406,86900
2022-09-06,21.690000534057617,21.735000610351562,21.31999969482422,21.375,19.61986541748047,60300
2022-09-07,21.420000076293945,21.610000610351562,21.360000610351562,21.3700008392334,19.615278244018555,60800
2022-09-08,21.299999237060547,21.527999877929688,21.110000610351562,21.1200008392334,19.385805130004883,71900
2022-09-09,21.270000457763672,21.579999923706055,21.270000457763672,21.5,19.734603881835938,59900
2022-09-12,21.520000457763672,21.8799991607666,21.520000457763672,21.610000610351562,19.835573196411133,91800
2022-09-13,21.3799991607666,21.610000610351562,21.309999465942383,21.540000915527344,19.771320343017578,55100
2022-09-14,21.549999237060547,21.649999618530273,21.43000030517578,21.600000381469727,19.826393127441406,58200
2022-09-15,21.65999984741211,21.700000762939453,21.3799991607666,21.399999618530273,19.642812728881836,55600
2022-09-16,21.25,21.459999084472656,21.139999389648438,21.440000534057617,19.679533004760742,53500
2022-09-19,21.440000534057617,21.440000534057617,21.219999313354492,21.34000015258789,19.58774185180664,65500
2022-09-20,21.170000076293945,21.31999969482422,21.136999130249023,21.299999237060547,19.551025390625,70400
2022-09-21,21.3799991607666,21.650999069213867,21.25,21.540000915527344,19.771320343017578,120700
2022-09-22,21.43000030517578,21.43000030517578,21.25,21.31999969482422,19.569381713867188,54300
2022-09-23,21.25,21.268999099731445,20.889999389648438,20.950000762939453,19.229766845703125,76300
2022-09-26,20.950000762939453,21.149999618530273,20.649999618530273,20.739999771118164,19.03700828552246,74600
2022-09-27,20.84000015258789,20.84000015258789,20.559999465942383,20.799999237060547,19.092079162597656,80300
2022-09-28,20.899999618530273,21.100000381469727,20.767000198364258,21.079999923706055,19.349088668823242,82800
2022-09-29,20.989999771118164,20.989999771118164,20.520000457763672,20.860000610351562,19.14715576171875,143200
2022-09-30,20.770000457763672,21.040000915527344,20.6200008392334,20.639999389648438,18.945220947265625,374000
2022-10-03,20.709999084472656,20.969999313354492,20.709999084472656,20.8799991607666,19.165510177612305,66900
2022-10-04,21.059999465942383,21.290000915527344,21.059999465942383,21.219999313354492,19.47759437561035,86700
2022-10-05,21.1299991607666,21.145000457763672,20.920000076293945,20.979999542236328,19.257301330566406,58200
2022-10-06,21.010000228881836,21.069000244140625,20.649999618530273,20.670000076293945,18.972755432128906,143700
2022-10-07,20.540000915527344,20.559999465942383,20.260000228881836,20.329999923706055,18.660673141479492,187900
2022-10-10,20.43000030517578,20.474000930786133,19.940000534057617,19.979999542236328,18.339412689208984,171900
2022-10-11,19.979999542236328,20.209999084472656,19.829999923706055,19.850000381469727,18.2200870513916,421400
2022-10-12,19.809999465942383,19.899999618530273,19.600000381469727,19.719999313354492,18.10076141357422,112200
2022-10-13,19.510000228881836,19.610000610351562,19.399999618530273,19.459999084472656,17.862112045288086,276200
2022-10-14,19.549999237060547,19.850000381469727,19.280000686645508,19.479999542236328,17.880468368530273,420700
2022-10-17,19.6299991607666,19.829999923706055,19.510000228881836,19.540000915527344,17.935544967651367,159100
2022-10-18,19.729999542236328,19.829999923706055,19.579999923706055,19.6299991607666,18.018150329589844,101600
2022-10-19,19.600000381469727,19.6200008392334,19.368999481201172,19.479999542236328,17.880468368530273,118100
2022-10-20,19.479999542236328,19.520000457763672,19.309999465942383,19.3799991607666,17.788679122924805,100300
2022-10-21,19.34000015258789,19.479999542236328,19.200000762939453,19.219999313354492,17.641817092895508,162800
2022-10-24,19.219999313354492,19.34000015258789,19.110000610351562,19.309999465942383,17.724428176879883,162300
2022-10-25,19.440000534057617,19.670000076293945,19.36400032043457,19.610000610351562,17.999794006347656,114800
2022-10-26,19.639999389648438,19.889999389648438,19.420000076293945,19.510000228881836,17.90800666809082,137300
2022-10-27,19.299999237060547,19.450000762939453,19.219999313354492,19.229999542236328,17.93505096435547,100000
2022-10-28,19.219999313354492,19.34000015258789,19.219999313354492,19.299999237060547,18.000337600708008,50400
2022-10-31,19.329999923706055,19.389999389648438,19.100000381469727,19.1200008392334,17.832462310791016,136200
2022-11-01,19.329999923706055,19.356000900268555,18.950000762939453,19.020000457763672,17.739194869995117,98100
2022-11-02,19.100000381469727,19.260000228881836,18.90999984741211,19.040000915527344,17.757848739624023,127300
2022-11-03,18.979999542236328,19.020000457763672,18.8799991607666,18.90999984741211,17.636600494384766,94700
2022-11-04,19.010000228881836,19.010000228881836,18.760000228881836,18.889999389648438,17.617948532104492,137000
2022-11-07,18.950000762939453,19.0,18.760000228881836,18.979999542236328,17.701885223388672,100000
2022-11-08,19.049999237060547,19.389999389648438,18.8700008392334,19.389999389648438,18.084278106689453,119500
2022-11-09,19.420000076293945,19.43000030517578,19.010000228881836,19.09000015258789,17.804481506347656,99200
2022-11-10,19.459999084472656,20.219999313354492,19.459999084472656,20.18000030517578,18.821077346801758,102700
2022-11-11,20.25,20.5,19.992000579833984,20.309999465942383,18.942323684692383,81800
2022-11-14,20.350000381469727,20.389999389648438,19.915000915527344,20.010000228881836,18.662527084350586,84100
2022-11-15,20.15999984741211,20.709999084472656,20.15999984741211,20.6299991607666,19.24077606201172,256200
2022-11-16,20.6200008392334,20.719999313354492,20.459999084472656,20.559999465942383,19.175491333007812,77000
2022-11-17,20.3799991607666,20.489999771118164,20.34000015258789,20.40999984741211,19.035593032836914,88800
2022-11-18,20.479999542236328,20.479999542236328,20.299999237060547,20.329999923706055,18.960979461669922,77300
2022-11-21,20.459999084472656,20.479999542236328,20.351999282836914,20.469999313354492,19.091550827026367,92500
2022-11-22,20.469999313354492,20.559999465942383,20.386999130249023,20.459999084472656,19.082223892211914,89000
2022-11-23,20.530000686645508,20.649999618530273,20.4950008392334,20.649999618530273,19.259431838989258,53100
2022-11-25,20.649999618530273,20.719999313354492,20.600000381469727,20.600000381469727,19.212797164916992,25000
2022-11-28,20.549999237060547,20.6200008392334,20.440000534057617,20.450000762939453,19.072898864746094,85100
2022-11-29,20.469999313354492,20.469999313354492,20.079999923706055,20.1299991607666,18.774446487426758,251200
2022-11-30,20.219999313354492,20.399999618530273,20.110000610351562,20.389999389648438,19.016937255859375,266300
2022-12-01,20.520000457763672,20.729999542236328,20.43600082397461,20.690000534057617,19.296735763549805,165600
2022-12-02,20.600000381469727,21.0,20.5,21.0,19.585859298706055,98900
2022-12-05,21.0,21.0,20.600000381469727,20.614999771118164,19.22678565979004,131000
2022-12-06,20.65999984741211,20.7189998626709,20.399999618530273,20.440000534057617,19.063573837280273,105800
2022-12-07,20.540000915527344,20.6200008392334,20.420000076293945,20.600000381469727,19.212797164916992,133000
2022-12-08,20.559999465942383,20.649999618530273,20.360000610351562,20.53499984741211,19.152172088623047,322000
2022-12-09,20.5,20.559999465942383,20.329999923706055,20.479999542236328,19.10087776184082,128900
2022-12-12,20.510000228881836,20.510000228881836,20.329999923706055,20.360000610351562,18.98895835876465,128900
2022-12-13,20.549999237060547,20.809999465942383,20.459999084472656,20.700000762939453,19.306062698364258,123800
2022-12-14,20.709999084472656,20.850000381469727,20.541000366210938,20.610000610351562,19.222124099731445,124400
2022-12-15,20.600000381469727,20.753000259399414,20.5,20.530000686645508,19.147512435913086,138100
2022-12-16,20.489999771118164,20.65999984741211,20.426000595092773,20.479999542236328,19.10087776184082,126900
2022-12-19,20.549999237060547,20.649999618530273,20.479999542236328,20.549999237060547,19.166162490844727,111300
2022-12-20,20.520000457763672,20.610000610351562,20.329999923706055,20.389999389648438,19.016937255859375,117800
2022-12-21,20.489999771118164,20.56999969482422,20.34000015258789,20.350000381469727,18.979629516601562,98700
2022-12-22,20.350000381469727,20.459999084472656,20.049999237060547,20.1299991607666,18.774446487426758,95300
2022-12-23,20.139999389648438,20.26799964904785,19.937000274658203,20.06999969482422,18.718486785888672,90300
2022-12-27,20.0,20.139999389648438,19.760000228881836,19.959999084472656,18.615894317626953,123100
2022-12-28,20.0,20.0,19.770000457763672,19.790000915527344,18.45734214782715,161500
2022-12-29,19.8700008392334,20.023000717163086,19.790000915527344,19.90999984741211,18.569263458251953,160000
2022-12-30,19.90999984741211,20.160999298095703,19.6299991607666,19.639999389648438,18.317441940307617,188200
2023-01-03,19.8799991607666,20.239999771118164,19.8799991607666,20.1200008392334,18.765121459960938,132000
2023-01-04,20.350000381469727,20.709999084472656,20.31800079345703,20.709999084472656,19.315387725830078,48800
2023-01-05,20.639999389648438,21.09000015258789,20.450000762939453,20.899999618530273,19.492591857910156,111000
2023-01-06,21.0,21.389999389648438,20.979999542236328,21.270000457763672,19.837678909301758,69500
2023-01-09,21.270000457763672,21.639999389648438,21.1299991607666,21.290000915527344,19.856332778930664,97800
2023-01-10,21.290000915527344,21.389999389648438,21.219999313354492,21.3700008392334,19.930946350097656,64000
2023-01-11,21.389999389648438,21.530000686645508,21.381000518798828,21.420000076293945,19.97757911682129,107400
2023-01-12,21.479999542236328,21.700000762939453,21.350000381469727,21.610000610351562,20.15478515625,61900
2023-01-13,21.610000610351562,21.920000076293945,21.59000015258789,21.860000610351562,20.38794708251953,55100
2023-01-17,21.850000381469727,22.079999923706055,21.790000915527344,22.059999465942383,20.574480056762695,87900
2023-01-18,22.360000610351562,22.540000915527344,21.920000076293945,22.229999542236328,20.7330322265625,126400
2023-01-19,22.170000076293945,22.459999084472656,22.139999389648438,22.440000534057617,20.92888832092285,85100
2023-01-20,22.450000762939453,22.6299991607666,22.3799991607666,22.579999923706055,21.059463500976562,147800
2023-01-23,22.6200008392334,22.850000381469727,22.6200008392334,22.770000457763672,21.236669540405273,77000
2023-01-24,22.770000457763672,22.829999923706055,22.690000534057617,22.75,21.218013763427734,53100
2023-01-25,22.649999618530273,22.77899932861328,22.6200008392334,22.739999771118164,21.208688735961914,72700
2023-01-26,22.540000915527344,22.65999984741211,22.392000198364258,22.549999237060547,21.321205139160156,45100
2023-01-27,22.469999313354492,22.59000015258789,22.31999969482422,22.40999984741211,21.188831329345703,93000
2023-01-30,22.3799991607666,22.549999237060547,22.309999465942383,22.5,21.273929595947266,118900
2023-01-31,22.510000228881836,22.700000762939453,22.469999313354492,22.559999465942383,21.330659866333008,215900
2023-02-01,22.559999465942383,22.677000045776367,22.451000213623047,22.5,21.273929595947266,91800
2023-02-02,22.559999465942383,22.677000045776367,22.530000686645508,22.559999465942383,21.330659866333008,79700
2023-02-03,22.389999389648438,22.440000534057617,22.020000457763672,22.18000030517578,20.97136878967285,84100
2023-02-06,22.010000228881836,22.115999221801758,21.790000915527344,21.959999084472656,20.76335334777832,66800
2023-02-07,21.959999084472656,22.01300048828125,21.760000228881836,21.8700008392334,20.678258895874023,71400
2023-02-08,21.90999984741211,21.969999313354492,21.809999465942383,21.8799991607666,20.687711715698242,66800
2023-02-09,22.020000457763672,22.069000244140625,21.850000381469727,21.8799991607666,20.687711715698242,70400
2023-02-10,21.8799991607666,21.90999984741211,21.739999771118164,21.780000686645508,20.593162536621094,30300
2023-02-13,21.850000381469727,22.0,21.829999923706055,21.979999542236328,20.78226661682129,57700
2023-02-14,21.850000381469727,22.1299991607666,21.850000381469727,22.030000686645508,20.829540252685547,66900
2023-02-15,22.030000686645508,22.099000930786133,21.93000030517578,22.030000686645508,20.829540252685547,79800
2023-02-16,21.950000762939453,21.950000762939453,21.75,21.90999984741211,20.71607780456543,54600
2023-02-17,21.780000686645508,21.8700008392334,21.6200008392334,21.770000457763672,20.583707809448242,47800
2023-02-21,21.639999389648438,21.690000534057617,21.1200008392334,21.190000534057617,20.035314559936523,49000
2023-02-22,21.190000534057617,21.489999771118164,21.190000534057617,21.389999389648438,20.22441291809082,73300
2023-02-23,21.40999984741211,21.684999465942383,21.399999618530273,21.670000076293945,20.489158630371094,55700
2023-02-24,21.530000686645508,21.59000015258789,21.43000030517578,21.56999969482422,20.39460563659668,53200
2023-02-27,21.68000030517578,21.8700008392334,21.510000228881836,21.780000686645508,20.593162536621094,57400
2023-02-28,21.780000686645508,21.90999984741211,21.6200008392334,21.860000610351562,20.668804168701172,107300
2023-03-01,21.799999237060547,21.940000534057617,21.649999618530273,21.700000762939453,20.51752281188965,36300
2023-03-02,21.579999923706055,21.6200008392334,21.3799991607666,21.5,20.328420639038086,68700
2023-03-03,21.540000915527344,21.690000534057617,21.534000396728516,21.579999923706055,20.404062271118164,64100
2023-03-06,21.68000030517578,21.770000457763672,21.579999923706055,21.6200008392334,20.441883087158203,48900
2023-03-07,21.6299991607666,21.714000701904297,21.510000228881836,21.59000015258789,20.413516998291016,35000
2023-03-08,21.549999237060547,21.600000381469727,21.5,21.5,20.328420639038086,39100
2023-03-09,21.540000915527344,21.549999237060547,21.030000686645508,21.149999618530273,19.99749183654785,56400
2023-03-10,21.219999313354492,21.378999710083008,20.579999923706055,21.06999969482422,19.921852111816406,40500
2023-03-13,19.68000030517578,21.079999923706055,19.68000030517578,21.010000228881836,19.865121841430664,88000
2023-03-14,21.270000457763672,21.56999969482422,21.1299991607666,21.31999969482422,20.158227920532227,73000
2023-03-15,21.219999313354492,21.565000534057617,21.125,21.405000686645508,20.238595962524414,115400
2023-03-16,21.399999618530273,22.3799991607666,21.3700008392334,22.219999313354492,21.009185791015625,100500
2023-03-17,22.149999618530273,22.149999618530273,21.764999389648438,21.989999771118164,20.79172134399414,48800
2023-03-20,21.979999542236328,21.989999771118164,21.5,21.81999969482422,20.6309814453125,67200
2023-03-21,21.979999542236328,22.149999618530273,21.8700008392334,22.100000381469727,20.89572525024414,80700
2023-03-22,22.190000534057617,22.540000915527344,22.149999618530273,22.350000381469727,21.13210105895996,140300
2023-03-23,22.440000534057617,22.5,22.097000122070312,22.170000076293945,20.961912155151367,89000
2023-03-24,22.239999771118164,22.450000762939453,21.889999389648438,22.43000030517578,21.20774269104004,44100
2023-03-27,22.469999313354492,22.81999969482422,22.469999313354492,22.559999465942383,21.330659866333008,104300
2023-03-28,22.5,22.649999618530273,22.440000534057617,22.549999237060547,21.321205139160156,114400
2023-03-29,22.610000610351562,22.768999099731445,22.5,22.610000610351562,21.3779354095459,125700
2023-03-30,22.719999313354492,22.850000381469727,22.59000015258789,22.649999618530273,21.415756225585938,148500
2023-03-31,22.68000030517578,22.790000915527344,22.540000915527344,22.600000381469727,21.368480682373047,311700
2023-04-03,22.600000381469727,22.70199966430664,22.469999313354492,22.56999969482422,21.34011459350586,89200
2023-04-04,22.649999618530273,22.700000762939453,22.5,22.6200008392334,21.387392044067383,50100
2023-04-05,22.600000381469727,22.719999313354492,22.549999237060547,22.65999984741211,21.42521095275879,66400
2023-04-06,22.600000381469727,22.790000915527344,22.570999145507812,22.739999771118164,21.500850677490234,71700
2023-04-10,22.6200008392334,22.799999237060547,22.600000381469727,22.75,21.510305404663086,62300
2023-04-11,22.719999313354492,22.799999237060547,22.59000015258789,22.75,21.510305404663086,439500
2023-04-12,22.799999237060547,22.899999618530273,22.670000076293945,22.850000381469727,21.604854583740234,100200
2023-04-13,22.850000381469727,22.940000534057617,22.790000915527344,22.899999618530273,21.652130126953125,66500
2023-04-14,22.899999618530273,22.979999542236328,22.770000457763672,22.969999313354492,21.71831703186035,92900
2023-04-17,22.959999084472656,23.0,22.829999923706055,22.940000534057617,21.689952850341797,111100
2023-04-18,22.940000534057617,23.209999084472656,22.940000534057617,23.110000610351562,21.850688934326172,62700
2023-04-19,23.100000381469727,23.239999771118164,23.030000686645508,23.139999389648438,21.87905502319336,79200
2023-04-20,23.110000610351562,23.200000762939453,23.100000381469727,23.1299991607666,21.869600296020508,54900
2023-04-21,23.219999313354492,23.249000549316406,23.141000747680664,23.149999618530273,21.88850975036621,55200
2023-04-24,23.229999542236328,23.25,23.149999618530273,23.209999084472656,21.94523811340332,36300
2023-04-25,23.110000610351562,23.198999404907227,23.020000457763672,23.149999618530273,21.88850975036621,86200
2023-04-26,23.110000610351562,23.200000762939453,23.059999465942383,23.149999618530273,21.88850975036621,75500
2023-04-27,22.989999771118164,23.200000762939453,22.8799991607666,23.079999923706055,22.117542266845703,125400
2023-04-28,23.100000381469727,23.229999542236328,23.049999237060547,23.09000015258789,22.127124786376953,159700
2023-05-01,23.149999618530273,23.200000762939453,22.68000030517578,22.739999771118164,21.791719436645508,70600
2023-05-02,22.84000015258789,22.860000610351562,22.489999771118164,22.81999969482422,21.868385314941406,65700
2023-05-03,22.81999969482422,22.959999084472656,22.579999923706055,22.760000228881836,21.810888290405273,79600
2023-05-04,22.649999618530273,22.799999237060547,22.350000381469727,22.75,21.801301956176758,80600
2023-05-05,22.799999237060547,23.040000915527344,22.733999252319336,22.889999389648438,21.935466766357422,63000
2023-05-08,22.899999618530273,23.06999969482422,22.75,23.020000457763672,22.060047149658203,55100
2023-05-09,22.90999984741211,23.010000228881836,22.700000762939453,22.90999984741211,21.954631805419922,58200
2023-05-10,23.0,23.198999404907227,22.93000030517578,23.110000610351562,22.146289825439453,55700
2023-05-11,23.059999465942383,23.110000610351562,22.950000762939453,22.989999771118164,22.031293869018555,33600
2023-05-12,23.0,23.170000076293945,22.920000076293945,23.1200008392334,22.15587615966797,44100
2023-05-15,23.149999618530273,23.18000030517578,23.020000457763672,23.110000610351562,22.146289825439453,36600
2023-05-16,22.969999313354492,23.059999465942383,22.850000381469727,22.860000610351562,21.906715393066406,56800
2023-05-17,22.899999618530273,23.219999313354492,22.8700008392334,23.059999465942383,22.09837532043457,62600
2023-05-18,22.969999313354492,23.100000381469727,22.920000076293945,22.959999084472656,22.002544403076172,49500
2023-05-19,22.93000030517578,22.979999542236328,22.760000228881836,22.8799991607666,21.92588233947754,56400
2023-05-22,22.84000015258789,22.90999984741211,22.760000228881836,22.809999465942383,21.858800888061523,50500
2023-05-23,22.729999542236328,22.850000381469727,22.729999542236328,22.770000457763672,21.820472717285156,50600
2023-05-24,22.719999313354492,22.77400016784668,22.549999237060547,22.639999389648438,21.695890426635742,79800
2023-05-25,22.639999389648438,22.68000030517578,22.459999084472656,22.510000228881836,21.571311950683594,56600
2023-05-26,22.479999542236328,22.709999084472656,22.43000030517578,22.65999984741211,21.715057373046875,44900
2023-05-30,22.68000030517578,22.84000015258789,22.459999084472656,22.780000686645508,21.830055236816406,28500
2023-05-31,22.850000381469727,23.280000686645508,22.75,23.190000534057617,22.22295570373535,273200
2023-06-01,23.149999618530273,23.3799991607666,23.1299991607666,23.290000915527344,22.31878662109375,86400
2023-06-02,23.290000915527344,23.36400032043457,23.18000030517578,23.200000762939453,22.2325382232666,405200
2023-06-05,23.280000686645508,23.327999114990234,23.09000015258789,23.200000762939453,22.2325382232666,63900
2023-06-06,23.260000228881836,23.260000228881836,23.049999237060547,23.1200008392334,22.15587615966797,83400
2023-06-07,23.190000534057617,23.270000457763672,22.700000762939453,22.709999084472656,21.762969970703125,135600
2023-06-08,22.700000762939453,22.725000381469727,22.325000762939453,22.639999389648438,21.695890426635742,77100
2023-06-09,22.709999084472656,22.733999252319336,22.450000762939453,22.540000915527344,21.60006332397461,87800
2023-06-12,22.520000457763672,22.569000244140625,22.350000381469727,22.389999389648438,21.456315994262695,81600
2023-06-13,22.489999771118164,22.4950008392334,22.299999237060547,22.31999969482422,21.38923454284668,106700
2023-06-14,22.350000381469727,22.389999389648438,22.149999618530273,22.290000915527344,21.360488891601562,87900
2023-06-15,22.25,22.59000015258789,22.100000381469727,22.459999084472656,21.523395538330078,101300
2023-06-16,22.5,22.562999725341797,22.399999618530273,22.469999313354492,21.532978057861328,48800
2023-06-20,22.420000076293945,22.450000762939453,22.139999389648438,22.299999237060547,21.37006950378418,45900
2023-06-21,22.18000030517578,22.548999786376953,22.139999389648438,22.5,21.56172752380371,54700
2023-06-22,22.520000457763672,22.540000915527344,22.389999389648438,22.540000915527344,21.60006332397461,41200
2023-06-23,22.540000915527344,22.6200008392334,22.4060001373291,22.610000610351562,21.66714096069336,31500
2023-06-26,22.600000381469727,22.600000381469727,22.43000030517578,22.5,21.56172752380371,31400
2023-06-27,22.559999465942383,22.649999618530273,22.43000030517578,22.440000534057617,21.50423240661621,47900
2023-06-28,22.5,22.56999969482422,22.416000366210938,22.56999969482422,21.62881088256836,42600
2023-06-29,22.489999771118164,22.6200008392334,22.280000686645508,22.43000030517578,21.49464988708496,34500
2023-06-30,22.3700008392334,22.969999313354492,22.3700008392334,22.969999313354492,22.012128829956055,232900
2023-07-03,22.850000381469727,22.989999771118164,22.81999969482422,22.989999771118164,22.031293869018555,21400
2023-07-05,22.889999389648438,22.93000030517578,22.719999313354492,22.760000228881836,21.810888290405273,352600
2023-07-06,22.549999237060547,22.600000381469727,22.139999389648438,22.5,21.56172752380371,67200
2023-07-07,22.309999465942383,22.68000030517578,22.309999465942383,22.520000457763672,21.580894470214844,35400
2023-07-10,22.549999237060547,22.700000762939453,22.43000030517578,22.5,21.56172752380371,25800
2023-07-11,22.6200008392334,22.6200008392334,22.5,22.549999237060547,21.609643936157227,44000
2023-07-12,22.6200008392334,22.690000534057617,22.510000228881836,22.600000381469727,21.65755844116211,36400
2023-07-13,22.559999465942383,22.700000762939453,22.530000686645508,22.600000381469727,21.65755844116211,58300
2023-07-14,22.649999618530273,22.649999618530273,22.25,22.40999984741211,21.475482940673828,58100
2023-07-17,22.399999618530273,22.479999542236328,22.299999237060547,22.3700008392334,21.437149047851562,36600
2023-07-18,22.270000457763672,22.475000381469727,22.270000457763672,22.450000762939453,21.51381492614746,51300
2023-07-19,22.520000457763672,22.549999237060547,22.47599983215332,22.489999771118164,21.55214500427246,38000
2023-07-20,22.5,22.5,22.40999984741211,22.479999542236328,21.54256248474121,50300
2023-07-21,22.440000534057617,22.479999542236328,22.389999389648438,22.479999542236328,21.54256248474121,41500
2023-07-24,22.540000915527344,22.549999237060547,22.417999267578125,22.510000228881836,21.571311950683594,36300
2023-07-25,22.459999084472656,22.540000915527344,22.450000762939453,22.510000228881836,21.571311950683594,41200
2023-07-26,22.549999237060547,22.6299991607666,22.479999542236328,22.530000686645508,21.59048080444336,90600
2023-07-27,22.280000686645508,22.420000076293945,22.110000610351562,22.1299991607666,21.502059936523438,69500
2023-07-28,22.1299991607666,22.239999771118164,21.899999618530273,22.06999969482422,21.443761825561523,61300
2023-07-31,22.139999389648438,22.200000762939453,22.062000274658203,22.149999618530273,21.52149200439453,138500
2023-08-01,22.100000381469727,22.1200008392334,21.84000015258789,21.950000762939453,21.327167510986328,55500
2023-08-02,21.739999771118164,21.790000915527344,21.540000915527344,21.610000610351562,20.996814727783203,75800
2023-08-03,21.479999542236328,21.610000610351562,21.329999923706055,21.3700008392334,20.763626098632812,61200
2023-08-04,21.520000457763672,21.639999389648438,21.5,21.59000015258789,20.97738265991211,40800
2023-08-07,21.579999923706055,22.200000762939453,21.53499984741211,22.170000076293945,21.540925979614258,278500
2023-08-08,22.139999389648438,22.399999618530273,22.139999389648438,22.280000686645508,21.647804260253906,47900
2023-08-09,22.270000457763672,22.3799991607666,22.18000030517578,22.280000686645508,21.647804260253906,61900
2023-08-10,22.260000228881836,22.43000030517578,22.079999923706055,22.110000610351562,21.482627868652344,50100
2023-08-11,22.020000457763672,22.18000030517578,21.979999542236328,22.049999237060547,21.42432975769043,38300
2023-08-14,22.059999465942383,22.239999771118164,22.049999237060547,22.15999984741211,21.531208038330078,28900
2023-08-15,22.100000381469727,22.2189998626709,21.899999618530273,21.920000076293945,21.298019409179688,46000
2023-08-16,21.860000610351562,22.0,21.799999237060547,21.850000381469727,21.230005264282227,41100
2023-08-17,21.899999618530273,21.899999618530273,21.604999542236328,21.770000457763672,21.15227508544922,51500
2023-08-18,21.770000457763672,21.80299949645996,21.59000015258789,21.700000762939453,21.084260940551758,45000
2023-08-21,21.6299991607666,21.719999313354492,21.420000076293945,21.450000762939453,20.841354370117188,52600
2023-08-22,21.56999969482422,21.770000457763672,21.049999237060547,21.260000228881836,20.656747817993164,83200
2023-08-23,21.3799991607666,21.59000015258789,21.270000457763672,21.59000015258789,20.97738265991211,49200
2023-08-24,21.600000381469727,21.860000610351562,21.440000534057617,21.59000015258789,20.97738265991211,57100
2023-08-25,21.649999618530273,21.799999237060547,21.479999542236328,21.799999237060547,21.18142318725586,34100
2023-08-28,21.809999465942383,21.8799991607666,21.739999771118164,21.8799991607666,21.259153366088867,41600
2023-08-29,21.8799991607666,22.041000366210938,21.766000747680664,21.920000076293945,21.298019409179688,47600
2023-08-30,22.0,22.121999740600586,21.922000885009766,22.0,21.375749588012695,31500
2023-08-31,21.959999084472656,22.5,21.899999618530273,22.40999984741211,21.77411460876465,209700
2023-09-01,22.360000610351562,22.420000076293945,22.290000915527344,22.40999984741211,21.77411460876465,49900
2023-09-05,22.3700008392334,22.43899917602539,22.260000228881836,22.34000015258789,21.706100463867188,42200
2023-09-06,22.389999389648438,22.520000457763672,22.25,22.440000534057617,21.803264617919922,58600
2023-09-07,22.399999618530273,22.65999984741211,22.399999618530273,22.59000015258789,21.949007034301758,64600
2023-09-08,22.68000030517578,22.780000686645508,22.570999145507812,22.6299991607666,21.987873077392578,42000
2023-09-11,22.65999984741211,22.670000076293945,22.3700008392334,22.43000030517578,21.793548583984375,43400
2023-09-12,22.43000030517578,22.43000030517578,22.229999542236328,22.270000457763672,21.63808822631836,64400
2023-09-13,22.25,22.329999923706055,21.375,22.229999542236328,21.59922218322754,1127400
2023-09-14,22.360000610351562,22.360000610351562,22.229999542236328,22.25,21.618656158447266,33300
2023-09-15,22.200000762939453,22.31800079345703,22.086999893188477,22.229999542236328,21.59922218322754,69900
2023-09-18,22.15999984741211,22.309999465942383,22.100000381469727,22.190000534057617,21.56035804748535,42200
2023-09-19,22.149999618530273,22.299999237060547,22.100000381469727,22.18000030517578,21.550642013549805,86300
2023-09-20,22.149999618530273,22.229999542236328,22.049999237060547,22.09000015258789,21.463193893432617,82600
2023-09-21,21.850000381469727,21.875,21.5,21.719999313354492,21.10369300842285,44800
2023-09-22,21.75,21.969999313354492,21.655000686645508,21.860000610351562,21.239721298217773,41500
2023-09-25,21.65999984741211,21.889999389648438,21.65999984741211,21.860000610351562,21.239721298217773,75600
2023-09-26,21.799999237060547,21.899999618530273,21.649999618530273,21.670000076293945,21.055112838745117,192300
2023-09-27,21.670000076293945,22.0,21.559999465942383,21.670000076293945,21.055112838745117,137300
2023-09-28,21.540000915527344,21.625999450683594,21.170000076293945,21.229999542236328,20.62759780883789,172300
2023-09-29,21.260000228881836,21.520000457763672,20.950000762939453,21.049999237060547,20.45270347595215,358900
2023-10-02,20.959999084472656,21.048999786376953,20.229999542236328,20.299999237060547,19.72398567199707,106900
2023-10-03,20.200000762939453,20.200000762939453,19.399999618530273,19.670000076293945,19.111862182617188,157200
2023-10-04,19.829999923706055,19.889999389648438,19.6200008392334,19.700000762939453,19.14101219177246,139500
2023-10-05,19.75,20.040000915527344,19.709999084472656,19.8799991607666,19.315902709960938,121100
2023-10-06,19.68000030517578,19.93000030517578,19.500999450683594,19.65999984741211,19.10214614868164,165200
2023-10-09,19.6299991607666,19.87700080871582,19.56999969482422,19.790000915527344,19.228458404541016,69300
2023-10-10,19.84000015258789,19.959999084472656,19.690000534057617,19.899999618530273,19.33533477783203,80700
2023-10-11,20.040000915527344,20.1299991607666,19.93000030517578,20.030000686645508,19.461647033691406,81900
2023-10-12,19.950000762939453,20.08799934387207,19.709999084472656,19.81999969482422,19.257604598999023,50700
2023-10-13,19.8799991607666,19.96500015258789,19.5,19.549999237060547,18.99526596069336,50700
2023-10-16,19.6299991607666,19.75,19.469999313354492,19.700000762939453,19.14101219177246,77300
2023-10-17,19.600000381469727,19.729999542236328,19.520000457763672,19.530000686645508,18.9758358001709,51600
2023-10-18,19.479999542236328,19.56999969482422,19.40999984741211,19.440000534057617,18.88838768005371,58800
2023-10-19,19.5,19.510000228881836,19.31999969482422,19.450000762939453,18.898107528686523,98100
2023-10-20,19.489999771118164,19.6200008392334,19.299999237060547,19.6200008392334,19.063282012939453,73000
2023-10-23,19.600000381469727,19.780000686645508,19.53499984741211,19.739999771118164,19.17987632751465,160600
2023-10-24,19.809999465942383,20.139999389648438,19.799999237060547,20.139999389648438,19.568525314331055,85500
2023-10-25,20.06999969482422,20.1299991607666,19.910999298095703,20.020000457763672,19.45193099975586,84500
2023-10-26,19.729999542236328,20.020000457763672,19.61199951171875,19.920000076293945,19.658184051513672,62500
2023-10-27,20.020000457763672,20.049999237060547,19.6200008392334,19.770000457763672,19.510156631469727,39500
2023-10-30,19.860000610351562,19.97800064086914,19.719999313354492,19.950000762939453,19.687789916992188,74700
2023-10-31,19.979999542236328,20.31999969482422,19.924999237060547,20.260000228881836,19.993715286254883,79800
2023-11-01,20.309999465942383,20.959999084472656,19.983999252319336,20.889999389648438,20.615434646606445,97900
2023-11-02,21.010000228881836,21.729999542236328,21.010000228881836,21.600000381469727,21.316102981567383,58100
2023-11-03,21.780000686645508,21.940000534057617,21.639999389648438,21.809999465942383,21.52334213256836,72700
2023-11-06,21.760000228881836,21.799999237060547,21.610000610351562,21.719999313354492,21.434526443481445,55600
2023-11-07,21.700000762939453,21.75,21.399999618530273,21.450000762939453,21.168075561523438,41400
2023-11-08,21.5,21.6299991607666,21.3700008392334,21.3799991607666,21.0989933013916,47900
2023-11-09,21.479999542236328,21.698999404907227,21.040000915527344,21.040000915527344,20.763463973999023,46400
2023-11-10,21.219999313354492,21.350000381469727,21.100000381469727,21.25,20.970703125,31500
2023-11-13,21.149999618530273,21.55900001525879,21.049999237060547,21.5,21.217418670654297,42700
2023-11-14,21.969999313354492,22.18000030517578,21.84000015258789,22.149999618530273,21.85887336730957,84600
2023-11-15,22.059999465942383,22.18000030517578,22.0,22.139999389648438,21.8490047454834,60600
2023-11-16,22.200000762939453,22.280000686645508,22.010000228881836,22.110000610351562,21.819400787353516,49500
2023-11-17,22.209999084472656,22.270000457763672,21.899999618530273,21.969999313354492,21.68124008178711,83400
2023-11-20,21.860000610351562,22.0,21.670000076293945,21.860000610351562,21.57268714904785,61800
2023-11-21,21.8700008392334,21.989999771118164,21.68000030517578,21.950000762939453,21.6615047454834,125100
2023-11-22,22.020000457763672,22.06999969482422,21.780000686645508,21.84000015258789,21.552949905395508,100200
2023-11-24,21.899999618530273,21.959999084472656,21.84000015258789,21.860000610351562,21.57268714904785,16600
2023-11-27,21.8799991607666,22.08799934387207,21.8799991607666,21.95400047302246,21.665451049804688,39600
2023-11-28,21.950000762939453,22.200000762939453,21.8700008392334,21.8799991607666,21.592422485351562,62100
2023-11-29,22.049999237060547,22.329999923706055,22.020000457763672,22.030000686645508,21.74045181274414,59200
2023-11-30,22.1299991607666,22.327999114990234,21.969999313354492,22.25,21.95755958557129,180200
2023-12-01,22.260000228881836,22.40999984741211,22.170000076293945,22.31999969482422,22.026639938354492,64700
2023-12-04,22.280000686645508,22.31999969482422,21.700000762939453,21.799999237060547,21.513473510742188,84700
2023-12-05,21.81999969482422,22.139999389648438,21.81999969482422,21.969999313354492,21.68124008178711,74100
2023-12-06,21.979999542236328,22.270000457763672,21.979999542236328,22.079999923706055,21.789794921875,55000
2023-12-07,22.139999389648438,22.459999084472656,22.010000228881836,22.049999237060547,21.760189056396484,56400
2023-12-08,22.06999969482422,22.1299991607666,21.760000228881836,21.799999237060547,21.513473510742188,94400
2023-12-11,21.799999237060547,21.81999969482422,21.450000762939453,21.489999771118164,21.207548141479492,67800
2023-12-12,21.469999313354492,21.6200008392334,21.3700008392334,21.3700008392334,21.089126586914062,45600
2023-12-13,21.479999542236328,21.8799991607666,21.31999969482422,21.84000015258789,21.552949905395508,144200
2023-12-14,21.93000030517578,22.34000015258789,21.829999923706055,22.34000015258789,22.046377182006836,90300
2023-12-15,22.239999771118164,22.65999984741211,21.799999237060547,22.489999771118164,22.194406509399414,90900
2023-12-18,22.40999984741211,22.479999542236328,22.290000915527344,22.3799991607666,22.085851669311523,96800
2023-12-19,22.31999969482422,22.510000228881836,22.25,22.3700008392334,22.07598304748535,74600
2023-12-20,22.3700008392334,22.649999618530273,22.299999237060547,22.3799991607666,22.085851669311523,58300
2023-12-21,22.549999237060547,22.65999984741211,22.3799991607666,22.518999099731445,22.223024368286133,54300
2023-12-22,22.649999618530273,22.799999237060547,22.520000457763672,22.770000457763672,22.470726013183594,64200
2023-12-26,22.809999465942383,22.989999771118164,22.600000381469727,22.799999237060547,22.500329971313477,89600
2023-12-27,22.950000762939453,23.0,22.81999969482422,22.979999542236328,22.67796516418457,82400
2023-12-28,23.0,23.09000015258789,22.81999969482422,22.969999313354492,22.6680965423584,95900
2023-12-29,22.969999313354492,22.989999771118164,22.399999618530273,22.479999542236328,22.18453598022461,123400
2024-01-02,22.459999084472656,22.743999481201172,22.329999923706055,22.389999389648438,22.095720291137695,55900
2024-01-03,22.350000381469727,22.68000030517578,22.229999542236328,22.479999542236328,22.18453598022461,72200
2024-01-04,22.540000915527344,22.739999771118164,22.44499969482422,22.5,22.204275131225586,33800
2024-01-05,22.59000015258789,22.700000762939453,22.5,22.670000076293945,22.372039794921875,69300
2024-01-08,22.729999542236328,23.010000228881836,22.663999557495117,22.979999542236328,22.67796516418457,52100
2024-01-09,22.979999542236328,23.049999237060547,22.889999389648438,22.96500015258789,22.663162231445312,40600
2024-01-10,23.020000457763672,23.09000015258789,22.989999771118164,23.030000686645508,22.72730827331543,32900
2024-01-11,22.950000762939453,23.190000534057617,22.84000015258789,23.059999465942383,22.756914138793945,54900
2024-01-12,23.200000762939453,23.200000762939453,23.0,23.059999465942383,22.756914138793945,31800
2024-01-16,22.989999771118164,23.079999923706055,22.81999969482422,22.969999313354492,22.6680965423584,45200
2024-01-17,22.889999389648438,22.950000762939453,22.670000076293945,22.899999618530273,22.599016189575195,49800
2024-01-18,22.969999313354492,23.0,22.84000015258789,22.950000762939453,22.648361206054688,94600
2024-01-19,22.979999542236328,23.0,22.881000518798828,22.959999084472656,22.658227920532227,80100
2024-01-22,23.100000381469727,23.219999313354492,23.070999145507812,23.149999618530273,22.845731735229492,72900
2024-01-23,23.149999618530273,23.200000762939453,23.079999923706055,23.110000610351562,22.806257247924805,32300
2024-01-24,23.239999771118164,23.249000549316406,23.100000381469727,23.18000030517578,22.875337600708008,41800
2024-01-25,23.18000030517578,23.6299991607666,23.15999984741211,23.510000228881836,23.201000213623047,69900
2024-01-26,23.270000457763672,23.299999237060547,23.12700080871582,23.200000762939453,23.200000762939453,53600
2024-01-29,23.229999542236328,23.399999618530273,23.20800018310547,23.3700008392334,23.3700008392334,45400
2024-01-30,23.43000030517578,23.479999542236328,23.350000381469727,23.420000076293945,23.420000076293945,89300
2024-01-31,23.399999618530273,23.559999465942383,23.361000061035156,23.5,23.5,76100
2024-02-01,23.5,23.809999465942383,23.430999755859375,23.704999923706055,23.704999923706055,95000
2024-02-02,23.520000457763672,23.72800064086914,23.389999389648438,23.489999771118164,23.489999771118164,68300
2024-02-05,23.399999618530273,23.399999618530273,23.139999389648438,23.15999984741211,23.15999984741211,46700
2024-02-06,23.219999313354492,23.469999313354492,23.200000762939453,23.235000610351562,23.235000610351562,50100
2024-02-07,23.299999237060547,23.329999923706055,23.100000381469727,23.25,23.25,105700
2024-02-08,23.270000457763672,23.3700008392334,23.190000534057617,23.309999465942383,23.309999465942383,36800
2024-02-09,23.3700008392334,23.59000015258789,23.31999969482422,23.5,23.5,42600
2024-02-12,23.559999465942383,23.639999389648438,23.459999084472656,23.639999389648438,23.639999389648438,39300
2024-02-13,23.299999237060547,23.520000457763672,23.118999481201172,23.229999542236328,23.229999542236328,57200
2024-02-14,23.239999771118164,23.3799991607666,23.079999923706055,23.079999923706055,23.079999923706055,49200
2024-02-15,23.229999542236328,23.31999969482422,23.049999237060547,23.219999313354492,23.219999313354492,36700
2024-02-16,23.110000610351562,23.209999084472656,23.06999969482422,23.139999389648438,23.139999389648438,46900
2024-02-20,23.09000015258789,23.329999923706055,23.06999969482422,23.299999237060547,23.299999237060547,54700
2024-02-21,23.299999237060547,23.350000381469727,22.989999771118164,23.030000686645508,23.030000686645508,53800
2024-02-22,23.190000534057617,23.280000686645508,23.059999465942383,23.06999969482422,23.06999969482422,33000
2024-02-23,23.18000030517578,23.329999923706055,23.1299991607666,23.219999313354492,23.219999313354492,54900
2024-02-26,23.15999984741211,23.329999923706055,23.110000610351562,23.209999084472656,23.209999084472656,48200
2024-02-27,23.190000534057617,23.270000457763672,23.010000228881836,23.097000122070312,23.097000122070312,41000
2024-02-28,23.110000610351562,23.270000457763672,23.059999465942383,23.1200008392334,23.1200008392334,49900
2024-02-29,23.1299991607666,23.40999984741211,23.1200008392334,23.399999618530273,23.399999618530273,179700
2024-03-01,23.389999389648438,23.549999237060547,23.273000717163086,23.520000457763672,23.520000457763672,73800
2024-03-04,23.479999542236328,23.479999542236328,23.280000686645508,23.350000381469727,23.350000381469727,44100
2024-03-05,23.350000381469727,23.43000030517578,23.280000686645508,23.43000030517578,23.43000030517578,55800
2024-03-06,23.520000457763672,23.649999618530273,23.459999084472656,23.6299991607666,23.6299991607666,51571
